project_code,project_name,agency,state,approval_date_dt,start_date_dt,original_doc_dt,revised_doc_dt,revised_cost_cr
060100093,GEVRA EXPANSION OCP (SECL) (35-70) MTY,SECL,CHHATTISGARH,2010-06-01,,2023-03-01,2026-03-01,11816.4
108841,"Amended BharatNet Program - KTK, GOA, PY",Department of Telecommunications,PAN India,2023-08-01,2025-06-01,2028-06-01,,3742.0
124199,Amended BharatNet Program - HR,Department of Telecommunications,PAN India,2023-08-01,2026-03-01,2029-03-01,,837.0
171218,Amended BharatNet Program - PB,Department of Telecommunications,PAN India,2023-08-01,2025-02-01,2028-02-01,,1245.0
175860,"Amended BharatNet Program - MP, DD and DNH",Department of Telecommunications,PAN India,2023-06-01,2025-05-01,2028-05-01,,4943.0
180100210,PARBATI HEP (4X200 MW) (NHPC) II,NHPC,HIMACHAL PRADESH,2002-09-01,,2009-09-01,2025-04-01,13045.0
180100221,SUBANSIRI LOWER H.E.P (8X250 MW) (NHPC),NHPC,ARUNACHAL PRADESH,2003-09-01,,2010-09-01,2026-05-01,26075.54
180100242,BARH STPP(3X660MW) NTPC,NTPC,BIHAR,2005-02-01,,2011-10-01,2025-03-01,21312.11
210914,Amended BharatNet Program - WB & ANI,Department of Telecommunications,PAN India,2023-08-01,2025-02-01,2028-02-01,,1674.0
220100133,"UDHAMPUR-SRINAGAR- BARAMULLA (NL),NR",NR,JAMMU AND KASHMIR,1995-03-01,,2024-08-01,2024-12-01,37012.26
220100181,AHMEDNAGAR-PARLI VAIJNATH(NL) CR,CR,MAHARASHTRA,1997-02-01,,2026-03-01,2026-01-01,4957.27
220100188,"NANGALDAM-TALWARA(NL),NR",NR,MULTI STATE,1981-03-01,,2025-12-01,2027-06-01,603.0
220100232,"LALITPUR-SATNA-REWA-SINGRULI NL, (NCR)",WCR,MULTI STATE,1998-09-01,,2027-03-01,2025-03-01,63.57
220100257,KHAGARIA-KUSHESHWAR ASTHAN (NL) (ECR),ECR,BIHAR,1997-04-01,,2024-12-01,2027-03-01,614.45
220100265,KOTLPALLI-NARASAPUR (NL) (SCR),SCR,ANDHRA PRADESH,2001-12-01,,2028-03-01,2027-03-01,2500.98
220100272,"TARAKESWAR - BISHNUPUR NEW BG LINE (NL), ER",ER,WEST BENGAL,2000-04-01,,2019-03-01,2026-02-01,2582.49
220100284,KHURDA ROAD-BOLANGIR(NL)ECOR,ECOR,ODISHA,1994-04-01,,2026-12-01,2026-12-01,3791.66
220100288,JIRIBAM TO IMPHAL (TUPUI)(NL)(NEFR),NFR,MANIPUR,2003-04-01,,2026-12-01,2028-03-01,12274.06
220100303,"HAJIPUR-SUGAULI VIA VAISHALI (NL), ECR",ECR,BIHAR,2003-04-01,,2014-12-01,2026-12-01,2087.36
220100305,"KODERMA-TILAIYA (NL), ECR",ECR,JHARKHAND,2002-04-01,,2023-03-01,2025-12-01,1625.87
220100314,"RAMGANJMUNDI-BHOPAL (NL),WCR",WCR,MADHYA PRADESH,2001-04-01,,2025-12-01,2026-06-01,3032.46
220100328,TALCHER-BIMALAGARH(NL)(ECOR),ECOR,ODISHA,2005-04-01,,2025-03-01,2026-03-01,1928.07
222253,Amended BharatNet Program - UP (East),Department of Telecommunications,Uttar Pradesh,2023-08-01,2025-02-01,2028-02-01,,5008.0
240484,Amended BharatNet Program - AS,Department of Telecommunications,PAN India,2023-08-01,2026-03-01,2029-03-01,,832.0
245986,Jaipur Metro Rail Project Phase 2 (Prahladpura to Todi Mod),Jaipur Metro Rail Corporation,Rajasthan,2026-04-01,2026-04-01,2031-10-01,,13037.66
298178,"Meja Thermal Power Project, Stage-II , (3x800 MW)",National Thermal Power Corporation [NTPC],Uttar Pradesh,2026-06-01,2026-06-01,2032-12-01,,38358.0
317725,Amended BharatNet Program - OD,Department of Telecommunications,PAN India,2023-08-01,2026-07-01,2029-07-01,,1713.0
364934,Stamp Charge Battery No.12 By-product Plant at IISCO Steel Plant,Steel Authority of India Limited (SAIL),West Bengal,2025-01-01,2025-02-01,2028-07-01,,999.46
400005,Transmission Network Expansion in Gujarat to increase its ATC from ISTS Part B,Power Grid Corporation of India Limited [POWERGRID],"Multi-States
(Dadra & Nagar
Haveli and Daman
& Diu, Gujarat,
Maharashtra)",2022-01-01,2022-07-01,2023-06-01,2026-05-01,4546.26
400006,Jharsuguda-Barpali-Sardega Ph II Works- Rail Connectivity for Coal Loading Bulb at Barpali.,South Eastern Railway [SER] - I,Odisha,2021-10-01,2021-10-01,2025-10-01,2026-12-01,808.99
400010,"Construction of Terminal Building & Associated works at Leh Airport, Ladakh",Airport Authority of India [AAI],Ladakh,2018-07-01,2018-09-01,2021-09-01,2026-07-01,640.0
400012,Kandla Gorakhpur LPG Pipeline,Indian Oil Corporation Limited [IOCL],Uttar Pradesh,2018-12-01,2018-12-01,2021-12-01,2026-10-01,10088.0
400013,Saturation 4G mobile coverage of Uncovered Villages through USOF,Department of Telecommunications [DoT],PAN India,2022-07-01,2022-07-01,2024-06-01,2027-03-01,15392.84
400018,HURA C OCP,Eastern Coal Fields Limited [ECL],Jharkhand,2022-08-01,2022-08-01,2029-03-01,,859.41
400019,DHULE [BORVIHIR] - NARDANA NEW LINE [50.60 KMS],Central Railway,Maharashtra,2019-01-01,2023-04-01,2026-12-01,2027-09-01,1170.83
400022,Taranga Hill-Abu Road via Ambaji 116.65 km,CAOC/NWR NWR mor,"Multi-States
(Gujarat,
Rajasthan)",2022-07-01,2023-05-01,2030-07-01,2030-07-01,3198.16
400023,Construction of New BG line between Hassan to Belur [27 Km],South Western Railway [SWR] - II,Karnataka,2019-03-01,2025-12-01,2028-04-01,2030-03-01,749.0
400033,BHATADI EXPANSION OC,WCL - CIL,Maharashtra,2020-02-01,2022-05-01,2028-03-01,,580.61
400035,"Grass Root Rail-fed Depot at Sekerkote, Agartala as resitement of existing Dharmanagar Depot",Indian Oil Corporation Limited [IOCL],Tripura,2022-06-01,2022-06-01,2025-09-01,2026-06-01,656.0
400043,Laying of POL Pipelines in Common Corridor for proposed grass root terminal at Vallur [Chennai],MinistryofPetroleumNaturalGas,Tamil Nadu,2022-01-01,2022-01-01,2026-05-01,2027-03-01,829.0
400045,Proposed 6 nos Road Over Bridge [ROB] at different locations under MCL Talcher Under Deposit Scheme.,East Coast Railway [ECoR] - II,Odisha,2022-08-01,2022-07-01,2025-03-01,2025-01-01,168.32
400047,Doubling of Lingaraj SILO connectivity of NTPC line and augmentation of NTPC exchange yard and NTPC Block Cabin.,East Coast Railway [ECoR] - II,Odisha,2022-08-01,2022-06-01,2024-12-01,2026-12-01,210.0
400048,Doubling of lines connecting the loading spurs in Talcher Yard.,East Coast Railway [ECoR] - II,Odisha,2022-09-01,2022-06-01,2024-12-01,2027-06-01,186.21
400062,"Raghunathpur Thermal Power Station Phase II [2X660 MW] at Raghunathpur, Purulia, West Bengal",Damodar Valley Corporation,West Bengal,2023-01-01,2025-02-01,2029-08-01,,17673.0
400065,Installation of 4th Slab Caster along with its Auxiliaries and a New Ladle Furnace in SMS-II at Rourkela Steel Plant,Steel Authority of India Limited [SAIL],Odisha,2022-01-01,2022-02-01,2025-05-01,2025-09-01,1105.23
400073,KONAR EXPANSION OCP,CCL - CIL,Jharkhand,2022-01-01,2022-01-01,2032-03-01,,674.65
400074,KARO EXPANSION OCP,CCL - CIL,Jharkhand,2022-01-01,2022-01-01,2029-03-01,,849.31
400077,"Grass root POL Terminal at Vallur, Chennai",(Indian Oil Corporation Limited [IOCL]),Tamil Nadu,2022-01-01,2022-01-01,2024-12-01,2026-03-01,887.71
400078,New Mundra Panipat Crude Oil Pipeline,Ministry of Petroleum & Natural Gas,"Multi-States
(Gujarat, Haryana,
Rajasthan)",2021-12-01,2021-12-01,2024-12-01,2026-06-01,9028.0
400081,"National Sports University [NSU], Imphal [Manipur]",Department of Sports & Youth Affairs,Manipur,2022-06-01,2022-01-01,2024-08-01,2026-08-01,611.74
400087,Redevelopment of Sobhasan Complex,Oil and Natural Gas Corporation Limited [ONGC],Gujarat,2021-08-01,2021-08-01,2027-03-01,2027-03-01,1347.61
400093,Saryu Nahar CADWM Project,Irrigation & Water Resources-UP,Uttar Pradesh,2017-04-01,2017-04-01,2019-12-01,2026-03-01,1672.7
400094,J. ChokhaRao LIS CADWM Project,Irrigation and CAD-TG,Telangana,2016-04-01,,2019-12-01,2023-03-01,13445.4
400095,Gosikhurd CADWM Project,Department of water resources-MH - II,Maharashtra,2017-04-01,2017-04-01,2019-12-01,2026-06-01,743.73
400096,Omkareshwar CADWM Project,Water resource-mp,Madhya Pradesh,2017-04-01,2017-04-01,2019-12-01,2027-06-01,648.09
400097,Sardar Sarovar CADWM Project,"Narmada and Water Resources, Water Supply and Kalpsar Department-GJ",Gujarat,2017-04-01,2017-04-01,2019-12-01,2026-03-01,6670.31
400100,Sardar Gouthu Latchanna Thotapalli Barrage Project,Water Resources-AP,Andhra Pradesh,2005-04-01,2006-01-01,2019-12-01,2026-06-01,1023.24
400101,Gundlakamma project,Water Resources-AP,Andhra Pradesh,2005-04-01,2005-04-01,2019-12-01,2027-03-01,697.39
400102,Sri Ram Sagar Project Stage - II,Irrigation and CAD-TG,Telangana,1996-04-01,2005-04-01,2019-12-01,2025-12-01,949.87
400103,Indiramma Flood Flow Canal Project,Irrigation and CAD-TG,Telangana,1996-04-01,2006-01-01,2019-12-01,2026-12-01,5940.09
400104,Punpun Barrage Project,(Water Resources-BR),Bihar,2007-04-01,2007-04-01,2019-12-01,2026-03-01,658.12
400105,Urmodi Irrigation Project,Department of water resources-MH - II,Maharashtra,2017-04-01,2018-04-01,2022-06-01,2026-12-01,895.81
400107,Sulwade-Jamphal-Kanoli Lift Irrigation Scheme,Department of water resources-MH - II,Maharashtra,2017-04-01,2019-02-01,2023-06-01,2027-06-01,2407.67
400109,Purna Barrage-2 [Ner Dhamana] Medium Irrigation Project,Department of water resources-MH - II,Maharashtra,2017-04-01,2018-04-01,2020-06-01,2026-06-01,888.43
400111,Kelo Irrigation Project,Water Resources-CT,Chhattisgarh,2008-04-01,2008-04-01,2019-12-01,2026-06-01,727.04
400112,Jigaon Irrigation Project,Department of water resources-MH - II,Maharashtra,2017-04-01,2018-04-01,2028-06-01,,7222.95
400115,Bargi Diversion Project Phase - IV [km. 154 to km 197],Water Resources-MP,Madhya Pradesh,2008-04-01,2009-01-01,2019-12-01,2026-03-01,893.35
400116,Bargi Diversion Project Phase - III [km. 104 to km 154],Water Resources-MP,Madhya Pradesh,2007-04-01,2007-04-01,2019-12-01,2026-12-01,1399.7
400117,Arjun Sahayak Project,Irrigation & Water Resources-UP,Uttar Pradesh,2009-04-01,2009-04-01,2019-12-01,2019-12-01,2465.68
400119,Life Extension of 48 well platforms of Mumbai High & Heera Fields,Oil and Natural Gas Corporation Limited [ONGC],Offshore,2015-12-01,2015-12-01,2018-04-01,2026-10-01,3375.9
400120,KG-DWN-98/2 Cluster - II Development Project - NELP Block,Oil and Natural Gas Corporation Limited [ONGC],Andhra Pradesh,2016-03-01,2016-03-01,2020-06-01,2026-09-01,34012.0
400121,"Construction of Screening Plant-II for Donimalai and Kumaraswamy Iron Ore Mining Complex of NMDC Limited at Ballari Dt, Karnataka.",National Mineral Development Corporation Limited [NMDC],Karnataka,2014-11-01,2024-06-01,2026-08-01,,1043.63
400136,SANGHMITRA OC,CCL - CIL,Jharkhand,2024-03-01,2024-03-01,2032-03-01,,2660.0
400138,CHANDRAGUPT OCP,CCL - CIL,Jharkhand,2020-08-01,2020-08-01,2032-03-01,,973.5
400139,KOTRE BASANTPUR PACHMO OCP,Ministry of Coal,Jharkhand,2020-08-01,2020-08-01,2032-03-01,,625.4
400141,Expansion of Alumina Refinery Plant with addition of 5th Stream having capacity enhancement of 1.0 Million Tonee Per Annum,National Aluminium Company Limited [NALCO],Odisha,2017-04-01,2017-04-01,2022-12-01,2026-06-01,5677.4
400142,Pachwara South Coal Block,NLC India Limited,Jharkhand,2016-03-01,2019-11-01,2028-09-01,,2242.9
400144,PORDA CHIMTAPANI OCP [10 MTY],SECL - CIL,Chhattisgarh,2020-12-01,2020-12-01,2029-03-01,,2310.12
400145,CHHAL OC SEAM III [6 MTY],South Eastern Coalfields Limited [SECL],Chhattisgarh,2013-12-01,2013-12-01,2022-03-01,2025-12-01,610.63
400147,KUSMUNDA OC EXPANSION [15 TO 50 MTY],South Eastern Coalfields Limited [SECL],Chhattisgarh,2013-08-01,2013-08-01,2023-03-01,2030-03-01,7612.33
400148,AMADAND OCP[4.0MTY],SECL - CIL,Madhya Pradesh,2016-03-01,2016-03-01,2021-03-01,2027-03-01,869.44
400149,BAROUD OC EXPANSION [3.0-10.0M,SECL - CIL,Chhattisgarh,2020-08-01,2020-08-01,2029-03-01,,2309.8
400150,RPR MAGADH EXP OCP,Ministry of Coal,Jharkhand,2020-08-01,2020-08-01,2028-03-01,,6964.33
400151,NORTH URIMARI EXPANSION OCP,Ministry of Coal,Jharkhand,2021-07-01,2021-07-01,2029-03-01,,634.3
400152,RAMPUR BATURA OCP [4.0MTY],(South Eastern Coalfields Limited [SECL]),Madhya Pradesh,2019-07-01,2019-07-01,2026-03-01,,1248.93
400153,EPR ROHINI - KARKETTA OCP,Ministry of Coal,Jharkhand,2021-01-01,2021-01-01,2028-03-01,,995.57
400154,EPR PUNDI OCP,Ministry of Coal,Jharkhand,2020-11-01,2020-11-01,2027-03-01,,639.6
400155,EPR ASHOK OC,Ministry of Coal,Jharkhand,2021-05-01,2021-05-01,2031-03-01,,2821.07
400156,EPR AMRAPALI OCP,CCL - CIL,Jharkhand,2020-02-01,2020-02-01,2028-03-01,,4983.57
400158,Debottlenecking and Augmentation of Cryogenic facilities at Uran LPG Import Terminal,"Department of Water Resources, River Development & GR",Maharashtra,2021-04-01,2021-04-01,2024-02-01,2025-12-01,1629.86
400160,RAJRAPPA RCE OCP,CCL - CIL,Jharkhand,2009-12-01,2009-12-01,2016-03-01,2027-03-01,510.85
400161,"PP Project, Pata",(Gas Authority of India Limited [GAIL]),Uttar Pradesh,2019-03-01,2019-03-01,2024-01-01,2026-02-01,1299.02
400162,BLOCK B EXPANSION [3.5 TO 8.0,NCL - CIL,Madhya Pradesh,2019-07-01,2019-07-01,2023-03-01,2027-03-01,998.71
400165,SUBHADRA OCP,MCL - CIL,Odisha,2021-05-01,2021-05-01,2032-04-01,2029-03-01,1693.81
400166,SIARMAL OCP,Mahanadi Coalfields Limited [MCL],Odisha,2021-02-01,2021-02-01,2029-03-01,2028-03-01,5194.95
400167,Redevelopment of Santhal Field [Onshore-Mehsana Asset],Oil and Natural Gas Corporation Limited [ONGC],Gujarat,2017-02-01,2017-02-01,2026-03-01,2026-12-01,1162.56
400168,"500 KTA PDHPP Project, Usar",Gas Authority of India Limited [GAIL],Maharashtra,2021-04-01,2021-04-01,2025-04-01,2027-06-01,11256.0
400169,Redevelopment of Linch Field,Oil and Natural Gas Corporation Limited [ONGC],Gujarat,2021-04-01,2021-04-01,2025-03-01,2026-10-01,845.42
400171,2G Ethanol Biorefinery at Bathinda,Hindustan Petroleum Corporation Limited,Punjab,2020-05-01,2020-05-01,2023-02-01,2026-12-01,1421.46
400172,CHITRA EAST OC,ECL - CIL,Jharkhand,2018-08-01,2018-08-01,2026-03-01,2028-03-01,513.99
400173,MOHANPUR EXPANSION OC -PHASE I,Eastern Coal Fields Limited [ECL],West Bengal,2020-11-01,2020-11-01,2026-03-01,2030-03-01,888.99
400174,"New Sinter Plant at BSL, SAIL",Steel Authority of India Limited [SAIL],Jharkhand,2015-03-01,2015-10-01,2027-10-01,2027-06-01,1752.3
400177,AMALGAMATED YEKONA I & YEKONA,WCL - CIL,Maharashtra,2015-08-01,2015-08-01,2025-03-01,2027-03-01,727.28
400178,DINESH[MAKARDHOKRA-III] OC,WCL - CIL,Maharashtra,2020-02-01,2020-02-01,2027-03-01,,822.88
400179,BHUBANESWARI EXPANSION OCP,Mahanadi Coalfields Limited (MCL),Odisha,2023-01-01,,2031-03-01,,6321.73
400180,BONJEMEHARI EXPANSION OCP,Eastern Coal Fields Limited [ECL],West Bengal,2021-08-01,2021-08-01,2026-03-01,2030-03-01,570.11
400181,NAKRAKONDA KUMARDIH- B OCP,ECL - CIL,West Bengal,2018-08-01,2018-08-01,2029-03-01,,502.67
400182,SIDULI [OC & UG],ECL - CIL,West Bengal,2018-05-01,2018-05-01,2027-03-01,2030-03-01,535.17
400183,BALARAM EXPANSION OCP,Mahanadi Coalfields Limited [MCL],Odisha,2020-08-01,2020-08-01,2029-03-01,,3504.21
400185,GOPALJI KANIHA OCP [10 TO 30 M,MCL - CIL,Odisha,2022-04-01,2022-04-01,2030-03-01,,6107.87
400186,TILABONI UG,ECL - CIL,West Bengal,2023-01-01,2023-01-01,2029-03-01,2029-03-01,749.07
400187,INTEGRATED LAKHANPUR-BELPAHAR-,MCL - CIL,Odisha,2018-05-01,2018-05-01,2027-03-01,,2434.75
400188,Redevelopment of Seven General Pool Residential Accommodation [GPRA] Colonies in Delhi,National Buildings Construction Corporation [NBCC],Delhi,2016-07-01,2018-05-01,2025-12-01,2025-12-01,32841.0
400192,Tubed Coal Mine,Damodar Valley Corporation,Jharkhand,2016-07-01,2016-10-01,2026-05-01,2026-12-01,1581.0
400203,Dharamjaigarh-Korba,Railway,Chhattisgarh,2018-05-01,2017-03-01,2026-12-01,2026-08-01,2438.53
400204,"Bahraich - Khalilabad via Bhinga, Shravasti, Balrampur, Utraula, Domriyaganj, Mehdawal, Bansi 240.26 km",CAOC/NER NER mor,Uttar Pradesh,2018-10-01,2024-01-01,2030-10-01,2030-10-01,4939.78
400205,Sahjanwa - Dohrighat 81.17 km,CAOC/NER NER mor,Uttar Pradesh,2019-08-01,2025-04-01,2029-03-01,2029-03-01,1319.75
400220,Kharsia-Dharamjaygarh with Spur line [East Corridor-Phase 1],Indian Railway Construction International Limited [IRCON],Chhattisgarh,2016-03-01,2014-01-01,2018-09-01,2026-12-01,3798.06
400223,Tiruchchirappalli-Nagore-Karaikal with extension of Nagapattinam-Velankani- Tiruthiraipundi incl. new material modification of Karaikal - Peralam 23 km new line,CAOC/SR SR mor,"Multi-States
(Puducherry, Tamil
Nadu)",1995-11-01,2014-02-01,2025-03-01,2028-03-01,1748.55
400231,NLC Talabira Thermal Power Project,NLC India Limited,Odisha,2017-01-01,2024-01-01,2030-03-01,,27212.96
400232,Brundamal - Jharsuguda - Fly-over connection for joining down line 6.6 km,CAO/C/ECOR ECoR mor,Odisha,2014-01-01,2024-02-01,2026-12-01,2026-12-01,296.51
400234,Third Railway Line between Patratu-Sonnagar [291 kms],(RVNL - II),"Multi-States (Bihar, Jharkhand)",2016-11-01,2018-08-01,2026-03-01,2028-12-01,8975.0
400235,"Setting up a common user Petroleum Terminal at Jammu, J&K for resitement of existing PSU OMC's Depots from Jammu City",(Bharat Petroleum Corporation Limited [BPCL]),Jammu and Kashmir,2023-04-01,2023-04-01,2025-03-01,2026-01-01,715.89
400247,"Kalinarayanpur-Krishnanagar with Krishnanagar-Shantipur-Nabadwipghat - GC, Krishnanagar-Chartala, MM for Krishnanagar-Chapra-NL, Naihati-Ranaghat-3rd line, Nabadwipghat-Nabadwipdham upto BB loop 9.58 km, Ranaghat-Lalgola- strengthening bridge No.2",CAOC/ER ER mor,West Bengal,2015-07-01,2005-12-01,2027-02-01,2028-03-01,2153.91
400253,Vizianagaram - Titlagarh 3rd line [272 Km including By - pass line of 7.68 KM],RVNL - II,"Multi-States
(Andhra Pradesh,
Odisha)",2016-06-01,2016-11-01,2025-12-01,2026-12-01,6669.91
400254,Sakri-Hasanpur 79 km,CAO/Con/North/MHX ECR mor,Bihar,2023-12-01,2019-04-01,2024-12-01,2027-03-01,802.45
400259,Ghatampur Thermal Power Plant 3 X 660 MW,NLC India Limited [NLCIL],Uttar Pradesh,2016-07-01,2016-08-01,2020-11-01,2026-03-01,21780.9
400261,Patratu Thermal Power Station Expansion Project Phase-I [3x800 MW],National Thermal Power Corporation [NTPC],Jharkhand,2017-11-01,2017-11-01,2023-03-01,2027-04-01,20302.0
400271,Wardha-Nanded Via Yavatmal New BG Line,Central Railway [CR] - II,Maharashtra,2017-12-01,2008-04-01,2025-03-01,2026-12-01,3445.0
400273,"Tarakeswar-Bishnupur with extension upto Dhaniakhali, Arambagh-Irphala, Irphala- Ghatal 11.2 km, Arambagh-Champadanga 23.3 km & Bishnupur-Uparsol 31.8 km and new material modification for Mynapur-Kamarpukur via Birsha 19 km",CAOC/ER ER mor,West Bengal,2001-03-01,2005-03-01,2019-03-01,2026-02-01,1878.82
400275,Tindivanam-Nagari 179.2 km,CAOC/SR SR mor,"Multi-States
(Andhra Pradesh,
Tamil Nadu)",2008-07-01,2009-05-01,2016-09-01,2028-03-01,3631.34
400277,Dum Dum Airport-New Garia via Rajarhat-Construction of Metro Railway,RVNL - II,West Bengal,2010-03-01,2011-10-01,2025-12-01,2027-12-01,8964.0
400280,Phase II extension of MRTS from Velachery to St Thomas Mount,Ministry of Railways,Tamil Nadu,2007-11-01,2008-11-01,2025-07-01,2025-09-01,734.01
400291,Kirandul-Jagdalpur 150 km,CAO/C/ECOR ECoR mor,Chhattisgarh,2013-02-01,2013-04-01,2020-03-01,2027-04-01,1798.0
400298,Nadikude-Srikalahasti 308.7 km,CAO/C/SCoR SCoR mor,Andhra Pradesh,2012-03-01,2015-08-01,2027-05-01,2028-03-01,5906.03
400299,Pottangi Bauxite Mines Project,National Aluminium Company Limited [NALCO],Odisha,2018-05-01,2018-05-01,2025-03-01,2026-11-01,1960.77
400301,Multi Product Pipeline from Irugur to Devangonthi,MinistryofPetroleumNaturalGas,Tamil Nadu,2012-11-01,2012-11-01,2017-02-01,2026-09-01,1732.0
400312,JHANJRA EXPANSION UG,Eastern Coal Fields Limited [ECL],West Bengal,2020-04-01,2020-04-01,2029-03-01,,1210.12
400313,Master Plan for Jharia and Raniganj Coalfields,(Bharat Coking Coal Limited [BCCL]),"Multi-States (Jharkhand, West Bengal)",2009-08-01,2009-08-01,2019-08-01,2028-12-01,2661.73
400315,SONEPUR BAZARI EXPANSION OCP [,Eastern Coal Fields Limited [ECL],West Bengal,2021-07-01,2021-07-01,2029-03-01,,5365.88
400321,NIGAHI EXPANSION [15 TO 25 MTP,NCL - CIL,Madhya Pradesh,2020-11-01,2020-11-01,2025-03-01,2028-03-01,1729.68
400352,JHARKHAND-LAIYO OCP,Ministry of Coal,Jharkhand,2020-08-01,2020-08-01,2031-03-01,,654.87
400353,DHUPTALA OC [SASTI UG TO OC ],WCL - CIL,Maharashtra,2019-02-01,2021-10-01,2028-03-01,,711.01
400354,DIPKA EXPANSION OCP [40 MTY],SECL - CIL,Chhattisgarh,2020-12-01,2020-12-01,2029-03-01,,5241.4
400369,BINA KAKRI AMALGAMATION EXPANS,NCL - CIL,"Multi-States
(Madhya Pradesh,
Uttar Pradesh)",2020-08-01,2020-08-01,2024-03-01,2027-03-01,836.42
400382,Rewas Port Project,Reliance Industries Ltd,Maharashtra,2019-12-01,2020-01-01,2023-03-01,,6000.0
400392,BHARATPUR RE-ORGANIZATION OCP,MCL - CIL,Odisha,2018-11-01,2018-11-01,2029-03-01,,2838.86
400416,Shivpur-Kathautia New Rail [BG] Line [49 km] [Package II of Tori-Shivpur-Kathautia line],Ministry of Coal,Jharkhand,2018-02-01,2022-05-01,2025-06-01,2027-06-01,2564.34
400424,GEVRA OC [70 MTY],SECL - CIL,Chhattisgarh,2016-03-01,2016-03-01,2023-03-01,2027-03-01,11816.4
400425,MOONIDIH XV SEAM UG,BCCL - CIL,Jharkhand,2011-08-01,2011-08-01,2019-03-01,2026-09-01,1230.27
400426,Expansion of Malanjkhand Copper Project,Hindustan Copper Limited [HCL],Madhya Pradesh,2011-09-01,2015-04-01,2020-04-01,2029-03-01,3800.0
400429,Exhibition cum Convention Centre Dwarka [Phase I],India International Convention & Expo Centre,Delhi,2017-12-01,,2019-10-01,2025-01-01,5401.0
425828,Stamp Charge Battery No.12 Coke Dry Cooling Plant at IISCO Steel Plant,Steel Authority of India Limited (SAIL),West Bengal,2025-01-01,2025-02-01,2028-07-01,,706.51
437130,"Amended BharatNet Program - J&K, LAD",Department of Telecommunications,PAN India,2023-08-01,2025-06-01,2028-06-01,,1621.0
462136,"Amended BharatNet Program - MGH, MZM, TRP",Department of Telecommunications,PAN India,2023-08-01,2025-04-01,2029-04-01,,768.0
476006,Amended BharatNet Program - HP,Department of Telecommunications,PAN India,2023-08-01,2025-02-01,2028-02-01,,1292.0
478482,Stamp Charge Battery No.7 Coke Dry Cooling Plant at RSP,Steel Authority of India Limited (SAIL),Odisha,2026-02-01,2026-02-01,2028-08-01,,1064.55
505491,Installation of 140 TPH Walking Beam type Reheating Furnace in Plate Mill at BSP,Steel Authority of India Limited (SAIL),Chhattisgarh,2026-02-01,2026-03-01,2028-03-01,,268.36
547243,BharatNet Phase-II,Department of Telecommunications,PAN India,2017-07-01,2017-11-01,2023-05-01,,22174.56
589703,Implementation of Treatment System-2 Under ZLD at RSP,Steel Authority of India Limited (SAIL),Odisha,2025-02-01,2025-03-01,2026-09-01,,216.02
601812,Development of Zaheerabad Node under Hyderabad Nagpur Industrial Corridor,National Industrial Corridor Development Corporation,Telangana,2024-08-01,2026-02-01,2029-02-01,,2360.0
602096,Subansiri Lower HE Project [2000 MW],National Hydroelectric Power Corporation Limited [NHPC],"Multi-States
(Arunachal
Pradesh, Assam)",2003-09-01,2005-01-01,2010-09-01,2027-03-01,26075.54
602098,"Construction of Permanent Campus for IIM Jammu Phase-1 at Jagti, Nagrota, Jammu, J&K","Indian Institute of Management, Jammu","Jammu and
Kashmir",2019-03-01,2020-10-01,2023-06-01,2025-11-01,500.91
602099,Establishment of Permanent campus Phase 1 of IIM Sirmaur,"Indian Institute of Management, Sirmaur",Himachal Pradesh,2018-09-01,2020-08-01,2023-10-01,2026-08-01,454.78
602181,"TEESTA-VI HE PROJECT, SIKKIM [500 MW], executed by LANCO TEESTA HYDRO POWER LIMITED [A wholly owned Subsidiary of NHPC LTD. acquired through NCLT]",National Hydroelectric Power Corporation Limited [NHPC],Sikkim,2019-03-01,2020-03-01,2024-03-01,2029-09-01,5748.04
602182,Dibang Multipurpose Project,National Hydroelectric Power Corporation Limited [NHPC],Arunachal Pradesh,2023-02-01,2023-02-01,2032-02-01,2032-02-01,31876.39
602184,Rammam-III HEPP [3x40 MW],National Thermal Power Corporation [NTPC],West Bengal,2014-09-01,2014-09-01,2019-09-01,2029-09-01,2865.56
602185,Tapovan-Vishnugad HEP [4x130 MW],National Thermal Power Corporation [NTPC],Uttarakhand,2006-11-01,2006-11-01,2013-03-01,2029-07-01,10907.3
602193,Tehri Pumped Storage Plant Project [4x250 MW],(THDC India Limited),Uttarakhand,2006-07-01,2011-06-01,2022-06-01,2026-03-01,8339.0
602194,Khurja super Thermal Power Plant [2X660 MW],THDC India Limited,Uttar Pradesh,2019-03-01,2019-08-01,2024-02-01,2025-09-01,13276.2
602195,Vishnugad Pipalkoti Hydro Electric Project [444 MW],THDC India Limited,Uttarakhand,2008-08-01,2014-01-01,2022-12-01,2028-06-01,6405.08
602223,Comprehensive Scheme for Strengthening of Transmission and Distribution [T&D] Systems [CSST&DS] in Arunachal Pradesh and Sikkim,Power Grid Corporation of India Limited [POWERGRID],"Multi-States
(Arunachal
Pradesh, Sikkim)",2014-10-01,2014-10-01,2018-12-01,2027-03-01,9129.32
602525,"Pakal Dul [Drangdhuran] Hydroelectric Project, 1000 MW",National Hydroelectric Power Corporation Limited [NHPC],"Jammu and
Kashmir",2014-10-01,2018-02-01,2020-04-01,2026-12-01,12728.0
602532,Kiru HE Project,National Hydroelectric Power Corporation Limited [NHPC],"Jammu and
Kashmir",2019-03-01,2020-02-01,2023-09-01,2026-12-01,5409.0
602535,"Ratle HE Project - 850 MW, Ratle Hydroelectric Power Corporation Limited.",National Hydroelectric Power Corporation Limited [NHPC],"Jammu and
Kashmir",2021-02-01,2022-01-01,2026-02-01,2028-11-01,5281.94
602538,Installation of FGD for 4x210 & 2x250 MW MTPS U 1-6,Damodar Valley Corporation,West Bengal,2019-06-01,2021-02-01,2024-01-01,2026-09-01,1106.0
602579,Buxar Thermal Power Project [1320 MW],Satluj Jal Vidyut Nigam [SJVN] Thermal Limited,Bihar,2019-03-01,2019-06-01,2024-01-01,2026-05-01,13756.56
602582,Dhaulasidh Hydro Electric Project [66 MW],Satluj Jal Vidyut Nigam [SJVN] Thermal Limited,Himachal Pradesh,2020-10-01,2021-05-01,2025-11-01,2027-03-01,1763.31
602593,Luhri Stage-I Hydro Electric Project [210 MW],Satluj Jal Vidyut Nigam [SJVN] Thermal Limited,Himachal Pradesh,2020-11-01,2020-11-01,2026-01-01,2030-05-01,4345.31
602633,382 MW Sunni Dam HEP,(Satluj Jal Vidyut Nigam [SJVN] Thermal Limited),Himachal Pradesh,2018-04-01,2018-04-01,2027-03-01,,2615.0
602792,Gauge Conversion of Kendri-Dhamtari including Abhanpur - Rajim Branch line 67.20 Kms - 2nd Material Modification to Raipur Titlagarh doubling.,SECR,Chhattisgarh,2011-07-01,2021-05-01,2025-02-01,2026-06-01,1171.0
602797,"Sainthia, Sitarampur, Mughalsarai, Allahabad & Etawah - Bypass 35 km",CAOC/ER ER mor,"Multi-States (Uttar
Pradesh, West
Bengal)",2017-08-01,2024-06-01,2027-03-01,2027-03-01,797.94
602961,Talcher Thermal Power Station Stage III [2 x 660 MW] Expansion,National Thermal Power Corporation [NTPC],Odisha,2022-08-01,2022-09-01,2027-05-01,2028-05-01,12543.0
603210,Development of Jodhpur Pali Marwar Industrial Area JPMIA in Rajasthan,National Industrial Corridor Development Corporation,Rajasthan,2024-08-01,2026-01-01,2028-07-01,,921.66
603293,Badam Coal Mining project of NTPC,National Thermal Power Corporation [NTPC],Jharkhand,2019-02-01,2019-09-01,2056-12-01,2027-04-01,784.0
603945,Integrated Anandpur Barrage Project,Water Resources-OR,Odisha,1997-04-01,1998-01-01,2019-12-01,2026-06-01,2990.05
604791,Numaligarh Refinery Expansion Project,Numaligarh Refinery Limited,Assam,2020-07-01,2020-07-01,2024-07-01,2027-03-01,25313.0
604792,"Assam Bio Refinery, ABRPL",Ministry of Petroleum & Natural Gas,Assam,2018-02-01,2018-02-01,2021-09-01,2025-09-01,4930.0
604795,CBR 9 MMTPA Project,Chennai Petroleum Corporation Limited [CPCL],Tamil Nadu,2021-09-01,2021-09-01,2025-06-01,2028-10-01,36354.0
604833,"Andheri Residential Towers, Mumbai",Indian Oil Corporation Limited [IOCL],Maharashtra,2017-06-01,2017-06-01,2025-05-01,2027-06-01,389.67
604852,"Grass-root Terminal at Mirzapur, Uttar Pradesh",Indian Oil Corporation Limited [IOCL],Uttar Pradesh,2022-09-01,2022-09-01,2026-11-01,2026-11-01,980.45
604853,"Indian Oil Technology Development and Deployment Centre at R&D Campus-II, Faridabad",Indian Oil Corporation Limited [IOCL],Haryana,2019-06-01,2019-06-01,2022-12-01,2027-07-01,3200.0
604859,Integrated Para Xylene [PX] and Purified Terephthalic Acid [PTA] Project at Paradip Refinery,Indian Oil Corporation Limited [IOCL],Odisha,2020-07-01,2020-07-01,2024-01-01,2026-08-01,11783.0
604863,Development of Surface Facilities for production and evacuation of Crude Oil and Natural Gas from Nadua and East Khagorija,Oil India Limited,Assam,2018-01-01,2018-01-01,2020-02-01,2026-12-01,726.93
605155,Kwar HE Project,National Hydroelectric Power Corporation Limited [NHPC],"Jammu and
Kashmir",2022-05-01,2022-11-01,2026-11-01,2028-03-01,4526.12
605156,Rangit-IV HE Project [120 MW] executed by Jal Power Corporation Ltd. [JPCL] - A wholly owned subsidiary of NHPC Ltd. acquired through NCLT,National Hydroelectric Power Corporation Limited [NHPC],Sikkim,2021-03-01,2021-08-01,2024-05-01,2026-11-01,1828.11
605292,"Construction of Permanent Campus of Indian Institute of Management [IIM] Amritsar, Punjab, Phase-I","Indian intitue of Management, Amritsar",Punjab,2019-10-01,2020-07-01,2023-06-01,2026-11-01,386.86
606013,Additional Campus of NITPatna,NIT Patna,Bihar,2022-07-01,2022-08-01,2024-07-01,2026-01-01,499.21
606112,Tezpur University Projects,Tezpur University,Assam,2019-05-01,2021-06-01,2023-11-01,2025-12-01,153.71
606431,CONSTRUCTION OF PERMANENT CAMPUS FOR IIT PALAKKAD UNDER PHASE 1A,INDIAN INSTITUTE OF TECHNOLOGY PALAKKAD,Kerala,2017-07-01,2020-03-01,2022-06-01,2026-06-01,1217.4
606479,Banaras Hindu University [ Kayakalp of Institute of Medical Sciences],Banaras Hindu University,Uttar Pradesh,2020-06-01,2020-06-01,2022-09-01,2027-07-01,246.0
606781,Transmission System for Strengthening of Srinagar-Leh Tr. System,Power Grid Corporation of India Limited [POWERGRID],"Multi-States (Jammu and Kashmir, Ladakh)",2022-03-01,2022-03-01,2024-12-01,2025-11-01,288.71
607653,Ludhiana Mullanpur 21Km Doubling Railway project,CAO/C/NR,Punjab,,2022-10-01,2024-06-01,2027-02-01,234.78
607701,"Guwahati Refinery Expansion [1.0 to 1.2 MMTPA] along with installation of CRU, Guwahati Refinery",Ministry of Petroleum & Natural Gas,Assam,2021-05-01,2021-05-01,2023-10-01,2026-05-01,577.0
607709,NORTH EASTERN REGION POWER SYSTEM IMPROVEMENT PROJECT [NERPSIP],Power Grid Corporation of India Limited [POWERGRID],"Multi-States
(Assam, Manipur,
Meghalaya,
Mizoram,
Nagaland, Tripura)",2014-12-01,2016-03-01,2018-12-01,2027-03-01,6700.0
608301,Transmission system strengthening scheme for evacuation of power from solar energy zones in Rajasthan 8.1 GW under Phase II- Part- G1,Power Grid Corporation of India Limited [POWERGRID],Delhi,2022-02-01,2022-02-01,2023-09-01,2025-12-01,359.47
608302,Transmission system for evacuation of Power from Pakaldul HEP in Chenab Valley HEPs - LTA System,Power Grid Corporation of India Limited [POWERGRID],Jammu and Kashmir,2022-02-01,2022-02-01,2025-04-01,2025-11-01,318.12
608922,Transmission System Strengthening Scheme for evacuation of power from SEZ in Rajasthan 8.1 GW under Phase II Part G,Power Grid Corporation of India Limited [POWERGRID],"Multi-States (Delhi, Haryana, Rajasthan)",2022-05-01,2022-05-01,2023-11-01,2025-11-01,2218.0
609019,"HEFA projects on development of student hostels, playgrounds, departmental buildings, class room complex and other campus facilities in IIT Kharagpur","Indian Institute of Technology, Kharagpur",West Bengal,2018-06-01,2019-04-01,2023-03-01,2026-12-01,442.0
609041,"IoE Projects [Civil Works], IIT Kharagpur","Indian Institute of Technology, Kharagpur",West Bengal,2019-04-01,2019-04-01,2023-03-01,2026-12-01,287.2
609424,"Development of Container Terminal at Tuna-Tekra, Deendayal Port on BOT Basis Under PPP Mode",Deendayal Port Trust,Gujarat,2022-10-01,2024-03-01,2027-03-01,2027-09-01,4243.64
609736,"Construction of Sikkim University Campus Phase-I Package-II at Yangang, South Sikkim",Sikkim University,Sikkim,2020-08-01,2022-01-01,2025-01-01,2026-10-01,340.55
609996,Construction of Precast housing and hostels at IIT Hyderabad,"Indian Institute of Technology, Hyderabad",Telangana,2022-09-01,2022-11-01,2024-10-01,2026-01-01,262.0
610315,IISER BERHAMPUR,"Indian Institutes of Science Education and Research, Behrampur",Odisha,2018-10-01,2019-09-01,2021-03-01,2026-06-01,843.09
610940,"Additional Infrastructure at IISc Bangalore-RCC Monolithic for Men Hostel S14, Women Hostel S11 , Postdoctoral Hostel S12 2 Block , International Hostel S 12 , D&E Block S 12 2 Block FR.",IISC Bangalore,Karnataka,2021-08-01,2021-08-01,2024-03-01,2025-12-01,420.41
610984,Development of Jharia CBM Block [Phase-1],Oil and Natural Gas Corporation Limited [ONGC],Jharkhand,2019-11-01,2019-11-01,2024-01-01,2026-09-01,431.0
610985,Construction of lube oil blending plant at Rasayani,Ministry of Petroleum & Natural Gas,Maharashtra,2022-05-01,2022-05-01,2023-12-01,2025-12-01,526.26
611016,2.0 MTPA BHOJUDIH NLW WASHERY,Ministry of Coal,West Bengal,2015-12-01,2019-03-01,2020-09-01,2026-05-01,384.57
611017,2.5 MTPA PATHERDIH NLW WASHERY,Ministry of Coal,Jharkhand,2015-10-01,2016-04-01,2018-04-01,2026-12-01,334.27
611047,"Construction of NTB complex including apron, taxi track and other associated civil works and electrical & mechanical installations towards Tawi River side at CA Jammu.",Airport Authority of India [AAI],"Jammu and
Kashmir",2023-10-01,2023-12-01,2026-06-01,2026-11-01,861.37
611142,Fairway Development in West Bengal Farakka - Kahelgaon,(Inland Waterways Authority of India [IWAI]),Offshore,2018-01-01,2018-08-01,2023-07-01,2024-04-01,197.0
611440,Procurment of 30 Nos ACFTs of WT Capacity 10KL at Various Airports,Airport Authority of India [AAI],"Multi-States (Andhra Pradesh, Bihar, Delhi, Gujarat, Jharkhand, Karnataka, Kerala, Madhya Pradesh, Odisha, Tamil Nadu, Telangana, Uttar Pradesh, West Bengal)",2023-05-01,,2025-06-01,,215.17
611452,MUMBAI CENTRAL VIRAR VADODARA AHMEDABAAD TRAIN PROTECTION SYSTEM 500 RKM,Western Railway,"Multi-States
(Gujarat,
Maharashtra)",2019-09-01,2023-03-01,2025-12-01,2026-12-01,311.0
611495,Development of New Civil Enclave at Bagdogra Airport,Airport Authority of India [AAI],West Bengal,2024-08-01,2024-09-01,2027-03-01,2027-03-01,1549.0
611509,"Koderma Thermal Power Station Phase II [2X800 MW] At Koderma, Jharkhand",Damodar Valley Corporation,Jharkhand,2023-04-01,2024-11-01,2029-07-01,,14358.0
611570,"SITC of ATM Automation System and ASMGCS [Including SMR & MLAT] for Mumbai, Navi Mumbai, Jewar [earlier MOPA, without ASMGCS], HIAL & BIAL",Airport Authority of India [AAI],"Multi-States
(Karnataka,
Maharashtra,
Telangana, Uttar
Pradesh)",2020-12-01,2022-10-01,2025-09-01,2026-08-01,500.48
611586,Sunni Dam Hydro Electric Project [382 MW],Satluj Jal Vidyut Nigam [SJVN] Thermal Limited,Himachal Pradesh,2023-01-01,2023-01-01,2028-04-01,2029-12-01,4555.49
611602,"Modernization of Chennai Airport, Phase II, Part 2",Airport Authority of India [AAI],Tamil Nadu,2018-05-01,2023-06-01,2025-07-01,2026-12-01,1207.0
611614,Dedicated Test Track for RDSO Phase II,North Western Railway [NWR],Rajasthan,2021-11-01,2021-11-01,2026-11-01,2026-11-01,967.06
611615,Malugur- Palasamudram New Line Project [17.975 Km],South Western Railway [SWR] - II,Andhra Pradesh,2022-09-01,2026-07-01,2027-11-01,2027-12-01,342.0
611656,Transmission scheme for evacuation of 4.5GW RE injection at Khavda PS under Phase II- Part B,Power Grid Corporation of India Limited [POWERGRID],Gujarat,2023-03-01,2023-03-01,2025-03-01,2025-11-01,1167.0
611657,Transmission scheme for evacuation of 4.5GW RE injection at Khavda PS under Phase II- Part C,(Power Grid Corporation of India Limited [POWERGRID]),Gujarat,2023-03-01,2023-03-01,2025-03-01,2026-01-01,2820.99
611659,Transmission system strengthening scheme for evacuation of power from solar energy zones in Rajasthan[8.1 GW] under phase-II- Part E,Power Grid Corporation of India Limited [POWERGRID],Rajasthan,2023-03-01,2023-03-01,2024-09-01,2025-12-01,1433.0
611660,Establishment of Khavda Pooling Station-2 KPS2 in Khavda RE Park KPS2 TRANSMISSION SYSTEM LIMITED,Power Grid Corporation of India Limited [POWERGRID],Gujarat,2023-03-01,2023-03-01,2024-12-01,2025-11-01,966.79
611669,NER Provision of Automatic Block Signalling on Gorakhpur Cantt[Excl] Chhapra Gramin & Burhwal Jn [Excl] Sitapur Jn section of high density routes,North Eastern Railway [NER],"Multi-States
(Bihar, Uttar
Pradesh)",2022-05-01,2023-06-01,2027-03-01,2028-03-01,380.47
611698,240MW Heo HE Project,North Eastern Electric Power Corporation Limited,Arunachal Pradesh,2024-12-01,2025-05-01,2029-07-01,,1938.85
611699,186 MW Tato-I H E Project,North Eastern Electric Power Corporation Limited,Arunachal Pradesh,2024-12-01,2025-05-01,2029-07-01,,1750.07
611716,700 MW Tato-II HE Project,North Eastern Electric Power Corporation Limited,Arunachal Pradesh,2025-09-01,2025-09-01,2031-09-01,,8146.21
611735,Transmission system for evacuation of power from REZ in Rajasthan 20GW under Phase-III Part J,Power Grid Corporation of India Limited [POWERGRID],"Multi-States (Delhi,
Rajasthan)",2022-12-01,2022-12-01,2025-03-01,2026-12-01,331.0
611737,Western Region Expansion Scheme-XXV,Power Grid Corporation of India Limited [POWERGRID],Chhattisgarh,2023-02-01,2023-02-01,2023-11-01,2025-10-01,385.84
611751,Aurangabad-Ankai 98.25 km,CAOCON/SCR SCR mor,Maharashtra,2023-05-01,2024-06-01,2025-12-01,,960.64
611752,Doubling between Gooty-Pendakallu 29.225 km PB73/2023-24/NR,CAO/C/SCoR SCoR mor,Andhra Pradesh,2023-03-01,2024-11-01,2027-03-01,2027-03-01,351.83
611754,South Central Railway - Rail road over double line between Guntakal West-Mallapa Gate 9.64 km PB34/CR/2023-24,CAO/C/SCoR SCoR mor,Andhra Pradesh,2023-07-01,2025-01-01,2026-07-01,,293.3
611798,Rakha Underground Mining Project,Hindustan Copper Limited [HCL],Jharkhand,2022-12-01,2024-03-01,2033-03-01,,2705.0
611800,Surda Underground Copper Mining Project,Hindustan Copper Limited [HCL],Jharkhand,2022-02-01,2024-03-01,2028-03-01,,665.02
611849,Devgarh Madariya - Nathdwara Gauge Conversion [82.54 Km] part of Marwar - Mavli Gauge Conversion [152 Km],(North Western Railway [NWR]),Rajasthan,2023-01-01,2023-01-01,2028-06-01,2028-06-01,968.92
611855,Nathdwara Mavli - Devgarh Madariya 82.542 km,CAOC/NWR NWR mor,Rajasthan,2023-01-01,2023-08-01,2028-06-01,,1100.0
611861,Rewari - Kathuwas Doubling Project [27.72 Km],North Western Railway [NWR],"Multi-States
(Haryana,
Rajasthan)",2023-02-01,2022-12-01,2027-06-01,2027-06-01,352.0
611864,AMALAGAMATED NTST KUJAMA OCP 8.5MTY,Bharat Coking Coal Limited (BCCL),Jharkhand,2023-01-01,2023-01-01,2030-03-01,,4011.85
611884,Doubling between Bhiwani - Dobh Bahali PB73/2023-24/NR,CAOC/NWR NWR mor,Haryana,2023-02-01,2023-04-01,2027-06-01,2028-02-01,471.0
611917,Poly Butadiene Rubber plant at Panipat,Indian Oil Corporation Limited [IOCL],Haryana,2022-03-01,2022-03-01,2025-03-01,2026-12-01,2531.44
611918,Kosamba- Umarpada 69.70 Km PB32/WR/2023-24,CAOCWR WR mor,Gujarat,2023-07-01,2024-01-01,2027-03-01,,468.0
611927,Kurnool - Setting up facilities for coach midlife rehabilitation workshop,WPO/Patna,Andhra Pradesh,2014-01-01,2017-10-01,2023-12-01,,560.72
611929,Maintenance cum workshop depot for Vande Bharat Sleeper Trains as per conditions under WTA 527,WPO/Patna,Rajasthan,2022-09-01,2023-06-01,2024-12-01,,166.86
611930,Lara Super Thermal Power Project Stage-II [2 x 800 MW],National Thermal Power Corporation [NTPC],Chhattisgarh,2023-08-01,2023-08-01,2028-06-01,2028-11-01,16106.0
611937,Adraj Moti Vijapur 40 Kms,Western Railway (WR) - II,Gujarat,2022-05-01,2022-05-01,2026-05-01,2025-12-01,417.53
611938,Vijapur Ambliyasan 42 km,PCE/WR,Gujarat,2022-05-01,2022-05-01,2026-05-01,2026-05-01,415.38
611939,Himatnagar Khedbrahma 55 km,Railway,Gujarat,2022-06-01,2017-04-01,2001-06-01,2026-06-01,482.42
611943,New BG line between Naliya - Jakhau Port 24.88 Km,CAOCWR WR mor,Gujarat,2023-02-01,2025-11-01,2028-01-01,2028-02-01,410.26
611944,Quadrupling between Gandhidham Adipur with Y connection at Adipur for providing direct entry towards Mundra Port and Bhuj and high level platform at Gopalpur 11Kms,(Western Railway (WR) - II),Gujarat,2023-02-01,2023-02-01,2026-03-01,2026-01-01,152.44
611945,Petlad-Bhadran 22.5 km,CAOCWR WR mor,Gujarat,2022-05-01,2024-05-01,2030-05-01,2030-05-01,307.12
611947,Transmission System for Evacuation of Power from REZ in Rajasthan 20GW under Phase III- Part E2,Power Grid Corporation of India Limited [POWERGRID],Rajasthan,2023-11-01,2023-11-01,2025-06-01,2026-06-01,428.3
611948,Transmission system for evacuation of power from REZ in Rajasthan 20 GW under Phase-III part H,Power Grid Corporation of India Limited [POWERGRID],Rajasthan,2023-10-01,2023-10-01,2025-04-01,2026-06-01,1910.0
611949,Transmission system for evacuation of power from REZ in Rajasthan 20 GW under Phase-III part C1,Power Grid Corporation of India Limited [POWERGRID],Rajasthan,2023-10-01,2023-10-01,2025-04-01,2026-08-01,1160.0
611950,Transmission system for evacuation of power from REZ in Rajasthan 20 GW under Phase-III part B1,(Power Grid Corporation of India Limited [POWERGRID]),Rajasthan,2023-09-01,2023-09-01,2025-04-01,2026-02-01,2190.54
611951,Transmission system for evacuation of power from REZ in Rajasthan 20GW under Phase-III Part E1,(Power Grid Corporation of India Limited [POWERGRID]),Rajasthan,2021-12-01,2023-08-01,2025-02-01,2026-04-01,688.74
611957,"Phase III A works at IIT Indore [03 Hostels, 01 Studio Apartment, 01 Housing, Heavy & Sophisticated lab complex, Academic POD and Infrastructure for center of excellence]","Indian Institute of Technology, Indore",Madhya Pradesh,2023-12-01,2024-04-01,2027-02-01,,496.28
611961,Construction of IIT Bhubaneswar -Phase III,"Indian Institute of Technology, Bhubaneshwar",Odisha,2024-02-01,2024-05-01,2026-11-01,,454.27
611963,"Construction & Development of Infrastructural Facilities in the main campus of NIT Uttarakhand at Sumari, Pauri Garhwal",National Institute of Technology Uttarakhand,Uttarakhand,2020-06-01,2024-04-01,2027-09-01,,650.85
611966,Transmission System for Evacuation of power from Potential RE Zone in Khavda Area of Gujarat under phase IV 7GW-Part E4,Power Grid Corporation of India Limited [POWERGRID],Maharashtra,2023-11-01,2023-11-01,2025-07-01,2026-05-01,224.41
611967,Transmission Scheme for Solar Energy Zone in Ananthpuram 2500MW and Kurnool 1000MW,Power Grid Corporation of India Limited [POWERGRID],Andhra Pradesh,2023-09-01,2023-09-01,2025-09-01,2026-05-01,823.0
611969,Choranda Motikoral 18 Kms,PCE/WR,Gujarat,2023-08-01,2023-08-01,2026-10-01,,246.0
611970,Samlaya-Timba Road 53.53 km,CAOCWR WR mor,Gujarat,2023-02-01,2024-05-01,2030-03-01,2030-03-01,670.17
611971,Samni-Jambusar 24.08 km,CAOCWR WR mor,Gujarat,2022-05-01,2024-04-01,2030-03-01,2030-03-01,349.93
611972,Jambusar Kavi 26 Kms,PCE/WR,Gujarat,2023-04-01,2023-04-01,2026-12-01,,318.0
611973,miyagam karjan Choranda maalsar 37 kms,PCE/WR,Gujarat,2023-06-01,2023-06-01,2026-12-01,,450.0
611974,Western Railway- Samakhiali-Gandhidham Quadrupiling 53 km PB34/CR/2023-24,CAOCWR WR mor,Gujarat,2023-08-01,2024-04-01,2026-12-01,2027-12-01,1430.0
611975,Western Railway Vasai bypass double line between Naigaon Juchandra 6 km,PCE/WR,Maharashtra,2023-07-01,2023-07-01,2026-03-01,,176.0
611976,Jogeshwari AT Development of JOS-AT as Trainset Maintenance Depot for energy efficient Vande Bharat Sleeper Trains,PCE/WR,Maharashtra,2023-06-01,2023-06-01,2025-10-01,,221.0
611977,Dahod Creation of Infrastructure facilities for 9000 HP Electric locomotives Manufacturing at,PCE/WR,Gujarat,2022-05-01,2023-02-01,2025-02-01,,487.0
611978,Dahod Rolling Stock Workshop Provision of Infrastructure for CBS at,PCE/WR,Gujarat,2022-11-01,2023-03-01,2025-03-01,,158.0
611979,Sabarmati Setting up of Maintenance Facilities for Train Sets Phase ii,Western Railway [WR] - II,Gujarat,2023-01-01,2023-04-01,2025-06-01,2026-05-01,250.0
611980,Junagarh Visavadar 42 Kms,Railway,Offshore,2022-06-01,2023-02-01,2028-09-01,2028-09-01,492.83
612063,"Construction of New Terminal Building, Second Link Taxi Track, Apron Expansion, and associated works at Prayagraj Airport- On Design & Build Basis.",Airport Authority of India [AAI],Uttar Pradesh,2023-08-01,2023-08-01,2024-11-01,2025-10-01,274.38
612066,Rajasthan Metro Rail Project Phase 1C from Badi Chaupar to Transport Nagar via Galta Gate,Jaipur Metro Rail Corporation,Rajasthan,2025-10-01,2023-09-01,2027-04-01,,980.08
612068,Jaipur Metro Phase 1D Project from Mansarovar to Ajmer Road Chauraha,Jaipur Metro Rail Corporation,Rajasthan,2026-05-01,2023-12-01,2026-03-01,,204.81
612072,Barejadi Nandej Geratpur - Sanand - 4th line 38.20 km,CAOCWR WR mor,Gujarat,2023-02-01,2024-03-01,2027-03-01,2028-07-01,961.67
612096,Construction of Balurghat-Hilli new BG Line,Northeast Frontier Railway [NFR],West Bengal,2010-12-01,2010-12-01,2027-03-01,2027-03-01,1181.57
612128,Hostel blocks & dining hall block,"Indian Institute of Technology, Mandi",Himachal Pradesh,2023-03-01,2024-03-01,2026-03-01,2026-09-01,166.66
612132,Transmission Scheme for Evacuation of power from REZ in Rajasthan [20 GW] under Phase-III Part D Phase I [Sikar Khetri Transmission Ltd],Power Grid Corporation of India Limited [POWERGRID],"Multi-States (Delhi,
Haryana,
Rajasthan)",2024-02-01,2024-02-01,2025-08-01,2027-03-01,2423.0
612133,Transmission System for Evacuation of power from Rajasthan REZ Ph-IV [Part-1] [Bikaner Complex] Part D [Neemrana Bareilly Transmission Ltd],Power Grid Corporation of India Limited [POWERGRID],"Multi-States
(Rajasthan, Uttar
Pradesh)",2023-12-01,2023-12-01,2025-12-01,2027-04-01,3271.0
612134,Transmission System for Evacuation of power from Rajasthan REZ Ph-IV [Part-1] [Bikaner Complex] Part A [Bikaner Neemrana Transmission Ltd],Power Grid Corporation of India Limited [POWERGRID],Rajasthan,2023-12-01,2023-12-01,2025-12-01,2027-04-01,4741.0
612135,Hostel 4 -Earlier Known as Hostel 20,"Indian Institute of Technology, Bombay",Maharashtra,2022-09-01,2023-12-01,2025-09-01,2025-12-01,182.33
612138,"Transmission Scheme for Solar Energy Zone in Bidar [2500 MW], Karnataka [Bidar Transmission Ltd]",Power Grid Corporation of India Limited [POWERGRID],"Multi-States
(Karnataka,
Telangana)",2024-02-01,2024-02-01,2026-02-01,2026-08-01,1368.0
612139,Transmission system for Evacuation of Additional 7 GW RE power from Khavda RE park under Phase-III Part B [Vataman Transmission Limited],Power Grid Corporation of India Limited [POWERGRID],Gujarat,2023-12-01,2023-12-01,2025-12-01,2026-12-01,4231.0
612140,Transmission Scheme for Integration of Renewable Energy Zone [Phase II] in Koppal II [Phase A&B] and gadag II[Phase A] in Karnataka [POWERGRID KOPPAL GADAG TRANSMISSION LIMITED],Power Grid Corporation of India Limited [POWERGRID],Karnataka,2023-12-01,2023-12-01,2025-12-01,2026-09-01,4445.0
612142,"Singrauli Super Thermal Power Project, Stage-III [2x800 MW]",National Thermal Power Corporation [NTPC],Uttar Pradesh,2024-03-01,2024-03-01,2030-02-01,2030-04-01,17195.0
612151,Transmission System for Evacuation of Power from potential Renewable Energy zone in Khavda Area of Gujarat under Phase IV [7 GW] Part E3,(Power Grid Corporation of India Limited [POWERGRID]),Gujarat,2023-07-01,2023-07-01,2025-07-01,2026-04-01,334.0
612167,"Construction of 350 beds + 50 Super Specialty beds ESIC Hospital Sheelanagar, Visakhapatnam, Andhra Pradesh",Employee's State Insurance Company [ESIC],Andhra Pradesh,2021-02-01,2023-04-01,2025-10-01,2026-08-01,384.27
612178,"Construction of 100 Bedded ESIC Hospital building and 32 Nos Residential Quarters at Vallam Vadangal, SIPCOT, Sriperumbudur",(Employee's State Insurance Company [ESIC]),Tamil Nadu,2015-02-01,2023-03-01,2025-06-01,2026-03-01,177.01
612183,Development of New Civil Enclave at Bihta,Airport Authority of India [AAI],Bihar,2024-08-01,2025-04-01,2027-03-01,,1413.0
612185,C/o Construction of 200 bedded [Up-gradable to 300 bedded] ESI Hospital at Surat Gujarat.,(Employee's State Insurance Company [ESIC]),Gujarat,2019-06-01,2021-03-01,2025-06-01,2026-01-01,209.36
612186,350 Bedded [Upgradable to 500 beds] ESI Hospital at Sanand,Employee's State Insurance Company [ESIC],Gujarat,2022-06-01,2023-04-01,2026-03-01,2027-05-01,558.12
612188,"Construction of 200 Bedded [Upgradable to 500 Bedded including 50 beds of SST] ESIC Hospital at Bibewadi, Pune",Employee's State Insurance Company [ESIC],Maharashtra,2018-05-01,2023-03-01,2025-09-01,2026-08-01,429.25
612194,Development of New Civil Enclave and associated works at Darbhanga Airport,Airport Authority of India [AAI],Bihar,2024-07-01,2024-07-01,2026-07-01,2026-11-01,911.66
612201,"Construction of 200 bedded ESIC Hospital with 62 Nos Staff quarters , Beltola",Employee's State Insurance Company [ESIC],Assam,2017-12-01,2021-10-01,2025-04-01,2026-06-01,154.75
612203,Academic Block 1 & 2,"Indian Institute of Technology, Bombay",Maharashtra,2022-09-01,2023-05-01,2026-07-01,2027-03-01,263.93
612211,"Demolition, Construction and upgradation of ESI Hospital, Kalol, Gujarat from 50 beds to 150 beds.",Employee's State Insurance Company [ESIC],Gujarat,2022-08-01,2023-10-01,2025-10-01,2026-11-01,205.87
612213,"Construction of 200 Bedded ESIC Hospital at Butibori, Nagpur, Maharashtra.",Employee's State Insurance Company [ESIC],Maharashtra,2013-10-01,2022-08-01,2025-08-01,2026-09-01,196.7
612239,Construction of 100 bedded ESIC Hospital & 32 nos. of Staff qtrs at OMPURA J&K.,Employee's State Insurance Company [ESIC],Jammu and Kashmir,2019-09-01,2021-12-01,2024-09-01,2025-12-01,164.93
612259,CONSTRUCTION OF 300 BEDDED HOSPITAL AT HARIDWAR,Employee's State Insurance Company [ESIC],Uttarakhand,2021-02-01,2021-12-01,2024-10-01,2026-07-01,297.63
612513,"Construction of 100 Bedded ESI Hospital at Duburi, Odisha.",Employee's State Insurance Company [ESIC],Odisha,2010-12-01,2025-02-01,2027-06-01,,164.6
612688,"Construction of New OPD Block 200 Bed ward Basement + GF + 6 Floors at the location of old OPD block, at existing ESIC Hospital/ Medical college campus, Sanathnagar, Hyderabad",Employee's State Insurance Company [ESIC],Telangana,2017-11-01,2021-10-01,2024-06-01,2025-06-01,211.13
612745,"Construction of 200 bed ESI Hospital at Bommasandra, Karnataka",Employee's State Insurance Company [ESIC],Karnataka,2015-02-01,2024-10-01,2027-01-01,2027-05-01,278.0
612748,"Construction of 100 bed ESI Hospital and Staff Quarters [32 Nos.] at Harohalli, Karnataka",Employee's State Insurance Company [ESIC],Karnataka,2019-07-01,2025-03-01,2027-02-01,,150.92
612781,Rebuilding of COB 4 at Durgapur Steel Plant,Steel Authority of India Limited [SAIL],West Bengal,2023-09-01,2023-09-01,2027-09-01,2027-09-01,916.78
612786,"Construction of New Domestic Terminal Building Building and miscellaneous works including maintenance, operations and AICMC at Kadapa Airport",Airport Authority of India [AAI],Andhra Pradesh,2023-03-01,2024-01-01,2026-01-01,2026-09-01,265.91
612787,Construction of New Domestic Terminal Building and Miscellaneous works at Hubli Airport,Airport Authority of India [AAI],Karnataka,2023-06-01,2024-01-01,2026-01-01,2026-09-01,320.47
612788,Construction of New Domestic Terminal Building and Miscellaneous Works at Belagavi Airport.,Airport Authority of India [AAI],Karnataka,2023-06-01,2024-02-01,2026-02-01,2026-08-01,322.45
612789,"Development of additional RESA on either end on Runway 10-28 at Calicut Airport. Construction of embankment with slope protection, drainage system and associated works for additional RESA on either end on Runway 10-28",Airport Authority of India [AAI],Kerala,2023-06-01,2024-02-01,2025-09-01,2026-12-01,484.57
612790,Power System Upgradation Project,Mangalore Refinery and Petrochemicals Limited,Karnataka,2023-10-01,2023-10-01,2025-11-01,2026-09-01,385.0
612791,"Re-Construction of Rigid portions of Secondary Runway, K and A Taxiway and Strengthening of C Taxiway at NSCBI Airport Kolkata.",Airport Authority of India [AAI],West Bengal,2023-03-01,2023-12-01,2025-10-01,2026-08-01,328.3
612793,"Widening of basic strip at Western Side of Runway Chainage 80m to 920m i/c slope stabilization Measures [Balance work] of uphill and Improvement of Storm Water Drainage System at Pakyong Airport, Sikkim on design & build basis [EPC] with integrated 10 years maintenance.",Airport Authority of India [AAI],Sikkim,2023-11-01,2023-12-01,2026-06-01,2027-06-01,323.26
612815,Nipania-Bhatapra 14.4 km 4th line PB72/NR/2022-23,CAOC/SECR SECR mor,Chhattisgarh,2022-12-01,2023-03-01,2027-03-01,,170.49
612816,ITAPARA OCP,Eastern Coal Fields Limited [ECL],West Bengal,2023-12-01,2023-12-01,2030-03-01,,929.1
612819,300 MW SPP part of 510 MW CPSU scheme,NLC India Limited [NLCIL],Rajasthan,2022-07-01,2023-03-01,2024-09-01,2025-12-01,1813.0
612827,Flyover between Pendurthi-Simhachalam North to avoid surface crossing at Simhachalam 7.135 km PB73/2023-24/NR,CAO/C/SCoR SCoR mor,Andhra Pradesh,2023-04-01,2024-06-01,2027-04-01,,183.65
612834,3rd & 4th line between Sarla - Sason 8 km PB73/2023-24/NR,CAO/C/ECOR ECoR mor,Odisha,2023-04-01,2024-01-01,2025-12-01,,252.0
612838,DIPKA OC,SECL - CIL,Gujarat,2017-01-01,2017-01-01,2025-03-01,,7580.0
612845,Pachora-Jamner with extension upto Malkapur-Narrow gauge to broad gauge 84 km,CAOC/CR CR mor,Maharashtra,2022-08-01,2026-01-01,2027-08-01,,2093.82
612851,"Phase 1B - Construction of Academic Block, Hostel, Residential Tower, Directors Residence and External Development works at National Institute of Technology, Delhi Campus on Engineering, Procurement and Construction basis",National Institute of Technology Delhi,Delhi,2009-09-01,2022-11-01,2025-09-01,2026-01-01,336.42
612853,Gurdaspur Jammu Pipeline,Gas Authority of India Limited [GAIL],Punjab,2023-07-01,2023-07-01,2026-07-01,2026-07-01,521.9
612855,Transmission System for Evacuation of Power from Potential Energy Renewable Zone in Khavda Area of Gujarat under Ph-IV [7GW] Part E2,Power Grid Corporation of India Limited [POWERGRID],Gujarat,2024-05-01,2024-05-01,2026-05-01,2026-09-01,697.0
612856,Augmentation of 1x1500 MVA 3rd 765/400 kV transformation capacity at Kurnool New Substation,(Power Grid Corporation of India Limited [POWERGRID]),Andhra Pradesh,2023-05-01,2023-12-01,2025-09-01,2026-03-01,163.61
612876,"Construction of Permanent Campus for NIT Mizoram at Lengpui, Aizawl",NIT Mizoram,Mizoram,2009-09-01,2014-06-01,2029-12-01,2022-03-01,474.23
612877,Establishment of NIT Puducherry Permanent Campus [Phase-I and Phase-II],"National Institute of Technology, Puducherry",Puducherry,2009-09-01,2013-07-01,2024-12-01,2026-05-01,544.34
612878,Bangalore Metro Rail Project - PHASE-3,Bengaluru Metro Rail,Karnataka,2024-09-01,2026-06-01,2031-05-01,,15611.0
612883,Establishment of Permanent Campus of NIT SIkkim at Khamdong-Gangtok District,NIT Sikkim,Sikkim,2024-02-01,2024-03-01,2028-02-01,2026-12-01,610.76
612885,Construction and Developement of National Institute of Technology Meghalaya Permanent Campus at Sohra,"National Institute of Technology, Meghalaya",Meghalaya,2009-09-01,2014-09-01,2022-03-01,2026-10-01,429.7
612894,"Construction of Permanent Campus of Central University of Himachal Pradesh at Dehra, District - Kangra, [H.P.] on Engineering. Procurement and Construction [EPC Mode 1] Basis.","Central University, Himachal Pradesh",Himachal Pradesh,2021-03-01,2022-08-01,2024-11-01,2026-03-01,300.45
612898,Construction of Permanent Campus of National Institute of Technology Arunachal Pradesh,"National Institute of Technology, Arunachal Pradesh",Arunachal Pradesh,2009-09-01,2013-03-01,2026-08-01,2024-08-01,592.61
612916,"Construction of permanent campus of Central University of Gujarat at Village kundhela, Dist. Vadodara, Gujarat.",Central University of Gujarat,Gujarat,2020-12-01,2021-02-01,2025-03-01,2026-03-01,490.63
612998,Bathinda Sangrur Pipeline,Ministry of Petroleum and Natural Gas,Punjab,2021-11-01,2021-11-01,2024-05-01,2025-09-01,397.0
613002,Redevelopment of Chennai Egmore Station,Ministry of Railways,Tamil Nadu,2022-05-01,2022-10-01,2026-03-01,,842.0
613003,Dharamjaigarh-Korba 63 km,(CERL),Chhattisgarh,2023-08-01,2022-07-01,2026-08-01,,1686.26
613008,Construction of Permanent Campus of Central Tribal University of Andhra Pradesh Phase-1,Central Tribal University of Andhra Pradesh,Andhra Pradesh,2019-09-01,2023-12-01,2027-06-01,,305.0
613013,Establishment of NIT Nagaland,NIT Nagaland,Nagaland,2009-09-01,2014-12-01,2025-12-01,,275.63
613015,Redevelopment of Chhatrapati Shivaji Maharaj Terminus [CSMT] and construction of associated infrastructure,Rail Land Development Authority,Maharashtra,2023-04-01,2023-07-01,2027-03-01,,1813.0
613785,Redevelopment of New Delhi Railway Station and construction of associated infrastructure,Rail Land Development Authority,Delhi,2023-01-01,2024-06-01,2028-12-01,,4744.0
613786,"Redevelopment of Ahmedabad railway station and associated infrastructure on engineering, procurement and construction mode",Rail Land Development Authority,Gujarat,2023-01-01,2023-11-01,2028-03-01,,2379.0
613787,Jamrani Dam Multipurpose Project,Irrigation-UK,Uttarakhand,2023-10-01,2023-11-01,2029-06-01,,2584.1
613788,AGTHORI KAMAKHYA SECTION WITH CONSTRUCTION OF NEW RAIL CUM- ROAD BRIDGE AT SARAIGHAT - 7.062KM,Northeast Frontier Railway [NFR],Assam,2025-05-01,,2029-12-01,,1473.77
613793,SHYAMSUNDARPUR UG INCLUDING SA,ECL - CIL,West Bengal,2020-04-01,2020-04-01,2026-03-01,2028-03-01,483.65
613794,PARASEA-BELBAID UG PROJECT,ECL - CIL,West Bengal,2023-01-01,2023-01-01,2028-03-01,,389.1
613795,JAMPALI OC RCE [2.0 MTY],South Eastern Coalfields Limited [SECL],Chhattisgarh,2020-05-01,2020-05-01,2025-03-01,2025-06-01,278.64
613798,AMERA OC RCE [1.0 MTY],SECL - CIL,Chhattisgarh,2015-02-01,2015-02-01,2026-03-01,,335.97
613799,AMGAON OC RCE [1.0 MTY],SECL - CIL,Chhattisgarh,2015-07-01,2015-07-01,2026-03-01,,316.11
613800,JAGANNATHPUR OC RCE PROJECT,SECL - CIL,Chhattisgarh,2016-07-01,2016-07-01,2025-03-01,2027-03-01,459.49
613801,MAHAMAYA OCP [1.50 MTY],SECL - CIL,Chhattisgarh,2018-05-01,2018-05-01,2026-03-01,2028-03-01,410.26
613802,KANCHAN OC EXP,SECL - CIL,Madhya Pradesh,2014-12-01,2014-12-01,2026-03-01,2028-03-01,371.04
613803,JHIRIA WEST OCP [1.5 MTY],SECL - CIL,Madhya Pradesh,2024-01-01,2024-01-01,2029-03-01,,366.94
613804,RPR TAWA-III UG 0.84 MTY,WCL - CIL,Madhya Pradesh,2021-12-01,2021-12-01,2027-03-01,,314.09
613808,MURAIDIH UG PROJECT,BCCL - CIL,Jharkhand,2011-02-01,2011-02-01,2014-04-01,2026-12-01,339.87
615183,KHADIA EXPANSION [10 TO 16 MTP,NCL - CIL,"Multi-States
(Madhya Pradesh,
Uttar Pradesh)",2021-06-01,2021-06-01,2025-03-01,2027-03-01,491.67
615184,SAONER UG MINE -1 EXPANSION 1.,WCL - CIL,Maharashtra,2022-01-01,2022-01-01,2028-03-01,,228.64
615185,AMALGAMATED DHANKASA & JAMUNIA,WCL - CIL,Madhya Pradesh,2022-09-01,2022-09-01,2027-03-01,,399.2
615186,SASTI EXPANSION OPENCAST,WCL - CIL,Maharashtra,2020-08-01,2020-08-01,2026-03-01,2027-03-01,319.04
615187,RPR OF VISHNUPURI UG TO OC,WCL - CIL,Madhya Pradesh,2022-11-01,2022-11-01,2029-03-01,,220.62
615188,NEW MAJRI UG TO OC 3 MTY COST,WCL - CIL,Maharashtra,2019-05-01,2022-09-01,2027-03-01,,402.27
615189,MAKARDHOKRA EXPN OC 4.9 MTY,WCL - CIL,Maharashtra,2022-06-01,2022-06-01,2026-03-01,2027-03-01,361.87
615190,SINGHORI DEEP OC MIN 2.0 MTY,WCL - CIL,Maharashtra,2022-05-01,2022-05-01,2029-03-01,,335.75
615191,KATKONA RO UG MINE,SECL - CIL,Chhattisgarh,2023-01-01,2023-01-01,2029-03-01,,329.21
615192,GOKUL EXTENSION OC MINE,WCL - CIL,Maharashtra,2021-04-01,2021-04-01,2026-03-01,2027-03-01,309.58
615193,BASUNDHARA WEST EXTENSION OPEN,MCL - CIL,Odisha,2014-05-01,2014-05-01,2019-03-01,2029-03-01,479.15
615194,URDHAN EXPANSION OC COST PLUS,WCL - CIL,Madhya Pradesh,2022-07-01,2023-01-01,2031-03-01,,206.88
615195,SHARDA UG MINE,WCL - CIL,Madhya Pradesh,2022-07-01,2023-09-01,2028-03-01,,166.25
615199,KOLGAON EXPANSION DEEP OC MINE,WCL - CIL,Maharashtra,2023-01-01,2023-09-01,2027-03-01,,198.71
615202,Capacity expansion of Deposit-14 and 14 NMZ at Kirandul,National Mineral Development Corporation Limited [NMDC],Chhattisgarh,2021-08-01,2022-07-01,2028-12-01,2028-03-01,1756.2
615206,GANDHIGRAM UG MINE,WCL - CIL,Madhya Pradesh,2019-08-01,2019-08-01,2026-03-01,2027-03-01,414.15
615327,50 MW Solar PP Minedout Area,NLC India Limited [NLCIL],Tamil Nadu,2023-08-01,2024-02-01,2025-03-01,2025-12-01,218.03
615330,BALLARPUR NORTH WEST OC MINE,WCL - CIL,Maharashtra,2022-12-01,2022-12-01,2029-03-01,,360.81
615331,GADEGAON OC 3 MTY,WCL - CIL,Maharashtra,2023-10-01,2023-10-01,2030-03-01,,497.41
615332,Transmission System for Evacuation of Power from Rajasthan REZ Ph-IV [Part-2 5.5 GW][Jaisalmer/Barmer Complex] Part B [SPV Name POWERGRID Sirohi Transmission Limited],Power Grid Corporation of India Limited [POWERGRID],Rajasthan,2024-08-01,2024-08-01,2026-08-01,2027-03-01,3279.0
615333,Transmission System for Evacuation of Power from Rajasthan REZ Ph-IV [Part-2 5.5 GW] [Jaisalmer/Barmer Complex] Part D [SPV Name POWERGRID Beawar Mandsaur Transmission Limited],Power Grid Corporation of India Limited [POWERGRID],"Multi-States
(Madhya Pradesh,
Rajasthan)",2024-08-01,2024-08-01,2026-08-01,2026-12-01,2227.0
615334,Transmission System for Evacuation of Power from Rajasthan REZ Ph-IV [Part-2 5.5 GW] [Jaisalmer/Barmer Complex] Part E [SPV Name POWERGRID Mewar Transmission Limited],Power Grid Corporation of India Limited [POWERGRID],"Multi-States
(Madhya Pradesh,
Rajasthan)",2024-08-01,2024-08-01,2026-08-01,2027-04-01,3251.0
615335,Transmission System Strengthening for Interconnections of Bhadla-III & Bikaner III Complex [SPV Name POWERGRID BHADLA BIKANER TRANSMISSION LIMITED],Power Grid Corporation of India Limited [POWERGRID],Rajasthan,2024-08-01,2024-08-01,2026-08-01,2027-03-01,1382.0
615336,Transmission system for evacuation of Power from REZ in Rajasthan [20 GW] under phase-III Part-D Phase-II,Power Grid Corporation of India Limited [POWERGRID],Delhi,2023-11-01,2024-10-01,2026-02-01,2026-12-01,284.0
615337,Additional Transmission System for evacuation of Power from Bhadla-III PS as part of Rajasthan REZ Phase III Scheme [20 GW] [SPV Name POWERGRID Bhadla-III Power Transmission Limited],Power Grid Corporation of India Limited [POWERGRID],Rajasthan,2024-08-01,2024-08-01,2026-02-01,2026-09-01,369.0
615338,TRANSMISSION SYSTEM FOR EVACUATION OF POWER FROM RAJASTHAN REZ PH -IV [PART-2 5.5 GW] [JAISALMER/BARMER COMPLEX] PART F [SPV Name POWERGRID BARMER I TRANSMISSION LIMITED],Power Grid Corporation of India Limited [POWERGRID],Rajasthan,2024-11-01,2024-11-01,2026-11-01,2027-06-01,2735.0
615339,Transmission system for evacuation of power from Rajasthan REZ Ph-IV [Part- 3/6GW] [Bikaner complex] Part A [SPV Name POWERGRID Bikaner IV Transmission Limited],Power Grid Corporation of India Limited [POWERGRID],"Multi-States
(Haryana, Punjab,
Rajasthan)",2024-11-01,2024-11-01,2026-11-01,2027-04-01,5969.0
615340,TRANSMISSION SYSTEM FOR EVACUATION OF POWER FROM RAJASTHAN REZ PH-IV [PART-3/ 6 GW] [BIKANER COMPLEX] PART B [SPV Name POWERGRID Siwani Transmission Limited],Power Grid Corporation of India Limited [POWERGRID],"Multi-States
(Haryana,
Rajasthan)",2024-11-01,2024-11-01,2026-11-01,2027-03-01,5357.0
615342,Augmentation of Transformation Capacity at jam Khambhaliya PS [GIS] [SPV Name POWERGRID Jam Khambhaliya Transmission Limited],Power Grid Corporation of India Limited [POWERGRID],Gujarat,2024-10-01,2024-10-01,2026-07-01,2027-04-01,329.0
615343,Provision of Dynamic Reactive Compensation at Khavda pooling Station 1 [KPS1] and Khavda Pooling station 3 [KPS3],Power Grid Corporation of India Limited [POWERGRID],Gujarat,2024-11-01,2024-11-01,2026-11-01,,501.0
615344,Transmission System for Evacuation of Power from Rajasthan REZ Ph-IV [Part-2 5.5GW] [Jaisalmer/Barmer Complex] Part H1 [POWERGRID KURAWAR TRANSMISSION LIMITED],Power Grid Corporation of India Limited [POWERGRID],Madhya Pradesh,2024-10-01,2024-10-01,2026-10-01,2027-06-01,3674.0
615345,Transmission System for Evacuation of Power from Potential Renewable Energy Zone in Khavda area of Gujarat under Phase-IV [7GW] Part B [SPV Name POWERGRID South Olpad Transmission Limited],Power Grid Corporation of India Limited [POWERGRID],Gujarat,2024-10-01,2024-10-01,2026-10-01,2027-10-01,4766.0
615346,Transmission System for Evacuation of Power from Rajasthan REZ Ph-IV [Part-2 5.5 GW] [Jaisalmer/Barmer Complex] Part C [SPV Name POWERGRID Mandsaur Transmission Limited],Power Grid Corporation of India Limited [POWERGRID],Madhya Pradesh,2024-08-01,2024-08-01,2026-08-01,2027-02-01,2708.0
615347,TRANSMISSION SYSTEM FOR EVACUATION OF POWER FROM POTENTIAL RENEWABLE ENERGY ZONE IN KHAVDA AREA OF GUJARAT UNDER PHASE-V [8 GW] PART A [SPV Name POWERGRID West Central Transmission Limited],Power Grid Corporation of India Limited [POWERGRID],"Multi-States
(Gujarat,
Maharashtra)",2024-11-01,2024-11-01,2029-05-01,,24819.0
615349,TAPIN SOUTH EXPN,CCL - CIL,Jharkhand,2020-11-01,2020-11-01,2028-03-01,,230.41
615818,Jawahar Khani Open Cast Mine,Singareni Collieries Company Limited [SCCL],Telangana,2021-12-01,2021-12-01,2025-03-01,2027-03-01,297.88
615820,TIKAK EXTENSION OCP,INVALID CO.,Assam,2022-07-01,2022-07-01,2031-07-01,,159.77
615821,TIRAP OCP,INVALID CO.,Assam,2022-11-01,2022-11-01,2030-11-01,,289.46
615822,SIRKA OC,CCL - CIL,Jharkhand,2020-05-01,2020-05-01,2028-03-01,,183.18
615843,TETARIAKHAR OC,CCL - CIL,Jharkhand,2019-11-01,2019-11-01,2025-03-01,2027-03-01,232.64
615857,Naini Coal Mine,Singareni Collieries Company Limited [SCCL],Odisha,2020-03-01,2020-03-01,2026-03-01,,494.3
615858,Kalyanikhani Opencast Project,Singareni Collieries Company Limited [SCCL],Telangana,2016-03-01,2017-05-01,2026-03-01,,384.32
615859,Kakathiya Khani Opencast - III Project Phase - I,Singareni Collieries Company Limited [SCCL],Telangana,2017-03-01,2017-05-01,2026-03-01,,413.84
615860,Godavarikhani Coal Mine - 5,Singareni Collieries Company Limited [SCCL],Telangana,2019-07-01,2019-05-01,2025-03-01,2026-03-01,607.04
615861,Indaram Opencast Project,Singareni Collieries Company Limited [SCCL],Telangana,2017-08-01,2022-12-01,2025-03-01,2026-03-01,424.81
615862,Goleti Opencast Mine,Singareni Collieries Company Limited [SCCL],Telangana,2021-07-01,2021-08-01,2026-03-01,,345.6
615863,Venkatesh Khani Coal Mine,Singareni Collieries Company Limited [SCCL],Telangana,2020-10-01,2020-06-01,2026-03-01,,484.5
615864,Ramagundam OC-II Extension Project,Singareni Collieries Company Limited [SCCL],Telangana,2015-11-01,2015-06-01,2026-03-01,,489.62
615865,Kakatiyakhani OC - 2 Project,Singareni Collieries Company Limited [SCCL],Telangana,2017-08-01,2017-09-01,2025-03-01,2026-03-01,442.42
615914,GHONSA EXPANSION DEEP OC MINE,WCL - CIL,Maharashtra,2021-03-01,2021-04-01,2029-03-01,,184.71
615915,Rourkela-Bondamunda A-Cabin 5th line 10 km Umbrella work PB57/2019-20/NR,CAO/C/SER SER mor,Odisha,2022-09-01,2023-12-01,2024-09-01,2026-11-01,244.99
615916,AMLG GAURI PAUNI EXPANSION OC,WCL - CIL,Maharashtra,2024-04-01,2024-04-01,2030-03-01,,1225.21
615917,GAURIDEEP/GAURI CENTRAL OCP 7.,WCL - CIL,Maharashtra,2023-08-01,2024-06-01,2030-03-01,,973.07
615918,RPR OF BHANEGAON OC,WCL - CIL,Maharashtra,2017-02-01,2022-09-01,2028-03-01,,405.2
615919,N. EXTN. MUNGOLI NIRGUDA D OCP,WCL - CIL,Maharashtra,2024-06-01,2024-06-01,2029-03-01,,1024.91
615982,NILJAI EXPANSION DEEP OCP,WCL - CIL,Maharashtra,2016-08-01,2016-08-01,2022-03-01,2027-03-01,319.75
616044,UKNI DEEP OC MINE -COST PLUS,WCL - CIL,Maharashtra,2018-11-01,2019-01-01,2021-03-01,2027-03-01,237.06
616050,AMALGAMATED INDER-KAMPTEE DEEP,WCL - CIL,Maharashtra,2018-09-01,2018-09-01,2024-03-01,2027-03-01,235.9
616221,"Extension of Aqua Line Metro Corridor from Noida Sector-142 station to Botanical Garden, Noida of Noida Metro Rail Corporation",Noida Metro Rail Corporation Ltd. [NMRCL],Uttar Pradesh,2026-03-01,2026-03-01,2030-03-01,,2254.35
616223,ADASA UG TO OC MINE,WCL - CIL,Maharashtra,2018-11-01,2018-11-01,2024-03-01,2027-03-01,316.0
616225,CHUPERBHITA SIMLONG OCP MDO 6,ECL - CIL,Jharkhand,2023-12-01,2023-12-01,2037-03-01,,979.08
616226,INTEGRATED KULDA GARJANBAHAL O,MCL - CIL,Odisha,2023-04-01,2023-04-01,2033-03-01,,3563.5
616227,3rd line between Chandil - Anara- Damodar section 121.26 km,CAO/C/SER SER mor,"Multi-States
(Jharkhand, West
Bengal)",2024-09-01,2024-09-01,2029-09-01,,1932.01
616229,AMAL GONDEGAON GHATROHANA EXPN,WCL - CIL,Maharashtra,2024-09-01,2024-09-01,2029-03-01,,668.54
616230,PARASCOLE JAMBAD OCP,ECL - CIL,West Bengal,2024-11-01,2024-11-01,2037-03-01,,1193.55
616231,BHUBANESWARI EXPN OCP 50 MTY,MCL - CIL,Odisha,2024-03-01,2024-03-01,2033-03-01,,5366.27
616232,HINGULA II OC EXPN PH III 15 M,MCL - CIL,Odisha,2022-11-01,2022-11-01,2029-03-01,,1561.85
616233,BALABHADRA OCP,MCL - CIL,Odisha,2023-04-01,2023-04-01,2030-03-01,,978.44
616234,PELMA OC MDO,SECL - CIL,Chhattisgarh,2022-10-01,2022-10-01,2033-03-01,,1725.04
616235,Construction of Aviation Fuel farm Facilities at Bhogapuram Airport,(Ministry of Petroleum & Natural Gas),Andhra Pradesh,2024-08-01,2024-08-01,2026-03-01,2026-03-01,240.0
616236,JARANGDIH EXPN. OCP 1.5 MTY,CCL - CIL,Jharkhand,2020-02-01,2020-02-01,2029-03-01,,372.06
616253,BLOCK E OCP,BCCL - CIL,Jharkhand,2024-03-01,2024-03-01,2029-03-01,,5850.83
616254,Visakh Raipur Pipeline Project,Hindustan Petroleum Corporation Limited,"Multi-States
(Chhattisgarh,
Odisha)",2024-09-01,2024-09-01,2027-09-01,2027-09-01,2212.0
616586,Bangriposi - Gorumahisani 85.60 km PB9/SECR/2023-24,CAO/C/SER SER mor,"Multi-States
(Odisha, West
Bengal)",2024-08-01,2024-08-01,2029-12-01,,2269.49
616587,Badampahar-Kendujhargarh new line [82.06 km],CAO/C/SER,Odisha,2024-08-01,2025-09-01,2029-12-01,,1875.72
616588,Buramara - Chakulia 59.96 km PB9/SECR/2023-24,CAO/C/SER SER mor,"Multi-States
(Jharkhand,
Odisha, West
Bengal)",2024-08-01,2024-08-01,2029-12-01,,1459.13
616594,Interception & Diversion with Rehabilitation of sewerage scheme at Agra under Hybrid annuity based PPP model-Namami Gange Programme,National Mission for Clean Ganga,Uttar Pradesh,2020-05-01,2023-04-01,2025-04-01,2026-12-01,842.25
616600,Interception and Diversion and STP works in Bhagalpur under Hybrid annuity based PPP mode-Namami Gange Programme,National Mission for Clean Ganga,Bihar,2017-10-01,2022-03-01,2025-02-01,2026-12-01,413.29
616604,Pollution Abatement works for River Ganga at Hooghly Chinsurah- Municipal Town Interception & Diversion with STP,National Mission for Clean Ganga,West Bengal,2018-05-01,2021-12-01,2025-03-01,2026-08-01,154.73
616605,Pollution Abatement Works for River Kali Meerut under Meerut Municipality Interception & Diversion with STP,National Mission for Clean Ganga,Uttar Pradesh,2020-05-01,2024-11-01,2024-12-01,2027-03-01,690.71
616611,Sewage Treatment Plant 100MLD and Sewerage Network 288 km in Digha-Patna under Hybrid annuity based PPP mode-Namami Gange Programme,National Mission for Clean Ganga,Bihar,2017-08-01,2019-07-01,2025-12-01,2026-09-01,824.0
616612,Sewage Treatment Plant 50MLD and Sewerage Network 150 km in Kankarbagh Patna under Hybrid annuity based PPP mode Namami Gange Programme,NMCG1,Bihar,2017-08-01,2019-07-01,2025-12-01,,578.89
616615,"Sewer Network, SPS and STP at Begusarai",National Mission for Clean Ganga,Bihar,2010-03-01,2018-03-01,2025-04-01,2026-12-01,230.06
616616,"Sewer Networks, SPS and STP at Hajipur",National Mission for Clean Ganga,Bihar,2010-03-01,2018-03-01,2025-06-01,2026-12-01,305.19
616670,Transmission System for evacuation of Power from Rajasthan REZ Ph-IV [Part-4 3.5 GW] Part A [SPV name POWERGRID Ghiror Transmission Limited],Power Grid Corporation of India Limited [POWERGRID],"Multi-States
(Rajasthan, Uttar
Pradesh)",2024-12-01,2024-12-01,2026-12-01,2027-06-01,5846.0
616671,Transmission System under ISTS for evacuation of Power from Kudankulam Unit-3&4 [2x1000 MW] [SPV Name POWERGRID Kudankulam Tarnsmission Limited],Power Grid Corporation of India Limited [POWERGRID],Tamil Nadu,2025-01-01,2025-01-01,2026-12-01,2027-03-01,548.0
616672,System Strengthening at Koppal-II and GadagII for integration of RE generation projects [SPV Name POWERGRID Koppal Gadag Augmentation Transmission Limited],Power Grid Corporation of India Limited [POWERGRID],Karnataka,2025-01-01,2025-01-01,2027-06-01,,1354.0
616691,"Upgradation & Extension of ESIC Hospital and Construction of PG Hostel / Staff Housing for ESIC Hospital at Andheri, Mumbai",Employee's State Insurance Company [ESIC],Maharashtra,2008-12-01,2009-06-01,2025-08-01,2026-09-01,260.13
616694,Flyover between Siju & Paradeep coaching yard 7 km PB73/2023-24/NR,CAO/C/ECOR ECoR mor,Odisha,2023-04-01,2023-10-01,2028-07-01,,200.77
616695,Construction of Paradeep- Badabandha 3rd & 4th line 18.51 km PB34/ECOR/2023-24,CAO/C/ECOR ECoR mor,Odisha,2023-08-01,2025-11-01,2028-11-01,,300.15
616696,RINGUS KHATUSHYAMJI NEW LINE,North Western Railway [NWR],Rajasthan,2024-03-01,2024-03-01,2028-03-01,,254.06
616697,3rd & 4 th line Vadlapudi-Gate Jn. incl. tie line between Gangavaram Port- Visakhapatnam Steel Plant12.04 km PB73/2023-24/NR,CAO/C/SCoR SCoR mor,Andhra Pradesh,2023-04-01,2024-03-01,2026-06-01,,154.28
616699,Multi tracking of Son Nagar-Andal 374.53 rkm & 814.38 tkm PB34/ECOR/2023-24,CAO/Con/South/MHX ECR mor,"Multi-States
(Bihar, Jharkhand,
Uttar Pradesh,
West Bengal)",2023-08-01,2025-09-01,2028-03-01,,12333.57
616701,Lumding-Furkating section 140 km Umbrella work PB57/2019-20/NR,CAO/C-1/NFR NFR mor,Assam,2024-02-01,2025-04-01,2028-02-01,,2123.7
616702,Malkangiri Pandurangapuram new railway line project,Indian Railways,"Multi-States (Andhra Pradesh, Odisha, Telangana)",2024-08-01,2027-01-01,2031-11-01,,3591.76
616839,Gunupur - Therubali new line 73.62 km,CAO/C/ECOR ECoR mor,Odisha,2024-08-01,2026-05-01,2029-12-01,,1165.73
616840,RAS- MERTA CITY NEW LINE INCL BYPASS AT MERTA ROAD,North Western Railway [NWR],Rajasthan,2024-02-01,2024-02-01,2028-03-01,,947.0
616841,Pushkar - Merta Katyasani 51.346 km,CAOC/NWR NWR mor,Rajasthan,2024-02-01,2024-08-01,2026-12-01,2028-12-01,799.64
616842,LUNI- SAMDARI- BHILDI DOUBLING,North Western Railway [NWR],"Multi-States
(Gujarat,
Rajasthan)",2024-02-01,2024-02-01,2027-07-01,,3085.59
616843,Ajmer-Chanderiya section 178.28 km Umbrella work PB57/2019-20/NR,CAOC/NWR NWR mor,Rajasthan,2024-02-01,2024-09-01,2027-06-01,2028-03-01,1634.79
616856,Doubling between Bhadrachalam Road and Dornakal,South Central Railway [SCR] - II,Telangana,2023-08-01,2025-04-01,2029-04-01,,770.12
616857,Doubling between Motumari Vishnupuram 88.81 km and Rail over Rail RoR at Motumari 10.877 Km,CAO/C/SCoR SCoR mor,"Multi-States
(Andhra Pradesh,
Telangana)",2024-02-01,2025-07-01,2029-03-01,,1595.55
616858,"Construction of Field Gas Gathering Station at Baghjan area for collection, processing & transportation of natural Gas to be produced from Baghjan Field",Oil India Limited,Assam,2020-12-01,2020-12-01,2024-03-01,2026-11-01,430.76
616879,Demo Bio-ATF Project,Mangalore Refinery and Petrochemicals Limited,Karnataka,2024-03-01,2024-03-01,2027-01-01,2027-01-01,364.0
616886,Delhi University Eastern Campus at Surajmal Vihar,Delhi University,Delhi,2024-09-01,2025-03-01,2026-10-01,,373.0
616933,Lube Modernization & Bottom Upgradation Project at Mumbai Refinery,Hindustan Petroleum Corporation Limited,Maharashtra,2024-12-01,2024-12-01,2028-03-01,2029-08-01,6008.0
616950,PRP-VIII [Group-A],Oil and Natural Gas Corporation Limited [ONGC],Offshore,2024-09-01,2024-09-01,2026-02-01,2026-12-01,1486.4
616983,Kosamba Umarpada GC PROJECT,Ministry of Railways-,Gujarat,2023-07-01,2023-07-01,2027-06-01,,467.58
617068,"Augmentation of Transformation Capacity by 3x500 MVA, 400/220 KV ICTS [6th-8th] and 1x1500 MVA, 765/400 KV ICT [4th] at Bidar PS [SPV Name- POWERGRID Bidar Augmentation Transmission Limited]",Power Grid Corporation of India Limited [POWERGRID],Karnataka,2025-02-01,2025-02-01,2027-06-01,,288.0
617069,Augmentation of Transformation Capacity at KPS1 [GIS] and KPS2 [GIS] [Phase-V Part B1 and Part B2 Scheme] [SPV Name- POWERGRID KPS1 and 2 Augmentation Transmission Limited],Power Grid Corporation of India Limited [POWERGRID],Gujarat,2025-02-01,2025-02-01,2027-02-01,,466.0
617179,Transmission Scheme for evacuation of Power from Ratle HEP [850 MW] & kiru [624 MW] Part B,Power Grid Corporation of India Limited [POWERGRID],"Jammu and
Kashmir",2024-07-01,2024-07-01,2026-07-01,2027-06-01,218.6
617181,"Augmentation at Fatehgarh-II PS, Fatehgarh-IV PS [Section-II] and Barmer-I PS [POWERGRID Fatehgarh Barmer Augmentation Transmission Limited]",Power Grid Corporation of India Limited [POWERGRID],Rajasthan,2025-03-01,2025-03-01,2026-12-01,2027-06-01,404.0
617182,Augmentation of Banaskantha [Raghanesda] PS [GIS] [POWERGRID Banaskantha Transco Limited],Power Grid Corporation of India Limited [POWERGRID],Gujarat,2025-03-01,2025-03-01,2027-03-01,,172.0
617183,Transmission system strengthening at Kurnool- III PS for integration of additional RE generation projects [POWERGRID Kurnool III PS RE Transmission Limited],Power Grid Corporation of India Limited [POWERGRID],Andhra Pradesh,2025-03-01,2025-03-01,2027-12-01,,2886.0
617184,Transmission Scheme for integration of Davanagere/ Chitradurga and Bellary REZ in Karnataka [POWERGRID Chitradurga Bellary REZ Transmission Limited],Power Grid Corporation of India Limited [POWERGRID],Karnataka,2025-03-01,2025-03-01,2027-09-01,,3453.0
617185,Transmission System for Integration of Kurnool-IV REZ Phase-I [for 4.5 GW] [POWERGRID Kurnool-IV Transmission Limited],Power Grid Corporation of India Limited [POWERGRID],"Multi-States
(Andhra Pradesh,
Karnataka)",2025-03-01,2025-03-01,2027-03-01,2027-09-01,5550.0
617186,Rajasthan REZ Ph-V [Part-1- 4 GW] [Sirohi/Nagaur] Complex [Rajasthan V Power Transmission Limited],Power Grid Corporation of India Limited [POWERGRID],"Multi-States
(Madhya Pradesh,
Rajasthan)",2025-03-01,2025-03-01,2027-03-01,2027-06-01,5028.0
617188,"Sipat Super Thermal Power Project, Stage-III [1x800 MW]",National Thermal Power Corporation [NTPC],Chhattisgarh,2024-09-01,2024-09-01,2029-09-01,2029-11-01,9791.0
617200,KHARSIA- NAYA RAIPUR-PARMALKASA 5th and 6th Line [278KM],CAO/C/SECR,Chhattisgarh,2025-04-01,2025-04-01,2031-03-01,,7853.84
617201,Gondia-Balharshah [Chanda Fort] Doubling [240 Km],South East Central Railway,Maharashtra,2025-04-01,2025-04-01,2031-03-01,,4373.04
617206,Delhi Metro Rail Phase-IV [Rithala - Kundli Corridor],Delhi Metro Rail Corporation Limited [DMRC],"Multi-States (Delhi,
Haryana)",2025-01-01,2025-01-01,2029-01-01,,6230.99
617207,Delhi Metro Rail Phase-IV [2 Corridors],Delhi Metro Rail Corporation Limited [DMRC],Delhi,2024-03-01,2024-03-01,2029-03-01,,8399.81
617210,Tirupati-Pakala-Katpadi Doubling 104.39 Km Item83/NR/2024-25,CAO/C/SCoR SCoR mor,"Multi-States
(Andhra Pradesh,
Tamil Nadu)",2025-04-01,2025-04-01,2029-04-01,,1215.56
617211,Doubling of Guntur Bibinagar 239 Km,South Central Railway [SCR] - II,"Multi-States
(Andhra Pradesh,
Telangana)",2023-08-01,2023-08-01,2029-03-01,,2853.23
617212,Doubling between Mudkhed Medchal & Mahbubnagar Dhone section 417.88 Km,South Central Railway [SCR] - II,"Multi-States
(Andhra Pradesh,
Maharashtra,
Telangana)",2023-08-01,2023-08-01,2029-03-01,2029-08-01,4686.09
617213,"Varanasi- Pt. Deen Dayal Upadhyaya - Multitracking 15 km, including construction of a new Rail- cum- Road Bridge across Ganga River",CAO/C-II/NR NR mor,Uttar Pradesh,2024-10-01,2025-08-01,2029-10-01,,2464.46
617214,"South Central Railway- Rail connectivity to Amaravati, Capital of Andhra Pradesh Errupalem- Amaravati- Namburu New line 57 km PB7/WR/2023-24",CAO/C/SCoR SCoR mor,"Multi-States
(Andhra Pradesh,
Telangana)",2024-11-01,2026-06-01,2027-03-01,,2047.4
617215,Doubling between Parbhani-Parli Vaijnath stations 64.71 km PB34/CR/2023-24,CAOCON/SCR SCR mor,Maharashtra,2023-12-01,2025-05-01,2028-03-01,,769.93
617216,South Central Railway- 3rd line between Gudur-Renigunta stations 83.17 km PB34/CR/2023-24,CAO/C/SCoR SCoR mor,Andhra Pradesh,2024-10-01,2024-10-01,2027-03-01,,877.34
617221,"Construction of Girls Hostel 400 seater, Boys Hostel 600 seater, Academic Block, International Hostel 100 seater, VC Residence and Purchase of Equipment",Central University of Punjab,Punjab,2024-08-01,2025-04-01,2027-10-01,,210.99
617224,Gorakhpur-Valmikinagar Doubling project,NER,"Multi-States
(Bihar, Uttar
Pradesh)",2023-08-01,2024-03-01,2027-12-01,,1120.0
617225,PCMC To Nigdi- Extension Of North South Corridor Of Phase-1,Maharashtra Metro Rail Corporation Limited [MMRCL],Maharashtra,2023-10-01,2023-10-01,2027-01-01,,960.18
617226,Pune Metro Phase-1 Extension line towards south from Swargate to Katraj,Maharashtra Metro Rail Corporation Limited [MMRCL],Maharashtra,2024-09-01,2024-09-01,2029-03-01,,2954.53
617231,East Central Railway - Construction of Bulb line at Nabinagar Ankorah 17.49Km PB45/ECoR/2024-25.,CAO/Con/South/MHX ECR mor,Bihar,2024-06-01,2026-07-01,2028-06-01,,611.74
617233,WAGHODA UG MINE [1.02 MTY],WCL - CIL,Maharashtra,2024-01-01,2025-01-01,2030-03-01,,379.3
617239,Narkatiaganj-Raxaul-Sitamarhi-Darbhanga & Sitamarhi-Muzaffarpur Sections doubling 256 km Umbrella work PB57/2019-20/NR,CAO/Con/North/MHX ECR mor,Bihar,2024-11-01,2026-05-01,2029-11-01,2030-03-01,4079.96
617240,Murarai - Barharwa 3rd line,Eastern Railway [ER] - II ,"Multi-States (Jharkhand, West Bengal)",2026-01-01,,2028-05-01,,935.19
617242,Installation of New Bar Mill at Durgapur Steel Plant,Steel Authority of India Limited [SAIL],West Bengal,2024-07-01,2024-08-01,2027-06-01,,2115.44
617243,Replacement of Hot Leveller No.1 of Plate Mill at Bhilai Steel Plant,Steel Authority of India Limited [SAIL],Chhattisgarh,2024-07-01,2024-08-01,2026-07-01,,198.62
617245,Katihar-Kumedpur & Katihar-Mukuria 64.5 km Umbrella work PB57/2019-20/NR,CAO/C-II/NFR NFR mor,"Multi-States
(Bihar, West
Bengal)",2022-08-01,2023-10-01,2027-08-01,2027-02-01,1961.0
617246,Up-gradation of Blast Furnace No. 3 at Durgapur Steel Plant,Steel Authority of India Limited [SAIL],West Bengal,2024-09-01,2024-10-01,2027-10-01,2027-10-01,758.09
617248,Third Ladle Furnace in Secondary Refinery Unit at IISCO Steel Plant,Steel Authority of India Limited [SAIL],West Bengal,2024-11-01,2024-12-01,2026-07-01,2026-11-01,227.96
617249,Replacement of existing Grinders in CRM-I & II at Bokaro Steel Plant,Steel Authority of India Limited [SAIL],Jharkhand,2025-01-01,2025-02-01,2027-01-01,,211.94
617250,Secondary Emission Control in Converters of SMS-II at Bokaro Steel Plant,Steel Authority of India Limited [SAIL],Jharkhand,2025-01-01,2025-02-01,2026-10-01,2027-04-01,207.13
617251,Revamping of Air Pollution Control Systems of SP-1 at Durgapur Steel Plant,Steel Authority of India Limited [SAIL],West Bengal,2024-07-01,2024-12-01,2026-05-01,2026-12-01,196.4
617252,Anand Nagar - Ghughuli via Maharajganj 53.37 km,CAOC/NER NER mor,Uttar Pradesh,2023-08-01,2026-01-01,2028-03-01,,1501.1
617253,Revamping of old sub-systems of Blast Furnace 3 at Bokaro Steel Plant,Steel Authority of India Limited [SAIL],Jharkhand,2023-08-01,2023-10-01,2025-07-01,2026-05-01,513.82
617254,Replacement of remaining 04 sets of Battery Cyclones with 04 Nos. of ESPs in Sinter Plant-1 at Bokaro Steel Plant,Steel Authority of India Limited [SAIL],Jharkhand,2024-03-01,2024-04-01,2026-06-01,2027-04-01,260.37
617255,"Replacement of Converter Vessels, Trunnion Rings, Support System & Installation of Secondary Emission at Bhilai Steel Plant",Steel Authority of India Limited [SAIL],Chhattisgarh,2023-10-01,2023-12-01,2026-06-01,2026-09-01,471.83
617256,Rebuilding of Coke Oven Battery No.7 & 8 at Bhilai Steel Plant,Steel Authority of India Limited [SAIL],Chhattisgarh,2023-11-01,2024-01-01,2025-10-01,2026-09-01,884.1
617257,Rebuilding of Coke Oven Battery No.6 at Bokaro Steel Plant,Steel Authority of India Limited [SAIL],Jharkhand,2023-11-01,2023-12-01,2026-11-01,2027-11-01,627.31
617269,Transmission System for Strengthening to facilitate evacuation of power from Bhadla/Bikaner Complex,Power Grid Corporation of India Limited [POWERGRID],Uttar Pradesh,2024-12-01,2024-12-01,2026-06-01,2026-12-01,212.81
617270,Eastern Region Expansion Scheme-44 [ERES-44],Power Grid Corporation of India Limited [POWERGRID],"Multi-States
(Bihar, West
Bengal)",2024-11-01,2024-11-01,2026-05-01,2027-09-01,408.94
617271,Eastern Region Expansion Scheme-43 [ERES-43],Power Grid Corporation of India Limited [POWERGRID],"Multi-States
(Bihar, Odisha,
West Bengal)",2024-09-01,2024-09-01,2026-03-01,2026-09-01,342.69
617272,Implementation of LILO of both circuits of 400KV vindhyachal PS-Sasan D/C Line at Hindalco Switchyard,Power Grid Corporation of India Limited [POWERGRID],Madhya Pradesh,2024-06-01,2024-06-01,2026-12-01,,370.0
617278,KOLARPIMPRI EXPANSION OC [2.5,WCL - CIL,Maharashtra,2024-06-01,2025-02-01,2030-03-01,,630.37
617279,Transmission System for evacuation of power from Mahan Energen Limited Generating Station in Madhya Pradesh [SPV Name - POWERGRID MEL Power Transmission Limited],Power Grid Corporation of India Limited [POWERGRID],Madhya Pradesh,2025-06-01,2025-06-01,2027-12-01,,558.0
617280,"Construction of Basement + Ground Floor+ 10 Storeyed building for State of the Art Director General, GSI Building at plot No.GN-40, Sector-V, Salt Lake, Kolkata",Central Public Works Department [CPWD],West Bengal,2019-04-01,2020-02-01,2026-08-01,,255.37
617282,"C/o 184 MS Flats for Hon'ble MPs at BKS Marg, New Delhi",Central Public Works Department [CPWD],Delhi,2022-01-01,2022-05-01,2025-05-01,2025-09-01,646.52
617284,Chunar-Chopan doubling project,North Central Railway,Uttar Pradesh,2023-08-01,2025-01-01,2028-03-01,,1423.96
617287,KUSMUNDA OC EXPANSION PROJECT,SECL - CIL,Chhattisgarh,2024-11-01,2024-11-01,2030-03-01,,4516.88
617288,MANIKPUR OC EXPANSION PROJECT,SECL - CIL,Chhattisgarh,2025-01-01,2025-01-01,2029-03-01,,382.61
617290,Jeypore - Malkangiri New BG Line Project,Indian Railways,Odisha,,2018-02-01,2030-12-01,,2343.64
617299,50 MW Wind Power Project,NLC India Limited,Gujarat,2022-07-01,2024-01-01,2025-06-01,2026-12-01,383.84
617302,Durgapur - Haldia Pipeline [Section-3B of JHBDPL Project],Gas Authority of India Limited [GAIL],West Bengal,2017-03-01,2017-03-01,2020-12-01,2026-09-01,2583.0
617303,"City Gas Distribution Project at Khagaria, Saharsa and Madhepura",Ministry of Petroleum & Natural Gas,Bihar,2019-03-01,2019-03-01,2030-03-01,2030-03-01,163.0
617304,"Setting up of LPG Plant with Rail Unloading Facility at Hathua, Dist. Gopalganj, Bihar",Bharat Petroleum Corporation Limited [BPCL],Bihar,2023-10-01,2023-10-01,2027-03-01,2027-03-01,340.15
617320,New B.G Railway Line between Jeypore & Navarangpur [38 Km] with Electrification,Indian Railway and Govt of Odisha,Odisha,2017-07-01,2022-09-01,2025-09-01,,747.91
617321,Godhani-Kalumna Chord 13.7 km,Ministry of Railways,Offshore,2018-07-01,2018-07-01,2028-07-01,,150000.0
617322,Kalipahari Bakhtarnagar 5th line,Eastern Railway [ER] - I,West Bengal,2024-08-01,2025-07-01,2027-06-01,2027-06-01,350.46
617326,Implementation of Transmission Systems in the State of Jharkhand consisting of 400/220/132/33 kV transmission lines and substations under Jharkhand Consultancy Project,Power Grid Corporation of India Limited [POWERGRID],Jharkhand,2012-02-01,2012-02-01,2026-03-01,2027-06-01,1842.25
617327,Thane Integral Ring Metro Rail Project,Maharashtra Metro Rail Corporation Limited [MMRCL],Maharashtra,2024-09-01,2024-09-01,2029-09-01,,12200.1
617333,Construction of surface traingle between Bhadaura and new crossing station Karma Dildarnagar-Taraghat line 11.1 km PB72/NR/2022-23,CAO/Con/South/MHX ECR mor,"Multi-States
(Bihar, Uttar
Pradesh)",2022-10-01,2024-06-01,2027-02-01,,199.96
617338,Stamp Charge Battery No.12 Battery Proper at IISCO Steel Plant,Steel Authority of India Limited [SAIL],West Bengal,2025-01-01,2025-02-01,2028-07-01,,2518.39
617345,SER Upgradation of maintenance infrastructure at Shalimar into Vande Bharat Chair Car maintenance cum workshop depot.,South Eastern Railway - JH,West Bengal,2024-03-01,2024-12-01,2026-10-01,,226.87
617361,Babupeth - Sasti New Rail Line [13.114 KMs],CentralRailway,Maharashtra,2024-10-01,2024-10-01,2028-03-01,,362.81
617364,Central Railway - Double chord line between Nilaje and Kopar 4.495 km PB34/CR/2023-24,CAOC/CR CR mor,Maharashtra,2023-07-01,2024-12-01,2028-07-01,,205.0
617370,Doubling between Jaunpur Jn - Zaffarabad 6.28 km PB73/2023-24/NR,CAOC/NR NR mor,Uttar Pradesh,2023-03-01,2025-04-01,2027-01-01,,237.38
617372,Pradhankhunta Jn-Patherdih Bazar-Bhojudih 17.1 km Umbrella work PB57/2019- 20/NR,CAO/Con/South/MHX ECR mor,Jharkhand,2022-11-01,2025-09-01,2027-11-01,2026-03-01,349.22
617373,Jhajha-Batai New Line Project,East Central Railway [ECR] - I,Bihar,2023-03-01,2023-03-01,2027-03-01,,588.18
617374,"Dallirajhara - Rowghat New Rail Line Project, Phase-I",Rail Vikas Nigam Limited,Chhattisgarh,2009-07-01,2009-11-01,2025-03-01,2026-02-01,1881.26
617375,North Eastern Region Expansion Scheme-XXIII [NERES-XXIII],Power Grid Corporation of India Limited [POWERGRID],Arunachal Pradesh,2025-08-01,2025-08-01,2028-02-01,,209.38
617379,Development of New Bijwasan Railway Terminal,Northern Railways,Delhi,2008-02-01,2013-03-01,2020-03-01,2026-12-01,446.21
617390,Sardega -Bhalumuda New Double line [37.24 Km],SECR,"Multi-States
(Chhattisgarh,
Odisha)",2024-09-01,2024-09-01,2028-03-01,,1281.81
617391,Augmentation of Transformation Capacity at Bhuj-II PS [GIS],Power Grid Corporation of India Limited [POWERGRID],Gujarat,2025-02-01,2025-02-01,2026-11-01,2027-06-01,488.29
617403,SADULPUR - CHURU DOUBLING PROJECT,North Western Railway [NWR],Rajasthan,2024-01-01,2024-01-01,2026-06-01,,468.64
617404,North Western Railway - New line between Ramdevra and Pokhran via Bhairav Gufa - Kailash Tekri 13.38 Km PB30/NR/2025-26,CAOC/NWR NWR mor,Rajasthan,2025-04-01,2026-05-01,2028-03-01,,189.21
617405,Jamnagar Transmission Limited,Adani Transmission Limited,Gujarat,2024-10-01,2024-10-01,2026-10-01,2027-09-01,4000.0
617406,RATLAM- DUNGARPUR VIA BANSWARA NEW LINE PROJECT,North Western Railway [NWR],"Multi-States
(Madhya Pradesh,
Rajasthan)",2015-10-01,2023-05-01,2028-03-01,,2417.24
617408,NATHDWARA- NATHDWARA TOWN NL,North Western Railway [NWR],Rajasthan,2019-03-01,2024-04-01,2027-03-01,,166.33
617409,Railway Manufacturing Unit,RVNL - II,Telangana,2016-07-01,2023-02-01,2026-12-01,2026-03-01,521.36
617412,"Construction of One Tower of Office Complex and another Tower of Residential quarters i/c internal water supply, sanitary installation and all development and bulk services, Horticulture works on EPC Mode-I basis i/c comprehensive operation and maintenance of Civil, E&M services for 7 years after completion of original construction work for Ranga Reddy, Secunderabad, Medchal, AuditI, Audit-II Commissionerates of Central Tax at Khajaguda, Serilingampally, Hyderabad.",Central Public Works Department - CPWD,Telangana,2024-03-01,2024-11-01,2027-09-01,,644.0
617413,Mobile connectivity in Left Wing Extremism [LWE] affected areas-Phase 1 Upgradation,Department of Telecommunications [DoT],"Multi-States
(Andhra Pradesh,
Bihar,
Chhattisgarh,
Jharkhand,
Madhya Pradesh,
Maharashtra,
Odisha,
Telangana, Uttar
Pradesh, West
Bengal)",2022-04-01,2024-05-01,2025-05-01,2026-12-01,1884.6
617416,"Revised Jharia Master Plan for Dealing with Fire, Subsidence & Rehabilitation of affected families in Jharia Coalfield- Reg.",Bharat Coking Coal Limited [BCCL],Jharkhand,2025-06-01,2025-07-01,2028-12-01,,5940.47
617422,Bodwad Parisar Sinchan Yojna,Department of Water Resources-MH,Maharashtra,2002-05-01,2017-01-01,2027-07-01,,1923.81
617727,Orvakal Industrial Area,NICDC,Andhra Pradesh,2024-08-01,2025-10-01,2028-10-01,,2786.0
617729,Kopparthy Industrial Area,NICDC,Andhra Pradesh,2024-08-01,2025-10-01,2028-10-01,,2136.0
617730,600 MW Khavda Solar Power Project,NLC India Limited [NLCIL],Gujarat,2023-08-01,2024-06-01,2026-06-01,2026-12-01,3335.85
617764,North Dhadu Western Part OCP,NLC India Limited [NLCIL],Jharkhand,2023-10-01,2023-12-01,2029-03-01,,1354.2
617801,Provision of ICT Augmentation & Bus Reactor at Bhuj-II PS,Power Grid Corporation of India Limited [POWERGRID],Gujarat,2025-03-01,2025-03-01,2026-12-01,2027-06-01,581.74
617802,Augmentation of Transformation Capacity and Implementation of Line Bays at Mandsaur S/S for RE Interconnection [SPV Name- POWERGRID Mandsaur I RE Transmission Limited],Power Grid Corporation of India Limited [POWERGRID],Madhya Pradesh,2025-10-01,2025-10-01,2028-03-01,,319.0
617803,Transmission System Strengthening at Davanagere for Integration of RE Generation [SPV Name - POWERGRID Davanagere Power Transmission Limited],Power Grid Corporation of India Limited [POWERGRID],Karnataka,2025-09-01,2025-09-01,2027-09-01,,379.0
617804,Mechanization of Berth No.14 for handling Containers and other cargo on DBFOT basis - Phase II,New Mangalore Port Authority,Karnataka,2023-12-01,2024-06-01,2027-03-01,,153.23
617806,Transmission System for Integration of Ananthapur 2 REZ Phase 1 for 4.5 GW. SPV Name Anantapuram 2 REZ Transmission Ltd,Sterlite Power,"Multi-States
(Andhra Pradesh,
Karnataka)",2024-08-01,2025-03-01,2027-03-01,,4535.99
617807,Inter-regional [NR-WR] Transmission System strengthening to relieve the loading of 765 kV Vindhyachal-Varanasi D/c line,Power Grid Corporation of India Limited [POWERGRID],"Multi-States
(Bihar, Uttar
Pradesh)",2025-10-01,2025-10-01,2027-10-01,,2368.0
617808,Inter-Regional Strengthening between SR Grid and WR Grid,Power Grid Corporation of India Limited [POWERGRID],"Multi-States
(Karnataka,
Maharashtra)",2025-10-01,2025-10-01,2027-10-01,,1007.0
617818,"City Gas Distribution [CGD] Project in Gajapati, Kandhamal, Boudh, & Sonepur GA",GAIL Gas,Odisha,2022-02-01,2022-02-01,2031-12-01,2031-12-01,514.91
617819,"City Gas Distribution [CGD] Project in Kondagaon, Bastar, Sukma, Narayanpur, Bijapur & Dantewada GA",GAIL Gas,Chhattisgarh,2022-06-01,2022-06-01,2030-06-01,2030-06-01,557.04
617822,ATF Pipeline from BPCLs Malkapur POL Installation to Hyderabad International airport,Bharat Petroleum Corporation Limited [BPCL],Telangana,2025-03-01,2025-03-01,2027-09-01,2027-09-01,215.0
617824,Bakhtiyarpur-Rajgir-Tilaiya [Single line section]104km,East Central Railway (ECR) - II,Bihar,2025-10-01,2025-10-01,2029-10-01,,2017.38
617827,"Pipeline Rehabilitation Project, Phase-II",Oil India Limited,Assam,2024-12-01,2024-12-01,2029-12-01,2029-12-01,680.0
617828,Siliguri-Jhapa Pipeline Project,Indian Oil Corporation Limited [IOCL],West Bengal,2024-09-01,2024-09-01,2029-08-01,2029-08-01,267.0
617829,LPG Bottling Plant at Mualkhang,Indian Oil Corporation Limited [IOCL],Mizoram,2024-07-01,2024-07-01,2028-10-01,2028-03-01,225.71
617830,C2/C3 Vijaipur Pata Pipeline,Gas Authority of India Limited [GAIL],Madhya Pradesh,2024-05-01,2024-05-01,2027-01-01,2027-01-01,1792.0
617832,Koderma-Barkakana Arigada 133 Km,CAO/Con/South/MHX ECR mor,Jharkhand,2025-06-01,2026-07-01,2029-12-01,,2887.11
617836,Coke Drum Structure Package,Numaligarh Refinery Limited,Assam,2022-12-01,2022-12-01,2025-12-01,2026-09-01,635.28
617837,Siliguri Marketing Terminal [SMT] Capacity Augmentation Project,Numaligarh Refinery Limited,West Bengal,2021-11-01,2021-11-01,2025-12-01,2026-10-01,484.0
617838,Augmentation of CCKPL and IDPL Pipelines capacity along with setting up of Palakkad TOP,Bharat Petroleum Corporation Limited [BPCL],Kerala,2024-09-01,2024-09-01,2028-08-01,2028-08-01,1130.0
617839,Capacity Augmentation of Kandla LPG Import Terminal [KLIT] from 0.6 MMTPA to 2.5 MMTPA,Indian Oil Corporation Limited [IOCL],Gujarat,2023-05-01,2023-05-01,2026-07-01,2026-07-01,304.4
617877,Phase B Construction of Permanent Campus of IIT Bhilai,"Indian Institute of Technology, Bhilai",Chhattisgarh,2025-05-01,2026-01-01,2028-10-01,,1188.97
617878,Phase B of Construction of Permanent Campus of IIT Palakkad,INDIAN INSTITUTE OF TECHNOLOGY PALAKKAD,Kerala,2025-05-01,2026-01-01,2028-10-01,,1527.0
617880,Desalpar-Hajipir-Luna and Vayor-Lakhpat New Line,Western Railway [WR] - II,Gujarat,2025-09-01,2025-09-01,2028-09-01,,2526.47
617882,"Setting up IT Infrastructure including Network Security and Hosting at AIIMS, New Delhi",PMSSY AND Institute of NATIONAL Importance,Delhi,2025-09-01,2025-09-01,2026-09-01,,358.19
617883,"Redevelopment of Residential colonies at Ayur Vigyan Nagar and West Ansari Nagar campuses of AIIMS, New Delhi",PMSSY AND Institute of NATIONAL Importance,Delhi,2016-10-01,2022-06-01,2027-06-01,,4441.0
617885,Rehabilitation and Up-gradation of Nongstoin Wahkaji section of Project Road Km 0000 to Km 43060 to Intermediate Lane with earthern shoulder under SARDP-NE Phase-A in the State of Meghalaya on EPC mode. Job No- SARDP-NE ong-Don- Maw/MG/2020-21/294,MoRTH,Meghalaya,2020-08-01,2022-02-01,2023-08-01,2026-08-01,302.88
617886,Widening of existing Single lane / Intermediate lane road to 2 lane from Km 101 to Km 125 of NH 61,MoRTH,Nagaland,2020-06-01,2024-06-01,2026-06-01,2027-04-01,252.2
617887,Beawer Gomti 4LPS from km 58.245 to km 108.600 Pkg-I,MoRTH,Rajasthan,2020-12-01,2021-10-01,2023-10-01,2026-07-01,379.23
617888,Landslide treatment work on NH 58 from Kodiyala Km. 266.130 to Devprayag Km. 296.925 10 location under EPC mode in the State of Uttarakhand on EPC Mode,MoRTH,Uttarakhand,2023-01-01,2024-02-01,2025-02-01,2026-07-01,192.54
617889,Treatment of landslide zone from location no. 01 to 28 km 62.860 to 152.750 on NH- 12509 in the State of Uttarakhand under EPC mode in NHO Annual Plan 2022-23,MoRTH,Uttarakhand,2022-11-01,2023-06-01,2024-06-01,2026-07-01,192.22
617890,Construction of Champawat Bypass with two lane with paved shoulder configuration starting from existing chainage 121.700 to existing chainage 129.450 Design Length 9.847 of NH-125 in District-Champawat in the state of Uttrakhand on EPC mode.,MoRTH,Uttarakhand,2025-02-01,2026-01-01,2027-12-01,,220.89
617891,"Construction of Two lane with Paved Shoulder for Fatehpur Bypass Design Km 0.000 to Km 7.400 , Mandawa Bypass Design Km 20.925 to Km 27.300 & Jhunjhunu Bypass Design Km 41.625 to Km 54.689 of NH-11 on EPC Mode in the state of Rajasthan .",MoRTH,Rajasthan,2022-03-01,2023-02-01,2024-08-01,2025-08-01,186.29
617892,Construction of 2-lane road of Potin to Pangin section of NH-13 from Km 163.59 to Km 206.66 Package-5 on EPC Mode in the State of Arunachal Pradesh under Arunachal Pradesh Package of Roads and Highways of SARDP-NE [Job No SARDP-NE/P- P/Pkg-A/NH-13/Ar.Pr./PWD/2018-19/116],MoRTH,Arunachal Pradesh,2019-03-01,2020-11-01,2023-11-01,2026-10-01,450.65
617893,Construction of additional major Bridge with 4- lane configuration of length 1.48 km on NH-60 NH-14 over River Kangshabati from Km. 117.770 to Km 119.250 and additional major Bridge with 4- lane configuration of length 0.900 km on NH-60 NH- 14 over River Shilabati from Km. 173.220 to Km 174.120 in the district of Paschim Medinipur of West Bengal under Annual Plan for FY 2023-24 on EPC mode. Job No 014-W8-2023-24/527 .,MoRTH,West Bengal,2023-11-01,2025-11-01,2028-05-01,2028-05-01,304.83
617894,"Construction or 4 lane Raniganj Bypass of length 5.261 km on NH-60 new NH-14 from km 273.00 of NH to km 478.18 of NH-2 New NH 16 in paschim Bardhaman, West Bengal in EPC Mode- reg. Job No. 014-WB-2022-23/514",MoRTH,West Bengal,2023-03-01,2024-03-01,2026-03-01,2027-05-01,410.83
617895,Construction of Mangaldoi Bypass NH-15 starting at Ch 26400 and terminating at Ch 41505 under Rangia NH Division L 15.105 Km in the State of Assam. Job No. 15/AS/2021-22/234,MoRTH,Assam,2022-03-01,2023-04-01,2025-04-01,2026-12-01,535.03
617896,"Construction of 4 lane Gauripur Bypass Starting bfrom Km 852.56 of NH- 31Dumardoha Pt-II and Terminating at Km 862.17 Baladmara via. Khudimari Pt.- II, Fulkumari, Charaldanga, Sajuakuti,Geramari Pt.-III and finally meeting at km 862.17 of NH-17New/ NH-31Old in the State of Assam under EPC Mode Job no. 31/AS/ 2023- 24/265",MoRTH,Assam,2024-03-01,2025-04-01,2026-10-01,2026-10-01,421.15
617897,Construction of proposed 4Lane Revelgunj bypass NH-19 in the State of Bihar on EPC mode connecting NH 19 to 85 origin,MoRTH,Bihar,2022-03-01,2023-07-01,2025-07-01,2026-12-01,295.24
617898,New construction of Major Bridge with Approaches from Km 0.000 to 1.200 Madhopur -Badabanta section of NH-20 under NHO in Annual Plan 2022-23 in the State of Odisha,MoRTH,Odisha,2023-03-01,2025-04-01,2027-10-01,2027-10-01,199.5
617899,Widening and Strengthening to 4LPS/2LPS from km 0.000 to 35.800 Kuakhia - Mangalpur section of NH 20 in the state of Odisha on Annual Plan 2021-22,MoRTH,Odisha,2022-03-01,2024-02-01,2026-02-01,2026-11-01,636.1
617900,Upgradation to Two Lane Paved Shoulder in km 33/0 to 126/520 of NH-23 Old NH- 11B Kothun-Lalsot-Karoli-Dholpur road in the state of Rajasthan under EPC mode Length-93.52 Km.,MoRTH,Rajasthan,2021-12-01,2022-09-01,2024-09-01,2025-09-01,150.11
617901,Widening of Pachpadra-Bagundi Section to 4 Lane from Km 73/60 to 95/70 of NH-25 on EPC mode in the state of Rajasthan.,MoRTH,Rajasthan,2022-01-01,2022-12-01,2024-12-01,2026-07-01,194.88
617902,construction or By-pass road on NH-26 for Nabrangpur Town,MoRTH,Odisha,2023-03-01,2024-12-01,2026-12-01,2026-12-01,168.95
617904,Construction of Bypass road to Balangir town from km 72/400 Desing km 0/0 to km 79/800 Design km 11/670 of NH-26 in the State of Odisha.,MoRTH,Odisha,2022-02-01,2023-04-01,2025-10-01,2026-12-01,238.78
617905,Construction of 4 lane ROB with approaches in lieu of LC No. RV-172 at km 176.00 of NH-201 present NH-26 at Kesinga including land acquisition in the state of Odisha on EPC mode under Annual Plan 2021-22,MoRTH,Odisha,2021-12-01,2023-05-01,2025-05-01,2027-05-01,324.09
617906,Up-gradation of Dhoraji-Jamkandorna-Kalavad Section of NH-927D from Design Chainage km 0/00 to km 58/115 to Two lane with PS configuration in the State of Gujarat on EPC,MoRTH,Gujarat,2022-10-01,2025-01-01,2027-01-01,2027-01-01,291.19
617907,Rehabilitation and Up-gradation from Km 170700 Bhadrachalam to Km 234567 Konta on NH-30 to Two lane with Paved Shoulder in the State of Andra Pradesh on EPC mode.,MoRTH,Andhra Pradesh,2021-12-01,2022-09-01,2024-09-01,2026-04-01,436.09
617908,Bemetara Bypass NH 30,MoRTH,Chhattisgarh,2024-01-01,2025-04-01,2027-04-01,2027-04-01,161.96
617909,Construction of Rewa Bypass to 4-lane with paved shoulder along with service road from Ratahara Chowk to Chorhata Chowk Road section of NH-30 from km 00.000 to 19.200 in the State of Madhya Pradesh on Hybrid Annuity Mode HAM.,MoRTH,Madhya Pradesh,2024-03-01,2025-02-01,2027-02-01,2027-02-01,648.05
617911,Rehabilitation and upgradation Umaria to Shahdol section of NH-78 from Existing Km. 68/4 to Km. 142/2 to 2LPS including construction of Birshinghpur and Shahdol Bypass on EPC mode under NHDP-IVA,MoRTH,Madhya Pradesh,2015-03-01,2015-08-01,2017-07-01,2026-08-01,613.16
617912,Construction of 6 lane flyover from Khapari ROB to Mihan Interchange design chainage km 8760 to 11450 L- 2.69 km and upgradation of existing 4L PS road to 6LPS with service road by flexible pavement design chainage km 11450 to 14500 L- 3.05 [total project length 5.74 km] in section of Nagpur - Hyderabad NH-44 Old NH-7 in Nagpur district in the state of Maharashtra on HAM mode.,MoRTH,Maharashtra,2024-03-01,2025-10-01,2027-10-01,2027-10-01,619.55
617913,6-laning of km 9.900 to km 19/948 Aramgarh to Shamshabad Section of Hyderabad- Bangalore section of NH-44 Under NHO EPC basis in the state of Telangana,MoRTH,Telangana,2018-01-01,2018-05-01,2020-05-01,2026-06-01,300.7
617914,Upgradation and reconstruction of Shahpura-Dindori Section of NH 45 from Km 103.700 Design to Km 164.580 Design including 3 bypasses Total length 60.88km to Two lane with paved shoulder configuration along with One time improvement in 03 nos of bypassed built-up areas in a total length of 12.341 km in the State of Madhya Pradesh on EPC mode,MoRTH,Madhya Pradesh,2022-03-01,2024-01-01,2025-12-01,2027-06-01,250.09
617915,Upgradation of Dindori-Sagartola-kabichabutra MP-CG border section of NH -45 from km 000Design to km 77.00 Design to Two lane with paved shoulder configration along with one time improvement in 04 nos. of bypaased built-up areas in a total length of 9.1 km in the state of Madhya Pradesh on EPC mode.,MoRTH,Madhya Pradesh,2022-01-01,2023-09-01,2025-09-01,2026-07-01,319.09
617916,Work of 6 laning/Construction of elevated corridor from km 0/0 to 10/170 Narol Junction to Sarkhej junction including 4 lane Shastri Bridge on Sabarmati river on NH 47 in the State of Gujarat on HAM mode,MoRTH,Gujarat,2024-03-01,2025-08-01,2028-02-01,2028-02-01,1295.39
617917,"Construction of 4 Lane Flyover at Nagpur RTO Chowk To Nagpur University Campus from Ch 2/250 to 5/100 and 4 lane flyover at wadi/midc junction from km 8/360 to km, 10/300 on NH 53 in state of Maharashtra.",MoRTH,Maharashtra,2021-03-01,2022-03-01,2024-03-01,2025-04-01,490.52
617918,"Widening and Strengthening of existing S/L, I/L, & D/L to 2 Lane with PS from Km 256/455 to 256/503, 256/820 to 256/960, 265/760 to 266/010, 266/010 to 266/800, 270/975 to 271/055, 276/460 to 276/560, 276/560 to 276/700, 276/700 to 277/480, 285/780 to 288/290, 288/290 to 291/050 and construction of 3 Nos. of Bypass from Km 266/800 to 267/300, 270/025 to 270/975, & 284/700 to 285/780 on NH-53 under NHO in Annual Plan 2022-23 for the State of Odisha.",MoRTH,Odisha,2023-03-01,2026-06-01,2027-12-01,,174.21
617919,Construction of 4 Nos Grade separtor between km. 281.000 to km. 307.600 km. 286.400 kumhari km. 299.000 Transport Nagar km. 302.000 Power House km. 304.000 Chandra Moura Chowk to km. 305.000 supeia of NH-53 old NH-06 Raipur - Durg 4 Lane on EPC mode in the state of chhattisgarh job NO. NH-53old NH-06 CG- 2017-18-56,MoRTH,Chhattisgarh,2018-03-01,2019-01-01,2021-01-01,2025-08-01,349.03
617920,Widening and Strengthening to 2LPS including LA from km 318.970 to 353.450 Balikuda-Mulkani Section of NH-55 under NHO in Annual Plan 2022-23 in the State of Odisha. Job No. NH-55-OD-2022-23-656,MoRTH,Odisha,2022-01-01,2025-06-01,2027-06-01,2027-06-01,511.54
617921,Widening and strengthening to 2LPS including LA of Kandarpur-Balikuda from km 277/500 to 318/970 of NH-55 in the State of Odisha under Annual Plan 2021-22.,MoRTH,Odisha,2022-03-01,2023-06-01,2025-06-01,2026-11-01,499.79
617922,Construction of Jharsuguda Bypass including Land acqusition on NH-49 from km 258.636 to km 283.300 design chainage 258.636 to km 289.876 under NHO in Annual Plan 2022-23 for the state of Odisha Job No.NH-49-OD-2022-23-655,MoRTH,Odisha,2021-09-01,2025-01-01,2027-07-01,2027-07-01,587.1
617923,Construction of Daspalla Bypass from km 195.250 To 200.635 of NH-57 including land acquisition in the state of Odisha on EPC mode under Annual Plan 2022-23.,MoRTH,Odisha,2023-02-01,2025-05-01,2027-05-01,2027-05-01,155.97
617924,Construction of bypass to Nayagarh town from km 235.469 to 252.482 of NH-57 including land acquisition in the state of Odisha.,MoRTH,Odisha,2022-01-01,2023-05-01,2025-04-01,2026-03-01,300.33
617925,Construction of Bypass to Khordha town from Km 294/000 to 300/300 on NH-57 including LA in the State of Odisha on EPC mode.,MoRTH,Odisha,2022-02-01,2023-05-01,2024-11-01,2026-08-01,157.49
617926,Construction of new 4 lane major bridge with approaches on Sabarmati River near Dharoi at Km. 82/00 to 86/00 Design length 3.300 km on NH-58 in the State of Gujarat on Hybrid Annuity Mode HAM,MoRTH,Gujarat,2024-03-01,2025-08-01,2027-08-01,2027-08-01,398.4
617927,Widening to 2LPS between Km 0/0 to 56/0 Khokhara Gujarat Border Vijayanagar Antrasuba Mathasur road of NH 58 in the State of Gujarat,MoRTH,Gujarat,2024-03-01,2025-09-01,2027-09-01,2027-09-01,699.19
617928,"Widening 2 lane to 4-lane from KM 92/320 to Km 115/320 Vav Chokdi-Satlasana to to Vrundavan Chokdi, Kheralu on NH-58 in the State of Gujarat.",MoRTH,Gujarat,2022-03-01,2024-03-01,2026-03-01,2026-08-01,171.27
617929,Construction of 2 lane with paved shoulder of Kund Bypass from Design Km 35.130 to Km 47.700 existing Km 33.130 to Km 41.260 of NH-109 in the State of Uttarakhand,MoRTH,Uttarakhand,2018-02-01,2018-05-01,2020-05-01,2026-12-01,247.41
617930,Construction of Bypass on NH-59 from Km 336/350 to 349/910 13.56 km near Berhampur town including 4-lane RoB in the state of Odisha.,MoRTH,Odisha,2021-03-01,2022-03-01,2025-12-01,2026-12-01,196.94
617931,Construction of ROB and its approaches in lieu of LC No. 10/B/T at Km 307.050 of NH-60.,MoRTH,West Bengal,2016-03-01,2023-08-01,2025-08-01,2027-10-01,138.57
617932,Construction of New Four Lane Bypass to Parbhani City Parwa to Asola Km 463/265 to Km 481/180 Design Ch. 19220 to Ch. 34434 Length-15.214 Km section of NH-61 on EPC mode in the State of Maharashtra.,MoRTH,Maharashtra,2022-03-01,2023-07-01,2024-10-01,2026-10-01,496.64
617933,Up-gradation to four lane/ Two lane with paved shoulders configuration of Kalyan - Murbad - Malshej Ghat - Nirmal Road NH- 61 km 15/200 to Km 38/00 and from Km. 58/00 to Km 84/00 Design length 48.58 km of NH-61 on EPC Mode in Thane District in the state of Maharashtra,MoRTH,Maharashtra,2023-02-01,2024-03-01,2026-08-01,2026-08-01,984.07
617934,Nasratpur to Barasgaon section of NH-61 2L / 4L PS from Km.514/00 to 558/200,MoRTH,Maharashtra,2017-07-01,2017-09-01,2019-09-01,2026-08-01,406.54
617935,"Construction of Elevated corridor from Km. 135.650 to 136.300 on 63, from Km. 249 to Km. 250.050 on old NH-4 and from Km. 192.910 to Km. 193.350 on NH-218 from decongestion of traffic in Ranichennamma circle in Hubli city in the state of Karnataka on EPC basis",MoRTH,Karnataka,2020-08-01,2021-06-01,2024-06-01,2026-11-01,349.49
617936,Widening to two/four lane with paved shoulder from Km.180.600 to Km.223.000 of NH-63 on Nizamabad-Jagadalpur road on EPC mode under NHO in the state of Telangana.,MoRTH,Telangana,2016-10-01,2017-03-01,2019-03-01,,183.26
617937,Udgir Raavi Degloor Aadampur phata to Sagroli fata,MoRTH,Maharashtra,2024-11-01,2026-04-01,2028-04-01,,809.77
617938,Rehabilitation And Upgradation to four lane with paved shoulder configuration from km 24350 to km 61875 Jawale - Borgaon Kale of NH-63 in the State of Maharashtra on EPC mode under Annual Plan 2024-25 Total length - 37.525 Km.,MoRTH,Maharashtra,2024-12-01,2025-09-01,2027-03-01,2027-03-01,574.18
617939,6-Laning of Pune-Hyderabad Section of NH-65 from Km 493/0 to Km 524/0 from Sangareddy X Roads to Madinaguda in the State of Telangana,MoRTH,Telangana,2023-03-01,2024-07-01,2026-07-01,2026-08-01,1297.75
617940,"Rehabilitation and Upgradation of LB-Nagar to Malkapur section to 6-Lane main carriageway with service roads, drains cum footpath, including VUPs and widening of Minor bridge & road safety provisions from Km. 15/00 to Km 40/00 of NH-65 Old NH-9 under NH O for the year 2020-21 in the state of Telangana on EPC Mode.",MoRTH,Telangana,2021-03-01,2022-07-01,2024-07-01,2026-12-01,545.11
617941,4-Laning from End of Zuari approaches to Start of Margao Bypass section of NH-66 from Km 536.800 to Km 543.450,MoRTH,Goa,2024-07-01,2026-02-01,2028-02-01,2028-02-01,398.25
617942,Construction of Six lane Elevated Corridor from Km. 508.000 to Km. 513.150 including approaches on NH-66,MoRTH,Goa,2023-04-01,2024-04-01,2026-04-01,2026-10-01,641.46
617943,4-laning of Navelim to Cuncolim Section of NH-66 from Km 554.245 to Km 561.480 on HAM Mode,MoRTH,Goa,2024-12-01,2026-04-01,2028-10-01,2028-10-01,746.75
617944,Kashedi ghat tunnel NH-66 [Bhogaon Khurd - Kashedi section] 4 lanes under NHDP on EPC mode,MoRTH,Maharashtra,2018-09-01,2018-10-01,2021-04-01,2021-04-01,701.46
617945,Balance work of NH-66 from design Km 84/00 to Km 87/100 Indapur Bypass and Km 91/600 to Km 99/100 Mangaon Bypass to four lane with paved shoulder in State of Maharashtra under NHO on EPC Mode.,MoRTH,Maharashtra,2025-03-01,2025-10-01,2027-04-01,2027-04-01,354.21
617946,Kashedi to Parshuram Ghat section of NH-66 from Km 161/600 - Km 205/400 - 4L PS,MoRTH,Maharashtra,2016-03-01,2018-02-01,2020-02-01,2025-12-01,1142.62
617947,Arawali Kante section of NH-17New NH-66 4L PS from Km.241/300 to 281/300,MoRTH,Maharashtra,2016-03-01,2017-11-01,2019-11-01,2026-03-01,1443.09
617948,Kante - Wakad section of NH-66 4L PS from Km.281/300 to 332/200,MoRTH,Maharashtra,2016-03-01,2017-11-01,2019-11-01,2025-11-01,2020.56
617949,Tadipatri Bypass Km 0000 to Km 6285 of 4-Lane on NH-67 in Anantapuramu district of AP state under NHO on EPC Mode under Annual Plan 2022-23,MoRTH,Andhra Pradesh,2023-03-01,2024-03-01,2026-03-01,2026-03-01,159.66
617950,Construction of Srinivasapura Bypass from existing Km 453.890 Design Ch. 0000 to existing Km 461.450 Design Ch 10080 on NH-69 in the State of Karnataka Under NH O in EPC mode under Annual Plan 2022-23 NH-69-KNT-2022-23-966 dated 22.11.2022,MoRTH,Karnataka,2022-11-01,2025-07-01,2027-01-01,2027-01-01,204.42
617951,Construction of Chintamani Bypass from Design Ch.0000 Existing Ch.428880 to Design Ch.15400 Existing Ch.444010 on NH-69 in the State of Karnataka in EPC Mode under NHO Annual Plan 2022-23. NH-69-KNT-2022-23-989 dated 24.03.2023,MoRTH,Karnataka,2023-03-01,2026-01-01,2027-07-01,2027-07-01,314.55
617954,Balance work of Rehabilitation and upgrading to 2lane/2lane with paved shoulder configuration and strengthening from from Km 343.80 to 400.33 of Gowribidanur-Chik Ballapur section in the state of Karnataka Under Annual Plan 2021-22 under EPC Mode.-952,MoRTH,Karnataka,2022-03-01,2023-02-01,2025-02-01,2026-04-01,398.48
617955,Widening to two lane with paved Shoulders from Km 40.00 to Km 75.00 Existing chainages of Mangalore - Tumkur section of NH-73 in the State of Karnataka on EPC Mode under Annual Plan 2021-22 Job No NH-73-KNT-2021-22-945,MoRTH,Karnataka,2022-03-01,2023-03-01,2025-03-01,2026-12-01,718.52
617957,Construction of Jasra Bypass with four lane paved shoulder configurationfrom Km 379.670 on NH-76New NH-35 to Km 18.00 on NH-27New NH-30 on EPC in the State of Uttar Pradesh.,MoRTH,Uttar Pradesh,2023-02-01,2024-03-01,2025-09-01,,274.06
617958,Widening & Strenthening from km132.895 to km 190.15 NH-80,MoRTH,Bihar,2021-03-01,2022-11-01,2024-11-01,2026-11-01,566.1
617959,Rehabilitation & Widening work for 2 Lane with Paved Shoulder of Existing NH-80 from km 70.15 to Km 121.025 of Munger-Suttanganj -BhagatpurMirzachowki section on EPC Mode in the State of Bihar.,MoRTH,Bihar,2021-03-01,2023-02-01,2025-01-01,,477.54
617960,Construction of new road at the missing link portion of NH-81 along approved alignment between Harishchandrapur and Eastern approach of Kalindri Bridge from Km 46.550 to Km 59.697 in the district of Malda. Job No-081-WB-2015-16/400,MoRTH,West Bengal,2016-08-01,2016-11-01,2018-11-01,2026-10-01,291.2
617961,Gaya-Hisua-Rajgir-Nalanda-Biharsharif section km0.00 to 92.935 NH-82,MoRTH,Bihar,2014-01-01,2016-11-01,2019-11-01,2026-10-01,2138.16
617962,"Construction of Bypass to Madurai Achambathu Viratipathu in between km 6/850 10/382 of NH 49 Extn New NH 85 including Land Acquisition on Engineering, Procurement & Construction EPC basis Contract under NH O Annual Plan 2021-22 in the state of Tamil Nadu job No.NH-49 Extn New NH 85 - TN-2021-22-997",MoRTH,Tamil Nadu,2022-03-01,2024-09-01,2026-08-01,2026-08-01,260.07
617963,Rehabilitation and upgradation to four lane road from km 70.500 to km 78.600 of NH- 92 under EPC mode in the State of Uttar Pradesh,MoRTH,Uttar Pradesh,2022-01-01,2025-01-01,2027-01-01,2027-01-01,351.78
617964,"Widening to Four Lane rigid pavement configuration from Km 90.00 to Km 100.800 on NH-96 Km 42.0 to Km 53.300 as per new NH-330,design length of 11.300 km under EPC mode in the state of Uttar Pradesh.",MoRTH,Uttar Pradesh,2022-12-01,2024-11-01,2026-11-01,2026-11-01,309.63
617965,Kopargaon to Savali Vihir section,MoRTH,Maharashtra,2022-06-01,2023-01-01,2024-07-01,2026-08-01,195.38
617966,Rehabilitation and Upgrading to 2 lanes/2-lane with paved shoulders configuration and strengthening of of Birpur and Bihpur Section from km 0.0 to Km 106 of NH 106 under phase I of National Highways Interconnectivity Improvement Projects NHIIP ICB No. NHIIP-BR-106-7 [NHIIP-BR-106-7],MoRTH,Bihar,2014-01-01,2016-10-01,2019-10-01,2026-10-01,961.33
617967,Construction of Rudraprayag tunnel of length 900.30 MTR including approaches and one major bridge on river Alaknanda connecting NH-107/old-109 to NH-07old-58 on EPC mode in the state of Uttarakhand.,MoRTH,Uttarakhand,2021-02-01,2023-01-01,2025-07-01,2026-07-01,251.88
617968,Construction & Widening Including Augustmuni Bypass Ch-16.545 to Ch - 19.890 to 2L/PS from Km 16.545-Km 33.130 & 45.980 -57.975 Augustmuni to Kund & Guptkashi to Sitapur on NH 109 in UK,MoRTH,Uttarakhand,2017-03-01,2018-02-01,2020-02-01,2024-03-01,418.89
617969,Construction of 4 Lane ROB and its approaches at the level crossing LC No 29 B of Km 29 Ekangarsarai at NH 110 New NH 33 & Railway Km 32.63 at Fatwa FUT Islampur IPR section in the state of Bihar on EPC mode.,MoRTH,Bihar,2023-03-01,2024-07-01,2026-07-01,2026-12-01,201.08
617970,Reconstruction of existing 2 L/IL to 2L with paved shoulder from existing km 52.200 to 92.880 of NH-,MoRTH,Uttarakhand,2016-10-01,2017-06-01,2019-06-01,2023-10-01,282.08
617971,Up-gradation to Two/Four lane with paved shoulder Configuration of Kondagaon- Narayanpur from design ch. 0.00 - 48.693 Design Length 47.493 Km. 1.20 Km. retained on NH-130D under EPC mode in the State Chhattisgarh.,MoRTH,Chhattisgarh,2022-12-01,2025-03-01,2027-03-01,2027-03-01,322.4
617972,Upgradation to Two lane with Paved Shoulder Configuration of Narayanpur Kasturmeta pkg-II from design ch. 48.693 to 70.453 design length21.760 Km. on NH-130D under EPC mode in the state of Chhattisgarh.,MoRTH,Chhattisgarh,2022-12-01,2024-12-01,2026-06-01,,200.67
617973,Strengthening and widening of existing 2 lane road to two lane paved shoulder from km 7.750 to 26.542 & km. 32.093 to 45.786 of NH-130 on EPC mode in the state of chhattisgarh.job No. 130-CG-2017-18-348,MoRTH,Chhattisgarh,2017-11-01,2019-05-01,2020-11-01,2026-02-01,188.8
617974,Rehabilitation and upgradation of 2 lane with paved shoulder from existing km. 195.175 to km. 220.000 Design Chainage km71.300 to Km. 95.947 Excluding existing chainage Km 200.300 to Km 202.400 Design chainage Km 76.400 to Km 78.400 on Dharasu to Yamunotri Road of NH- 134 Old NH-94,MoRTH,Uttarakhand,2025-05-01,2025-10-01,2028-04-01,,344.73
617975,Rehabilitation and upgradation to 2 lane with paved shoulder configuration from km 122.00 Dharasu Bend to km 147.230 Silkyara Bend of NH-94 in the state of Uttarakhand,MoRTH,Uttarakhand,2017-03-01,2017-11-01,2019-11-01,2024-07-01,237.79
617976,Work of development and construction of elevated corridorfrom km 38/660 to km 42/690 Iscon junction to start point of approach of sanand flyover of NH-147 in the sate of Gujarat,MoRTH,Gujarat,2023-03-01,2024-06-01,2026-06-01,2026-09-01,530.2
617977,Development of Chiloda - Gandhinagar- Sarkhej ofNH-147 Package -II,MoRTH,Gujarat,2018-04-01,2018-11-01,2020-11-01,2022-07-01,234.44
617978,"Rehabilitation, upgradation & widening of existing highway to 2L/4LPS Rigid Pavement of NH 160 section- Phaltan to Mhaishal near Karnataka Border including Tasgaon Bypass, from existing chainage Km 301/430 to Km 458/415 in the State of Maharashtra- Package-II & Package III combined- starting from existing chainage Km 341/300 to Km 394/130 and design chainage Km 340/250 at Dahiwadi Village to Km 392/950 ending at Vita Village in the State of Maharashtra on EPC Mode.",MoRTH,Maharashtra,2024-03-01,2025-05-01,2027-05-01,2027-05-01,631.76
617979,"Rehabilitation, upgradation & widening of existing highway to 2L/4LPS Rigid Pavement of NH 160 section- Phaltan to Mhaisal near Karnataka Border including Tasgaon Bypass, from existing chainage Km 301/430 to Km 458/415 in the State of Maharashtra. Package-I starting from existing chainage Km 301/430 at Phaltan Village Junction of Phaltan Baramati Road Design Chainage -301/430km & ending at existing chainage Km 341/300 Dahiwadi Village Bus Stop Design chainage Km 340466km in the S",MoRTH,Maharashtra,2024-03-01,2025-05-01,2027-05-01,2026-11-01,533.76
617980,Construction of six lane elevated corridor from km 7.950 Uppal to km 14.200 of NH- 163 to De-Congest the urban limits of Hyderabad-Bhoopalapatnam section on EPC mode in the state of Telangana,MoRTH,Telangana,2018-03-01,2018-07-01,2020-07-01,2027-12-01,626.76
617981,Widening to Two with Paved shoulders from Km 59.500 to Km 132.033 of Manneguda- Ravunapally section of NH-163 Erstwhile SH-4 in the State of Telangana on EPC mode under NH O Annual Plan 2016-17,MoRTH,Telangana,2017-03-01,2017-05-01,2019-05-01,2026-05-01,359.0
617982,Widening and strengthening of existing 2-lane to 2- lane with paved shoulders from km 159/0 to 165/4 and 186/0 to 215/0 of NH-163 on EPC mode int the state of Telangana,MoRTH,Telangana,2018-01-01,2018-06-01,2019-11-01,2020-12-01,230.03
617983,Widening & Strengthening of Existing 2LPS to 4 lane PS from Km 150000 to Km 159000 and Km 165400 to Km 186000 of NH-163 old NH-202 under NH O for the year 2020-21 on EPC Mode in the state of Telangana.,MoRTH,Telangana,2021-03-01,2022-07-01,2024-07-01,2026-08-01,300.56
617984,"Gudivada Town 2 RoB, and Road improvement NH-165",MoRTH,Andhra Pradesh,2022-03-01,2023-05-01,2025-05-01,2027-03-01,317.22
617985,Widening to two lane with paved shoulders from Km 0/0 to 64/020 Pamarru to Akiveedu,MoRTH,Andhra Pradesh,2020-03-01,2021-11-01,2023-11-01,2027-05-01,588.65
617986,Kurnool/Kadapa Border-Jammalamadugu section of NH-167K i.e. Design Ch. Km 248010 to km 269900 to 2,MoRTH,Andhra Pradesh,2023-03-01,2024-12-01,2026-12-01,2026-12-01,292.63
617987,Nandyala-Kurnool/Kadapa Border section of NH-167K i.e. Km 186/000 to Km 250/000Design Ch.186000 to 248010 to 2LPS,MoRTH,Andhra Pradesh,2024-10-01,2025-09-01,2027-09-01,2027-09-01,691.81
617988,Sangameswaram - Atmakuru section from Km 96 to Km 124 & Velegodu- Nandyal section including Nandyal Bypass from Km 143/6 to 185/9 NH-167K,MoRTH,Andhra Pradesh,2024-10-01,2025-07-01,2027-07-01,2027-07-01,644.14
617989,Construction of Major Bridge at Km.180.865 across river Krishna on NH 167 Hagari Jadcherla section,MoRTH,Karnataka,2019-03-01,2019-05-01,2021-11-01,2027-04-01,187.61
617990,Construction of bypass road to Adoni town connecting NH-167 Hagari - Jadcharla road from km.62/700 to 71/400 in Kurnool District in the State of Andhra Pradesh.,MoRTH,Andhra Pradesh,2023-03-01,2024-02-01,2025-11-01,,242.0
617991,"Rehabilitation and up-gradation of NH-167 from Km 14/900 to Km70/000 Design Ch. 14/900 to 69/700 Chintakunta to Adoni section to two lane with paved shoulders in the State of Andhra Pradesh under Corridor Approach through Engineering, Procurement",MoRTH,Andhra Pradesh,2016-11-01,2017-05-01,2019-05-01,2026-12-01,290.15
617992,Rehabilitation & upgradation of NH - 167 from design km 187.723 to 234.434 Miryalaguda to Kodad section to two lane with paved shoulder on EPC mode in the state of Telangana,MoRTH,Telangana,2018-03-01,2018-09-01,2020-09-01,2026-06-01,322.81
617993,Rehabilitation and upgradation of NH-167 from design km 157.707 to 187.723 design length 30.016 km to two lane with paved shoulders of Alinagar-Miryalaguda Sec on EPC mode in the state of Telangana,MoRTH,Telangana,2018-02-01,2018-05-01,2019-11-01,2026-06-01,220.28
617994,Rehabilitation and upgradation of NH-167 from design km 113.900 to 154.479 Mallepally Haliya section to two lane with paved shoulders on EPC mode in the stte of Telangana,MoRTH,Telangana,2018-02-01,2018-06-01,2019-11-01,2025-12-01,257.61
617995,Widening to Two Lane with Paved Shoulders from Km 67.000 to Km 114.425 of Kalwakurthy- Mallapally Section of NH 167 Erstwhile section of SH 18 in the State of Telangana on EPC mode under NH O Annual Plan 2016-17,MoRTH,Telangana,2017-01-01,2017-05-01,2019-05-01,2026-12-01,300.0
617996,Widening to 2/4 Lane with paved shoulders from Km 182.120 to Km 227.600 of NH 167 on Haggari-Jadcherla Road on EPC mode under NHO in the state of Telangana,MoRTH,Telangana,2016-10-01,2017-02-01,2019-02-01,2026-03-01,298.0
617997,Widening of existing 2 lane to 4 lane with paved shoulder from Designed km 25.15 to km 56.70 Except Km 52.70 to 53.50 of NH-169 Nellisara Camp to Thirthahalli of NH- 169 on Shimoga-Mangalore section in the state of Karnataka on EPC mode under Annual plan 2022-23 NH-169-KNT-2022-23-978 dated 08.03.2023,MoRTH,Karnataka,2023-03-01,2026-02-01,2028-02-01,2028-02-01,538.71
617998,Widening to existing 2 lane with paved Shoulder to 4 Lane with paved shoulder from design Km 153.00 to 168.27 Mala Gate to Karkala of NH -169 on Shimoga - Mangalore section in the state of Karnataka on EPC mode under Annula Plan 2021-22 Job No. NH-169-KNT-2021-22-949,MoRTH,Karnataka,2022-03-01,2023-02-01,2025-02-01,2026-11-01,177.94
617999,Widening to 2LPS from Km 67 to Km 115 on Kadur-Hosadurga section NH 173 in the state of Karnataka NH-173-KNT-2022-23-980 dated 13.03.2023,MoRTH,Karnataka,2023-03-01,2024-10-01,2026-05-01,2027-04-01,471.62
618000,Widening to 2-Lane with Paved Shoulders from Km 116.800 to 149.070Design Changes on Hosadurga - Holalkere Section of NH-173 in the State of Karnataka on EPC mode under Annual Plan 2021-22 Job no. NH-173-KNT-2021-22-946,MoRTH,Karnataka,2022-03-01,2022-10-01,2024-02-01,2026-06-01,147.39
618001,"Construction of 4-lane flyover at Amberpet-X road, Hyderabad on NH-202 in the State of Telangana",MoRTH,Telangana,2018-05-01,2021-06-01,2023-06-01,2026-06-01,265.88
618002,Widening of existing single lane to intermediate lane road from Mokokchung to Chare via Dikhu in the state of Nagaland on EPC mode,MoRTH,Nagaland,2021-02-01,2023-06-01,2025-06-01,,192.93
618003,Construction of four lane ROB and its approaches in lieu of existing Level Crossing No. RV-71 at km 435 on NH-217 New NH-353 at Khariar including land acquisition under NHO in Annual Plan 2021-22 for the state of Odisha for F.Y. 2021-22 to F.Y 2033-34,MoRTH,Odisha,2021-11-01,2023-06-01,2024-12-01,2026-09-01,154.49
618004,Construction of Bhabhua Bypass from Ch. 10800Design Ch. 10800 to Ch. 19860 Design Ch. 18150 and Chand Bypass from Ch. 38060 Design Ch. 36250 to Ch. 40460 Design Ch. 38650 and widening of existing road to 2 - lane with Paved shoulder from Ch. 40460 Design Ch. 38650 to Ch. 46860 Design Ch. 45050 of NH-219 Total length- 16.150 Kmunder EPC mode in the state of Bihar,MoRTH,Bihar,2022-02-01,2026-06-01,2027-12-01,2027-12-01,179.86
618005,Sheohar-Sitamarhi Section km 40.000 to 79.400 km Lot-I,MoRTH,Bihar,2016-02-01,2016-05-01,2018-05-01,2026-09-01,278.53
618006,Sitamarhi-Jaynagar Section km 79.400 to km 156.500 Lot-II,MoRTH,Bihar,2016-02-01,2016-06-01,2018-12-01,2026-07-01,503.28
618007,Jaynagar-Narahia Section km 156.500 to km 219.945 Lot-III,MoRTH,Bihar,2016-02-01,2016-05-01,2018-11-01,2026-07-01,706.39
618008,"Construction of four-lane elevated viaduct from km.4634 to km.6345 on NH-24A including Retaining wall, service lane, at grade road and improvement of junctions, on EPC mode",MoRTH,Uttar Pradesh,2021-03-01,2022-03-01,2023-09-01,2024-12-01,269.81
618009,Balance work of Construction of Ring Road for Raebareli City on eastern side of NH- 24B Phase-1 on EPC mode.,MoRTH,Uttar Pradesh,2019-12-01,2020-10-01,2022-04-01,2026-12-01,347.8
618010,Development to 4-lane with paved shoulder for the road section Talwandi Sabo- Raman road to refinery Road junction with Bathinda Dabwali Road of NH-254 from existing Km 131.600 to Km 155.650 Design Km 131600 to km 155600 in the State of Punjab. Job No NH-254-PB-2022-23-565,MoRTH,Punjab,2023-03-01,2025-05-01,2026-11-01,2026-11-01,546.67
618011,Construction of 2 lane with paved shoulder for the work of Development of remaining sections of NH-325 Balotra to sanderao via Jalore to 2 lane with paved shoulder configuration by Construction of Byasses for town portions1 Asotra- Brahmdham bypass 2Siwana Bypass 3 Mokalsar Bypass 4 Major realignment at Kathadi 5 Major realignment at Bishangarh 6 Jalore Bypass 7 Ahore Town portion 8 Dujana Bypass in the state of Rajasthan on EPC Mode,MoRTH,Rajasthan,2021-12-01,2022-05-01,2024-05-01,2026-10-01,411.44
618012,"Widening & strengthenlng to 2LPS from km 0,000 to 40.000 Dhaugaon- Podamari section of NH 326 in the State of Odisha under Annual Plan 2021.22.",MoRTH,Odisha,2022-03-01,2024-02-01,2026-02-01,2026-12-01,186.52
618013,4-laning of Puttaparthi-Koduru Section of NH-342,MoRTH,Andhra Pradesh,2022-10-01,2023-11-01,2025-11-01,2026-08-01,909.19
618014,"Upgradation of Ambikapur-Ramanujganj-Garwa road of NH-343, Package-III, Badki mahri village to Ramanujganj section from existing km 80.600 to km 110.330 Design Ch. 85.370 to Ch. 114.800 of total length 29.430 km to two lane with paved shoulders udner corridor scheme under EPC Mode in the of Chhattisgarh",MoRTH,Chhattisgarh,2022-03-01,2025-05-01,2026-10-01,2026-10-01,199.05
618015,"Upgradation of Keonchi - Ratanpur Road of NH 45 Package-I, from design chainage km 237.860 to km 273.200 of length 35.340 km to two lane with paved shoulders under Corridor scheme on EPC mode in the state of Chhattisgarh.",MoRTH,Chhattisgarh,2022-03-01,2024-07-01,2026-01-01,2026-12-01,228.93
618016,"Upgradation of Ambikapur Ramanujganj - Garhwa Road NH 343 of Package-I, Rajpuri Khurd Village to Padih Village section from existing km 7.830 to km 57.650 Design Ch. 13.700 to Ch. 62.700 of total length 49.00 km to two lane with paved shoulders under EPC mode in the state of Chhattisgarh",MoRTH,Chhattisgarh,2022-03-01,2025-05-01,2027-05-01,2027-05-01,397.44
618017,"Upgradation of Keonchi - Ratanpur Road of NH 45 Package-II, from design chainage km 278.75 to km 321.348 of length 42.598 km to two lane with paved shoulders under Corridor scheme on EPC mode in the state of Chhattisgarh.",MoRTH,Chhattisgarh,2022-03-01,2024-07-01,2026-01-01,2026-12-01,286.0
618018,Upgradation of Bilaspur-Takhatpur-Mungeli-Pandariya-Pondi Road on N.H.-130A Package IIIA Takhatpur By-pass from existing Ch. 26.542 to 32.093 [Design Ch. 18.700 to 25.900] & Mungeli By-pass from existing Ch. 45.786 to 56.275 [Design Ch. 29.600 to 51.600] and Package IIIB Pandariya By-Pass from existing Ch. 82.582 to 87.133 [Design Ch. 77.900 to 81.1000 & Pondi By-pass from existing Ch. 103.166 to 104.756 [Design Ch. 97.000 to 103.395] to two lane with paved shoulder configuration in the,MoRTH,Chhattisgarh,2022-03-01,2024-01-01,2025-07-01,2026-12-01,351.19
618019,Upgradation & widening of Jharkheda- Berasia - Dholkhedi from design km 0000 to km 87900 Design length 87.90km of NH-346 including 3 nos. bypasses of 13.10 Km in the State of Madhya Pradesh under EPC mode.,MoRTH,Madhya Pradesh,2022-03-01,2023-05-01,2025-05-01,2026-09-01,365.21
618020,"Rehabilitation & Upgradation of KurwaiMungaoliChanderi Road section of NH-346, from Design Chainge 0.000 to 81.300 Km Total length 83.1 km to Two lane with paved shoulder configuration along with One time improvement in 07 nos of bypassed built- up areas in a total length of 22.615 km in the state of Madhya Pradesh on EPC mode.",MoRTH,Madhya Pradesh,2022-03-01,2023-02-01,2025-02-01,2026-12-01,386.49
618021,Up-gradation of Pichhore- Dinara section of NH-346 from Km 292.750 to 334.550 to two lane with paved shoulders in the state of Madhya Pradesh on EPC mode,MoRTH,Madhya Pradesh,2024-02-01,2025-12-01,2027-06-01,2027-06-01,425.97
618022,Upgradation to two lane with paved Shoulder Configuaration from Km. 0/00 to 47/000 of NH 351 Mahuva to Badhada section in the State of Gujarat,MoRTH,Gujarat,2022-12-01,2024-02-01,2025-08-01,2026-12-01,219.08
618023,Work of Widening/upgradation of 2-Lane with paved shoulder of Sri Muktsar Sahib to Malout road from Km 279.400 to Km 307.060 section of NH-354 in the State of Punjab on EPC mode. Job No. NH-354-PB-2021-22-555,MoRTH,Punjab,2022-03-01,2023-10-01,2025-04-01,2026-03-01,152.58
618024,Up-gradation to two lane with paved shoulder configuration of NH-354 Section Arifkes- Ferozepur-Muktsar-Malaut from Km 201.500 to Km 212.500 & Km 229.690 to Km 269.960 and strengthening of existing pavement from Km 212.500 to Km 229.690 excluding Km 218.500 to 223.690 of NH-354 on EPC Mode in the State of Punjab. Job No. NH-354-PB-2020-21-532,MoRTH,Punjab,2021-03-01,2023-10-01,2025-04-01,2026-09-01,263.19
618025,Rehabiitation and upgradation from km 121/000 to 154/000 Nakrekal to Mallampally section of NH-365 to 2 lane with paved shoulders in the state of Telangana in the EPC mode,MoRTH,Telangana,2018-03-01,2018-06-01,2019-12-01,2026-09-01,192.67
618026,Rehabilitation and upgradation to two lane with paved shoulders from Km 0/000 to 72/6 of NH-365 Nakrekal to Tanamcherla section under NHDP IV in the state of Telangana under EPC mode,MoRTH,Telangana,2017-06-01,2017-11-01,2019-10-01,2026-05-01,605.08
618027,Widening to 2LPS from Km 71.00 to 104.00 Existing chainages Sarjapur to Pattadkallu on Bhanapur to Gaddanakeri section NH-367 in the State of Karnataka under NHO on EPC mode under Annual Plan 2022-23 NH-367-KNT-2022-23-972 dated 08.02.2023,MoRTH,Karnataka,2023-02-01,2024-03-01,2026-03-01,2026-12-01,445.62
618028,"Construction of Bypass at Kuknoor, Yelburga, Gajendragada of Bhanapur Gaddanakeri section of NH-367 in the State of Karnataka under NHO on EPC mode under Annual Plan 2022-23. NH-367-KNT-2022-23-973 dated 08.02.2023",MoRTH,Karnataka,2023-02-01,2025-06-01,2027-06-01,2027-06-01,333.96
618029,Widening to 4 lane from Km. 133.00 to 158.04 design Chainage Km. 130.88 to 155.145 Shirur Cross to Gaddankeri of NH-367 in the State of Karnataka on EPC mode. Job No. NH-367-KNT-2021-22-930,MoRTH,Karnataka,2022-01-01,2023-01-01,2025-01-01,2027-03-01,312.06
618030,Widening to 2 lane with paved shoulder from Km. 103.225 Pattadakal to Km. 133.00 Shirur cross of NH-367 in the state of Karnataka on EPC Mode.Job No. NH-367-KNT- 2021-22-934,MoRTH,Karnataka,2022-02-01,2022-11-01,2024-05-01,2026-12-01,264.14
618031,Balance work of Construction of Two/Four lane with paved shoulder from Km 422.000 to 523.600 Chitradurga to Shivamogga of NH-13 in the state of Kanataka on EPC mode.,MoRTH,Karnataka,2021-01-01,2021-12-01,2025-12-01,2026-08-01,516.96
618033,4-Laning of Itanagar to Bandardewa section of NH-415from km 40430 to km 51735 Package-Bon EPC Mode in the state of Arunachal Pradesh Job NO. 415/Ar. P/2020- 21/031,MoRTH,Arunachal Pradesh,2020-06-01,2021-12-01,2024-12-01,2026-07-01,496.47
618034,Construction of 2 lane Barpeta Bypass from Km 77900Baradi to Km 86150 Deurikuchi Length8.25Km on NH-427 in the state of Assam under EPC ModeJob No.427/AS/2022-23/245,MoRTH,Assam,2023-03-01,2025-02-01,2026-08-01,2026-08-01,173.65
618035,Rehabilitation & Upgradation of existing intermediate lane to two Lane with paved shoulder from km. 0.600 Gulganj bypass on NH-34 to km. 43.00 Barna River length 42.400 km. on Gulganj-Amanganj-Pawai-Katni NH43 Extn. in the state of Madhya Pradesh on EPCmode.,MoRTH,Madhya Pradesh,2023-03-01,2024-11-01,2026-05-01,2026-12-01,275.4
618036,Upgradation and reconstruction of existing intermediate lane to two Lane with paved shoulder configuration from km. 43.00 Barna River to km. 77.00 ken river length 34.00 km. on Gulganj-Amanganj-Pawai-Katni NH43 Extn. along with One time improvement in 01 no. of bypassed built-up area in a total length of 1.585 km in the state of Madhya Pradesh on EPCmode.,MoRTH,Madhya Pradesh,2023-03-01,2024-11-01,2026-11-01,2027-03-01,315.55
618037,Rehabilitation and Up-gradation of existin of road from 2-lane to 2-lane with paved shoulders from km. 0.00 to km 53.590 total length-53.590 km of Raychoti to Vempalli section of NH-440 in the State of Andhra Pradesh on EPC mode.,MoRTH,Andhra Pradesh,2021-12-01,2022-05-01,2024-05-01,2026-09-01,359.52
618038,Construction of Shopian Bypass on NH-444 taking off from existing chainage Km 36500 and re-joining at km 47588 of existing Chainage New Design Ch. From km 28000 to km 36925 as 2- lane with paved shoulder in the UT of Jammu & Kashmir on EPC mode.,MoRTH,"Jammu and
Kashmir",2024-03-01,2026-01-01,2028-01-01,,224.44
618039,Widening to 2 Lane from Existing Chainage Km 74.700 Km 100.660 Design Chainage Km 53.365 to Km 78.785 on NH- 507 in the State of Uttarakhand.,MoRTH,Uttarakhand,2024-01-01,2025-10-01,2028-04-01,,346.82
618040,Rehabilitation and Upgradation to Two lanes with Paved Shoulders configuration and Strengthening from Km 175.00 to Km 196.00 Gumkhal to Satpuli of NH-119 New NH- 534 in the State of Uttarakhand under NHO Annual Plan 2021-22 under EPC mode,MoRTH,Uttarakhand,2022-03-01,2025-01-01,2027-01-01,,452.81
618041,Rehabilitation and upgrading to two lanes with paved shoulders and Strengthening of Kotdwar-Pauri-Srinagar road section from Km 232.00 to 274.470 on NH-119 New 534 Paidul to Srinagar in the State of Uttarakhand on EPC Mode under NHO Annual Plan 2021-22.,MoRTH,Uttarakhand,2022-02-01,2025-12-01,2027-12-01,,299.31
618042,"Rehabilitation/ Upgradation of existing Highway to four lane standards in Kurkheda town from km.413257 to km 410775, Two lane in Shankarpur Gurnuli km 42400 to km 43100 section and Reconstruction of Major Bridge at Ch. 448558 Bhuti Nallah and Ch. 411695 Sati River bridge, Minor Bridge at Ch. 411477 and Ch. 405800 Lendhari Bridge of NH 543 Bhamhapuri-wadsa-kurkheda-korchi-Deori-Amgaon road on EPC mode in the State of Maharashtra",MoRTH,Maharashtra,2022-03-01,2023-11-01,2025-05-01,2026-12-01,163.86
618043,Upgradation and reconstruction of Dindori - Mandla Section of NH 543 from Km 77100 Design to Km 170580 Design Total length 93.48km to Two lane with paved shoulder configuration along with One time improvement in 04 nos of bypassed built-up areas in a total length of 7.23 km in the state of Madhya Pradesh on EPC mode,MoRTH,Madhya Pradesh,2022-03-01,2024-01-01,2026-07-01,2026-09-01,523.71
618044,Upgradation of Shahdol- Sagartola Section of NH 543 from km 0000 to km 69400 to 2 lane with paved shoulders under Hybrid Annuity Mode HAM in the State of Madhya Pradesh,MoRTH,Madhya Pradesh,2024-02-01,2026-03-01,2028-03-01,,851.4
618045,"Construction of Mihona bypass, Lahar bypass, Daboh bypass & Bhander Bypass total length 20.60 km to 2-lane with paved shoulder from on Mihona-Bhander-MP/UP border section of NH 552E in the State of Madhya Pradesh on EPC mode",MoRTH,Madhya Pradesh,2022-03-01,2023-06-01,2024-12-01,,179.18
618046,Rehabilitation & Up-gradation of Sabalkhed to Ashti Section from Km 37900 to Km 55100 & Chinchpur to Jamkhed Section from km 70000 to km 72922 of NH-561 to Two lane with Paved shoulder/ Four lane configuration in the State of Maharashtra on EPC Mode Length20.122km.,MoRTH,Maharashtra,2022-03-01,2023-04-01,2024-09-01,,213.33
618047,"Widening, Reconstruction & Up-gradation to 2 lane with Paved Shoulder/Four Lane configuration for the work of Ahmednagar to Sabalkhed & Ashti to Chinchpur Section of NH-561 from Design km 2915 to km 37728 & Design km 55100 to km 70000 in the State of Maharashtra on EPC mode. Length 49.713 km",MoRTH,Maharashtra,2024-03-01,2025-05-01,2027-05-01,2027-05-01,657.16
618049,Up-gradation to 2/4 lane with paved shoulder configuration of NH-652 from Tuljapur Naldurg-Akkalkot road Chainage from Km. 00.000 to km 30.982 in the State of Maharashtra on EPC mode.,MoRTH,Maharashtra,2024-03-01,2025-01-01,2026-07-01,2026-08-01,183.41
618050,Rehabilitation and Upgradation to 2-lane/Intermediate lane configuration of Ashyari- Shri Kyari Section km 50.000 to km 75.000 of NH-707 in the state of Himachal Pradesh under Green National Highways Corridor Project GNHCP with the loan assistance of World Bank on EPC mode.,MoRTH,Himachal Pradesh,2020-08-01,2021-09-01,2023-09-01,2024-11-01,359.56
618051,Rehabilitation and Upgrading of NH-707 OLD 72-B Package - 2 Hewna to Ashyari,MoRTH,Himachal Pradesh,2020-04-01,2021-03-01,2023-03-01,2025-12-01,220.95
618052,Gorantla - Hindupur section from Km 120/300 to 165/000 of NH716G in the State of Andhra Pradesh,MoRTH,Andhra Pradesh,2024-10-01,2025-08-01,2027-08-01,2027-08-01,808.7
618053,Muddanur to B. Kothapalli section of NH-716G from Km. 0/000 to Km. 56/500 56.500 Km in the State of Andhra Pradesh on EPC mode Job no. 741,MoRTH,Andhra Pradesh,2024-10-01,2025-08-01,2027-08-01,2027-08-01,1019.97
618054,Construction of Balrampur bypass with 2L flexible pavement configuration from km.223.000 of NH-330 to km.328.300 of NH-730 under EPC mode,MoRTH,Uttar Pradesh,2022-12-01,2024-08-01,2026-02-01,2026-12-01,515.69
618055,Construction of Pratapgarh Bypass Extension connecting NH-31 to NH-330 on EPC mode in the State of Uttar Pradesh.,MoRTH,Uttar Pradesh,2022-10-01,2024-01-01,2025-06-01,2026-09-01,225.17
618056,Improvement and Up-gradation to two Lane with Paved Shoulder Configuration from existing km. 420.00 Shohrathgarh to km. 454.00 Uska Bazar of NH-730 in the state of Uttar Pradesh EPC basis,MoRTH,Uttar Pradesh,2022-01-01,2024-03-01,2025-09-01,2026-12-01,484.42
618057,Construction of Shohratgarh Bypass on NH-730 under EPC mode in the State of Uttar Pradesh,MoRTH,Uttar Pradesh,2022-10-01,2023-11-01,2025-05-01,2026-12-01,189.31
618059,Construction of four-lane Concrete Road from Police Headquarter Gondia City to Rawanwadi Village Birsi Airport Junction from design km 0.000 to km 15.781 existing km 39/720 of NH-753 to existing Km 8/400 of NH 543 on sections from Kohmara- Goregaon- Police HeadquarterKaranja - Collector Office Square - Balaghat T Point- Rawanwadi- Rajegaon of NH-753 and NH-543 in Gondia District in the state of Maharashtra. Total Length of the project 15.781 Km.,MoRTH,Maharashtra,2023-02-01,2024-02-01,2025-08-01,2026-10-01,328.11
618060,Widening and Strengthening of existing paveemnt to two lane with paved shoulders from km 116.00 to km 176.355 of NH-75E in the State of Jharkhand on EPC mode.,MoRTH,Jharkhand,2022-01-01,2023-01-01,2024-07-01,2026-10-01,315.21
618061,"Strengthening, Widening & Up-gradation of newly declared NH-761 from NH- 61Junction-BelheAlkutiDevibhoyareNighojShirur, from Design chainage Km 0.000 to Km 37.970 from Single/Intermediate/2L to 2LPS in the State of Maharashtra on EPC Mode Length 37.970 Km",MoRTH,Maharashtra,2024-03-01,2025-03-01,2026-09-01,2026-09-01,386.16
618062,Dornala to Kunta Junction from Design Chainage Km 244000 to 267990 section of NH-765 Package-2,MoRTH,Andhra Pradesh,2022-12-01,2024-03-01,2025-09-01,2026-01-01,244.83
618063,Widening & Strenghteningof section from Bharthana chowk to Kodarkoot km.0.00 to km.40.00 of NH-91-A on EPC mode,MoRTH,Uttar Pradesh,2020-03-01,2023-03-01,2024-09-01,2026-12-01,343.77
618064,Up-gradation of NH-930 Sherpar to Kohka from Km.67880 to Km.114860 to 2LPS in Chhattisgarh under EPC mode,MoRTH,Chhattisgarh,2020-03-01,2022-05-01,2024-05-01,,278.97
618065,"Rehabilitation/Upgradation of existing Highway to 2LPS/4 lane of Dhawali to Rajoli from Design Km.149476 to 163476 existing Km.150000 to 164000, Pandhasala to Mohadongri from design Km.170476 to 181476 existing Km.171000 to 182000, Ambeshivni Fata to Bodli from design Km.183476 to 185476 existing Km.184000 to 186000 and Made Tukum to Gadchiroli from design Km.188476 to 189476 existing Km.188000 to 18900 having length 28 km of NH-930 of Dhawali to Gadchroli road in the",MoRTH,Maharashtra,2022-03-01,2024-03-01,2025-09-01,2027-03-01,316.44
618066,Construction of Amethi bypass Part-II at km.30.050 of NH-931 under EPC mode in the state of Uttar Pradesh,MoRTH,Uttar Pradesh,2022-12-01,2025-02-01,2027-02-01,2027-02-01,283.86
618067,"Rehabilitation & Up-gradation from design Km. 0.000 to Km. 69.280 of NH-931 Pratapgarh - Amethi - Gauriganj -Musafirkhana to two lane with paved shoulder on Engineering, Procurement & Construction EpC mode in the State of Uttar Pradesh",MoRTH,Uttar Pradesh,2023-05-01,2025-11-01,2027-11-01,2027-11-01,1086.3
618068,"Construction of Kaithi-Padaria Kala bypass, Patna-Tamoli bypass, Jaso bypass and Nagod bypass total length 15.44 Km to 2-lane with paved shoulders flexible pavement on NH-943 in the State of Madhya Pradesh on EPC Mode.",MoRTH,Madhya Pradesh,2022-03-01,2023-10-01,2025-10-01,2026-12-01,158.36
618069,Upgradation to Two-lane with paved shoulder of Hanumangarh to Kenchiyan section from Km 0.000existing chainage-Km 23.200 to Km 49.605existing chainage-Km 74.645 of NH-54 in the State of Rajasthan on EPC mode.,MoRTH,Rajasthan,2022-03-01,2024-10-01,2026-10-01,2026-10-01,334.64
618070,Widening to 2 Lanes with paved shoulders from Km.87/000 to 133/720 Nattukal to Thanau Jn. in Palakkad of NH-966 Old NH-213 on EPC mode Basis under NHO Annual Plan 2016-17 in the state of Kerala,MoRTH,Kerala,2017-02-01,2017-08-01,2019-08-01,2026-06-01,315.63
618071,Construction of two lane with paved shoulder Gangtok Bypass Road from Ranipool to Burtuk Ch 0.00 Km to 23.316 L23.316 Km in the State of Sikkim,MoRTH,Sikkim,2021-10-01,2022-05-01,2024-05-01,2026-12-01,342.89
618072,Widening to Existing single lane /intermediate lane to 2 lane from Km185.00 to Km 220.00 of NH-61 New NH-02 in the state of Nagaland.,MoRTH,Nagaland,2021-03-01,2022-07-01,2024-07-01,2026-03-01,297.25
618073,Improvement to Two lane with Paved Shoulder from Junction of NH22 near Hajipur to Junction of NH -122 at Bachhwara via Mahnar and Mohiuddin Nagar from Km 0.00 to Km 29.730 of NH 122 B in the State of Bihar.,MoRTH,Bihar,2024-02-01,2024-08-01,2026-02-01,2027-02-01,226.16
618074,Pre construction activity of NH 122B from km 0 to 72.348 and Improvement to two lane with paved shoulders of NH 122B from km 29.730 to km 72.348 in state of Bihar under EPC mode,MoRTH,Bihar,2022-02-01,2023-05-01,2026-08-01,2026-08-01,624.43
618075,Construction of two lane with paved shoulder from existing Km.0.000 to Km.55.610 design km. 0.000 to km. 54.048 of NH-124D,MoRTH,Uttar Pradesh,2021-12-01,2024-02-01,2026-02-01,2027-03-01,773.58
618076,Improvement and Widening two lannig with paved Shoulder of NH 127B from km 31.500 Goeragre to km 63.224 Package-II in state of Meghalaya,MoRTH,Meghalaya,2023-12-01,2025-05-01,2027-05-01,,350.67
618078,Up-gradation of NH-130C Abhanpur to Paund from NH Km. 0000 to KM 40380 to two lane with paved shoulders in the State of Chhattisgarh on EPC mode.,MoRTH,Chhattisgarh,2020-12-01,2022-03-01,2023-09-01,2026-02-01,193.16
618079,Construction of Dharmagarh Bypass on NH-130C including land acquisition in the state of Odisha on EPC Mode under Annual plan 2022-23.,MoRTH,Odisha,2023-03-01,2025-04-01,2026-10-01,2026-10-01,172.66
618080,Improvement to two lane with paved shoulders of BH WB Border Amdabad Manihari section from design Km 0.000 to Km 23.945 of NH 131 A Total length 23.945 Km under EPC mode in the state of Bihar,MoRTH,Bihar,2022-01-01,2025-05-01,2026-11-01,2027-06-01,353.27
618081,Construction of Mariahu Bypass with four lane paved shoulder configuration Km. 53.540 to Km.59.200 of NH-135A on EPC mode in the state of Uttar Pradesh,MoRTH,Uttar Pradesh,2023-03-01,2024-02-01,2026-02-01,2026-12-01,362.39
618082,Widening & Upgradation to four lane configuration from Km.34.900 Bhadohi to km.73.134 Jaunpur of NH-135A on EPC mode,MoRTH,Uttar Pradesh,2021-03-01,2022-11-01,2024-05-01,2026-09-01,392.03
618083,Construction of byepass around Lohardaga town of NH-143A in the Sate of Jharkhand under EPC mode.,MoRTH,Jharkhand,2022-02-01,2024-01-01,2026-01-01,2026-09-01,458.78
618084,Widening to 2-lane with paved shoulder from km 0.00 to 44.00 Kuru-Ghaghra section of NH-143A including re-construction of culverts and bridges.,MoRTH,Jharkhand,2020-02-01,2021-08-01,2023-08-01,2026-10-01,133.67
618085,Upgradation of Nasrullagani-Rehti-Budhni Scction to 2-lane with paved shoulder from Km 0150 to Km 50500 of NH-146B in the state of Madhya Pradesh on EPC mode.,MoRTH,Madhya Pradesh,2021-12-01,2023-04-01,2024-10-01,2026-10-01,293.74
618086,"Widening to Two Lane with Paved Shoulders from KB Cross to Chunchanahalli ie., Design Ch. 485240 Km Existing Km 494.000 to Design Ch. 523393 Km Existing km 533.152 & From Design Ch. 530393 Existing Km 540.175 to Design Ch. 534476 Existing Km 544.200 at Nelligere of NH-150A on EPC mode under Annual Plan 2022-23 NH-150A-KNT-2022-23-977 dated 08.03.2023",MoRTH,Karnataka,2023-03-01,2025-07-01,2027-01-01,2027-01-01,617.28
618087,Widening to intermediate/two lane to 2 lane with paved shoulder from Existing chanages Km 112.750 to 142.00 Liingasur to Mudabal cross & from Km. 147.070 to Km. 149.070 Maski city limit of Jewargi Chamrajnagar setion of NH-150A in the state of Karnataka on EPC mode. Job No. NH-150A-KNT-2021-22-951,MoRTH,Karnataka,2022-03-01,2023-01-01,2024-07-01,2026-08-01,255.88
618088,Nandurshingote to Kolhar,MoRTH,Maharashtra,2024-09-01,2025-06-01,2026-12-01,2026-12-01,325.79
618089,Rehabilitation & Up-gradation of Mudkhed to Nanded section from Km. 372000 to Km 388400 of NH 161A i.e. Nanded-Bhokar-Himayatnagar-Kinwat-Mahur-Arani Road Design chainage from Km 372000 Mudkhed to Km 387650 Nanded of NH 161A Length 15.65 Km to 2/4Lane with paved shoulders configuration in the State of Maharashtra on EPC mode.,MoRTH,Maharashtra,2022-03-01,2023-04-01,2025-04-01,2026-10-01,206.54
618090,Sarsam - Kothari of NH-161A - 2L PS from Km.33/00 to 90/00,MoRTH,Maharashtra,2017-02-01,2017-06-01,2019-06-01,2025-11-01,545.64
618091,Widening to two lane with paved shoulders from Km 0/000 to Km 45/946 of Nizampet- Narayankhed-bidar section of NH-161B in the state of Telangana under Annual Plan 2021-22 on EPC mode under NHO,MoRTH,Telangana,2022-03-01,2024-02-01,2026-02-01,2027-03-01,512.98
618092,Up-gradation to 2 lane with paved shoulder from Neechli Oden Nathdwara at Design Km 88.800 existing km 55.95 to Bhatewar at Design Km 142.028 existing km 0.00 of NH-162E in the State of Rajasthan on EPC mode.,MoRTH,Rajasthan,2023-02-01,2024-10-01,2026-10-01,2026-10-01,606.61
618093,Up-gradation to 2 lane with Paved shoulder from Charbhuja at Design km 0.00 existing km 150.00 to Neechli Oden Nathdwara at Design ch. Km 88.800 existing km 55.950 of NH-162E on EPC mode.,MoRTH,Rajasthan,2022-02-01,2023-09-01,2025-09-01,,838.43
618094,Pen to Khopoli 2LPS,MoRTH,Maharashtra,2018-03-01,2018-06-01,2019-12-01,2025-12-01,369.39
618095,Widening to Two Lane with Paved Shoulders from Km 0.00 Design Chainage 0.00 to Km 23.338 Design Chainage 23310 of NH-166E MH/KNT Border- Kanamadi- Bijjargi- Tikota section in the state of Karnataka in EPC Mode under Annual plan 2022-23 NH- 166E-KNT-2022-23-974,MoRTH,Karnataka,2023-02-01,2024-09-01,2026-03-01,2027-03-01,196.05
618096,Rehabilitation and Up-gradation to 2 lane road with paved shoulders configuration for the balance work of 13 km length on Helwak-Patan-Karad section Km. 85000 to 133 417 of NH-166E in the state of Maharashtra on EPC mode.,MoRTH,Maharashtra,2024-02-01,2024-10-01,2026-04-01,2026-12-01,181.45
618097,Guhagar - Rampur - 2L-PS - km 0/00 Guhagar to 26/230 Rampur and 40/00 Mirjoli to 53/600 Sati on NH-166E,MoRTH,Maharashtra,2017-01-01,2017-06-01,2019-06-01,2025-08-01,407.2
618098,"Upgradation of exhisting 2 lane flexible pavement to 2 lane paved shoulders rigid pavement from design chainage Km 66.00 to Design Km 82.440 Start of Kolhapur Municipal corporation near Phulewadi to kale, design length 16.440 Km section on Talere Gaganbawada-Kolhapur road NH 166G in the state of Maharashtra on EPC mode",MoRTH,Maharashtra,2021-03-01,2022-11-01,2024-05-01,2026-08-01,167.97
618099,"Rehabilitation & up-gradation for Talere Gaganbawada - kolhapur Road NH 166G stretch start from km. 0/00 to Km. 06/00 and km. 13/00 to km 19/440 of NH-166G, length 12.440 km in the State of Maharashtra.",MoRTH,Maharashtra,2024-03-01,2024-10-01,2026-04-01,2026-04-01,164.13
618101,Kondamodu to Perecherla Section Design Ch. Km 000 to Km 49917 of NH-167AG to to 4LPS,MoRTH,Andhra Pradesh,2024-10-01,2025-04-01,2027-04-01,2027-04-01,881.61
618103,Rehabilitation and upgradation from Km 22300 to 58635 of MudireddyPalle to Kadapa/Nellore Border via porumamilla Section of NH 167 Two Lane with paved Shoulder in,MoRTH,Andhra Pradesh,2022-03-01,2024-10-01,2026-04-01,2026-07-01,279.29
618104,Widening to two lane with paved shoulders from Km 0/000 to Km 79/300 of Kalwakurthy - Kollapur section of NH-167K in the state of Telangana under annual plan 2021-22 on EPC mode under NHO.,MoRTH,Telangana,2022-03-01,2023-07-01,2025-07-01,2026-08-01,886.69
618105,Widening and strengthening to 4 lane / 2-lane with paved shoulders of Mahabubnagar - Chincholi section from km 60/255 to Km 102/834 of NH-167N in the State of Telangana on EPC mode.,MoRTH,Telangana,2022-03-01,2023-10-01,2025-10-01,2026-11-01,631.49
618106,Widening and Strengthening to 2/4 lane with paved shoulders of Mahabubnagar Chincholi section from Km 0/0 to Km 60/255 of NH-167N in the state of Telangana under Annual plan 2021-22 on EPC modepackage-I under NHO Job No.167N-TS- 2021-22-75,MoRTH,Telangana,2022-01-01,2026-05-01,2027-11-01,2026-03-01,703.68
618107,Upgradation of Mehsana-Visnagar-vadnagar-Kheralu-Idar section from km 0/00 to 81/300 of NH 168G Mehsana to Idar in the State of GujaratTotal Length 81.300 Km on Hybrid Annuity Mode HAM,MoRTH,Gujarat,2024-02-01,2025-12-01,2028-06-01,2028-06-01,1155.21
618108,Up-gradation and strengthening to 2lanePS from Km 95/500 to km 129/775 of Nh 168G Idar-Bhiloda-Samlaji in the state of Gujarat Length 34.275 km,MoRTH,Gujarat,2022-09-01,2023-12-01,2025-12-01,2026-12-01,237.28
618109,Widening to 4 lane from Km 51.60 to 76.20 Hebri to Parkala and from Km 85.20 to 88.90 Karavali junction to Malpe of Thirthahalli-Udupi-Malpe Section of NH-169A in the State of Karnataka on EPC Mode under Annual plan 2021-22 Job No. NH-169A- KNT-2021-22-927,MoRTH,Karnataka,2022-01-01,2022-12-01,2024-12-01,2026-11-01,355.72
618110,Improvement and upgradation to two lane with Paved Shoulder configuration from existing km 55.00 to km 90.00 Design length 34.76 of NH-227A near Chhapia Village to near Sikriganj in the State of UP on EPC Mode.,MoRTH,Uttar Pradesh,2021-11-01,2022-11-01,2024-05-01,2025-07-01,307.11
618111,Improvement and upgradation to two lane with paved shoulder configuration from existing km 90.00 to 130.00 Design length 39.15 of NH-227A near Sikriganj to Barhalganj in the State of UP on EPC Mode.,MoRTH,Uttar Pradesh,2021-08-01,2023-12-01,2025-06-01,2026-08-01,345.34
618112,"Improvement and up-gradation of NH-227B 84 Kosi Parikrama Marg Package I, from km 228.920 Jagarnathpur to Km 235.960/0.000 MakhaudaDham to Km 29.000 Sarpur in the State of Uttar Pradesh on EPC basis",MoRTH,Uttar Pradesh,2022-03-01,2025-05-01,2026-11-01,2027-05-01,912.5
618113,"Improvement and up-gradation of NH-227B 84 Kosi Parikrama Marg Package III, from Km.47.800 Gosaiganj to Km.73.300 Bikapur in the State of Uttar Pradesh on EPC basis.",MoRTH,Uttar Pradesh,2022-03-01,2025-05-01,2026-11-01,2027-05-01,587.97
618114,"Improvement and up-gradation of NH-227B 84 Kosi Parikrama Marg PackageV, from Design Km.140.960 Patranga to Km.160.200 Bahuvan Madar Majha on EPC mode in the State of Uttar Pradesh",MoRTH,Uttar Pradesh,2023-03-01,2026-02-01,2028-08-01,2028-08-01,1192.33
618116,lmprovement and Up-gradation from Km. 73.300 Bikapur to Km.140.960 Patranga of NH-227B 84 Kosi Parikrama Marg to 2LPS along with Parikrama Path,MoRTH,Uttar Pradesh,2022-11-01,2026-01-01,2028-01-01,2028-01-01,1679.75
618117,Upgradation to 2-Lane with Paved Shoulder from Design Km 36300 to Design Chainage 47918 and from Design Ch 69900 to Design Ch 83940 of NH-248A Natni Ka Bara in the State of Rajasthan on EPC Mode.,MoRTH,Rajasthan,2024-02-01,2024-11-01,2026-05-01,2026-08-01,154.89
618118,Upgradation of two lane paved shoulder from Shahpura existing km. 0.00 Design Ch. 000 to Thanagazi existing Km.37352 Design Ch. 36810 of NH-248A on EPC mode in the State of Rajasthan.,MoRTH,Rajasthan,2022-03-01,2023-02-01,2024-07-01,2025-07-01,174.34
618119,Rehabilitation and up-gradation to 2-lane configuration of Bageshwar to Kangarchina road from km 129.600 to Km 161.600 Existing Chainage 136.00 to Km 169.00 of NH- 309Ain the State of Uttarakhand Package-IV under NHO Annual Plan 2021-22,MoRTH,Uttarakhand,2022-03-01,2024-08-01,2027-02-01,,472.23
618120,construction of Four-Lane of chausa-Buxar Bypass from Km 45.000 to Km 65.915 Package - 2 in the State of Bihar on EPC Mode.,MoRTH,Bihar,2022-09-01,2026-01-01,2028-01-01,2028-01-01,1060.16
618121,Improvement to two lane with paved shoulders of NH-319A from km 0 to km 45 in state of Bihar under EPC mode,MoRTH,Bihar,2022-02-01,2023-06-01,2024-12-01,2026-11-01,427.29
618122,Widening to 2 lane with paved shoulded of Jareikela Jharkhand/Odisha Border - Dhabaleswar section from 0/0 to 36/0 of NH-320D in the State of Odisha under Annual Plan 2021-22.,MoRTH,Odisha,2022-03-01,2024-10-01,2026-10-01,2026-10-01,172.09
618123,Widening and Strengthening/Reconstruction to Two Lane with Paved Shoulder/ Two Lane with paved shoulders with service road from km 0000 to km 42250 excluding design Ch. 03220 to 04200 & 28350 to 29060 of NH-320G in the state of Jharkhand under EPC mode,MoRTH,Jharkhand,2022-03-01,2023-08-01,2025-08-01,,423.18
618124,Rehabilitation and upgradation from km 51.600 to km 75.700 of NH-321G Nuhkhas to Etah section to two lane with paved shoulder configuration under EPC mode in the State of Uttar Pradesh,MoRTH,Uttar Pradesh,2022-01-01,2024-02-01,2025-08-01,2026-11-01,343.54
618125,Rehabilitation and upgradation of NH 326A from km 0/0 to 41/979 excluding km 2/255 to 3/372 and km 36/820 to 38/275 Odisha border to Narasamapeta to two lane with paved Shoulders in the State of Andhra Pradesh under NHO on EPC Mode,MoRTH,Andhra Pradesh,2018-03-01,2018-09-01,2020-03-01,2025-10-01,228.32
618126,"Pre-Construction activities from Km 134.000 to Km 190.233 of NH-333A and Construction of 4 no. of Bypasses at Katoria, Lakhpura, Banka & Panjwara total length-14.359 Km to two lane with paved shoulders standard in State of Bihar.",MoRTH,Bihar,2022-11-01,2024-12-01,2026-12-01,2027-03-01,479.37
618127,Construction of 2- Lane with paved shoulder from km 56.45 Dharampur More to 93.050 Pakur of NH-333A in the State of Jharkhand on EPC mode,MoRTH,Jharkhand,2023-03-01,2025-11-01,2027-05-01,2027-05-01,255.73
618129,"Construction of Kasrawad bypass, Selani bypass, Khargone bypass & Bistan bypass Total length. 31.950 km Section of NH-347 C to Two lane with paved shoulder configuration in the State of Madhya Pradesh on EPC mode.",MoRTH,Madhya Pradesh,2023-03-01,2024-12-01,2026-12-01,2026-12-01,467.93
618130,Widening to 2 lane with paved shoulders from 0.00 to 32.970 ofAdilabadto Bela section of NH 353B in the State of Telangana,MoRTH,Telangana,2022-10-01,2024-05-01,2026-05-01,2026-12-01,490.92
618132,Widening & strengthening of existing carriageway in 2 lane with paved shoulders from km 25/0 to 59/2 design Ch km 25.467 to 59.200 of NH - 353C on EPC mode in the state of Telangana,MoRTH,Telangana,2018-02-01,2018-06-01,2020-06-01,,206.13
618133,Strengthening and Widening of road Sakoli- Wadsa-Armori-Gadchiroli-Ashti- Allapalli - Sironcha National highway NH 353C in Km 262/00 to 321/00 including 16 minor Bridges and 2 Major Bridge Total length 59 Km section from repanpalli to sironcha in Gadchiroli Dist in the State of Maharashtra.,MoRTH,Maharashtra,2021-03-01,2022-06-01,2024-05-01,2027-03-01,280.57
618134,Rehabilitation /Upgradation from Lagam to Alapalli section Desing Km. 199/400 to km 227/400 Length 28.0 Km to 2 lane with Paved Shoulders/ 4 lane configuration section of NH-353 C Sakoli-Wadsa-Armori-Gadchiroli-Ashti-Alapalli Sironcha in Gadchiroli District on EPC mode in the state of Maharashtra.,MoRTH,Maharashtra,2023-02-01,2024-09-01,2026-09-01,2026-09-01,459.39
618136,Upgradatiobn and Rehabilitation of Section of NH 361 F from Parli 00/000 to Gangakhed 30/400 to Two Lanes with paved shoulder / Four lane configurations on EPC mode in the State of Maharashtra.,MoRTH,Maharashtra,2021-03-01,2022-02-01,2023-09-01,2026-03-01,224.44
618137,Rehabilitation and Up-gradation of Jarud - Sirsala section of NH-361F km 59500 to km11500 to Two lane with paved shoulder/ Four Lane in the state of Maharashtra on EPC mode Length 55.5 Km.,MoRTH,Maharashtra,2024-03-01,2025-05-01,2027-05-01,2027-05-01,540.35
618138,"Widening, Reconstruction & Up-gradation to 2 lane with Paved Shoulder/Four Lane configuration for the work of Sautada to Shirapur Section of NH-561 from Design km 86300 to km 125589 in the state of Maharashtra on EPC mode. Design length 39.289 km",MoRTH,Maharashtra,2024-03-01,2025-05-01,2026-11-01,2026-11-01,349.57
618139,Rehabilitation and Up-gradation of Gangakhed Loha section of NH-361F from Km 169/00 to 210/00 to two lane with paved shoulder/ four lane configuration in the state of Maharashtra on EPC mode Length - 41.00 Km.,MoRTH,Maharashtra,2024-03-01,2025-04-01,2026-09-01,2026-09-01,355.12
618140,Widening to two/four lane with paved shoulders from Km.34.250 to Km.71.830 of NH- 365A on Kodad-Khammam-Kurvi road.,MoRTH,Telangana,2022-10-01,2025-02-01,2027-01-01,2027-01-01,445.76
618141,Widening and Improvement of existing carriage way to 2 lane with paved shoulders from Km. 86/160 to 131/730 of Jangaon-Duddeda section of NH-365B in the State of Telangana on EPC Mode,MoRTH,Telangana,2022-01-01,2022-12-01,2024-12-01,2026-12-01,423.48
618142,Widening to Two lane with Paved shoulders from km.40/410 to 84/037 of Thirumanlagiri-- Suryapet Section of NH-365B earstwhile section of SH-16,MoRTH,Telangana,2017-01-01,2017-05-01,2019-05-01,2019-09-01,244.54
618143,widening to two lane with Paved shoulders from Km.0/970 to Km.40/410 of Jangaon - Thirumal giriof NH- 365B in the state of Telanganaon EPC mode under NHO Annual Plan 2016-17,MoRTH,Telangana,2017-03-01,2017-11-01,2019-10-01,2019-10-01,197.0
618144,Construction of Major Bridge Across Sharavathi Backwaters and approches between Ambargodu and Kalasavalli Near Sigandhur in Sagar Taluk on NH 369E in the State of Karnataka on EPC mode.Job No. NH-369E-KNT-2018-19-895 dated 06.03.2019.,MoRTH,Karnataka,2019-03-01,2019-12-01,2022-12-01,,423.15
618145,Widening to two lane with paved shoulder of Rampachodavaram - Koyyuru section of NH 516E from Km 43700 to Km 113820 in the State of Andhra Pradesh on EPC mode Job No. 737,MoRTH,Andhra Pradesh,2022-03-01,2023-01-01,2025-01-01,2026-04-01,568.12
618146,Estimate for Improvement to two lane with paved shoulder from Ramnagar to Roseda from km 3.500 to 43.000 of NH 527 E on EPC mode in State of Bihar,MoRTH,Bihar,2022-01-01,2024-10-01,2026-04-01,2027-04-01,495.16
618147,Widening to 2 Lane with Paved Shoulders from design Km 103.200 Existing Km 103.200 to design Km 116.700 Existing Km 118.470 on AP/KNT Border to Sira Section of NH-544E in the State of Karnatakaon EPC mode under Annual plan 2022- 23,MoRTH,Karnataka,2023-01-01,2024-03-01,2025-09-01,2026-08-01,166.58
618148,Widening to 4LPS of NH-548B from Km 80.000 Near Murgundi to Km 140.200 Near Chikkodi excluding length from Km 118.450 to Km 128.450 in the State of Karnataka under NH O on EPC Mode under Annual Plan 2022-23 - Package 1 NH-548B-KNT- 2022-23-979 dated 09.03.2023,MoRTH,Karnataka,2023-03-01,2026-04-01,2028-04-01,2028-04-01,785.79
618149,Widening to two lane with paved shoulders from Km 0.00 to 102.310 Design Chainage of NH-548B Murrum-Maharashtra Border in the State of Karnataka,MoRTH,Karnataka,2023-02-01,2025-01-01,2027-01-01,2027-01-01,957.09
618150,Rehabilitation and Up-gradation of i. Deogaon phata to Digras phata Ch. 0/000 to 15/000 & Selu to Borgavhan Ch 20/900 to 35/800 [Length 29.9km] ii. Injegaon Dhamoni to Pohner Phata Ch.58/200 to Ch. 83/700 [Length25.5 km] and iii. Pohner phata to Pathri Design Ch. 42/700 to 58/200 [Length 15.5 km] sections of NH-548B to Two lane with paved shoulder configuartion in the state of Maharashtra on EPC mode Total project length 70.9 Km.,MoRTH,Maharashtra,2024-03-01,2025-05-01,2027-05-01,2027-05-01,761.83
618151,Widening to 4LPS of NH-548B from Km 118.450 Near Shirguppi to Km 128.450 Near Ankali in the State of Karnataka under NH O on EPC Mode Under Annual Plan 2022- 23 NH-548B-KNT-2022-23-982,MoRTH,Karnataka,2023-03-01,2026-05-01,2029-05-01,,1084.29
618152,Mhaswad to Tembhurni section of NH-548C - 2L PS,MoRTH,Maharashtra,2017-01-01,2017-08-01,2019-07-01,2026-08-01,488.6
618153,Satara to Mhaswad,MoRTH,Maharashtra,2017-01-01,2017-08-01,2019-08-01,2026-08-01,653.46
618154,"Rehabilitation & upgradation of Jamkhed to Sautada Section of NH548 D from km 195.375 to km 208.774, Length 13.399 Km to 2L PS /4L configuration with rigid pavement in the state of Maharashtra on EPC mode.",MoRTH,Maharashtra,2022-03-01,2023-01-01,2024-07-01,2026-06-01,157.62
618155,Development/Widening of Talegaon Chakan Shikrapur Nhavara Section of NH-548D from existing chainage km. 54/000 to 82/300 and Design chainage Km. 54/000 to 82/120 Shikrapur to Nhavara Section to 2LPS/4L Configuration on EPC Mode in the State of Maharashtra.,MoRTH,Maharashtra,2024-03-01,2025-01-01,2026-07-01,2026-09-01,396.17
618156,"Construction of Morena bypass, Ambah bypass & Porsa bypass Totat length 27.16 km Section of NH-552 Ext. to TWo lane with paved shoulder configuration in the state of Madhya Pradesh on EPC mode",MoRTH,Madhya Pradesh,2023-02-01,2024-10-01,2026-10-01,2026-10-01,492.66
618157,Construction of Ater realignment & Bhind bypass Total length. 21.50 km Section of NH-552Extn. to Two lane with paved shoulder configuration in the State of Madhya Pradesh on EPC mode.,MoRTH,Madhya Pradesh,2023-03-01,2024-12-01,2026-06-01,2026-12-01,348.06
618158,"Upgradation of Goras to Shyampur Road section of NH-552 Ext., from Design Chainge 48.400 to 111.800 Km Total length 63.40 km to two lane with paved shoulder configuration along with One time improvement of 8.91 km in the state of Madhya Pradesh on EPC mode",MoRTH,Madhya Pradesh,2023-03-01,2024-12-01,2026-12-01,2026-12-01,416.96
618159,"Construction of new 2 Lane with paved shoulders of NH Standards from km 0.080 to km 11.690 L11.610 km in Majuli and from km 19.715 to km 27.484 L 7.769 km in Jorhat on the newly declared NH 715K and construction of 1.10 km flyover on NH-715 with its approaches and service roads L1.10 km, Total Length 20.479 km in the State of Assam Job No. 715K/AS/2023-24/256",MoRTH,Assam,2024-02-01,2025-09-01,2027-03-01,2027-03-01,382.1
618160,"Construction of 2 lane Major Bridge including approaches over Brahmaputra between Majuli on North Bank and Jorhat on South Bank from km. 11.690 to km. 19.715 length of bridge 6,812.5m Package - II on NH-715K in the state of Assam Job no. 715/AS/2020-21/213",MoRTH,Assam,2025-03-01,2025-12-01,2027-12-01,2027-12-01,1019.17
618161,Widening and Reconstruction of existing road to four lane from Km.56400 to Km 120300 i.e. from B.Kothapalli Junction to Gorantla excluding Kadiri Bypass from Km 70200 to Km 77105 of NH 716G in the State of Andhra Pradesh on EPC mode Job no. 742,MoRTH,Andhra Pradesh,2022-03-01,2023-09-01,2025-12-01,2026-04-01,839.98
618162,"Improvement and up-gradation to 2LPS of NH-227B 84-Kosi Parikrama Marg PackageVI, Design Km 160200 Bahuvan Madar Majha to Km 224040 Jagarnathpur under HAM",MoRTH,Uttar Pradesh,2023-05-01,2026-01-01,2028-01-01,2028-01-01,2008.7
618163,"Rehabilitation and Up-gradation from km. 0000 to km.40390 of NH-730S MaharajganjNichloulThuthibari to two lane with paved shoulders in the State of U.P. on Engineering, Procurement & Construction EPC Basis.",MoRTH,Uttar Pradesh,2023-03-01,2024-06-01,2025-12-01,2026-12-01,603.19
618164,Construction of four lane highway with paved shoulder from Km.74.700 to Km.112.950 of NH-731A i/c Yamuna Bridge on HAM in the state of Uttar Pradesh.,MoRTH,Uttar Pradesh,2022-03-01,2024-06-01,2026-06-01,2026-08-01,1157.31
618165,Construction of 4-lane highway with paved shoulders from Km 49.155 to Km 74.700 of NH-731A on Hybrid Annuity Mode in the state of Uttar Pradesh,MoRTH,Uttar Pradesh,2022-01-01,2024-02-01,2026-01-01,2026-07-01,1156.72
618166,Construction of 4-lane green field highway from Km. 35.000 to Km. 49.155 of NH- 731A with paved shoulders on Hybrid Annuity Mode in the state of Uttar Pradesh,MoRTH,Uttar Pradesh,2022-01-01,2023-10-01,2025-10-01,2026-07-01,697.66
618167,Rehabilitation & Upgradation of NH-731A from Km.0.00 to Km.35.00 to 2-lane with paved shoulder under EPC mode,MoRTH,Uttar Pradesh,2021-03-01,2022-08-01,2023-08-01,2026-06-01,264.86
618168,Widening to four lane with paved shoulder from Design Km.49.200 to Km.89.285 of NH-731B on EPC mode in the state of Uttar Pradesh,MoRTH,Uttar Pradesh,2022-03-01,2024-01-01,2026-01-01,2027-01-01,965.3
618169,Construction of Two Lane with paved shoulder highway from Design Ch.0.000 to Ch.49.2OO of NH-731B on EPC Mode,MoRTH,Uttar Pradesh,2022-03-01,2023-11-01,2025-11-01,2026-09-01,602.76
618170,Construction of Two lane with paved shoulder configuration of Shujalpur Bypass section of NH-752C from km 33100 Design to km. 42570 Design total design length 10.470 km in the State of Madhya Pradesh on EPC mode.,MoRTH,Madhya Pradesh,2023-03-01,2024-03-01,2025-09-01,2026-12-01,214.07
618171,"Work of Upgradation of Jirapur-Pachore Road including Pachore, Jirapur, Chhapiheda & Khujner Bypasses from 0000 to 58790 Design Length 58.79 Km section of NH-752C to 2LPS in the State of Madhya Pradesh under EPC mode",MoRTH,Madhya Pradesh,2022-03-01,2024-01-01,2026-01-01,2026-12-01,352.69
618172,Paithan - Shirur section 2LPS Km 0.0 to 55.00,MoRTH,Maharashtra,2017-03-01,2017-06-01,2019-06-01,2026-10-01,341.8
618173,Shirur-Kharda section from 55937 km to 114486 km to 2LPS/4L,MoRTH,Maharashtra,2017-02-01,2017-06-01,2019-06-01,2026-08-01,381.77
618174,Rehabilitation and Upgradation to two lane with paved shoulder configuration of NH- 752G from Sakri to Pimpalner Section Design Ch km 0000 to Ch km 21411 in the state of Maharashtra on EPC Mode. Length 21.411 km.,MoRTH,Maharashtra,2024-03-01,2025-04-01,2026-10-01,2026-10-01,226.58
618175,Rehabilitation and Upgradation of Satana to Mangrul Chandwad Section of NH752 G Design Ch Km 64.000 to Ch Km 101.140 two lane with paved shoulder/four lane configuration in the state of Maharashtra on EPC mode.,MoRTH,Maharashtra,2022-03-01,2023-05-01,2025-05-01,2026-08-01,428.8
618176,Rehabilitation and upgradation from ch km 50/200 to 56/800 and km 62/600 to 100/403 of Kolde to Visarwadi Near Junction with NH-6 section of NH 752G total length 44.40 to two-lane with paved shoulder / four lanes in the State of Maharashtra on EPC mode.,MoRTH,Maharashtra,2025-03-01,2026-01-01,2028-01-01,2026-01-01,349.08
618177,Pal Phata Phulambri - Khultabad 2LPS,MoRTH,Maharashtra,2018-03-01,2018-06-01,2019-12-01,2025-12-01,227.19
618178,Widening and strengthening of Gangakhed to Kingaon section of NH-752K in Km 38/750 to 72/304 Flexible Pavement Length33.554 km to 2-lane configuration on EPC mode in the State of Maharashtra.,MoRTH,Maharashtra,2024-02-01,2024-12-01,2026-06-01,2026-10-01,162.67
618179,Rehabilitation and Upgradation of Shewali phata to Kalambhir section i.e. Km 0443 to Km 4500 & Nizampur to Chadwel section i.e. Km 13485 to Km 26265 Length16.317 Km excluding 2 Major Bridges with approaches Km 13735 to Km 14095 & Km 19660 to Km 20030 of NH 753B to 2LPS Configuration in the State of Maharashtra on EPC Mode.,MoRTH,Maharashtra,2024-03-01,2024-08-01,2026-02-01,2026-07-01,181.58
618180,Pune raigarh District Border To Mangaon Ch 69000 to 103775 NH-753F,MoRTH,Maharashtra,2018-03-01,2018-06-01,2019-12-01,2026-07-01,223.46
618181,Rehabilitation / Upgradation to 4 Lane with Paved shoulder of Existing Section in Sillod Town with Design Ch. Km54500 to Km 60679 [Length6.179 km] section of NH 753F Aurangabad-Jalgaon road on EPC Mode in the State of Maharashtra,MoRTH,Maharashtra,2023-03-01,2024-01-01,2025-07-01,2025-03-01,153.79
618182,Widening to Two lane with paved shoulders from 106/830 to 158/496 of Yellareddy- Rudrur Section of NH-765D in the state of Telangana on EPC mode under NHO under Annual plan 2022-23,MoRTH,Telangana,2022-10-01,2024-07-01,2026-07-01,2027-05-01,499.88
618183,Widening to 2 lane with paved shoulders from Km 62/920 to km 106/830 of Medak - Yellareddy section in the State of Telangana under Annual Plan 2022-23 on EPC mode under NHO,MoRTH,Telangana,2022-10-01,2024-08-01,2026-08-01,2026-08-01,399.01
618184,Construction of 2 Lane with paved shoulder from km 55.6 to km 90.7 existing chainages of NH-766C complete Realignment of 13.76 km with 2 major Bridges across Sharavathi Backwaters on EPC mode under Annual Plan 2022-23 in the state of Karnataka NH-766C-KNT-2022-23 dated 14.10.2022,MoRTH,Karnataka,2023-01-01,2024-02-01,2026-02-01,2027-12-01,313.56
618185,Widening to 2LPS from Km 0.000 to 37.850 Except Ex. Km 24.45 to 27.20 of NH-766c Byndoor-Ranebennur Section in the state of Karnataka on EPC Mode under Annual Plan 2022-23 NH-766C-KNT-2022-23-969 dated 30.12.2022,MoRTH,Karnataka,2022-12-01,2025-08-01,2027-08-01,2027-08-01,394.95
618186,"Rehabilitation and Up-gradation of Valigonda to Thorrur Section to Two Lane with Paved Shoulders from Km 39.180 to Km 108.300 of NH-930P in the State of Telangana on Engineering, Procurement and Construction EPC Basis",MoRTH,Telangana,2022-01-01,2022-12-01,2024-12-01,2026-09-01,549.28
618187,"Rehabilitation and upgradation of Salon - Jais - Jagdishpur Road section of NH-931A, from design Chainage km 0.000 to km 5.740 to four lane divided carriageway and from design Chainage km 5.740 to km 53.500 to two lane with paved Total length km 53.500 along with One time improvement in 04 no's of realigned/bypassed built-up areas in a total length of 9.732 km in the state of Uttar Pradesh on EPC mode",MoRTH,Uttar Pradesh,2023-05-01,2025-10-01,2027-10-01,2027-10-01,947.15
618188,Rehabilitation and Up-gradation to 2 lane with paved shoulder configuration of Mahud Sangola road NH 965 G 159400 to 161900and 162400 to 183960 Design Chainage from km. 32/300 to km. 34/800 and km. 35/800 to km. 56/860 Rigid Pavement on EPC mode in the State of Maharashtra.,MoRTH,Maharashtra,2023-02-01,2023-11-01,2025-05-01,2026-08-01,253.78
618189,Widening to two lane with paved shoulder of NH-73New spur road Ujire - Dharmasthala - Periyashanthi in the State of Karnataka under NHO on HAM Mode Job No. NH-73Spur-KNT-2023-24-996,MoRTH,Karnataka,2024-01-01,2025-11-01,2027-11-01,2027-11-01,613.65
618190,Widening to two lane with paved shoulders of 'Bodhan Basar Bhainsa ' section from Km 38/900 to 95/300 of NH-161BB in the state of Telangana under Annual Plan 2021- 22 on EPC Mode under NH O.,MoRTH,Telangana,2022-03-01,2023-03-01,2025-03-01,2026-08-01,644.45
618191,"Rehabilitation and upgradation of NH-167AD from Macherla to Dachepalli via Paluvai Junction, Rentachinthala, Gurazala from Km.0.000 to 43.659 to two lane with paved shoulders in the state of Andhra Pradesh job-729",MoRTH,Andhra Pradesh,2022-01-01,2023-01-01,2025-01-01,2026-03-01,403.22
618192,Duttalur at NH-565 Junction to Kavali Joining on NH-16 Chainage Km. 36/400 to Km. 107/224 excluding the stretch from Km 101.880 to 105.300 67.404 Km of NH-167BG from in the State of Andhra Pradesh on EPC mode,MoRTH,Andhra Pradesh,2021-03-01,2022-07-01,2024-07-01,2026-04-01,423.67
618193,Widening of Existing Road to Two Lane with Paved Shoulder Configuration from Km 0.00 to 26.000 & Km 45.200 To 59.622 Of NH 365BB in the State of Andhra Pradesh Under Annual Plan 2023-24 through EPC Mode,MoRTH,Andhra Pradesh,2024-01-01,2025-04-01,2026-12-01,2026-12-01,368.63
618194,Rehabilitation and upgradation of New NH 544DD from design Chainage Km. 56/000 to 102/20 of Kalyandrg - Molakalmuru Section,MoRTH,Andhra Pradesh,2018-03-01,2018-08-01,2020-02-01,2025-09-01,285.29
618196,Widening to 2 lane with Paved Shoulders of Siddipet-Elkathurthy section from Km 69/978 to km 133/619 of NH-765DG in the State of Telangana under Annual plan 2021-22 on EPC mode,MoRTH,Telangana,2022-01-01,2022-12-01,2024-09-01,2026-12-01,578.85
618197,Widening to 2 lane with Paved Shoulders of Medak - Siddipet section from Km 0/0 to km 69/978 of NH-765DG in the State of Telangana under Annual plan 2021-22 on EPC mode,MoRTH,Telangana,2022-01-01,2023-01-01,2025-01-01,2026-12-01,882.18
618198,Balance work of Rehabilitation and Up-gradation to 2-lane road with paved shoulders configuration for NH- 965DD from Pacharal-Mandangad-Mhapral-Rajewadi Upto Junction of NH-66 Ch-22700 to 75100 Km and Ambadave connector Birth place of Dr. Babasaheb Ambedkar Ch-0000 to 7325 Km length Km 59.725 in the state of Maharashtra on EPC mode. Balance Work,MoRTH,Maharashtra,2018-03-01,2022-01-01,2024-01-01,2026-08-01,341.69
618199,"Rehabilitation, Upgradation & Widening of existing Highway to Rigid Pavement 2 Lane with Paved Shoulder of NH 965DD from Lonand Shirval-Bhor Mandangad-Pchral Section ShindewadiPhata to Varandah Ghat Dist Border from Km 33/550 to 92/550 in the state of Maharashtra on EPC mode.",MoRTH,Maharashtra,2023-02-01,2024-07-01,2026-07-01,2026-10-01,723.13
618200,Construction of 2 lane with Paved Shoulder for Northern Bypass Phase-II of Kota city in the State of Rajasthan.,MoRTH,Rajasthan,2022-03-01,2023-10-01,2025-04-01,2026-11-01,317.74
618201,"Widening and strengthening to 2 lane with paved shoulder from existing Ch. Km 56720 to Km 100820 and Design Ch. From Km 62600 to Km 106360 Total Length43.760 Km on SRINAGAR -BARAMULA URINH-01 in the UT of Jammu & Kashmir under project BEACON, Border Roads Organization BRO on EPC mode.",MoRTH,"Jammu and
Kashmir",2023-09-01,2024-11-01,2026-11-01,2027-06-01,702.1
618202,Construction of 2 lane with paved shoulders Baramulla Bypass Greenfield bypass from existing Ch. Km 47020 to Km 56720 and Design Ch. From 48500 to 62600 Total length 14.100 km on road Srinagar Baramulla Uri NH-01 in the UT of Jammu & Kashmir under Project.Package-III,MoRTH,"Jammu and
Kashmir",2023-03-01,2024-09-01,2026-09-01,2027-07-01,992.43
618203,"Construction of 4 lane with paved shoulder Pattan bypass Greenfield bypass from existing Ch. Km 24320 to Km 33760 and Design Ch. from Km 24400 to Km 35300, total length 10.900 km on road SrinagarBaramulla Uri NH-01 in the UT of Jammu & Kashmir under Project BEACON, Border Roads Organization BRO on EPC mode. Package-II",MoRTH,"Jammu and
Kashmir",2023-03-01,2024-08-01,2026-07-01,2027-02-01,980.21
618204,Construction of realignment between Pandrass- Pashkyun Total length 27.10 km on road Zozila-Kargil -Leh NH-1 to 2 lane specifications i.e. Drass alignment 9.30 km Kharboo realignment 6.30 km & Kargil alignment 11.50 km under project Vijayak BRO in the UT of Ladakh on EPC Mode,MoRTH,"Jammu and
Kashmir",2021-11-01,2023-06-01,2025-06-01,2027-07-01,426.15
618205,"Construction of 4 lane with paved shoulder from Existing Ch. 14200 to 24320 Design Ch. 14200 to 24400, Ch. 33760 to 42780 Design Ch. 35300 to 44294 & Ch. 43440 to 47020 Design Ch. 44958 to 48500 Delina Flyover including construction of flyover length 1.704 km of total length 22.736 kms in AOR of 760 BRTF on road SRINAGAR BARAMULA URI NH-01 in the UT of Jammu & Kashmir under project BEACON, Border Roads Organization BRO Package-IJob No NH-1-J&K-2022-23-110",MoRTH,"Jammu and
Kashmir",2022-06-01,2023-08-01,2025-08-01,2026-12-01,823.46
618206,Widening and Strengthening of Rafiabad-Kupwara-Chowkibal-Tangdhar-Chamkot NH- 701 road from design Ch. From 0000 to 51000 to two lanes with paved shoulders under Project Beacon in the UT of Jammu & Kashmir on EPC mode Package-I.,MoRTH,"Jammu and
Kashmir",2024-03-01,2024-11-01,2027-05-01,,1404.94
618207,Widening to 2-lane with Hard Shoulder configuration of Mana Ch. 0.00 to Mana Pass Ch. 50.987 road on NH-07 under Bharatmala Pariyojna in the state of Uttarakhand under Annual Plan 2022-23 length 50.987,MoRTH,Uttarakhand,2022-10-01,2023-10-01,2027-10-01,2028-10-01,573.96
618208,Construction and upgradation of existing road to 2-lane with paved shoulder from existing chainage Km 509.725 to Km 528.000 design chainage Km 490.550 to Km 507.850 of NH-58 new NH-07 Benakuli bend to Mana Village in EPC mode under Chardham Programme in the State of Uttarakhand.,MoRTH,Uttarakhand,2019-02-01,2019-11-01,2021-10-01,,180.1
618209,Construction & up gradation of existing road to 2-Lane with paved shoulder from existing chainage km 468000 to km 489350 Design Chainage km 465150 to km 471500 of NH-07 Old NH-58 including Joshimath bypass on EPC mode in the state of Uttarakhand Length 6.35 km,MoRTH,Uttarakhand,2022-03-01,2022-09-01,2025-09-01,2027-08-01,258.85
618210,Rehabilitation and upgradation of Askot-Lipulekh on EPC Basis for Phase-I Existing Km 72.00 to 107.620 Design Chainage Km 21330 to Km 56935 under Project Hirak of BRO in the state of Uttarakhand under Bharatmala Pariyojna Phase-I on EPC Mode Length-35.605 Km CA No EPC/MORT&H/HRK/01/2021-22,MoRTH,Uttarakhand,2020-09-01,2021-12-01,2023-12-01,2026-07-01,603.92
618211,Improvement/construction of 2-lane with paved shoulder of Askote Llipulekh road from Tawaghat village to Budhi village design km. 56935 to km 95748 and from end of Tunnel portal to Kali Mandir design km 113828 to km. 133078 [total design length 58.063 km] under project Hirak of BRO in the state of Uttarakhand under Bharatmala Pariyojna on EPC Mode,MoRTH,Uttarakhand,2022-05-01,2024-11-01,2026-11-01,2027-07-01,649.6
618212,"STABILIZATION OF LAND SLIDE AND SLOPE PROTECTION AT KM 11.00 TO KM 11.08, 29,730 KM TO 30,060 KM, 30,400 KM TO 31,060 KM, 34,750 KM TO 35,300 KM, 38,950 KM TO 39,030 KM & 39,460 KM TO 39,540 KM TWO LOC CLUBBED, KM 40,400 TO KM 40,650, KM 43,500 KM 43,680, 52,460 RISHIKESH - DHARASU ROAD NH-94 ON EPC MODE IN THE STATE OF UTTARAKHAND. NOSE OF LAND SLIDE - 12 NOS",MoRTH,Uttarakhand,2024-01-01,2025-10-01,2027-04-01,,197.26
618213,Rehabilitation and Upgradation of road Rishikesh Dharasu Old NH-94 with 2-lane with paved shoulder from km 76.000 to km 110.000 Design Chainage from km 74.733 to km 107.347 32.614 km including construction of Kamand re-alignment from existing Chainage Km 105.200 to Km 108.600 design chainage Km 103.436 to Km 105.949 - total length 2513 mtrs and land slide treatment work between design chainage Km 73.800 to Km 74.00 200m on EPC mode under improvement to NH connectivity to Chardham in,MoRTH,Uttarakhand,2018-03-01,2019-01-01,2021-01-01,2026-07-01,273.76
618214,Rehabilitation and upgradation to 2 lane / 2 lane with paved shoulder configuration for design chainage km 107.347 to km 129.208 & km 133.878 to km 138.570 existing chainage km 110.000 to km 133.020 & km 137.330 to km 142.028 and land slide treatment at existing km 138.500 Design chainage km 134.970 of NH -94 on EPC mode under improvement to NH connectivity to Chardham in the state of Uttarakhand.,MoRTH,Uttarakhand,2018-03-01,2019-01-01,2021-07-01,2024-06-01,346.5
618215,"Improvement/construction of existing CL-5 Road to NH Intermediate lane specification with hard shoulder from Km 166.000 to 203.77 net Length 37.770 kms of NH-505 Sumdo-Kaza-Gramphoo road in the state of Himachal Pradesh on EPC mode under project Deepak, BRO",MoRTH,Himachal Pradesh,2021-06-01,2024-06-01,2027-06-01,2027-06-01,194.0
618216,"Improvement/construction of existing CL-5 Road to NH Intermediate lane specification with hard shoulder from Km 133.000 to 166.000 net Length 33.000 kms of NH-505 Sumdo-Kaza-Gramphoo road in the state of Himachal Pradesh on EPC mode under project Deepak, BRO",MoRTH,Himachal Pradesh,2021-03-01,2023-07-01,2026-06-01,2027-09-01,203.15
618217,Improvement/construction of existing Class-5 Road to NH Intermediate lane specification with hard shoulder from existing Km 76/340 to 134/940 Design chainage from Km 76/300 to 133/000 net Length 56.700 kms of NH-505 Sumdo-Kaza- Gramphoo road in the state of Himachal Pradesh Package I,MoRTH,Himachal Pradesh,2021-03-01,2023-05-01,2026-05-01,2027-08-01,244.15
618218,Rehabilitation & upgradation of existing road to 2-lane with hard shoulder from Joshimath km 0.00 to Saraithota km 29.725 road on NH-107B under Bharatmala Pariyojna on EPC mode in the state of Uttarakhand,MoRTH,Uttarakhand,2022-10-01,2023-05-01,2025-05-01,2027-03-01,338.38
618219,Upgradation to 2-lane with Hard shoulder configuration of Suraithota Ch. 29.725 km to Malari Ch. 60.550 km road on NH- 107B under in the state of Uttarakhand.,MoRTH,Uttarakhand,2022-10-01,2024-05-01,2026-05-01,2026-12-01,292.76
618220,Reconstruction and widening to 2 lane with paved shoulder from existing chainage km 102000 to km 134950 Design chainage km 90150 to km 116980 including construction of Naushera Tunnel Total length of tunnel 0.700 km under 31 TF on Akhnoor-Poonch road NH-144A in the UT of Jammu & Kashmir under Project Sampark BRO on EPC mode Package-V Job no NH-144A-J&K-2020-21-104,MoRTH,"Jammu and
Kashmir",2021-03-01,2022-07-01,2024-07-01,2026-03-01,572.51
618221,Rehabilitation and upgradation to 2 lane with paved shoulder from existing chainage Km 166.100 to Km 192.98 design chainage Km 146.700 to Km 162.800 including construction of Bhimber Gali Tunnel Total Length of Tunnel 1.100 Km under 31 BRTF on Akhnoor-Poonch Roads on EPC mode NH-144A Package-VII,MoRTH,"Jammu and
Kashmir",2021-09-01,2024-07-01,2026-07-01,2027-07-01,734.64
618222,Widening and Strengthening up gradation to 2 lane with paved shoulder from existing chainage Km 192.98 to Km 229.820 design chainage Km 162.800 to Km 198.18 under 31 BRTF on Akhnoor-Poonch Road NH-144A in the UT of Jammu and Kashmir under Project Sampark Border Roads Organisation BRO on EPC Mode Package-VIII Job No NH-144A-J&K-2022-2023-111,MoRTH,"Jammu and
Kashmir",2022-10-01,2024-01-01,2026-01-01,2027-03-01,562.45
618223,Rehabilitation and up-gradation to 2 lane with paved shoulder from existing chainage km 64535 to km 85385 Design chainage km 55800 to km 74350 under 13 TF on Akhnoor-Poonch road NH-144A under Project Sampark BRO in the UT of Jammu & Kashmir on EPC mode Package-III Job no NH-144A-J&K-2019-20-79,MoRTH,"Jammu and
Kashmir",2020-03-01,2021-09-01,2023-09-01,2026-12-01,152.93
618224,Rehabilitation and up-gradation to 2 lane with paved shoulder from existing chainage km 49150 to km 64535 Design chainage km 46.450 to km 55.800 including construction of Sungal Tunnel Total length of Tunnel 2.79 km under 13 TF on Akhnoor-Poonch road NH-144A under Project Sampark BRO in the UT of Jammu & Kashmir on EPC mode Package-II Job no NH-144A-J&K-2019-20-78,MoRTH,"Jammu and
Kashmir",2020-03-01,2021-08-01,2024-08-01,2026-08-01,796.97
618225,Rehabilitation and up-gradation to 2 lane with paved shoulder from existing chainage km 134950 to km 166100 Design chainage km 116980 to km 146700 under 31 TF on Akhnoor-Poonch road NH-144A in the UT of Jammu & Kashmir under Project Sampark BRO on EPC mode Package-VI Job no NH-144A-J&K-2021-22-106,MoRTH,"Jammu and
Kashmir",2021-07-01,2022-07-01,2024-07-01,2026-12-01,395.25
618226,Rehabilitation and upgradation to 2 lane with paved shoulder from existing chainage Km 30.053 to Km 49.150 design chainage Km 30.000 to Km 46.450 including Kandi Tunnel under 31 BRTF on Akhnoor-Poonch Road NH-144A Under Project Sampark in the UT of Jammu & Kashmir EPC modePackage-I Job no NH-144A-J&K-2020-21-83.,MoRTH,"Jammu and
Kashmir",2020-07-01,2022-11-01,2024-11-01,2026-12-01,272.49
618227,Development to 4/6-lanning of NH-31 New NH-10 with both side service roads from km 569.258 to km 581.030 end of AH-02 project on NH- 31 near Shivmandir to Sevoke Army Cantonment in districts of Darjeeling and Jalpaiguri in the state of West Bengal on EPC Mode Job No. 010/WB/2021-22/490,MoRTH,West Bengal,2022-03-01,2023-03-01,2025-09-01,2027-03-01,1059.2
618228,construction of a new 4 lane Parallel to existing MG Setu with its approaces from km 0.00 to km 14.500 across river Ganga on NH-19 at Patna in the state of Bihar.,MoRTH,Bihar,2019-02-01,2021-03-01,2024-09-01,2027-12-01,2926.42
618229,Rehabilitation and upgradation to 2-lane with paved sholuders configuration of Near Karri village-Etawah section Km30.000 to Km 57.346 Pakage-II of NH-92 in state of Uttar Pradesh undergreen national Highway Corridor ProjectGNHCP with the loan assistance of world Bank on EPC mode.,MoRTH,Uttar Pradesh,2020-04-01,2022-08-01,2024-02-01,2025-02-01,206.56
618230,Rehabilitation and Upgradation to 2-lane configuration of Kalwahn-Mandi Section km 208.950 to 250.592 of NH-70 in the State of Himachal Pradesh under Green National Highways Corridor Project GNHCP with the loan assistance of World Bank on EPC mode.Package-3,MoRTH,Himachal Pradesh,2020-08-01,2022-10-01,2025-04-01,2026-12-01,314.32
618231,Rehabilitation and Upgradation to 2-lane configuration of Hamirpur-Karnohal Section km 141.00 to 181.00 of NH-70 in the State of Himachal Pradesh under Green National Highways Corridor Project GNHCP with the loan assistance of World Bank on EPC mode.Package-1,MoRTH,Himachal Pradesh,2020-08-01,2022-06-01,2024-12-01,2026-09-01,371.93
618232,Rehabilitation and Upgradation to 2-lane configuration of Karnohal- Kalwahn Section km 181.00 to 208.950 of NH-70 in the State of Himachal Pradesh under Green National Highways Corridor Project GNHCP with the loan assistance of World Bank on EPC mode.Package-2,MoRTH,Himachal Pradesh,2020-08-01,2023-11-01,2026-05-01,2026-12-01,190.02
618233,Construction of 6-lane bridge on Ganga on NH-96 and its approaches in Phaphamau Allahabad on EPC mode,MoRTH,Uttar Pradesh,2018-07-01,2021-02-01,2024-02-01,2026-09-01,1465.41
618234,Construction of a new 4-lane major bridge across river Kosi at Phulaut including Rehabilitation and upgradation of existing Birpur and Bihpur section of NH-106 from km 106.000 to km 136.000 to 2-lane with paved shoulders in the State of Bihar on EPC mode,MoRTH,Bihar,2018-09-01,2021-06-01,2024-06-01,2027-02-01,1478.4
618235,Balance work of Rehabilitation and Up-gradation to 4-Lane configuration of Ras- Beawar Section Km 00.000 to km 30.050 of NH-158 in the State of Rajasthan under Green National Highway Corridor Project GNHCP.,MoRTH,Rajasthan,2025-01-01,2025-06-01,2026-12-01,2026-12-01,278.1
618236,Rehabilitation and Up-gradation of Dhindi - Digamarru section from Km 126/510 to Km 135/740 of NH -214 New NH -216 and digamarru -Losari section from Km 0/000 tp Km 34/230 of NH-214 A New Nh-216 to two lane with paved shoulder in the state of AP-NH,MoRTH,Andhra Pradesh,2016-02-01,2016-05-01,2018-05-01,2023-11-01,288.76
618237,Rehabilitation and Up-gradation of Pasarlapudi to Dhindi section from Km 105/170 to Km 126/510 of NH -214 New NH -216 to two lane with paved shoulder in the state of Andhra Pradesh under NHDP-IV,MoRTH,Andhra Pradesh,2017-03-01,2017-09-01,2019-09-01,2025-09-01,263.45
618238,Rehabilitation and Up-gradation of Thimmapuram to Gurajanapalli section from Km 26/150 to Km 41/161 of NH - 214 New NH - 216 to two lane with paved shoulder in the state of Andhra Pradesh under NHDP-IV,MoRTH,Andhra Pradesh,2016-08-01,2017-01-01,2018-07-01,2026-09-01,432.91
618239,"Rehabilitation & Upgradation of NH214 New NH-216 from Km 34/230 to Km 84/550 Losari to Machavaram Section to two lane with paved shoulder in the state of Andhrapradesh under NHDP-IV through Engineering, Procurement& Construction EPC mode.",MoRTH,Andhra Pradesh,2016-03-01,2016-09-01,2018-09-01,2025-07-01,459.37
618240,Rehabilitation and upgradation to 2-lane with paved sholuders configuration of Bewar- naer Karri village section Km0.00 to Km30.00 Pakage-I of NH-92 in state of Uttar Pradesh undergreen national Highway Corridor Project GNHCP with the loan assistance of world Bank on EPC mode.,MoRTH,Uttar Pradesh,2020-04-01,2022-09-01,2024-03-01,2026-08-01,236.47
618242,Widening and Reconstruction to 4-lane/4-lane with service road including structures from Pokharia More at Km 47.600 Ex. Km 50.230 to Govindpur at km 62.949 Ex. Km 65.325 of Nh-419 in the State of Jharkhand on EPC mode.,MoRTH,Jharkhand,2022-05-01,2024-01-01,2026-01-01,2027-01-01,300.46
618243,Construction of Basti Ring Road Phase-I with 4L configuration for Basti City in the state of Uttar Pradesh on HAM mode,MoRTH,Uttar Pradesh,2022-12-01,2025-06-01,2027-06-01,2027-06-01,1138.72
618244,Construction of Raebareli Ring Road Phase-2 with four Lane configuration for Raebareli City in the state of Uttar Pradesh on Hybrid Annuity Model HAM basis,MoRTH,Uttar Pradesh,2022-03-01,2025-05-01,2027-05-01,2027-05-01,1273.72
618246,Construction of New 4-Lane Bridge Parallel to existing Vikramashila Setufrom km 8920 to Km 13375including approach road 35m Naugachhia side &53 m Bhagalpur sideacross River Ganga on newly declared NH-131B at Bhagalpur in the State of Bihar,MoRTH,Bihar,2020-07-01,2023-05-01,2027-05-01,2029-03-01,1110.23
618247,Construction of 4 lane Mirzapur bypass including bridge over river Ganga from km 0.000 to km 15.000 of NH 135A in the State of Uttar Pradesh on HAM Mode.,MoRTH,Uttar Pradesh,2024-03-01,2026-01-01,2029-01-01,2029-01-01,1708.62
618248,Widening to 4 lane from km. 139.00 to km 179.20 of NH-135A Pkg-III Jaunpur Akbarpur section and Akbarpur bypass on Hybrid Annuity Mode in the state of Uttar Pradesh.,MoRTH,Uttar Pradesh,2023-05-01,2026-01-01,2028-01-01,2028-01-01,1653.15
618249,Widening to 4 lane from km. 108.50 to km 139.00 of NH-135A Pkg-II Jaunpur Akbarpur section on Hybrid Annuity Mode in the state of Uttar Pradesh,MoRTH,Uttar Pradesh,2023-03-01,2025-03-01,2027-03-01,2027-03-01,1511.57
618250,Construction of 6-Lane Elevated / Extra Dose Cable Bridge on River Ganga parallel to & Western side of Digha-Sonepur Rail cum-Road Bridge of NH 139W in the State of Bihar,MoRTH,Bihar,2024-01-01,2024-05-01,2027-11-01,2028-12-01,3064.45
618251,"Improvement and Up gradation to four lane with Paved shoulder configuration from Existing Km 0000 to Km 39500 design km 0500 to Km 40342, Design length km of NH 227A near Mehrauna GhatUP Bihar Border to Siwan on the state of Bihar on Hybrid Annuity Model HAM basis",MoRTH,Bihar,2023-03-01,2025-09-01,2028-03-01,2028-03-01,1661.25
618252,"Improvement and Up-gradation to two Lane with Paved Shoulder/Four Lane configuration from existing Km 130.000 to Km 191.000 design km 131.500 to Km 188.735, Design length 57.235 Km of NH-227A near Barhalganj to Mehrauna Ghat in the state of Uttar Pradesh on Hybrid Annuity Model HAM basis",MoRTH,Uttar Pradesh,2022-01-01,2024-11-01,2027-05-01,2027-05-01,1344.61
618253,Construction of missing link from Birhu to Lathiani from Km 35/550 Design chainage Km 0.000 to Km 42/800 Design Chainage Km 8.153on NH-503A including Lathiani Bridge on back water of Govindsagar and its approaches in Himachal Pradesh.,MoRTH,Himachal Pradesh,2023-06-01,2026-03-01,2029-03-01,2029-03-01,896.86
618254,Construction of Paderu bypass Km 0000 to Km 13000 of 2- lane with paved shoulder on NH-516E,MoRTH,Andhra Pradesh,2023-03-01,2025-01-01,2026-07-01,2026-12-01,244.43
618255,Two laning with paved shoulders of Lambasingi to Paderusection of NH 516E,MoRTH,Andhra Pradesh,2020-04-01,2023-11-01,2025-11-01,2027-03-01,358.05
618256,"Rehabilitation and Upgradation to 2-lane with paved should ders Sir, configuration of Chaprathipalem to Lambasingi section Km 165500 to Km 205000 of NH-516E in the State of Andhra Pradesh under Green National Highways Corridor Project GNHCP with the loan assistance of World Bank on EPC mode",MoRTH,Andhra Pradesh,2020-08-01,2022-10-01,2024-10-01,2026-07-01,311.22
618257,Rehabilitation and Upgradation to 2-lane with paved shoulders configuration of Koyyuru to Chaprathipalem section Km 120000 to Km 165500 of NH-516E in the State of Andhra Pradesh under Green National Highways Corridor Project GNHCP with the loan assistance of World Bank on EPC mode,MoRTH,Andhra Pradesh,2020-08-01,2022-07-01,2024-07-01,2026-07-01,349.29
618258,Two laning with paved shoulders of Gondiguda to Araku uptoBhallaguda section of NH 516E,MoRTH,Andhra Pradesh,2020-08-01,2021-09-01,2023-09-01,2024-04-01,289.11
618259,Two laning with paved shoulders of Paderu to GundigudaSection of NH 516E,MoRTH,Andhra Pradesh,2020-08-01,2021-03-01,2023-03-01,2024-03-01,222.61
618260,"Construction of Salempur bypass to 4LPS from km 64.000 of NH-727A Km 171.00 of Sonauli Balia Marg, old SH-01, near Mahadahan Chauraha to km 61.500 of NH-727B Km 178.500 of Sonauli Balia Marg, old SH-01, near near Ahirauli Village under Hybrid Annuity Mode HAM in the State of Uttar Pradesh",MoRTH,Uttar Pradesh,2022-03-01,2025-11-01,2027-11-01,2027-11-01,1348.06
618262,Construction of Deoria Bypass from existing Km. 27.140 to existing Km. 46.780 Design Km. 49.109 on NH727A Design length 21.969 Km. to four lane with paved shoulder configuration under Hybrid Annuity Mode HAM in the State of Uttar Pradesh,MoRTH,Uttar Pradesh,2023-03-01,2025-08-01,2027-07-01,2027-07-01,1734.7
618263,"Rehabilitation and Up-gradation to 2LPS from Km. 0.000 to Km. 7.800 and Km. 35.400 to Km. 52.345 Design length 24.745 Km., except Bihar portion of NH-727B Tamkuhiraj to Bihar Border and Bihar Border to Majhauli on EPC mode in the State of Uttar Pradesh",MoRTH,Uttar Pradesh,2023-03-01,2025-01-01,2026-07-01,2026-08-01,701.02
618264,"Widening and Strengthening to two Lane with Paved Shoulder/Four Lane with paved shoulder configuration from km. 61.500 of NH-727B near Nawalpur km 178.500 of Sonauli Balia Marg, Old SH-01 i.e. end point of Salempur Bypass to km. 106.495 of NH-727B near Sikanderpur under EPC mode",MoRTH,Uttar Pradesh,2023-05-01,2025-12-01,2028-05-01,2028-05-01,2061.86
618265,Rehabilitation and upgradation to 2-lane with paved sholuders configuration of Miranpur Katra to radhaita section of NH-730CKm.114.000 to Km 137.250pakage-III in state of Uttar Pradesh undergreen national Highway Corridor ProjectGNHCP with the loan assistance of world Bank on EPC mode.,MoRTH,Uttar Pradesh,2020-04-01,2022-07-01,2024-07-01,2026-12-01,169.56
618266,Rehabilitation and upgradation to 2-lane with paved sholuders configuration of Bewar- Allahaganj- section of NH-730C Km.0.000 to Km 52.770 pakage-I in state of Uttar Pradesh undergreen national Highway Corridor Project GNHCP with the loan assistance of world Bank on EPC mode.,MoRTH,Uttar Pradesh,2020-04-01,2022-11-01,2024-11-01,2026-09-01,340.16
618267,Widening/Upgradation to four lane configuration of Shahjahanpur-Bisalpur section from km 0.00 to km 47.026 of NH-731K on Hybrid Annuity Mode in the state of Uttar Pradesh.,MoRTH,Uttar Pradesh,2023-03-01,2026-05-01,2028-05-01,2028-05-01,1590.2
618282,4-L Bilasipara-Guwahati Package-10,NHIDCL,Assam,2023-03-01,2023-12-01,2026-06-01,2027-03-01,1264.9
618283,4-L Bilasipara-Guwahati Package-9,NHIDCL,Assam,2023-03-01,2023-12-01,2026-06-01,2027-03-01,1000.27
618284,Widening/Improvement to 4-Lane with paved shoulder from Km 99930 to Km 143680 Design Chainage 96000 to 139750 of Paikan to Dhupdhara Sahar of Bilasipura- Guwahati Road on NH-17 in the state of Assam on EPC mode under Bharatmala Pariyojana in Economic Corridors Project Length 43.750km under NHO-NE Package- 8,NHIDCL,Assam,2023-03-01,2023-12-01,2026-12-01,2026-12-01,1457.59
618285,Widening/Improvement to 4 -Lane with Paved Shoulder from Ch. 88.000km to Ch.99.930 km Design Ch.84.100km to Ch.96.000 km of Sagunbashi forest near Nichinta to starting of Krishnai Bypass Section of Bilasipura Guwahati road NH 17 on EPC Package-7,NHIDCL,Assam,2021-03-01,2023-10-01,2025-10-01,2026-01-01,286.72
618286,Construction of New 2-Lane Bridge with its approaches from km 0000 to Km 4385 across River Brahmaputra on NH-17 at Jogighopa in Assam on EPC mode,NHIDCL,Assam,2021-09-01,2021-11-01,2024-11-01,2026-12-01,746.76
618287,"Widening/Improvement to 4-Lane with paved Shoulder from Ch. 25.633 Km to Ch. 52.470 Km Design Ch. 21.850 Km to Ch.48.670 Km for Package-2 of Bilasipura- Guwahati road NH-17 Section Near Mowatari, before Chapar Bypass to Tulungia junction with NH-17 in the state of Assam on HAM mode under NHO-NE Package-2",NHIDCL,Assam,2023-11-01,2024-12-01,2027-06-01,2027-06-01,1338.61
618288,"Widening/lmprovement to 4-Lane with Paved Shoulder from Ch.5.580 Km to Ch.25.633 Km Design Ch.0.000 Km to Ch.17.737km Km 901.100 to Km 921.145 of old NH-31 of Bilasipara- Guwahati road NH-17 Section Near Chirakuta to near Mowatari, before Chapar Bypass in the state ol Assam on HAM mode Package-1",NHIDCL,Assam,2024-02-01,2025-02-01,2027-08-01,2027-08-01,1081.15
618289,Construction and up gradation to 4-Lane of existing two lane with paved shoulder from Hapachara to Tulungia road of NH-117 of existing Km 0.00 to km 14.050 and Design Km 0.000 to km 14.660 under BMP on EPC mode,NHIDCL,Assam,2020-03-01,2020-06-01,2022-12-01,2026-03-01,224.85
618290,"Construction of 2-lane with Paved shoulder of Kohima- Bypass Road Connecting NH- 39New NH-02, NH-150New NH-02, NH-61New NH-29, NH-39New NH-02 from Design Km 32.00 to Design Km 43.454Design Length-11.454 Km in the State of Nagaland under SARDP-NE on EPC Mode Package-IV",NHIDCL,Nagaland,2020-07-01,2020-10-01,2022-04-01,2026-12-01,202.36
618291,"Construction of 2-lane with Paved shoulder of Kohima-Bypass Road connecting NH- 39 New NH-02, NH150New NH-02, NH7-61 New NH-29 and NH-39 New NH-02 from Design km 21.000 to km 32.268 [Design length11.268 km] in the state of Nagaland Under SARDP-NE on EPC Mode Package- 3",NHIDCL,Nagaland,2020-07-01,2023-06-01,2025-06-01,2026-12-01,342.29
618292,Construction of 2-Lane with paved shoulder of Kohima-Bypass Road connecting New NH-02 and New NH-29 from Design Km 10.500 to design Km 21.000 [Design Length- 10.500 km] including TUNNEL of 500m at Ch. 11.000 in the state of Nagaland Under SARDP-NE on EPC Mode Package-2,NHIDCL,Nagaland,2020-07-01,2020-10-01,2022-10-01,2027-10-01,277.44
618293,"Construction of 2-Lane with paved shoulder of Kohima-Bypass Road connecting NH- 39New NH-02, NH-150New NH-02, NH-61New NH-29 and NH-39New NH-02 from design Km 0.00 to Km 10.500 in the State of Nagaland under SARDP-NE on EPC Mode Package-1 -Balance work",NHIDCL,Nagaland,2020-07-01,2023-11-01,2026-11-01,2026-11-01,350.88
618294,Improvement and Widening of National Highway No. 127B Darugiri - Songsak - Williamnagar Junction Section to two lane with paved shoulder from design Km 0000 to Km 36635 Design length 36.635 Km existing Km 112000 to Km 151060 of NH-1278 under Bharatmala Pariyojana Lot-1 Pkg-1B Meghalaya portion,NHIDCL,Meghalaya,2023-03-01,2025-09-01,2027-09-01,2027-09-01,801.07
618295,Improvement/Widening of New NH-217 Dainadubi-Darugiri section to Two lane with paved shoulder in Meghalaya from design Km 0000 to Km 40840 existing Km 8600 to Km 53000 of Old NH-62 under BMP Lot-1 Pkg-1B Meghalaya portion,NHIDCL,Meghalaya,2023-03-01,2025-03-01,2027-03-01,2027-03-01,705.83
618296,Balance work of Construction of 2-lane with hard shoulder of Kohima - Jessami road on NH-29 old NH-150 from existing km 98.380 near Chizami vill. to km120.367 Nagaland/Manipur Border [Design km 95.700 to design km 117.200] [Design Length 21.500 km] in the state of Nagaland Under Bharatmala Pariyojna on EPC Mode Package-V under NHO,NHIDCL,Nagaland,2020-03-01,2023-11-01,2025-11-01,2026-07-01,330.8
618297,Construction of 2-lane with hard shoulder of Kohima - Jessami road on NH-29 Old NH- 150 from existing Km 30.474 Near Kidwema road Chakahabama to existing Km 53.220 Near Kikruma Village Design Km 29.60 to Km 51.50 Design length-21.90 Km in the state of Nagaland Under Bharatmala Pariyojna on EPC Mode under NHO Package-II -Balance work,NHIDCL,Nagaland,2020-03-01,2024-01-01,2026-01-01,2026-12-01,355.79
618298,Widening/Improvement of existing 2-Lane road to 4-Lane Divided Highway from Sekmai to Nilakuthi section of Imphal-Kohima Road Design Chainage from Km 297700 to Km 308729 of NH-39 New NH-02 in state of Manipur on EPC mode Pkg-5B,NHIDCL,Manipur,2021-03-01,2021-07-01,2023-01-01,2026-08-01,211.7
618299,Improvement/Up-gradation of existing 2-Lane Road to 4-Lane Divided Highway from Daili to Kuraopokpi section of Imphal-Kohima road NH-02 Design Chainage from Km 274610 to Km 287000 in the state of Manipur on EPC mode Pkg-4B,NHIDCL,Manipur,2020-09-01,2024-12-01,2026-06-01,2027-01-01,268.98
618300,Improvement/Up-gradation of existing 2-Lane Road to 4-Lane Divided Highway from Taphukuki to Daili section of Imphal-Kohima road NH-02 Design Chainage from Km 262175 to Km 274610 in the state of Manipur on EPC mode Pkg-4A,NHIDCL,Manipur,2020-09-01,2020-10-01,2022-04-01,2026-08-01,379.39
618301,Widening/Improvement of existing 2-lane to 4-Lane Divided Highway from Kuraopokpi to Sekmai section of Imphal-Kohima Road Design Ch. km 287.00 to 297.700 of NH-39 New NH-02 in state of Manipur on EPC mode Pkg-5A,NHIDCL,Manipur,2020-09-01,2025-02-01,2026-08-01,2026-12-01,228.97
618302,Widening/Improvement to 2-lane with earthen shoulder of Yaingangpokpi - Finch corner road section of NH-202 from Km 16.900 to Km 30.970 of NH-202 in the state of Manipur on EPC mode Package-2,NHIDCL,Manipur,2020-03-01,2020-07-01,2022-06-01,2026-08-01,256.04
618303,Widening/Improvement to 2-lane with earthen shoulder of Yaingangpokpi - Finch corner road section of NH-202 from Km 0.000 to Km 16.900 of NH-202 in the state of Manipur on EPC mode Package-1,NHIDCL,Manipur,2020-03-01,2020-07-01,2022-06-01,2026-08-01,222.77
618304,"Widening/Improvement to 2 Lane with earthen shoulder of Jessami to Laynen bridge Nagaland border section of NH-29 of Imphal -Ukhrul - Jessami Economic Corridor from km 0.000 to km 11.009 in the State of Manipur on EPC mode under Bharatmala Pariyojana, under NHO-NE Package-7",NHIDCL,Manipur,2023-03-01,2024-12-01,2026-06-01,2027-02-01,164.89
618305,Widening/Improvement to 2 lane with earthen shoulder of Marrem Khullen to Jessami section of NH-202 of Imphal - Ukhrul - Jessami Economic Corridor from Design Chainage km 95.700 to km 140.180 in the State of Manipur on EPC mode under Bharatmala Pariyojana under NHO-NE Package-6,NHIDCL,Manipur,2023-03-01,2024-12-01,2026-12-01,2027-08-01,554.66
618306,"Widening/Improvement to 2 lane with earthen shoulder of Choithar to Marrem Khullen section of NH-202 of Imphal Ukhrul Jessami Economic Corridor from Design Chainage km 53.110 to km 95.700 in the State of Manipur on EPC mode under Bharatmala Pariyojana, under NHO-NE Package-5",NHIDCL,Manipur,2023-03-01,2025-05-01,2027-03-01,2027-08-01,564.05
618307,Rehabilitation and up-gradation of road from km 16.077 to km 43.935 total length 27.858 km of Lalchara-Kanchanpur section via Shivbari on NH-44A to 2 lane with paved shoulder in the state of Tripura on EPC Mode Pkg-2 under BharatMala Pariyojana Manu-Simlung -2,NHIDCL,Tripura,2022-02-01,2023-01-01,2025-01-01,2026-01-01,456.88
618308,Construction of 4-Lane Panchgram Bypass from Design Chainage km 15500 on NH- 37 Old NH-53 at Kalinagar Pt.-I Village to Design Chainage km 27300 at crossing with NH-6 Old NH-44 Near Siddeswar Pt.-I Village on Silchar - Churaibari stretch in the State of Assam on EPC Mode under Bharatmala Pariyojana in Economic Corridors Silchar- Churaibari Package-2,NHIDCL,Assam,2023-03-01,2024-08-01,2027-02-01,2027-03-01,728.97
618309,Widening/lmprovement to 4-Laning and Greenfield alignment with Paved shoulder of Silchar-Badarpur Churaibari section of NH-37 & NH-8 from Design chainage 38.600 End point of proposed Badarpur Bypass to Km. 62.800 Start point of proposed Nilambazar/Cheragi Bypass in the state of Assam on HAM Mode Package-4,NHIDCL,Assam,2024-02-01,2025-08-01,2027-08-01,2027-08-01,1319.55
618310,Widening/lmprovement to 4-L of Karimgani - sutarkandi section of NH 37 from design Ch 0020 Start of proposed Karimganj Bypass from NH -8 to design Chainage Km 14380 near Sutarkandi Spur Connectivity to Indo/Bangladesh Border on Silchar- Churaibari in the State of Assam on HAM Mode Package-7,NHIDCL,Assam,2024-02-01,2025-02-01,2027-02-01,2027-02-01,791.79
618311,Widening/lmprovement to 4-Lane with Paved shoulder for existing as well as Greenfield alignment of Badarpur Churaibari section of NH-8 from Design chainage 87.700 Chandkhira to Km. 106.500 Churaibari section Assam-Tripura border in the state of Assam on HAM Mode Package-6,NHIDCL,Assam,2024-03-01,2025-03-01,2027-03-01,2027-03-01,870.0
618312,Widening/lmprovement to 4-Lane with Paved Shoulder from existing road and Greenfield alignment form Design Ch. 62.800 start of proposed Nilambazar/Cheragi Bypass to Design Ch. 87.700 near Chandkhira Village of NH-8 on Silchar-Churaibari in the state of Assam on HAM Mode Package-5,NHIDCL,Assam,2024-02-01,2025-04-01,2027-10-01,2027-10-01,1258.13
618313,Widening/lmprovement of Existing 2 lane to 4-Laning of Karimganj-Silchar section of NH-37 from Design Ch 0.000 near Silchar ISBT to Design Ch 15.970 near Kalinagar Pt I on NH-37 in Assam on HAM Mode Pkg-1,NHIDCL,Assam,2024-03-01,2025-09-01,2027-09-01,2027-09-01,1181.55
618314,4-Laning of Dhanehari Lailapur / Vairengte section from Existing Chainage km 12920 to km 43000 of NH 306 Design Chainage km 20000 to km 49360 on Silchar - Vairengte Sairang road in the State of Assam under Bharatmala Pariyojna on EPC mode. Project Length 29.360 km under NHO-NE Package-2,NHIDCL,Assam,2023-03-01,2024-02-01,2026-08-01,2027-03-01,1716.21
618315,4-Laning of Silchar - Dhanehari section from Existing Chainage km 263800 of NH 37 to km 12920 of NH 306 Design Chainage km 0000 to km 20000 on Silchar - Vairengte - Sairang road in the State of Assam under Bharatmala Pariyojna on EPC mode Package-1,NHIDCL,Assam,2023-02-01,2024-01-01,2026-07-01,2027-03-01,1256.9
618316,4-Laning of Vairengte - Chhimluang section Package-3 of NH-306 from Existing Chainage km 43000 to Km 59700 Design Chainage km 46000 to km 60850 on Silchar - Vairengte- Sairang road in the State of Mizoram under Bharatmala Pariyojna under NHO-NE. Package-1&2 in Assam state,NHIDCL,Mizoram,2021-12-01,2025-07-01,2027-01-01,2026-12-01,491.39
618317,4-Laning of chhimluang-Kolasib from section pkg-4 of NH-306 & NH-6 existing chainage km 59700 to km 86000 design chainage km 61000 to km 77500 on Silchar- vairengte-sairang road in the state of Mizoram under Bharatmala Pariyojna on EPC mode Vairengte - Sairang Pkg-4,NHIDCL,Mizoram,2021-12-01,2025-07-01,2027-01-01,2026-12-01,561.91
618318,4-Laning of Kolasib - Sethawn section Package-5 of NH-6 from Existing Chainage km 86000 to km 107850 Design Chainage km 77500 to km 95500 on silchar - vairengte - sairang road under Bharatmala Pariyojna on EPC mode under NHO-NE Vairengte - Sairang Pkg-5,NHIDCL,Mizoram,2021-11-01,2025-07-01,2027-07-01,2027-06-01,720.4
618319,"4-Laning of Sethawn - N. Kawnpui section Package-6 of NH-6 from Existing Chainage km 107850 to km 126315 Design Chainage km 95500 to km 111850 on Silchar- Vairengte- Sairang road, Vairengte - Sairang Pkg-6",NHIDCL,Mizoram,2021-12-01,2025-07-01,2027-01-01,2026-12-01,595.65
618320,Construction of 4-Laning of N. Kawnpui N. Mualvum Mualkhang via Khamrang Village section Package-7 of NH-6 from Existing Chainage km 127200 to km 142000 Design Chainage km 111850 to km 123400 on Silchar - Vairengte - Sairang road in the State of Mizoram on EPC mode,NHIDCL,Mizoram,2024-02-01,2025-10-01,2028-10-01,,866.32
618321,Construction of 4-Laning of West Serawlg-Sairang section of NH-6 from Existing Chainage km 142000 to km 158900 Design Chainage km 123400 to km 136260 on Silchar - Vairengte - Sairang road in the State of Mizoram under Bharatmala Pariyojna on EPC mode under NHO-NE Package-8,NHIDCL,Mizoram,2024-02-01,2025-11-01,2028-11-01,,875.79
618323,Construction of Twin Tube Uni-directional Aizawl Bypass Tunnel of 2.5 km and its approaches of 2.1 km from km 10.600 to km 15.200 on Sarrang - Phaibawk section of NH-6 in the State of Mizoram on EPC Mode under NHO-NE Package-2,NHIDCL,Mizoram,2024-01-01,2025-12-01,2028-12-01,,1313.28
618324,Construction of 2-lane Aizawl Bypass from km 15.200 to km 34.500 Package-3 on Sairang - Phaibawk section of NH-6 in the State of Mizoram under Bharatmala Pariyojna on EPC Mode under NHO-NE,NHIDCL,Mizoram,2023-02-01,2025-10-01,2028-11-01,,720.72
618325,Dillai to Lahorijan Package-7,NHIDCL,Assam,2021-11-01,2023-01-01,2024-07-01,2026-04-01,204.1
618326,Widening/Improvement to 4-Lane with Paved Shoulder from KM 38500 to Km 51246 Design Chainage 38500 to 50959 with proposed Daboka Bypass of Daboka- Parokhaowa of NH 29 on EPC under NHO-NE Package-1,NHIDCL,Assam,2023-01-01,2023-11-01,2025-11-01,2026-06-01,516.88
618327,Widening/Improvement to 4-Lane with Paved Shoulder from KM 113300 to Km 146230 Design Chainage 113830 to 145712 of Kwaram Taro Village - Dillai Section in Assam on EPC Package-6,NHIDCL,Assam,2021-09-01,2022-07-01,2024-07-01,2025-03-01,625.64
618328,4-Laning of Balance work of Dimapur-Kohima Road from design km 152.490 to km 166.700 Existing km 156.000 to km 172.900 Excluding Dimapur & Kohima Bypass under SARDP-NE Package-III,NHIDCL,Nagaland,2016-03-01,2023-09-01,2025-09-01,2026-09-01,794.75
618329,Construction of 4/6 Laning from Km 132.375 to Km 153.058 Total New Alignment length of 20.683 Km of Daboka-Dimapur Section Dimapur Bypass Nagaland Portion of NH-36 & 39 in the State of Nagaland on EPC basis under PhaseA of SARDP-NE,NHIDCL,Nagaland,2017-02-01,2017-09-01,2020-09-01,2023-02-01,819.39
618330,Construction of 4/6 Laning from existing Km 159.400 of NH-36 to existing Km 102.500 of NH-39 and upto end point of Assam portion [Design Km 118.050 to design Km 132.375] Total New Alignment length of 14.325 Km of Daboka -Dimapur Section Dimapur Bypass in the state of Assam under SARDP-NE 'Phase-A' on EPC mode Assam Portion,NHIDCL,Assam,2018-03-01,2019-11-01,2022-11-01,2025-09-01,511.02
618331,lmprovement to 4-Lane with Paved Shoulder from existing km 260000 Design Ch.4560 km to existing km Ch.233000 D. Ch.24560 of Silchar near Nutan Dayapur village - Budha Nagar Section Length-20.00 Km of NH-37 under Package Silchar- Jiribam Pkg-1 in the state of Assam on HAM Mode,NHIDCL,Assam,2024-01-01,2025-01-01,2028-01-01,2028-01-01,957.95
618333,Widening to 2 lane with Paved shoulder of lmphal to Jiribam section of NH-37 from Design Ch. from km 169570 Near Nungkao vlllage under Tamenglong District to km 205974 near Jiribam Bridge under Jiribam district under NHO-NE PKG-7,NHIDCL,Manipur,2023-01-01,2023-12-01,2025-12-01,2026-12-01,760.16
618334,Widening to 2 Lane with Paved shoulder of lmphal to Jiribam section of NH-37 from Design Ch. from km 131.280 to km 169.570 on EPC mode in Manipur under NHO- TSP PKG-6,NHIDCL,Manipur,2021-12-01,2023-02-01,2025-02-01,2026-12-01,504.76
618335,Widening to 2 Lane with Paved shoulder of lmphal to Jiribam section of NH-37 from Design Ch. from Km 101280 Near Khongsang Village to Km 131280 near Puilon Kambiron Village on EPC Mode in Manipur PKG-5,NHIDCL,Manipur,2021-12-01,2022-11-01,2024-05-01,2026-12-01,410.68
618336,Widening to 2 -Lane with Paved shoulder of Imphal to Jiribam section of NH-37 from Design Chainage 66.110 km to 101.280 Km Existing Chainage km 67.496 to km 103.557 on EPC Mode in Manipur PKG-4,NHIDCL,Manipur,2021-09-01,2022-06-01,2023-12-01,2026-12-01,579.63
618337,Widening to 2 -Lane with Paved shoulder of Imphal to Jiribam section of NH-37 from Design Chainage 33.000 km to 66.390 Km Existing Chainage from km 33.395 to km 67.496 on EPC Mode in Manipur PKG-3,NHIDCL,Manipur,2021-03-01,2021-09-01,2023-03-01,2026-03-01,467.0
618338,Widening to 2-Lane with Paved shoulder of Imphal to Jiribam section of NH-37 from Design Chainage 15.940 km to 33.120 Km Existing Chainage Km 15.946 to Km 33.395 Total length17.180 Km in the State of Manipur on EPC mode PKG-2 - Balance Works & Rectification works,NHIDCL,Manipur,2021-03-01,2025-03-01,2026-03-01,2026-10-01,195.14
618339,Widening/Improvement to 2-Lane Lane with Paved Shoulder from km 16900 Bogapani to km 27150 Golai Goan on existing Dibrugarh to Ledo section with proposed Digboi Bypass Green Field and Brownfield 2-LanePS of NH-315 OLD NH-38 in Tinsukia District under NHO- NE Package-4,NHIDCL,Assam,2023-01-01,2023-12-01,2025-12-01,2026-12-01,356.65
618340,Widening/Improvement to 4-Lane with Paved Shoulder from km 626030 Nalani hulla Gaon to km 650450 Chotahapjan on existing Tinsukhia -Makum Bypass of NH-15 OLD NH-37 and Strengthening of existing NH-315 OLD NH-38 from Km 0000 Chotahapjan to Km 16900 Bogapani section 2-Lane PS in Assam on EPCMode under NHO-NE Package-3,NHIDCL,Assam,2023-01-01,2023-05-01,2025-05-01,2026-10-01,458.59
618341,Up-gradation to 2-lane with paved shoulders of Ngopa - Pawlrang section of NH 102B of Aizawl - Imphal Economic Corridor from Existing Chainage km 32.796 to km 72.030 [Design Chainage km 31.280 to km 68.170] in the State of Mizoram under Bharatmala Pariyojna on EPC mode under NHO-NE Package-2 Keifang- Tuivai Pkg-2,NHIDCL,Mizoram,2021-09-01,2023-09-01,2025-02-01,2026-06-01,523.78
618342,Rehabilitation and upgradation to 2 Lane with Paved shoulder of Economic corridor of NH-6 from Design chaiange Km 0.000 to Km 13.510 Package-1 in the state of Mizoram under Bharatmala Pariyojana on EPC mode,NHIDCL,Mizoram,2020-03-01,2020-07-01,2022-06-01,2024-06-01,206.9
618343,"Rehabilitation and Up gradation to 2-lane with paved shoulder of Keifang Section Economic Corridor of NH-06 from Existing Chainage Km 30050 Keifang to Km 50360 Keifang, Design Chainage Km 27400 to Km 45040 PkgIII in the State of Mizoram under Bharatmala Pariyojna on EPC Mode Seling-Dulte - III",NHIDCL,Mizoram,2020-03-01,2020-07-01,2022-06-01,2024-12-01,292.23
618344,Widening to 2-lane with Hard shoulder of Churachandpur to Tuivai Section of NH- 102B from Design Chainage 69.875 Km to 121.769 Km in the State of Manipur on EPC mode Package-3,NHIDCL,Manipur,2021-03-01,2021-08-01,2023-08-01,2026-12-01,673.27
618345,Widening to 2-lane with Hard shoulder of Churachandpur to Tuivai Section from Km 48.587 to Km 69.875 in the State of Manipur on EPC mode under NHO Package-2B,NHIDCL,Manipur,2020-06-01,2020-08-01,2022-08-01,2026-08-01,365.53
618346,Widening to 2-lane with Hard shoulder of Churachandpur to Tuivai Section of NH- 102B from km 32.835 to km 48.587 in the State of Manipur on EPC mode under NHO Package-2A,NHIDCL,Manipur,2020-04-01,2020-07-01,2022-06-01,2026-08-01,232.99
618347,Widening to 2-lane with Hard shoulder of Churachandpur to Tuivai Section of NH- 102B from km 13.747 to km 32.835 in the State of Manipur on EPC mode under NHO Package-1B,NHIDCL,Manipur,2020-04-01,2020-07-01,2022-06-01,2026-08-01,241.52
618348,Balance work of Widening to 2 Two lane with hard shoulder of Churachandpur to Tuivai section of NH-102B from km 130.000 to km 141.029 Package-4B in the State of Manipur on EPC Mode,NHIDCL,Manipur,2020-06-01,2025-11-01,2026-11-01,2026-11-01,177.76
618349,Balance work of Widening to 2 Two lane with hard shoulder of Churachandpur to Tuivai section of NH-102B from Design Chainage km 118850 to km 130000 Package- 4A in the State of Manipur on EPC Mode,NHIDCL,Manipur,2020-04-01,2025-08-01,2026-08-01,2026-08-01,204.12
618350,Improvement & widening of existing NH-08 to 4-lane with Paved Shoulder from Champak Nagar to Khayerpur section design Km 242500 to Km 261610 in the state of Tripura on EPC basis under NHO-NE,NHIDCL,Tripura,2023-12-01,2024-09-01,2026-09-01,2027-03-01,920.66
618351,Widening & Upgradation to 2 lanes with paved shoulders road from Tamenglong to Mahur NH-137 in the State of Assam starting from km 156.489 near P. Leikul to km 176.410 near Borowapu on EPC mode under NHO-NE Assam portion Package-10,NHIDCL,Assam,2023-03-01,2023-08-01,2025-08-01,2026-09-01,693.15
618352,Widening & Upgradation to 2 lanes with paved shoulders road from Tamenglong to Mahur NH-137 in the State of Assam starting from km 136.500 near Hejaichak to km 156.489 near P. Leikul Package-9 on EPC mode under NHO-NE Package-9,NHIDCL,Assam,2023-03-01,2023-08-01,2025-08-01,2026-09-01,614.43
618353,Widening & Upgradation to 2-lanes with paved shoulders road from Tamenglong to Mahur NH-137 in the State of Assam starting from km 116.480 near Hangrum to km 136.500 near Hejaichak Package-8 on EPC mode under NHO-NE Package 8,NHIDCL,Assam,2023-03-01,2023-08-01,2025-08-01,2026-09-01,904.04
618354,Wideinig & Upgradation to 2-lanes with paved shoulders road from Tamenglong to Mahur NH-137 in the State of Assam starting from km 96.870 near Jiri River to km 116.550 near Hangrum Package-7 on EPC mode Package7,NHIDCL,Assam,2023-12-01,2024-03-01,2026-03-01,2026-12-01,846.82
618355,"Construction of of 2 -Lane with paved shoulders road from Tamenglong-Tousem- Lisang-Mahur Road NH-137 starting near Dialong Village from km 10.000 at Dialong to km 31.430 near Old Tamenglong , near Barak River on EPC Mode Package-2",NHIDCL,Manipur,2021-07-01,2021-09-01,2023-03-01,2026-03-01,483.87
618356,Construction of 2 -Lane with paved shoulders road from Tamenglong to Mahur in the state of Manipur from km 31.430 at Old Tamenglong to km 43.480 ending near Phelong on EPC Mode Package-3,NHIDCL,Manipur,2021-03-01,2021-06-01,2022-12-01,2026-04-01,234.08
618357,Construction of 2 -Lane with paved shoulders road from Tamenglong to Mahur NH- 137 in Manipur starting from km 54.180 near Azuram to km 80.630 near Mandeu on EPC Mode Package 5,NHIDCL,Manipur,2021-09-01,2021-11-01,2023-05-01,2026-01-01,477.86
618358,Construction of 2 -Lane with paved shoulders road from Tamenglong to Mahur NH- 137 starting from km 80.630 near Mandeu to km 96.870 near Jiri River on EPC Mode Package-6,NHIDCL,Manipur,2021-09-01,2021-11-01,2023-05-01,2025-12-01,311.18
618359,Widening/Improvement to 4-Lane with Paved Shoulder from km 55000 Nagabang Gamsuk to km 82514 Oyan in the State of Assam and Arunachal Pradesh on EPC mode under Bharatmala Pariyojna of Length 27.514 Km Package-3,NHIDCL,"Multi-States
(Arunachal
Pradesh, Assam)",2023-03-01,2024-09-01,2027-03-01,2027-03-01,665.47
618362,Construction of 2-laning with hard shoulder of Lunglei to Chhumkhum from Design Chainage Km 0.000 to Km 37.420 of NH-302 [Lunglei-Tlabung] Package-A,NHIDCL,Mizoram,2021-03-01,2021-06-01,2022-12-01,2026-11-01,698.45
618363,Construction of 2-laning with hard shoulder configuration of Chhumkhum to Tlabung from Design Chainage Km 37.420 to Km 74.950 of NH-302 in Mizoram under Bharatmala Pariyojana on EPC mode [Pkg-B],NHIDCL,Mizoram,2021-06-01,2021-07-01,2023-01-01,2026-12-01,740.58
618364,"Widening to 2 Lane with Hard shoulder of Akegwo-Avangkhu section of NH-202K for Package-I Design Chainage 0000 Km to 34795 Km, in the State of Nagaland on EPC mode under NH O-NE",NHIDCL,Nagaland,2022-12-01,2023-08-01,2026-02-01,2026-02-01,430.24
618365,Widening to 2 Lane with Hard shoulder of Akegwo-Avangkhu section of NH-202K for Package-III Design Chainage 69875 Km to 106816 Km in the State of Nagaland on EPC mode under NHO-NE,NHIDCL,Nagaland,2022-12-01,2023-08-01,2026-02-01,2026-02-01,497.18
618366,Widening to 2 Lane with Hard shoulder of Akegwo-Avangkhu section of NH-202K for Package-II Design Chainage 34795 Km to 69875 Km in the State of Nagaland on EPC mode under NHO-NE,NHIDCL,Nagaland,2022-12-01,2023-08-01,2026-02-01,2026-02-01,442.54
618367,Improvement and Widening to 2-lane with paved shoulder of road from design Km 72.000 Pati Chhari to design Km 107.654 Harina Total length 35.654 Km on Teliamura to Harina section of NH 208 in the state of Tripura on EPC mode under JICA ODA Loan Phase VI Package-4,NHIDCL,Tripura,2024-01-01,2024-12-01,2026-12-01,2027-06-01,726.9
618368,Improvement and Widening to 2-lane with paved shoulder of road from design Km 36.000 Rangamati to design Km 72.000 Pati Chhari Total length 36.000 Km on Teliamura to Harina section of NH 208 in the state of Tripura on EPC mode under JICA ODA Loan Phase VI Package-3,NHIDCL,Tripura,2024-01-01,2024-09-01,2026-09-01,2027-05-01,670.9
618369,Improvement and Widening to 2-lane with paved shoulder of road from existing Km 438.170 Khowai Chowmuhani to existing Km 439.410 South Pulinpur of NH-08 and from design Km 0.000 South Pulinpur to design Km 36.00 near Rangamati of NH 208 on Khowai Teliamura- Harina section Total length 37.24 in the state of Tripura on EPC mode under JICA ODA Loan Phase VI Package-2,NHIDCL,Tripura,2024-01-01,2024-09-01,2026-09-01,2027-03-01,657.21
618370,Improvement and Widening to 2-lane with paved shoulder of road from Km 101.300 to km 127.319 Total Length 26.019 Km i.e. the Khowai Teliamura-Amarpur-Harina- Sabroom section of NH 208 in the state of Tripura on EPC under JICA ODA Loan Phase VI Package-1,NHIDCL,Tripura,2024-01-01,2024-07-01,2026-07-01,2027-04-01,431.78
618371,"Widening/Improvement to 4-Lane with Paved Shoulder configuration of existing single lane road from Srirampur near Bhairiguri Village to Kachukhana Harichara Paglagaunj Package-I of Srirampur - Dhubri Section of NH-127B from existing Km 0.000 to Km 28.050 Design Km 0.000 to Km 27.650, Design Length27.650 Km under JICA ODA Loan assistance Phase-V -Balance work",NHIDCL,Assam,2022-03-01,2024-11-01,2026-11-01,2026-11-01,613.89
618372,"Widening / Improvement to 4-Lane with Paved Shoulder configuration of existing single lane road from Kachukhana Harichara Paglagaunj to Dhubri - Phulbari Bridge approach Package-II of Srirampur - Dhubri Section of NH-127B from existing Km 28.050 to Km 55.060 Design Km 27.650 to Km 54.154, Design Length26.504 Km under JICA ODA Loan assistance Phase-V [Srirampur - Dhubri Pkg-2]",NHIDCL,Assam,2022-03-01,2023-01-01,2025-01-01,2025-06-01,909.02
618373,"Construction of 4-Lane Bridge including approaches over River Brahmaputra between Dhubri on North Bank,Assam and Phulbari on south Bank,Meghalaya on NH-127B under JICA ODA Loan assistance Phase-III",NHIDCL,Assam,2019-05-01,2020-12-01,2028-09-01,2028-09-01,4997.04
618374,Improvement/Widening to 2-L with Paved Shoulder/ 4-Laning of NH-40 section from Km 151330 to Km 163400 design Km 63.530 to Km 71.520 including Dawki Bridge of length 368 m between Shillong-Dawki under JICA ODA Loan assistance Phase-II Pkg- 5 -Balance work,NHIDCL,Meghalaya,2020-07-01,2024-05-01,2026-11-01,2026-11-01,284.21
618375,Improvement/Widening to 2-Lane with Paved Shoulder from design Km 45.760 to Km 63.530 between Shillong-Dawki under JICA ODA Loan assistance Phase-II -Balance work Pkg-4,NHIDCL,Meghalaya,2020-07-01,2024-04-01,2026-04-01,2026-10-01,445.51
618376,Improvement/Widening to 2-Lane with Paved Shoulder between Shillong-Dawki road up to Bangladesh Border from design Km 10.670 to Km 37.550 under JICA ODA Loan assistance Phase-II -Balance Work-Pkg-2,NHIDCL,Meghalaya,2020-07-01,2024-02-01,2026-08-01,2026-12-01,525.67
618377,Improvement/Widening to 2-L with Paved Shoulder/4-L from Km 81740 to Km 93490 design Km 0000 to Km 10670 of NH-40 New NH-106 & 206 section & 4-L from design Km 0.00 to Km 0.930 of NH-44 section between Shillong-Dawki under JICA ODA Loan assistance Phase-II -Balance Work Pkg-1,NHIDCL,Meghalaya,2020-07-01,2023-10-01,2025-10-01,2026-06-01,351.12
618379,Widening and Up-gradation to 2- Lane with Paved Shoulder Configuration and geometric improvement from Km. 208. 000 to Km 250.000 Package-5 on Aizawl Tuipang Section of NH-54 in the State of Mizoram Package-5,NHIDCL,Mizoram,2019-09-01,2019-10-01,2023-04-01,2026-06-01,752.89
618380,Widening and Up-gradation to 2- Lane with Paved Shoulder Configuration and geometric improvement from Km. 125. 000 to Km 166 Package-3 on Aizawl Tuipang Section of NH-54 in the State of Mizoram Package-3,NHIDCL,Mizoram,2019-09-01,2019-10-01,2023-04-01,2026-06-01,867.09
618381,Widening and up-gradation to 2-lane with paved shoulder configuration and geometric improvements from km 250.00 Lunglei to km 298.00 on Aizawl-Tuipang section under JICA ODA Loan assistance Phase-I Package-6,NHIDCL,Mizoram,2019-09-01,2019-12-01,2023-06-01,2025-05-01,768.76
618382,Widening and up-gradation to 2-lane with paved shoulder configuration and geometric improvements from km 298.00 to km 339.00 on Aizawl-Tuipang section under JICA ODA Loan assistance Phase-I Package-7,NHIDCL,Mizoram,2019-09-01,2020-10-01,2024-04-01,2025-05-01,750.32
618383,Widening and up-gradation to 2-lane with paved shoulder configuration and geometric improvements from km 339.00 to km 380.00 Siaha on Aizawl-Tuipang section under JICA ODA Loan assistance Phase-I Package-8,NHIDCL,Mizoram,2019-09-01,2020-03-01,2023-09-01,2026-06-01,637.06
618384,Widening and Up-gradation to 2- Lane with Paved Shoulder Configuration and geometric improvement from Km. 166. 000 to Km 208.000 Package-4 on Aizawl Tuipang Section of NH-54 in the State of Mizoram Package-4,NHIDCL,Mizoram,2019-09-01,2019-10-01,2023-04-01,2025-04-01,899.45
618385,Rehabilitation and up-gradation of road from design km 25.250 to km 36.460 Total lengh 11.210 km of Kailashahar-Kurti Bridge section on NH-208A to 2-lane with paved shoulder on EPC basis under NHO Package-III- Balance Work,NHIDCL,Tripura,2020-02-01,2024-09-01,2026-03-01,2026-03-01,174.43
618386,Rehabilitation & Upgradation of Road from Km 0.00 to Km 18.600 Total length-18.600 km of Kumarghat-Kailashahar section on NH-208 to 2-lane with Paved shoulder on EPC bais under NHO,NHIDCL,Tripura,2020-02-01,2020-07-01,2022-01-01,2024-10-01,302.03
618387,Construction of 2-laning with Hard shoulder of Ukhrul Tolloi - Tadubi section of NH- 102A from Design Chainage km 9450 to km 50850 in the State of Manipur on EPC mode under NHO-NE Package-2,NHIDCL,Manipur,2023-03-01,2024-03-01,2026-03-01,2026-12-01,578.98
618388,Construction of 2-laning with Hard shoulder road of Ukhrul - Tolloi - Tadubi section of NH-102A from Design Chainage 50.850 km to 81.870 km in the State of Manipur on EPC mode under NHO-TSP Package -3,NHIDCL,Manipur,2021-09-01,2023-07-01,2025-01-01,2026-12-01,315.56
618389,Construction of 2-laning with Hard shoulder road of Ukhrul - Tolloi - Tadubi section of NH-102A from Design Chainage 81.870 km to 105.825 km in the State of Manipur on EPC mode under NHO-TSP Package -4,NHIDCL,Manipur,2021-09-01,2022-08-01,2024-02-01,2026-08-01,310.76
618390,"Construction, Operation & Maintenance of 2-L Bi-directional Silkyara Bend- Barkot Tunnel with escape passage including approaches Tunnel-4.531 & Approach road- 0.328 on Dharasu-Yamunotri section b/w Chainage 25.400km and 51.00km falling along NH-134 Old NH-94 on EPC mode",NHIDCL,Uttarakhand,2018-03-01,2018-07-01,2022-07-01,2027-03-01,1383.78
618391,"Construction for Mitigation Measures of 5 Nos. Landslides, 05 No. Sinking Zones and 01 No. Bridge from Ch. 450.00 to Ch. 468.00 18 Km. Length on NH-07 Package-III",NHIDCL,Uttarakhand,2023-12-01,2024-06-01,2025-12-01,2027-02-01,250.33
618392,"Construction for Mitigation Measures of 5 Nos. Landslides, 5 Nos. Sinking Zones in between Ch. 433.00 to 450.00 BANERPANI VILLAGE on NH-07 on EPC mode in the state of Uttarakhand Package-2",NHIDCL,Uttarakhand,2023-12-01,2024-12-01,2026-06-01,2027-01-01,259.64
618393,"Construction for Mitigation Measures of 10 Nos. Landslides, 01 No. Sinking Zones and 1 No. of Minor Bridge in between at Ch. Km 368.00 to Km 433.00 on NH-07 on EPC Mode in Uttarakhand Package-1",NHIDCL,Uttarakhand,2023-12-01,2024-06-01,2025-12-01,2024-02-01,216.68
618394,Up-gradation to 2-lane with Paved Shoulder from Km 12.850 to Km20.300 of 7.450Km length on Goha-Khellani section and a link road to Goha village of 2.016 km on NH- 244 in UT of Jammu and Kashmir on EPC Mode Pkg-1,NHIDCL,"Jammu and
Kashmir",2020-07-01,2020-10-01,2022-04-01,2026-10-01,225.37
618395,"Construction & Upgradation to 2-lane with paved shoulder from Design Ch. Km 51700 at Premnagar km 66315 to Km 66535 New Thatri at Start of Km 83rd, Tunnel Km 82665 of 14.835 Km design length on Chenani-Sudhmahadev-Goha Khellani- Kishtwar-Vailoo Donipawa-Ashajipora section of NH-244 in the UT of J&K on EPC Mode under NHO-Gen Pkg - 2",NHIDCL,"Jammu and
Kashmir",2021-03-01,2021-08-01,2023-02-01,2026-10-01,512.43
618396,Construction & Upgradation to 2 lane with paved shoulder from Design Km. 31.449 Khellani Ex. Km 44.946 to Km 51.700 Prem Nagar Ex. Km 68617 of 20.251 Km length on Khellani - Kishtwar - Chattroo section of NH-244 in the UT of J&K on EPC Mode under NHO-Gen PKG- 1,NHIDCL,"Jammu and
Kashmir",2021-02-01,2021-03-01,2022-08-01,2024-10-01,486.45
618397,Widening and Up-gradation to 2-Lane with Paved Shoulder of configuration and geometric improvement from Km 0.000 to Km 16.990 on Chenani Sudhmahadev section of NH-244 in UT of Jammu and Kashmir to be executed on EPC basis,NHIDCL,"Jammu and
Kashmir",2018-03-01,2018-11-01,2020-11-01,2025-12-01,255.9
618398,Up-gradation to 2-lane with Paved Shoulder from Km 20.300 to Km 29.030 of 8.730 Km length on Goha-Khellani section on NH-244 in UT of Jammu and Kashmir on EPC Mode Package II,NHIDCL,"Jammu and
Kashmir",2020-07-01,2020-10-01,2022-04-01,2026-06-01,210.79
618399,Construction of Kishtwar bypass with 2 lane with paved shoulder from Design Km. 80.675 Dulhasti to km 95.550 Bandarkoot of 14.88 km & a link road to Kishtwar town from 0000 to 1.871 of length1.871 Km on Khellani - Kishtwar - Chattroo section in UT of Jammu and Kashmir on EPC Mode Pkg-4,NHIDCL,"Jammu and
Kashmir",2021-03-01,2021-08-01,2023-08-01,2027-06-01,859.67
618400,Construction & Upgradation to 2-lane with paved shoulder from Design Km 67.805 at the end of Km 83rd Tunnel near Dhrabshalla Ex. Km 83905 to Km 80.675 start of Kishtwar Bypass - Dulhasti Ex. Km 970751 of 12.870 Km length on chenani- Sudhmahadev-Goha Khellani-Kishtwar-vailoo-Donipawa-Ashajipora seition of NH-244 in the UT of J&K on EPC Mode under NHO-Gen Pkg-3,NHIDCL,"Jammu and
Kashmir",2021-03-01,2021-07-01,2022-12-01,2025-08-01,398.51
618401,"Construction of Intermediate Lane with Hard Shoulder of Hunli to Hayuliang Package- III from design Km 60.000 to Km 121.500 Design Length 61.500 km, Greenfield Section of Frontier Highway NH-913 in the State of Arunachal Pradesh on EPC Mode Pkg-3",NHIDCL,Arunachal Pradesh,2024-02-01,2025-07-01,2028-07-01,2028-07-01,1418.67
618402,"Construction of Intermediate Lane with Hard Shoulder of Hunli to Hayuliang from Design Km 0.000 to Km 53.000 Design Length 53.000 km, Greenfield Section of Frontier Highway NH-913 in the State of Arunachal Pradesh on EPC Mode Package-I",NHIDCL,Arunachal Pradesh,2024-02-01,2025-03-01,2028-02-01,2028-03-01,1262.43
618403,Construction of Intermediate Lane Road with hard shoulder from design Km 0.000 to Km 17.387 Total length 17.387 km of Hunli to Ithun Bridge section on NH-913 Frontier Highway in State of Arunachal Pradesh on EPC mode under NHO-NE,NHIDCL,Arunachal Pradesh,2024-02-01,2025-01-01,2027-01-01,2027-01-01,275.5
618404,Construction of lntermediate Lane Road with hard shoulder from design chainage Km 0.000 to Km 53.040 Existing Length68.500 Km & Total Design length 53.04 km of Tato to Monigong section of NH-913 Frontier Highway on Nafra Bomdila to Vijaynagar along China border in state of Arunachal pradesh on EPC mode,NHIDCL,Arunachal Pradesh,2023-12-01,2025-05-01,2027-11-01,2027-11-01,625.61
618405,"Construction of Intermediate Lane of Pango to Jorging Road from 0000 to Design Km Design Km 40000 Design Length 40.00 Km, Pkg-l, Greenfield Alignment in the State of Arunachal Pradesh on EPC mode Pkg-1",NHIDCL,Arunachal Pradesh,2024-01-01,2025-01-01,2027-07-01,2027-07-01,898.19
618406,Up-gradation to 4-lane with Paved Shoulder of Jammu-Akhnoor road section of NH- 144A from Ganesh Vihar Km 6.000 to Khati Chowk Km 26.350 in UT of Jammu and Kashmir on EPC basis Pkg-3A,NHIDCL,"Jammu and
Kashmir",2018-03-01,2019-07-01,2021-07-01,2026-11-01,322.49
618407,Jammu-Akhnoor Road Pkg-I,NHIDCL,"Jammu and
Kashmir",2018-03-01,2023-01-01,2025-01-01,2026-10-01,245.3
618408,Kargil Zanskar Road,NHIDCL,Ladakh,2021-03-01,2021-07-01,2023-01-01,2026-08-01,398.37
618409,Widening & Up-gradation to 2 lane with Paved shoulder of NH-301 Kargil- Zanskar Road from Design km 57.000 Ex. Km. 57.905 to Km 87.000 Ex. Km. 88.2491 of 30.000 Km length Pkg-lll,NHIDCL,Ladakh,2021-03-01,2021-07-01,2023-01-01,2026-08-01,381.01
618410,Widening & Up-gradation to 2 lane with paved shoulder of NH-301 Kargil- Zanskar Road from Design Km .30.040 Ex. Km. 30.000 to Design Km 57.000 Ex. Km. 57.905 of 26.960 Km length Pkg-II,NHIDCL,Ladakh,2021-03-01,2021-07-01,2023-01-01,2026-10-01,404.89
618411,Melaghar-Srimantapur section on NH-08 Spur from Km 23 to Km 34.500 11.5 Km and overlay from Km 20.30 to Km 22.00 1.7 Km Total Length 13.2 Km,NHIDCL,Tripura,2023-01-01,2023-05-01,2024-11-01,2026-10-01,195.95
618412,Construction of i Connecting Road from Z-Morh Tunnel to Zojila Tunnel Road Length 18.475km and ii 14.150 Km long 2-L Bi-directional single tube Zoji-la Tunnel across Zojila Pass on Sonamarg - Kargil section from Km 82 to Km 118 of NH-01 under PMDP,NHIDCL,Andhra Pradesh,2018-01-01,2020-10-01,2026-09-01,2028-02-01,6808.69
618413,Construction of 2 laning with Hard shoulder of Peren-Dimapur section on NH 129A from Design Km 146.208 to Km 163.592 Length- 17.384 km in the state of Nagaland on EPC mode under NHO-TSP Package-III,NHIDCL,Nagaland,2021-02-01,2023-06-01,2025-06-01,2026-08-01,199.02
618414,Construction of Balance work for 2-lane with hard shoulder of Peren- Dimapur section on NH-129A from Design Km 126.775 to Km 146.208 Length 19.433 Km in the state of Nagaland on EPC mode under NHO-TSP Package-II,NHIDCL,Nagaland,2021-01-01,2023-09-01,2025-09-01,2025-09-01,258.52
618415,"Improvement of existing road to 2 laning with Hard Shoulders of Maram-Peren section Package-1B, length- 17.660 km from Design Chainage 22.340 km to 40.000 km on NH-129A in the State of Manipur on EPC mode",NHIDCL,Manipur,2021-02-01,2021-06-01,2022-12-01,2026-03-01,188.36
618416,"Improvement of existing road to 2 laning with Hard Shoulders of Maram -Peren section Package-1A, length- 22.340Km from Design Chainage 0.000 km to 22.340 km on NH-129A in the State of Manipur on EPC mode",NHIDCL,Manipur,2021-02-01,2021-06-01,2022-12-01,2027-03-01,226.32
618417,"Construction of 4-Lane with paved shoulder Agartala bypass Western side, length 25.402 km connecting NH-8 near Amtali to NH-108B near Lembuchhera in the state of Tripura on EPC basis under NHO-NE",NHIDCL,Tripura,2023-03-01,2024-03-01,2027-03-01,2027-03-01,2026.05
618418,Rehabilitation and up gradation of Nongstoin-Rambrai-Kyrshai road up to Meghalaya- Assam border from Km 0.335 to km 34.039 to 2-Lane under NHO - NE in the State of Meghalaya Package-1,NHIDCL,Meghalaya,2021-09-01,2022-05-01,2024-05-01,2026-12-01,359.86
618419,"Construction of 2-Lane with paved shoulders of Shillong Western Bypass starting from NH-06 near Ladumsaw existing Km 60.900 of old NH40 to NH106 old NH 44E Package-III, from km 24700 to km 38256 under SARDP-NE PHASE A in the state of Meghalaya on EPC Mode Greenfield alignment",NHIDCL,Meghalaya,2023-03-01,2024-09-01,2026-09-01,2026-09-01,562.48
618420,"Construction of 2 lane with paved shoulder of Shillong Western Bypass starting from NH-06 near Ladumsaw existing km 60.900 of old NH-40 to NH-106 old NH-44E, Package-II km 12800 to km 24700 under SARDP-NE Phase A in the State of Meghalaya on EPC Mode",NHIDCL,Meghalaya,2023-03-01,2024-09-01,2026-09-01,2026-09-01,686.03
618421,"Construction of 2-Lane with paved shoulder of Shillong Western Bypass starting from NH-06 near Ladumsaw Existing km 60.900 of old NH-40 to NH106 old NH-44E, km 0000 to km 12800 Package-I under SARDP-NE PHASE A in the State of Meghalaya on EPC Mode Greenfield alignment",NHIDCL,Meghalaya,2023-03-01,2024-09-01,2026-09-01,2026-09-01,620.3
618422,"Construction of 2-lane with hard shoulders of Merangkong-Tamlu-Mon road Wakching Twon portion on EPC basis from existing Chainage Km 59000 to Km 73640 [Design Km. 59000 to Km, 72450] Design length - 13.450 Km under SARDP-NE package-V Balance work",NHIDCL,Nagaland,2021-03-01,2023-09-01,2025-09-01,2026-07-01,161.73
618423,Construction of 2-Lane with hard shoulders of Merangkong-Tamlu-Mon MTM Road from existing Km 20.456 to Km 41.065 Design Km. 20 to Km. 40.0 Design Length- 20.000 Km in the State of Nagaland under SARDP-NE Phase-A Pkg-2 Balance work,NHIDCL,Nagaland,2018-03-01,2023-08-01,2025-08-01,2026-03-01,215.79
618424,Construction of 2-Laning with hard shoulders of Hayuliang Hawai bypass Road on EPC basis from design Km. 51.825 to Km. 63.131 Existing Km 45.050 of HayuliangHawai road to Hawai Town under SARDP-NE -Balance work Pkg - IV,(NHIDCL),Arunachal Pradesh,2017-01-01,2021-05-01,2023-05-01,2026-07-01,216.76
618426,Construction/Up gradation of Existing road to 2 Lane with Paved Shoulder including Geometric Improvement from Ranipool to Pakyong Balance work from Km 2.000 to 16.167 of NH-717-A on EPC basis under SARDP-NE Phase A in the State of Sikkim,NHIDCL,Sikkim,2018-03-01,2023-01-01,2024-07-01,2026-12-01,380.94
618427,Construction & upgradation of existing road to 2-lane with paved shoulder including geometric improvement of Kafer- Lava More section from km 40.00 to km 61.100 of NH717-A on EPC under SARDP-NE A in state of West Bengal Pkg-VA,NHIDCL,West Bengal,2020-06-01,2020-10-01,2023-04-01,2026-12-01,273.78
618428,Realignment of NH-717A from Design Ch.0.00 Km 77.800 of NH-10 to Design Ch.2.00 Km 3.100 of NH-717A with two lane paved shoulder including Major Bridge of 680 m in the State of Sikkim on EPC Mode-COS work,NHIDCL,Sikkim,2021-01-01,2021-04-01,2023-04-01,2026-05-01,380.94
618429,Construction & upgradation of existing road to 2-lane with paved shoulder including geometric improvement of sect. from Pedong bypass to Reshi Border km 79.700 to km 96.254 of NH-717A under SARDP-NE-A on EPC as part of Alternate connectivity to Gangtok Lava More-Reshi Border Pkg-VB,NHIDCL,West Bengal,2020-06-01,2020-10-01,2022-04-01,2026-08-01,395.59
618430,Construction of alternative highway to Gangtok in Sikkim via Bagrakot -Chuikhim- Nimbong -Kafer-Bakhim-Algarah-Rhenock in the State of West Bengal and from Rhenok-Rorathang-Pakyong along with spur from Aritar-Rolep-Menla in the State of Sikkim from Km 0.00 to Km 13.00 of Bagrakot -Kafer section of NH 717A on EPC Mode under Phase-A of SARDP-NE in the State of West Bengal PKG- IVA,NHIDCL,West Bengal,2018-03-01,2019-10-01,2022-04-01,2026-08-01,402.94
618431,Construction of alternative highway to Gangtok in Sikkim via Bagrakot -Chuikhim- Nimbong -Kafer-Bakhim-Algarah-Rhenock in the State of West Bengal and from Rhenok-Rorathang-Pakyong along with spur from Aritar-Rolep-Menla in the State of Sikkim from Km 13.00 to Km 25.60 of Bagrakot -Kafer section of NH 717A on EPC Mode under Phase-A of SARDP-NE in the State of West Bengal PKG- IVB,NHIDCL,West Bengal,2018-03-01,2020-10-01,2023-04-01,2026-12-01,295.97
618432,Construction of Balance work of 2-Lane with PS of Joram-Koloriang Road NH-713 on EPC basis from Design Km 44.989 to Km 61.547 Existing Km 50.050 to Km 70.000 in the state of Arunachal Pradesh under SARDP-NE Pkg-3,NHIDCL,Arunachal Pradesh,2017-02-01,2020-10-01,2022-04-01,2023-07-01,228.72
618433,Construction of Balance work of 2-Lane with PS of Joram Koloriang Road from existing Km122.600 to km138.00 [Design Km108.724 to Km123.714] in Arunachal Pradesh on EPC Mode under SARDP-NE Pkg-7,NHIDCL,Arunachal Pradesh,2017-02-01,2020-10-01,2022-04-01,2026-04-01,184.89
618434,Roing-Hunli Road Greenfield Alignment Project,NHIDCL,Arunachal Pradesh,2017-02-01,2018-03-01,2022-03-01,2026-10-01,1718.59
618435,4-Laning from Rangagara to Kaliabor Tiniali from km 297.00 to km 315.315 of NH-37 on EPC basis under SARDP-NE in state of Assam,NHIDCL,Assam,2016-01-01,2017-10-01,2020-04-01,2026-07-01,386.51
618436,4-Laning of Jamugurihat to end of Biswanath Chariali By-Pass from Km 182.000 to Km 208.000 of NH-52 on EPC mode in state of Assam under SARDP-NE,NHIDCL,Assam,2015-03-01,2016-12-01,2019-06-01,2025-07-01,599.0
618437,"Construction of Balance Work of 4-Laning of NH-37 Section between End of Moran Bypass to Bogibeel junction near Lapetketa Km. 561.700-Km. 580.875 under SARDP- NE, Phase 'A' in the State of Assam on EPC mode Pkg-I Road works & Toll Plaza",NHIDCL,Assam,2016-01-01,2024-09-01,2025-03-01,2025-08-01,274.34
618438,"4-Laning of NH-37 Section between Demow to End of Moran Bypass From Km. 534.800 to Km. 561.700 including Emergency Landing Facility ELF under SARDP-NE, Phase 'A' in the State of Assam on EPC mode",NHIDCL,Assam,2016-01-01,2023-01-01,2024-07-01,2025-08-01,385.57
618439,"Construction of Balance Work of 4-Laning of the Section from Jorhat to Jhanji of NH- 37 Old from Km 453000 to Km 463000 10.000 Km, under SARDP- NE under EPC Mode in the state of Assam Pkg-I Road Works",NHIDCL,Assam,2024-01-01,2024-02-01,2024-08-01,2026-06-01,478.3
618440,"Construction of Balance Work of 4-Laning of the Section from Jhanji to Demow of NH- 37 Old from Km 490.800 to Km 534.800, under SARDP- NE on EPC Mode in the state of Assam Pkg- IV Structures & Toll Plaza",NHIDCL,Assam,2016-01-01,2024-10-01,2025-10-01,2026-10-01,100.22
618441,"Construction of Balance Work of 4-Laning of the Section from Jhanji to Demow of NH- 37 Old from Km 490.800 to Km 501.800 11.000 Km, under SARDP- NE under EPC Mode in the state of Assam Pkg-I Road Works",NHIDCL,Assam,2016-01-01,2024-10-01,2025-09-01,2026-10-01,476.5
618442,"Construction of Balance Work of the 4-Laning of the Section from Jorhat to Jhanji of NH-37 Old from Km 477.000 to Km 490800 13.800 Km, under SARDP- NE under EPC Mode in the state of Assam Pkg-III Road Works",NHIDCL,Assam,2024-01-01,2024-02-01,2024-08-01,2026-06-01,358.72
618443,"Construction of Balance Work of the 4-Laning of the Section from Jorhat to Jhanji of NH-37 Old from Km 463.00 to Km 477.000 14.000 Km, under SARDP- NE under EPC Mode in the state of Assam Pkg-II Road Works",NHIDCL,Assam,2024-01-01,2024-02-01,2024-08-01,2026-03-01,438.44
618444,"Construction of Balance Work of the 4-Laning of the Section from Jorhat to Jhanji of NH-37 Old from Km 453.000 to Km 490.800, under SARDP- NE , under EPC Mode in the state of Assam Pkg-IV Structures & Toll Plaza",NHIDCL,Assam,2024-01-01,2024-02-01,2024-08-01,2026-07-01,279.01
618445,Construction of 2-Laning with hard shoulders of Demwe-Brahmakund section of NH- 13 from Ch.0.00 km to 18.464 km on EPC under SARDP-NE NHO-NE -Balance Work,NHIDCL,Arunachal Pradesh,2020-08-01,2025-06-01,2027-12-01,2027-12-01,353.9
618446,Construction & Upgradation of existing road to 2-lane with paved shoulder from New Rolep Bridge at km 37.600 to Chochenpheri at km 52.00 in the section of Rongli to Chochenpheri of NH 717B Pkg-II C,NHIDCL,Sikkim,2020-10-01,2021-05-01,2024-05-01,2026-09-01,478.79
618447,Construction of 2-Laning with Paved Shoulder of New Greenfield Alignment From Helipad near Menla at Km 82000 to Menla at Km 94030 of Rhenock-Menla Spur NH- 717B Package-IIIB on EPC Basis under SARDP-NE Phase 'A' in the State of Sikkim.,NHIDCL,Sikkim,2021-01-01,2021-02-01,2024-02-01,2027-05-01,379.3
618448,Construction of 2-Laning with Paved Shoulder of New Greenfield Alignment From Chochenpheri at Km 52000 to Helipad near Menla at Km 82000 of Rhenock-Menla Spur NH-717B Package-IIIA on EPC Basis under SARDP-NE Phase 'A' in the State of Sikkim.,NHIDCL,Sikkim,2020-10-01,2020-12-01,2023-12-01,2027-05-01,786.6
618449,Construction & Upgradation of existing road to 2-lane with paved shoulder from km27.200 End of Rongli bypass to km37.600New Rolep Bridge of Rhenok-Menla spur NH-717B on EPC Mode under SARDP-NE Phase-A in Sikkim Pkg-II B,NHIDCL,Sikkim,2020-07-01,2020-10-01,2023-04-01,2026-09-01,244.91
618450,Rehabilitation & Upgradation of existing road to 2-lane with paved shoulder including geometric improvement of section from start of Rabangla km33.600 to km58.840 under SARDP-NE Phase A Pkg- IV,NHIDCL,Sikkim,2020-07-01,2020-10-01,2022-05-01,2026-12-01,292.8
618452,"2-laning of Zorinpui - Longmasu section of NH-502A from km 0.000 to km 28.244 in the State of Mizoram on EPC mode under NHO-NE, stretch of IMBR",NHIDCL,Mizoram,2023-02-01,2024-12-01,2026-12-01,2027-07-01,781.85
618454,"Earthwork in Formation, Road Work, Construction of Bridges, Blanketing, P. Way Linking works including Supply of P. Way Fittings and Track Ballast in connection with Construction of Railway Siding from Jogighopa Railway Station to MMLP at Jogighopa from Ch. 00 to 3760 on Item Rate basis Package -3, Railway Siding from Jogighopa Railway Station to MMLP",NHIDCL,Assam,2020-02-01,2020-12-01,2022-06-01,2024-09-01,693.97
618455,Development of External Trunk Connectivity and Internal Infrastructure Works at Multi Model Logistics ParkMMLP at Jogighopa in the State of Assam on EPC Mode Package-I Road and Utility Works,NHIDCL,Assam,2020-02-01,2020-09-01,2022-04-01,2024-09-01,693.97
618456,Delhi-Vadodara Greenfield Alignment NH-148N Pkg-14 Ch. 388.420 to Ch. 419.000 [Junction with NH- 76 to Junction with NH-12 near village Ummedpura],National Highways Authority of India [NHAI],Rajasthan,2019-11-01,2021-05-01,2023-05-01,2025-03-01,1194.17
618457,Delhi-Vadodara Greenfield Alignment NH-148N Pkg-10 Ch. 292.950 to Ch. 319.400 [End of Interchange on NH-166 near village Mui to Hardeoganj village near Indergarh],NHAI,Rajasthan,2019-11-01,2021-05-01,2023-05-01,2026-09-01,1265.16
618458,Delhi-Vadodara Greenfield Alignment NH-148N Pkg-15 Ch. 419.000 to Ch.427.300 [Junction with NH-12 near village Ummedpura to Major bridge over Takli river near Nayagaon Jageer village],NHAI,Rajasthan,2020-07-01,2021-07-01,2024-01-01,2026-08-01,1854.68
618459,Delhi-Vadodara Greenfield Alignment NH-148N Pkg-26 Ch.696890 to Ch.726390,NHAI,Gujarat,2020-09-01,2022-12-01,2024-08-01,2027-02-01,1556.4
618460,Delhi-Vadodara Greenfield Alignment NH-148N Pkg-28 Ch.756052 to Ch.781282,NHAI,Gujarat,2020-09-01,2021-11-01,2023-11-01,2026-04-01,1266.98
618461,Delhi-Vadodara Greenfield Alignment NH-148N Pkg-30 Ch 803420 to Ch.824920 [Baletiya Village - Junction near Pratap Nagar Village],(National Highways Authority of India [NHAI]),Gujarat,2019-11-01,2021-09-01,2023-09-01,2024-06-01,1800.73
618462,Delhi-Vadodara Greenfield Alignment NH-148N Pkg-31 Ch.824920 to Ch.844382 [Junction near Pratap nagar Village - Junction near Dodka Village],NHAI,Gujarat,2019-11-01,2021-05-01,2023-05-01,2026-08-01,1651.14
618463,Vadodara Mumbai Expressway Kim to Ankleshwar Phase IA - Pkg V,NHAI,Gujarat,2018-02-01,2019-11-01,2021-10-01,2026-08-01,2807.48
618464,Vadodara Mumbai Expressway Ena -Kim Phase IB - Pkg VI [Km 217.500 to Km 254.430],National Highways Authority of India [NHAI],Gujarat,2020-05-01,2021-12-01,2023-12-01,2026-05-01,4297.28
618465,Vadodara Mumbai Expressway Gandeva to Ena Phase IB - Pkg VII [Km 190.00 to Km 217.500],National Highways Authority of India [NHAI],Gujarat,2020-07-01,2021-11-01,2023-11-01,2026-05-01,3392.21
618466,Vadodara Mumbai Expressway Jujuwa - Gandeva from Km. 154.600 to Km. 190.000 Phase-I Package-VIII,NHAI,Gujarat,2023-07-01,2024-08-01,2026-03-01,2026-11-01,3820.2
618467,Vadodara Mumbai Expressway Karvad - Jujuwa from Km. 128.000 to Km. 154.600 Phase-I Package-IX,NHAI,Gujarat,2023-07-01,2024-04-01,2025-10-01,2027-07-01,2587.04
618468,Vadodara Mumbai Expressway Phase II - Pkg XI [Km. 77.000 to Km. 103.400] Ganjad - Talsari,National Highways Authority of India [NHAI],Maharashtra,2020-06-01,2022-05-01,2024-05-01,2026-04-01,1913.95
618469,Vadodara Mumbai Expressway Phase II - Pkg XIII [Km. 26.582 to Km. 50.700] Shirsad - Masvan,NHAI,Maharashtra,2020-06-01,2022-02-01,2024-02-01,2026-08-01,4679.54
618470,Vadodara Mumbai Expressway Phase II - Pkg XIV [Km. 3.000 to Km. 20.200 of Spur] Shirsad - Akloli,NHAI,Maharashtra,2021-05-01,2022-11-01,2024-05-01,2026-08-01,2324.72
618471,Vadodara Mumbai Expressway Phase II - Pkg XV [Km. 20.200 to Km. 43.000 of Spur] Akloli - Amne,NHAI,Maharashtra,2021-05-01,2022-11-01,2024-05-01,2026-08-01,2918.39
618472,Vadodara Mumbai Expressway Phase II - Pkg XVI [Km. 43.000 to Km. 69.800 of Spur] Amne - Bhoj,NHAI,Maharashtra,2021-06-01,2022-11-01,2024-10-01,2026-08-01,4315.56
618473,Vadodara Mumbai Expressway Phase II - Pkg XVII [Km. 69.800 to Km. 79.783 of Spur] Bhoj - Morbe,NHAI,Maharashtra,2021-09-01,2023-01-01,2025-07-01,2026-08-01,2463.02
618475,Bangalore Chennai Expressway Phase-II Pkg-II from km.96.000 to Km 127.000 Baireddypalle to Bangarupalem section,NHAI,Andhra Pradesh,2021-02-01,2023-06-01,2025-06-01,2026-10-01,2548.04
618476,Bangalore Chennai Expressway Phase-II Pkg-III from km.127.000 to Km 156.000 Bangarupalem to Gudipala section,NHAI,Andhra Pradesh,2020-11-01,2022-10-01,2024-10-01,2026-08-01,1407.33
618477,Bangalore Chennai Expressway Phase-III Package I Gudipala to Walajajhpet from Km 156.000 to Km 180.000,NHAI,"Multi-States
(Andhra Pradesh,
Tamil Nadu)",2020-10-01,2022-05-01,2024-05-01,2026-08-01,1481.87
618478,Bangalore Chennai Expressway Phase-III Package II Walajahpet to Arakkonam from Km 180.000 to Km 204.500,NHAI,Tamil Nadu,2021-01-01,2022-07-01,2024-07-01,2026-08-01,1106.65
618479,Bangalore Chennai Expressway Phase-III Package III Arakkonam to Kancheepuram from Km 204.500 to Km 230.000,NHAI,Tamil Nadu,2020-12-01,2022-08-01,2024-07-01,2027-12-01,1525.1
618480,Construction of Trumpet Interchange Connecting Bangalore Chennai Expressway km.261705 to km. 262800 with Maduravoyal to Walajapet Section of NH 48 near Sriperumbudur Toll Plaza at km. 35700,NHAI,Tamil Nadu,2023-05-01,2024-02-01,2025-08-01,2026-10-01,162.56
618481,4L Bangalore-Chennai Expressway from Km. 230.000 to Km. 261.705 of Kanchepuram to Sriperumbudur Section Phase-III/Package-IV,NHAI,Tamil Nadu,2021-02-01,2022-07-01,2024-07-01,2026-10-01,3605.73
618482,Delhi-Amritsar-Katra Expressway Phase-I Pkg-I from Jussur Kheri on NH-KMP Expressway to Junction with Rohtak-Panipat road NH-709 near Rukhi Paani village Km 0000 to Km 34000,NHAI,Haryana,2020-12-01,2021-12-01,2023-12-01,2026-07-01,2429.9
618483,Delhi-Amritsar-Katra Expressway Phase-I Pkg-II from Junction with Rohtak-Panipat road NH-709 near Rukhi Paani village to Junction with Jind-Panipat road NH-352A near Gangana village Km 34000 to Km 60800,NHAI,Haryana,2020-12-01,2022-01-01,2024-01-01,2026-07-01,1792.53
618484,Delhi-Amritsar-Katra Expressway Phase-I Pkg-III from Junction with Jind-Panipat road NH-352A near Gangana village to Junction with Jind-Karnal road NH-709A near Alewa village Km 60800 to Km 91400,National Highways Authority of India [NHAI],Haryana,2020-12-01,2021-12-01,2023-12-01,2024-05-01,1813.91
618485,Delhi-Amritsar-Katra Expressway Phase-I Pkg-IV from Junction with Jind-Karnal road NH-709A near Alewa village to Junction with Ambala-Kaithal-Hissar road NH-152 near Kharak Pandwa village Km 91400 to Km 120250,National Highways Authority of India [NHAI],Haryana,2021-01-01,2021-12-01,2023-12-01,2024-03-01,1578.66
618486,Delhi-Amritsar-Katra Expressway Phase-I Pkg-V from Junction with Ambala-Kaithal- Hissar road NH-152 near Kharak Pandwa village to Junction with Patiala-Samana- Patran road SH-10 near Ghagga village Km 120250 to Km 157920,NHAI,"Multi-States
(Haryana, Punjab)",2021-01-01,2022-05-01,2024-05-01,2026-08-01,2281.02
618487,Delhi-Amritsar-Katra Expressway Phase-I Pkg-VII from Junction with Patiala-Bathinda road NH-7 near Bhawanigarh to Junction with Ludhiana-Malerhkotla SH-11 near Bhogiwal village Km 188830 to km 225770,National Highways Authority of India [NHAI],Punjab,2020-12-01,2022-07-01,2024-07-01,2026-06-01,1774.32
618488,Delhi-Amritsar-Katra Expressway Phase-I Pkg-VIII from Junction with Ludhiana- Malerkotla SH-11 near Bhogiwal village to Junction with Ludhiana-Moga road NH-5 near Mullanpur Dakha Km 225770 to km 260860,NHAI,Punjab,2020-12-01,2023-03-01,2025-03-01,2026-12-01,2034.94
618489,Delhi-Amritsar-Katra Expressway Phase-I Pkg-IX from Junction with Ludhiana-Moga road NH-5 near Mullanpur Dakha to Junction with Jalandhar - Moga road NH-703 near Kang Sahibu village Km 260860 to km 303900,NHAI,Punjab,2020-12-01,2022-07-01,2024-07-01,2027-03-01,2407.14
618490,Delhi-Amritsar-Katra Expressway Phase-I Pkg-X from Jn. with Jalandhar - Moga road NH-703 to Jn. with Jalandhar-Kapurthala road NH-703A and to Jn. with Kapurthala - Sultanpur Lodhi road NH-703A km 000 to km 24000 to Amritsar connectivity,NHAI,Punjab,2020-12-01,2022-07-01,2024-07-01,2026-07-01,2062.74
618491,Delhi-Amritsar-Katra Expressway Phase-I Pkg-XI from Junction with Jalandhar - Kapurthala road NH-703A near khojewal village to Junction with Amritsar-Mehta- SriHargobindpur-Tanda road NH-503A near SriHargobindpur Km 319400 to km 362420,NHAI,Punjab,2021-03-01,2022-11-01,2024-11-01,2026-12-01,2206.71
618492,Delhi-Amritsar-Katra Expressway Phase-I Pkg-XII from Junction with Amritsar-Mehta- SriHargobindpur-Tanda road NH-503A near SriHargobindpur to Junction with Pathankot-Gurdaspur road NH-54 near Gurdaspur Km 362420 to km 397700,NHAI,Punjab,2021-03-01,2025-02-01,2027-02-01,2027-06-01,1538.47
618493,Delhi-Amritsar-Katra Expressway Phase-I Spur-I from Jn. with Kapurthala - Sultanpur Lodhi Road NH-703A near Isharwal village to Jn. with Kapurthala - Tarn Taran road NH-703AA near Goinwal Sahib [Km 24000 to Km 41000 of Amritsar connectivity],NHAI,Punjab,2021-12-01,2023-04-01,2026-04-01,2028-03-01,1519.6
618494,Delhi-Amritsar-Katra Expressway Phase-II Pkg-XV [Junction with Hiranagar Road near village Gurha Baildaran to Junction with Jammu Ring Road NH-244A near Jakh village from Km 468100 to Km 503250],NHAI,"Jammu and
Kashmir",2021-10-01,2022-09-01,2024-09-01,2026-12-01,3716.56
618495,4/6L Access Control Expressway from Design Chainage Km 515.000 to 528.300 Kunjwani to Sidhra Section of NH-44 and from Design Chainage Km 550.900 to Km 566.520 Domel to Katra Section Phase II-Package XVII,NHAI,"Jammu and
Kashmir",2022-06-01,2023-06-01,2025-06-01,2027-11-01,2894.74
618496,Delhi-Amritsar-Katra Expressway Phase-II Pkg-XVI Existing Jakh Vijaypur-Kunjwani section of NH-44 including spur Connectivity to Jammu Airport NH-144A [Km 503500 to km 514500],NHAI,"Jammu and
Kashmir",2021-09-01,2022-09-01,2024-09-01,2026-09-01,2522.56
618497,Delhi Amritsar Katra Expressway Phase-II Pkg XVIII Development and Upgradation of Four lane Access Control Expressway from Design Chainage KM 530.00 to KM 545.300 Sidhra to Domel Section of NH-44,NHAI,"Jammu and
Kashmir",2022-12-01,2023-11-01,2025-11-01,2027-06-01,975.38
618498,6L Greenfield Kanpur - Lucknow Expressway Pkg II from km. 28.500 to km. 73.744,National Highways Authority of India [NHAI],Uttar Pradesh,2021-12-01,2022-11-01,2025-05-01,2026-04-01,2489.0
618499,6L Elevated Kanpur - Lucknow Exeressway Pkg-1 from Km. 10980 to Km. 28500,NHAI,Uttar Pradesh,2021-12-01,2023-02-01,2025-07-01,2026-08-01,1943.27
618500,Construction of 4L Connector from Delhi Meerut Expressway Km 50.000 of Pkg IV to Km 8.520 of NH-235 Pkg-5,NHAI,Uttar Pradesh,2021-09-01,2022-03-01,2024-03-01,2026-08-01,1116.19
618501,Ahmedabad - Dholera Pkg I from km. 0.00 to km. 22.00 [Sardar Patel Ring Road - Sindhrej Village],National Highways Authority of India [NHAI],Gujarat,2020-05-01,2022-01-01,2024-01-01,2026-06-01,1421.05
618502,Ahmedabad - Dholera Pkg II from km. 22.00 to km. 48.52 [Sindhrej Village - Vejallka Village],National Highways Authority of India [NHAI],Gujarat,2020-05-01,2022-01-01,2024-01-01,2026-06-01,1729.69
618503,Ahmedabad - Dholera Pkg III from km. 48.52 to km. 71.06 [Vejallka Village - Start of DSIR zone],NHAI,Gujarat,2020-05-01,2021-07-01,2023-07-01,2026-08-01,1155.41
618504,Ahmedabad - Dholera Pkg IV from km. 71.06 to km. 109.019 [Start of DSIR zone - Adhelai Village],NHAI,Gujarat,2020-05-01,2021-12-01,2023-12-01,2026-08-01,1358.73
618505,Additional Structures on 6LGurgaon-Jaipur Section of NH-48 between KM 42.700 to KM 273.00,NHAI,"Multi-States
(Haryana,
Rajasthan)",2022-08-01,2022-12-01,2024-06-01,2026-08-01,290.64
618506,"Construction of Additional Structures, Improvement of Service Road & Maintenance of Six Lane Gurgaon-Jaipur Section of NH-48 old NH-8 between km 42700 to km 107100 in the State of Haryana",NHAI,Haryana,2024-05-01,2025-05-01,2027-05-01,2027-05-01,240.02
618507,"Balance work of Six Laning of Shamlaji-Motachiloda from Km. 401.200 to Km.494.410 section Design Chainage Km.447.385 to Km 540.595, Length- 93.210 Km of old NH-8 NH-48 in the state of Gujarat on single Percentage Item Rate Contract",NHAI,Gujarat,2024-06-01,2024-08-01,2025-06-01,2026-08-01,501.48
618508,Construction of Additional Structures including Approaches in Vadodara Surat Section of NH48 between existing Km. 108.000 to Km. 250.000,NHAI,Gujarat,2024-03-01,2025-01-01,2027-01-01,2027-06-01,907.39
618509,Development of 6L UER II [Package - I] NH-1 Near Bakoli till Karala Kanjhawala Road from km. 0.70 to km.15.00,NHAI,Delhi,2020-07-01,2021-10-01,2023-10-01,2026-08-01,2203.45
618511,Upgradation & rehabilitation of Service Roads on both sides in urban areas of Pune City on PuneSatara section of NH48,NHAI,Maharashtra,2025-01-01,2025-06-01,2027-06-01,2027-06-01,388.78
618512,Tunnel at Khambataki Ghat Section and its approaches from existing Km. 771.730 to existing Km. 782.000,NHAI,Maharashtra,2017-11-01,2019-02-01,2022-02-01,2026-10-01,816.12
618513,6L of Kagal-Satara section from Km 592.500 to Km 658.000 of NH-48 Pkg-I,NHAI,Maharashtra,2021-12-01,2023-01-01,2025-01-01,2027-02-01,1435.46
618514,6L of Kagal-Satara section from Km 658.000 to Km 725.000 of NH-48 Pkg-II,NHAI,Maharashtra,2021-12-01,2022-12-01,2024-12-01,2026-12-01,317.4
618515,6L from Belgaum to Sankeshwar Bypass from Km. 515.000 to Km. 555.017 of NH-48 Pkg-I,National Highways Authority of India [NHAI],"Multi-States
(Karnataka,
Maharashtra)",2021-11-01,2022-10-01,2025-04-01,2026-06-01,1237.04
618516,6L from Sankeshwar Bypass to MH-KNT Border from Km. 555.017 to Km. 592.853 of NH-48 Pkg-II,NHAI,"Multi-States
(Karnataka,
Maharashtra)",2022-01-01,2022-10-01,2025-04-01,2027-05-01,1066.86
618517,4/6L of Bangalore - Pune Section of bypass connecting Dharwad - Hubli from km. 403.80 to km. 433.20,NHAI,Karnataka,2021-12-01,2023-03-01,2025-09-01,2027-05-01,763.36
618518,Davanagere - Haveri of NH-48 Old NH-4 from km. 260.00 to km. 338.923,NHAI,Karnataka,2017-01-01,2018-01-01,2020-07-01,2026-12-01,1805.84
618519,Bangalore Ring Road STRR-NH-948A- Package-I of Phase-III from Belagondapalli TN to TN/KNT border from km 144.480 to 179.969,NHAI,"Multi-States
(Karnataka, Tamil
Nadu)",2022-03-01,2023-05-01,2025-05-01,2026-12-01,1218.47
618520,4L of km 0.00 to km 42.00 of Dobbaspet to Doddaballapura Bypass section of NH-648 old NH-207] [Bangalore Ring Road Pkg 1],NHAI,Karnataka,2020-08-01,2021-04-01,2023-04-01,2026-09-01,1786.57
618521,Karaipettai to Walajapet from Km 71.015 to 107.091,NHAI,Tamil Nadu,2018-08-01,2019-02-01,2021-02-01,2026-08-01,766.51
618522,Balance Works for six laning of Sriperumbudur to karaipettai section of NH-4 New NH- 48 from 37000 Existing Km 37000 to Km 71015 Existing Km 71000 in Tamilnadu on EPC mode underNHDP Phase-V,NHAI,Tamil Nadu,2024-06-01,2025-01-01,2026-10-01,2027-03-01,411.16
618523,Bhadrak KM 136.500 to Baleshwar KM 199.141,NHAI,Odisha,2014-11-01,2019-03-01,2021-09-01,2026-11-01,1394.82
618524,Construction of 6 lane elevated corridor including its approaches from Km. 629880 to Km. 634470 Design Chainage of NH-16 in Ranasthalam Town portion in the state of Andhra Pradesh on EPC Mode under NHO.,NHAI,Andhra Pradesh,2024-07-01,2025-03-01,2027-03-01,2027-08-01,192.85
618525,Construction of flyover at Gammon Junction at Km.903.265 on NH16 including vent at Diwancheruvu junction at Km.902.308 Blackspot ID No.AP03299 in Andhra Pradesh on EPC mode under NHO,NHAI,Andhra Pradesh,2025-03-01,2025-10-01,2027-10-01,2027-10-01,223.29
618526,6L of Gundugolanu Design km 1023.280 to Kalaparru Design km 1050.680 of NH-5 New NH-16,NHAI,Andhra Pradesh,2018-10-01,2020-01-01,2021-07-01,2026-08-01,665.59
618527,Six Laning of Vijayawada Bypass from Gollapudi to Chinnakakani in Vijayawada - Gundugolanu Section from km. 30.00 to km. 47.881 Pkg-IV,National Highways Authority of India [NHAI],Andhra Pradesh,2020-01-01,2021-07-01,2024-01-01,2026-06-01,1757.82
618529,Varanasi Ring Road Pkg-II connecting Sandaha Village km 11.70 / NH-29 with Revasa Village km 818.80 / NH-2,NHAI,Uttar Pradesh,2017-12-01,2019-02-01,2022-02-01,2026-10-01,1832.66
618530,Six Laning of Varanasi to Aurangabad from km. 786.00 to km. 978.40 of Old NH-2,NHAI,"Multi-States
(Bihar, Uttar
Pradesh)",2009-02-01,2011-09-01,2014-03-01,2026-08-01,3241.56
618531,6L of Aurangabad to Bihar-Jharkhand border Chordaha section from km. 180.000 to km. 209.827 of NH-2 PKG-01,NHAI,"Multi-States
(Bihar, Jharkhand)",2021-02-01,2024-12-01,2026-12-01,2026-12-01,786.81
618532,6L of Aurangabad to Bihar-Jharkhand border Chordaha section from km. 209.827 to Km. 249.525 of NH-19 PKG-02,National Highways Authority of India [NHAI],"Multi-States
(Bihar, Jharkhand)",2021-06-01,2022-03-01,2024-03-01,2026-05-01,738.11
618533,Barwa Adda Km. 398.240 to Panagarh Km. 521.120,NHAI,"Multi-States
(Jharkhand, West
Bengal)",2010-08-01,2014-04-01,2016-09-01,2026-08-01,1568.22
618534,Construction of Six lane elevated flyover including reconstruction/rehabilitation of existing pavement from Km 426230 to Km 430500 Length 4.27 Km at Nirsa in the Barwa Adda Panagarh section of NH-19 from Km.398.240 to Km.521.120 including Panagarh Bypass in the State of Jharkhand on EPC Mode.,NHAI,Jharkhand,2025-01-01,2026-02-01,2028-08-01,2028-08-01,470.75
618535,Construction of Six lane elevated flyover including reconstruction/rehabilitation of existing pavement from Km 406100 to Km 411150 Length 5.05 Km at Gobindpur area in the Barwa Adda Panagarh section of NH-19 from Km.398.240 to Km.521.120 including Panagarh Bypass in the State of Jharkhand on EPC Mode.,NHAI,Jharkhand,2025-01-01,2025-09-01,2028-03-01,2028-03-01,442.52
618536,Construction of Ring Road around Kanpur from Ch.68.650 to Ch.93.209 Jarkala to Pakari Package-IV in State of Uttar Pradesh.,NHAI,Uttar Pradesh,2023-02-01,2024-12-01,2027-06-01,2027-06-01,1192.16
618537,Construction of Ring Road around Kanpur from Km.000 to Km. 23.325 Chachendi Sachendi I to Maharajpur Package-I,NHAI,Uttar Pradesh,2023-01-01,2023-12-01,2026-06-01,2027-02-01,1311.7
618538,Construction of Ring Road around kanpur from Ch.51.200 to Ch. 68.650 Badarka to Harbanch-Uchti Pkg-III,NHAI,Uttar Pradesh,2023-09-01,2025-01-01,2027-07-01,2027-07-01,1126.75
618539,Construction of Ring Road Kanpur from Ch. 32.090 to Ch.51.200 Transganaga to Sathara Package-II B,NHAI,Uttar Pradesh,2024-08-01,2025-03-01,2027-09-01,2027-09-01,1106.92
618540,Construction of Ring Road around Kanpur from Ch.23.325 to Ch.32.090 Chaudhariya to Transganga Package-IIA,NHAI,Uttar Pradesh,2024-08-01,2025-11-01,2027-10-01,2028-04-01,977.45
618541,4L Ring road/bypass around Srinagar city from km 0.000 to km 42.100 Phase-I,NHAI,"Jammu and
Kashmir",2021-03-01,2021-08-01,2024-02-01,2026-10-01,2604.76
618542,4L of existing Wayul Ganderbal Pandach Soura section of old NH-1 as a part of Srinagar Ring Road Phase IIA,NHAI,"Jammu and
Kashmir",2024-12-01,2026-05-01,2028-05-01,2028-05-01,827.98
618543,4L of twin tube tunnel configuration including approaches from Marog to Digdol from Km.154.210 to Km.158.650 North Bound and from Km.155.940 to Km.160.260 South Bound of Ramban to Banihal Pkg-I of Old NH-1A New NH-44,NHAI,"Jammu and
Kashmir",2021-07-01,2022-08-01,2025-08-01,2027-12-01,1034.3
618544,"4L twin tube tunnel including approaches from Digdol to Khuni Nallah North Bound connecting with existing major bridge on NB and South Bound connecting with Tunnel T4 ,Single tube tunnel of Ramban to Banihal Pkg-II of Old NH-1A New NH-44",NHAI,"Jammu and
Kashmir",2021-07-01,2022-02-01,2024-06-01,2026-09-01,1020.99
618545,"4L of Km.165.092 to Km.171.855 North Bound and from Km.166.895 to Km.173.638 South Bound, excl. certain reaches of North Bound and South Bound of Ramban to Banihal Pkg-III of Old NH-1A New NH-44",NHAI,"Jammu and
Kashmir",2021-07-01,2022-02-01,2024-08-01,2027-06-01,444.76
618546,Construction of Tunnels/Viaducts at identified sliding/slip zones at Km 130.550 to Km.130.750 Km. 131.170 to Km. 131.763 Km. 132.560 to Km. 133.168 Km. 133.590 to Km. 133.743 and Km. 147.877 to Km. 148.715 of Udhampur-Ramban section of NH-44,(National Highways Authority of India [NHAI]),Jammu and Kashmir,2021-09-01,2022-04-01,2023-10-01,2025-06-01,533.11
618547,2L NH-1 from km 8.660 to km 33.775 Sumbal to Wayul to 4L dual carriageway NH standard as part of Srinagar Ring Road PhaseII [Design Ch. 41.907 to Ch. 66.609],NHAI,"Jammu and
Kashmir",2022-11-01,2023-12-01,2026-06-01,2027-06-01,643.64
618548,Stand-alone Ring road/bypass around Jammu City from Raya Morh km. -0.687 to Jagti km. 57.568,(National Highways Authority of India [NHAI]),Jammu and Kashmir,2017-12-01,2018-01-01,2021-01-01,2023-10-01,2117.63
618549,Construction of twin tube tunnels on Jammu Kashmir Ring Road NH-244A Between Design Ch. 50600 to 51700 and design Ch. 53535 to 55700 on EPC mode under residual NHDP component of Bharatmala Pariyojna,NHAI,"Jammu and
Kashmir",2022-11-01,2023-06-01,2025-06-01,2026-12-01,731.59
618550,Corridor Efficiency Improvement including removal of black spots in Lakhanpur - Samba section of NH-44 from Chainage Km. 16.300 to Km. 74.100,NHAI,"Jammu and
Kashmir",2022-06-01,2022-12-01,2024-06-01,2026-12-01,215.68
618551,Greenfield connectivity from Govindsar village on Delhi Amritsar Katra Expressway to Talwara village on NH-44 Pathankot by-pass,NHAI,Punjab,2024-11-01,2025-07-01,2027-07-01,2027-07-01,690.47
618552,Development of 6L Greenfield Jalandhar Bypass starting from Kahlwan NH-03 ending at Kang Sahbu NH-703 via Sarmastpur NH-44 - Madara NH-03 - Khajurla NH-44,NHAI,Punjab,2021-03-01,2023-01-01,2025-01-01,2027-06-01,2167.39
618553,6L of Agra Bypass Northern connecting Km. 174.500 of NH-2 new NH-19 to Km. 141.000 of Yamuna Expressways,National Highways Authority of India [NHAI],Uttar Pradesh,2022-01-01,2023-02-01,2025-02-01,2026-07-01,1034.42
618554,Construction of left out portion of Agra Inner Ring Road connecting village Deori to NH-44 village Bad from Km. 0.000 to Km. 7.772,NHAI,Uttar Pradesh,2022-07-01,2023-03-01,2024-09-01,2026-08-01,787.58
618555,"Flyover at Km.544.650 including ROB, Service Roads ,Footpath for RCC drains on urban link to Nagpur -Raipur road Pardi octroi Naka to Itwari",(National Highways Authority of India [NHAI]),Maharashtra,2015-12-01,2016-03-01,2019-03-01,2026-04-01,758.4
618556,"Construction of 26 VUPs, Major Bridge, Service Road etc. on Lalitpur-Sagar- Lakhnadon section of NH-44 NS",NHAI,"Multi-States
(Madhya Pradesh,
Uttar Pradesh)",2023-02-01,2024-03-01,2026-03-01,2026-08-01,665.91
618557,4L of Indora Chowk to Pachpaoli and Agrasen Chowk - Ashoka Chowk,NHAI,Maharashtra,2023-03-01,2023-07-01,2026-06-01,2026-09-01,918.53
618558,Improvement of Geometrics of Kalkallu to Gundla Pochanpalli from Km 454.00 to Km 471.00 of NH-44,NHAI,Telangana,2022-03-01,2023-01-01,2025-01-01,2027-03-01,903.17
618559,6L of existing 4L from Gundlapochampally to Bowenpally from km 471.300 to km 481.331 of NH-44,NHAI,Telangana,2021-12-01,2022-08-01,2024-07-01,2026-12-01,528.21
618560,Improvement of Geometrics of Thondupally to Kothur from Km 22.300 to Km 34.14 of NH-44,NHAI,Telangana,2022-03-01,2023-03-01,2024-09-01,2026-09-01,527.43
618561,Improving the Alignment of Thoppur Ghat Section from Km 158.500 to Km 165.100 in Dharmapuri - Salem Section of NH-44,NHAI,Tamil Nadu,2024-03-01,2025-03-01,2028-03-01,2028-03-01,731.09
618562,Dindigul Bypass - Samyanallore from km. 373.275 to km. 426.00,National Highways Authority of India [NHAI],Tamil Nadu,2005-06-01,2006-07-01,2009-01-01,,295.5
618563,4L of Madurai Ring Road Phase 1 [Vadipatti-Thamrapatti] from km 0.00 - km 29.960,NHAI,Tamil Nadu,2018-12-01,2020-03-01,2022-03-01,2026-08-01,900.05
618564,6L with PS of Samakhiyali to Santalpur section from km. 339.700 to Km. 430.100 of NH-27,NHAI,Gujarat,2023-01-01,2023-12-01,2025-12-01,2027-03-01,34.34
618565,Strengthening of existing 4L Ayodhya Bypass Section from design Km. 121 600 to Km. 144020 of NH 28 New NH 27Pkg-3,NHAI,Uttar Pradesh,2023-03-01,2023-09-01,2025-03-01,2025-08-01,281.13
618566,4L Green Field Northern East side Gorakhpur Bypass 26.616 Kms starting from NH- 29E Chainage 83.308 and end at NH-28 Chainage 285.100,NHAI,Uttar Pradesh,2023-02-01,2024-01-01,2026-01-01,2027-01-01,1244.44
618567,4/6L of Northern Ayodhya Bypass starting Km. 112.540 and ending Km. 139.928 north of existing NH-27 part-1 and part-2 south of NH-27 from km 0.000 to km 5.000.,NHAI,Uttar Pradesh,2024-08-01,2025-07-01,2028-01-01,2028-01-01,1834.25
618568,4/6L Southern Ayodhya Bypass from Km 5.000 to Km 37.172 starting near Km. 112.540 and ending at Km. 153.281 of NH-27,NHAI,Uttar Pradesh,2024-08-01,2025-03-01,2027-09-01,2027-09-01,1983.05
618569,Balance work - WB-10 Gandak Bridge Km 402.00 to Km 440.00 Devanpur - Kotwa,NHAI,Bihar,2021-11-01,2022-07-01,2024-01-01,2027-02-01,358.3
618570,4L Elevated Highway and at grade improvements at Gopalganj Town from Km. 384.000 to Km. 386.750 on NH-27,National Highways Authority of India [NHAI],Bihar,2021-10-01,2022-03-01,2024-08-01,2026-04-01,248.92
618571,Permanent rectification of 3 nos. of black spots in project Highway NH-27 of U.P border - Dewapur - Kotwa section from Km.360.915 to km.440.000 Total Length of 79.085 Km of NH-27& Permanent rectification of 5 nos. of black spots of project Highway NH-27 of Kotwa - Mehsi - Muzaffarpur Section from km.440.000 to km.520.000 Total length 80.00Km,NHAI,Bihar,2022-04-01,2023-12-01,2025-12-01,2026-12-01,321.23
618572,Binnaguri Bypass-Descoped portion of Ghoshpukur-Dhupguri Section of NH-31Dpkg-1,NHAI,West Bengal,2025-03-01,2025-11-01,2027-11-01,2027-11-01,306.02
618574,Balance Works of 4L of NH-31D from Km. 113.200 to Km. 154.854 Package-II A Ghoshpukur-Salsalabari Section,NHAI,West Bengal,2023-11-01,2024-12-01,2027-06-01,2027-06-01,962.31
618575,"6L Standalone Flyovers at Bongaigaon, Chapaguri, Pathsala, Simlaguri chowk and Baihata Bypass Junctions on stretches of NH-31 and NH-27",(National Highways Authority of India [NHAI]),Assam,2022-03-01,2023-01-01,2024-07-01,,412.15
618576,"6L Standalone Flyovers at Raha, Demow, Borghat, Kathiatali junctions and ROB at Jagiroad on stretches of NH 36 and NH 27",National Highways Authority of India [NHAI],Assam,2022-03-01,2022-12-01,2024-06-01,,255.53
618577,Dwarka Expressway Pkg-III Delhi/HR Border to Start of RoB Gurugram,NHAI,"Multi-States (Delhi,
Haryana)",2018-01-01,2018-11-01,2020-11-01,2024-05-01,2298.37
618578,6L Access Controlled Highway from DND Maharani Bagh - Jn. with Jaitpur - Pushta Road of NH-148NA from km. 0.00 to km. 9.00 in NCR,National Highways Authority of India [NHAI],Delhi,2020-07-01,2022-01-01,2024-07-01,2026-06-01,2510.34
618579,6L of Anandapuram Pendurthi Anakapalli Section from km. 681.000 to km. 731.780 of NH-16,NHAI,Andhra Pradesh,2018-01-01,2019-01-01,2021-07-01,2026-08-01,2957.25
618580,Gohana - Sonipat PKG-2,NHAI,Haryana,2019-01-01,2020-07-01,2022-07-01,2026-07-01,1957.44
618581,Hosur to Dhamrapuri Pkg-1 [Neraluru - Thorapalli Agraharam],NHAI,"Multi-States
(Karnataka, Tamil
Nadu)",2021-10-01,2022-10-01,2024-10-01,2027-01-01,1828.66
618582,4L of Galgalia - Bahadurganj section from Km 0.000 to Km 49.000 Package-I of NH327E,National Highways Authority of India [NHAI],Bihar,2021-01-01,2022-01-01,2024-01-01,,1282.97
618583,4L of Bahadurganj Araria section from Km 49.000 to Km 94.000 Package-II of NH- 327E,National Highways Authority of India [NHAI],Bihar,2021-01-01,2022-01-01,2024-01-01,2024-05-01,1358.77
618584,4L of Kishanganj - Bahadurganj section from Km. 0.000 to Km. 23.649 & interchange at Start Point Length - 1.200 Km of NH-27,NHAI,"Multi-States
(Bihar, West
Bengal)",2025-01-01,2025-12-01,2027-12-01,2027-12-01,855.56
618585,6L of Gonde Km. 439.038 to Pimpri Sado Km. 459.905 section of NH-848 Old NH-3,NHAI,Maharashtra,2024-02-01,2024-10-01,2027-04-01,2027-11-01,718.84
618586,Improvement and strengthening of existing 2 lane stretch to 2-Lane with PS 1.5m on both sides on Ghoti-Sinnar section of NH-160A using Thin White Topping 200mm thick in the State Of Maharashtra on EPC Mode,NHAI,Maharashtra,2025-03-01,2025-06-01,2026-06-01,2026-08-01,147.64
618588,4L Mitigation Measure structures on CH/MH Border to Wainganga Bridge Section of NH-6 New NH-53,NHAI,Maharashtra,2021-02-01,2021-11-01,2023-11-01,2026-08-01,468.92
618589,Durg-Raipur Bypass Section Package - 1 from km. 0.00 to km. 44.50 near Tendesara to near Khatti Village,NHAI,Chhattisgarh,2022-06-01,2023-07-01,2025-07-01,2027-03-01,1656.73
618590,Durg-Raipur-Arang Package - 2 from km. 44.50 to km. 92.23 near Khatti Village to near Aurang,NHAI,Chhattisgarh,2022-06-01,2023-06-01,2025-05-01,2027-03-01,1561.97
618591,"Construction of 6-lane flyover at Ainthapali junction and a 2-lane ROB LHS on NH-53 Earlier NH-6 in Sambalpur, on EPC mode in Odisha under NHO",NHAI,Odisha,2024-03-01,2024-06-01,2026-12-01,2026-12-01,211.74
618592,"Balance work of 8 nos. of Elephant Underpasses EUPs, 1 no. of Vehicular Underpass VUP, 1 nos. of Light Vehicular Underpass LVUP, 1 nos. of Pedestrian Underpass PUP, 1 nos. of Foot Over Bridge FOB and A2 side approach of Jharpokharia Flyover at Km.215.270 in Baharagora-Singhara section of NH-49",NHAI,Odisha,2023-09-01,2024-11-01,2026-05-01,2027-10-01,244.85
618593,Balance work of Rehabilitation and Upgradation to four laning of Baharagora Singhara section of NH-49 from Km.229.727 to Km.238.990 Length 9.263 Km. including construction of five nos. of Elephant Underpasses EUP and fourteen nos. of Animal Underpasses AUP inside the buffer zone of Similipal Tiger Reserve Area in Bangriposi Ghat section in the State of Odisha on EPC Mode,NHAI,Odisha,2025-03-01,2025-05-01,2027-11-01,2027-11-01,163.07
618594,Balance work of 4L Panvel to Indapur section of NH-66 Old NH- 17 from km 0.000 Panvel to km 42.300 Kasu,NHAI,Maharashtra,2022-12-01,2023-03-01,2024-10-01,2026-08-01,196.87
618595,6L of Chengala - Neeleshwaram from km. 56.200 to km. 93.468,NHAI,Kerala,2020-06-01,2021-10-01,2024-04-01,2027-03-01,2538.06
618596,6L of Taliparamba to Muzhappilangad from Km 134.650 to Km 170.6 of NH-66,NHAI,Kerala,2020-08-01,2021-11-01,2024-05-01,2028-01-01,3557.65
618597,6L of Azhiyur-Vengalam from km. 189.200 to km. 230.400 of NH-66,NHAI,Kerala,2020-10-01,2021-10-01,2024-07-01,2028-03-01,3898.46
618598,6L Minor Bridge Paloli Palam at km. 203.160 & Major Bridge Morad at km. 204.895 and allied works,NHAI,Kerala,2020-03-01,2020-12-01,2022-06-01,2026-09-01,216.94
618599,6L of Ramanatukkara Junction to start of Valanchery bypass section of NH-66,NHAI,Kerala,2021-01-01,2022-01-01,2024-07-01,2026-08-01,4919.46
618600,6L of Valanchery bypass to Kappirikkad of NH 66 from km. 298500 to km 335850,NHAI,Kerala,2021-02-01,2022-01-01,2024-07-01,2026-08-01,4023.94
618601,6L of Kappirikkad to Thalikulam section from km 335.85 to km 369.015 of NH - 66 old NH-17,NHAI,Kerala,2021-06-01,2022-09-01,2025-01-01,2027-06-01,4225.59
618602,6L of Thalikulam to Kodugallur section from km 369.015 to km 397.850 of NH - 66 old NH-17,NHAI,Kerala,2021-06-01,2022-09-01,2025-02-01,2027-06-01,4302.06
618603,6L of Kodugallur to Edapppally section from km 397.750 to km 423.780 of NH - 66 old NH-17,NHAI,Kerala,2021-11-01,2022-10-01,2025-04-01,2027-05-01,3606.2
618604,Aroor-Thuravoor Thekku,NHAI,Kerala,2022-08-01,2023-02-01,2026-01-01,2026-12-01,2382.83
618605,Thuravoor Thekku-Paravoor,NHAI,Kerala,2021-09-01,2022-03-01,2024-09-01,2027-05-01,2638.67
618606,Paravoor-Kottankulangara,NHAI,Kerala,2021-12-01,2022-08-01,2025-02-01,2027-03-01,3200.24
618607,Kottankulangara- Start of Kollam Bypass,NHAI,Kerala,2021-06-01,2022-04-01,2024-10-01,2027-03-01,3680.49
618608,4L of left-over works including additional structures from Kerala/Tamil Nadu border to Kanyakumari Section from Km 43.0 to Km 96.174 of NH66,NHAI,Tamil Nadu,2022-11-01,2023-08-01,2025-08-01,2026-12-01,1263.42
618609,Construction of 4L Flyover from MES College Junction to Bogmalo Junction on NH- 566 from Km. 7.106 to Km. 10.460 and 4L VUP at Queeny Nagar Junction from Km. 3.330 to Km. 4.550,NHAI,Goa,2024-01-01,2024-08-01,2026-07-01,2027-05-01,316.28
618610,6L of Jodhpur Romana Bathinda - Mandi Dabwali Punjab Haryana Border section of NH-54 from km. 0.000 to km. 27.400 of NH-54,NHAI,Punjab,2020-05-01,2023-08-01,2025-08-01,2026-08-01,1318.91
618611,Sangariya near Chautala-Rasisar near Bikaner section of NH-754K Phase-I AJ/SR- Package-7,NHAI,Rajasthan,2019-02-01,2021-06-01,2023-06-01,2026-08-01,548.42
618612,Deogarh near Dhandhaniya-Rajasthan/Gujarat Border Phase-I AJ/DRGB-Package-6,NHAI,Rajasthan,2019-10-01,2021-08-01,2023-08-01,2026-08-01,740.62
618613,Deogarh near Dhandhaniya-Rajasthan/Gujarat Border Phase-I AJ/DRGB-Package-7,NHAI,Rajasthan,2019-10-01,2021-07-01,2023-07-01,2026-08-01,597.77
618614,Sanchore - Santalpur from km 67.000 - km 99.000 of NH-754K AJ-RGBS-Package-3,National Highways Authority of India [NHAI],Gujarat,2020-02-01,2021-08-01,2023-08-01,2026-06-01,765.25
618615,Sanchore - Santalpur from km 99.000 - km 130.073 of NH-754K AJ-RGBS-Package-4,NHAI,Gujarat,2020-02-01,2021-03-01,2023-03-01,2026-08-01,835.55
618616,4L of Dhrol bypass section of NH-151A Approx. length 5.7 Km & widening upto 4 laning of missing link of Amran section of NH-151A Approx. length 6.55 Km from existing Ch. 42000 to 48500 of ongoing Dhrol-Bhadra-Pipaliya section of NH-151A,NHAI,Gujarat,2024-03-01,2025-02-01,2027-02-01,2027-02-01,455.54
618617,6L Amritsar-Bathinda Greenfield section from village Tiba on NE-5A to Jn. with Moga Jalandhar road NH-703 near Dharamkot from km 0.000 to km 39.000 of NH-754A Pkg-1,NHAI,Punjab,2021-03-01,2022-11-01,2024-11-01,2027-12-01,1549.32
618618,6L Amritsar-Bathinda Greenfield section from Jn. with Bhagta Bhai Ka-Bhadaur Road near Dyalpura Bhai Ka to Jn. with Mandi Dabwali Bathinda Road on NH-54 near Sangat Kalan from km 93.000 to km 154.866 of NH-754A Pkg-3,NHAI,Punjab,2021-03-01,2024-06-01,2026-06-01,2027-07-01,2677.23
618619,Bypass on Western side of Gwalior City,NHAI,Madhya Pradesh,2025-03-01,2026-01-01,2028-01-01,2028-01-01,998.95
618620,"Additional works 2VUPs, MR-10 junction flyover and underpass in Six lane Indore- Dewas section of NH-52 in the state of Madhya Pradesh on EPC Mode",NHAI,Madhya Pradesh,2022-08-01,2023-01-01,2024-07-01,2027-03-01,211.27
618621,Indore - Edlabad Pkg-II [Tejajinagar to Balwara],NHAI,Madhya Pradesh,2022-03-01,2023-01-01,2025-01-01,2026-10-01,1530.82
618622,4L of Indore - Boregaon Pkg-III [Balwara to Dhangaon] from km. 42.260 to km. 82.660 of NH347BG & 753L,NHAI,Madhya Pradesh,2021-01-01,2022-04-01,2024-04-01,2026-10-01,888.81
618623,4L Boregaon Buzurg to Shahpur Pkg I of Boregaon Buzurg to Muktainagar of NH 753L,NHAI,Madhya Pradesh,2022-11-01,2024-02-01,2026-01-01,2026-10-01,1132.34
618624,Mangloor to Telangana Maharashtra Border,National Highways Authority of India [NHAI],"Multi-States
(Maharashtra,
Telangana)",2018-03-01,2019-04-01,2021-04-01,2021-03-01,1323.12
618625,Indore - Gujarat / MP Border from km. Km 9.500 to Km 171.000 of NH-59 in MP,National Highways Authority of India [NHAI],Madhya Pradesh,2009-12-01,2010-08-01,2013-02-01,2026-05-01,217.22
618626,Four laning from Dive Ghat Km. 220.900 to Hadapsar Km. 234.150 of Mohol Alandi section Pkg VI of NH-965,NHAI,Maharashtra,2023-12-01,2024-10-01,2026-10-01,2027-04-01,400.0
618627,Construction of 7 Nos of Standalone safety structures/works at different locations on various NHs,NHAI,Maharashtra,2025-01-01,2025-07-01,2027-01-01,2027-01-01,112.03
618628,Strengthening of Existing Alignment of Pandharpur Town Part Bypassed Section of NH 965 from KM 36.230 to KM 44.230 from Chh. Shivaji Maharaj Chowk to Wakhari,NHAI,Maharashtra,2022-08-01,2023-11-01,2025-10-01,2027-03-01,87.59
618629,Nandigama Bypass and Kanchikacherla bypass,NHAI,Andhra Pradesh,2017-11-01,2018-03-01,2019-06-01,2026-09-01,444.58
618630,6L of MH/KN Border Nimbal Village to KN/TS Border Singnodi Village from Km. 26.000 to Km. 97.000 in Gulbarga of NH-150C Pkg-II,NHAI,Karnataka,2022-02-01,2022-12-01,2025-06-01,2026-12-01,1923.3
618631,6L of MH/KN Border Nimbal Village to KN/TS Border Singnodi Village from Km. 162.5 to Km. 203.100 in Raichur of NH-150C Pkg-IV,NHAI,"Multi-States
(Karnataka,
Telangana)",2022-03-01,2022-11-01,2025-05-01,2026-08-01,1457.48
618632,6L Access Controlled Greenfield Highway of Nandinne village to Julekal village from Km 202.900 to Km 242.200 Pkg-1,NHAI,"Multi-States
(Karnataka,
Telangana)",2022-02-01,2023-01-01,2025-01-01,2026-08-01,1044.06
618633,4L of Kadapa China Orampadu section of NH-716 Package I of Kadapa-Renigunta section,NHAI,Andhra Pradesh,2022-12-01,2026-03-01,2028-03-01,2028-03-01,1732.66
618634,6L of Veera Kaveri Raja Puram to Pondavakkam from km 61.380 to km 96.040 of NH 716B Pkg-III,NHAI,"Multi-States
(Andhra Pradesh,
Tamil Nadu)",2021-03-01,2023-01-01,2025-01-01,2026-09-01,1439.77
618635,6L of Pondavakkam to Kannigaipair from km 96.040 to km 116.100 of NH 716B Pkg- IV,NHAI,Tamil Nadu,2021-02-01,2023-01-01,2025-01-01,2027-12-01,1359.81
618636,Akkalkot MH/KN border New Greenfield corridor from Km 512.000 to Km 548.400 of NH-150C part of Akkalkot KN/TS Border section Package XIV,NHAI,"Multi-States
(Karnataka,
Maharashtra)",2023-03-01,2024-10-01,2026-10-01,2027-06-01,1403.49
618637,Bal. Works of Fagne Km. 510.000 to Maharashtra/Gujarat Border Km. 650.794,NHAI,"Multi-States
(Gujarat,
Maharashtra)",2019-12-01,2020-09-01,2022-09-01,2026-12-01,1672.89
618638,Tarsod - Fagne section of NH-6,National Highways Authority of India [NHAI],Maharashtra,2016-06-01,2019-01-01,2021-07-01,2026-04-01,2560.5
618639,4L of Bilaspur to Urga km 0.00 to 70.2 of NH-130A,NHAI,Chhattisgarh,2020-04-01,2022-03-01,2024-03-01,2026-12-01,2523.86
618640,4L of Urga - Pathalgaon from Km. 70.200 to km. 157.745 of NH-130A,NHAI,Chhattisgarh,2022-03-01,2024-02-01,2026-08-01,2026-08-01,2860.36
618641,4 Lane of CG/JH Border-Gumla from km 0.000 to km 32.370 of NH-43 in the State of Jhrkhand,NHAI,Jharkhand,2024-08-01,2026-02-01,2028-02-01,2028-02-01,1325.8
618642,4L of Palma to Gumla from km. 26.00 to km. 89.170 of NH-23,NHAI,Jharkhand,2020-03-01,2022-04-01,2024-03-01,2026-09-01,1895.75
618644,4L of Ormanjhi-Gola section from Km 81.450 to Km 53.600 of NH- 320BPKG-II,NHAI,Jharkhand,2022-02-01,2023-06-01,2025-06-01,2026-12-01,1462.19
618645,4L of Gola-BokaroJaina More section from Km 53.600 to Km 21.110 of NH-320PKG-1,NHAI,Jharkhand,2022-02-01,2023-06-01,2025-06-01,2026-10-01,1030.64
618646,4L of Pathalgaon-Kunkuri-CG/JH Border section of NH-43 from Km. 00.000 to Km.104.250,NHAI,Chhattisgarh,2024-08-01,2026-04-01,2029-04-01,2029-04-01,3147.07
618647,6L Access Controlled Ludhiana-Bathinda Greenfield highway from Jn. with Amritsar- Bathanda Greenfield Road NH-754A near Rampura Phul to Jn. with Moga-Barnala Road NH-703 near village Tallewal from Km 0.0 to Km 30.3 of NH-754AD Pkg-1,NHAI,Punjab,2021-06-01,2023-09-01,2025-09-01,2026-10-01,1020.52
618648,"Development of 6-lane Greenfield Southern Ludhiana Bypass from intersection with NH-44 near Village Rajgarh to intersection with Delhi Katra Expressway NE-5 near Village Ballowal, km 0000 to km 25240",NHAI,Punjab,2024-11-01,2026-03-01,2028-03-01,2028-03-01,1424.55
618649,4 Lane with PS from Des. Ch 228.500 to Des. Ch. 273.400 of Belgaum-Hungund- Raichur Section of NH 748 A Package-6,NHAI,Karnataka,2023-03-01,2024-11-01,2026-11-01,2027-06-01,1012.78
618650,4 Lane with PS from Des. Ch 89.900 to Des. Ch. 136.100 of Belgaum-Hungund- Raichur Section of NH-748A Package-3,NHAI,Karnataka,2024-01-01,2025-04-01,2027-04-01,2028-02-01,1219.62
618651,4 Lane with PS from Des. Ch 43.800 to Des. Ch. 89.900 of Belgaum-Hungund- Raichur Section of NH-748A Package-2,NHAI,Karnataka,2024-02-01,2025-03-01,2027-02-01,2027-07-01,1293.94
618652,Chakur Loha Section of NH-361 from km 114.600 to km 187.80,National Highways Authority of India [NHAI],Maharashtra,2018-03-01,2019-03-01,2021-03-01,2024-02-01,3342.11
618653,Loha-Waranga Section of NH-361 from km 187.800 to km 244.369,NHAI,Maharashtra,2018-03-01,2019-03-01,2021-03-01,2026-12-01,3466.58
618654,4L Greenfield Rudhi to Deshgaon Pkg V of Betul-Khandwa/Deshgaon,NHAI,Madhya Pradesh,2022-11-01,2023-10-01,2025-10-01,2027-08-01,469.68
618655,2L PS of Roshni to Ashapur Section of NH-347B from Design KM Ch. 89.900 to 114.000 KM Package III of Betul Khandwa,NHAI,Madhya Pradesh,2024-03-01,2024-08-01,2026-08-01,2026-08-01,120.75
618661,4L from km 0.000 to 42.040 Bhopal Ratnaigiri Tiraha to Vidisha Morikodi,NHAI,Madhya Pradesh,2024-10-01,2025-11-01,2027-11-01,2027-11-01,1038.18
618662,4L Vidisha Gyaraspur section of NH-146 from Design Chainage km 59475 existing chainage km 81240 to Design Chainage km 88361 existing chainage km 110.315,NHAI,Madhya Pradesh,2024-10-01,2026-03-01,2028-03-01,2028-03-01,980.2
618663,i 4L Vidisha to Hinotiya from km 0.000 to Km 27.000 Vidisha Mehulwa-Talbehat Pkg- I Section of NH- 346 and ii 4L Vidisha to Morikori from Km 39.000 to 59.476 section of NH-146,NHAI,Madhya Pradesh,2022-09-01,2023-12-01,2025-12-01,2026-12-01,941.12
618664,Berkhedi to Godpehra on NH-44 Sagar link road,NHAI,Madhya Pradesh,2022-02-01,2022-11-01,2024-11-01,2026-12-01,471.31
618665,4L of Sagar - Mohari from Km.8 to Km.50 Pkg-I,National Highways Authority of India [NHAI],Madhya Pradesh,2021-03-01,2022-04-01,2024-04-01,2026-06-01,660.38
618666,4- Laning of Mohari to Satai Ghat section NH-934 from Km 50300 to Km 89875 Total length 39.575 km Package-2 in the State of Madhya Pradesh on EPC Mode,NHAI,Madhya Pradesh,2022-08-01,2024-08-01,2026-08-01,2026-08-01,539.08
618667,4L of near Satai Ghat to Chowka section of NH-34 from D. Ch. 89.875 to D. Ch. 145.000 Package-3,NHAI,Madhya Pradesh,2024-10-01,2025-10-01,2027-10-01,2027-10-01,882.21
618668,4L of Chowka to Kaimaha near MP/UP Border section NH-34 from D. Ch. 145.000 to D. Ch. 197.266 excluding existing Chhatarpur bypass from D. Ch. 160.307 to D. Ch. 168.630 Package-4,NHAI,"Multi-States
(Madhya Pradesh,
Uttar Pradesh)",2024-10-01,2025-09-01,2027-09-01,2026-08-01,846.68
618669,4 -Laning of MP/UP Border to Kabarai section of NH-34&35 from km 197.000 to km 242.991 Length 45.991 Km Sagar-Kabrai Package-5 under Bharat Mala Pariyojana EC in MP & UP on HAM,NHAI,Uttar Pradesh,2022-10-01,2025-02-01,2027-02-01,2027-02-01,1425.43
618671,4-lanning of Rahatgarh to Berkhedi section of NH-146 from Design Ch 124470 to Ch. 134.549,NHAI,Madhya Pradesh,2025-03-01,2025-12-01,2027-12-01,2027-12-01,342.69
618672,4-lanning of Gyaraspur to Rahatgarh section of NH-146 from Design Ch. 88361 to Ch 124470 in the state of MP on HAM mode,NHAI,Madhya Pradesh,2024-10-01,2025-11-01,2027-11-01,2027-11-01,592.44
618673,Development of 6L of Jhanki Sargi Section Road from km 0.000 to km 42.800 of NH- 130CD Pkg-CG-1,NHAI,Chhattisgarh,2021-11-01,2022-09-01,2024-09-01,2027-02-01,1129.14
618674,Development of 6L Sargi Basanwahi Section from km 42.800 to km 99.500 of NH- 130CD Pkg-CG-2,NHAI,Chhattisgarh,2021-12-01,2023-01-01,2025-01-01,2026-08-01,1461.81
618675,Development of 6L of Basanwahi Marangpuri Section from km 99.500 to km 124.661 of NH-130-CD,NHAI,Chhattisgarh,2022-03-01,2023-10-01,2025-10-01,2027-03-01,1303.63
618676,6L of Dhanara - Hatibena Section from Km 124.611 to km 146.50 of NH-130-CD Package OD-1,National Highways Authority of India [NHAI],"Multi-States
(Chhattisgarh,
Odisha)",2021-02-01,2022-03-01,2024-03-01,2026-04-01,638.32
618677,6L Greenfield Kaliagura Baunsaguar Section of NH-130-CD Road from km 249000 to km 293000 Package OD-5,NHAI,Odisha,2021-09-01,2022-05-01,2024-05-01,2026-11-01,1918.49
618678,6L Greenfield Baunsaguar - Baraja Section of NH-130-CD Road from km 293000 to km 338500 Package OD-6,NHAI,Odisha,2021-08-01,2022-06-01,2024-05-01,2026-08-01,1635.44
618680,6L Greenfield Kandili - Aluru Section of NH-130-CD Road from km 342500 to km 365033 Package-OD-8,NHAI,Odisha,2021-12-01,2022-10-01,2024-10-01,2026-08-01,1912.84
618681,6L Aluru - Jakkuva Section of NH-130CD Road from km 365.033 to km 396.800 Pkg. 1,NHAI,"Multi-States
(Andhra Pradesh,
Odisha)",2021-02-01,2022-03-01,2024-03-01,2026-08-01,1241.66
618682,6L Korlam-Kantakapalle Section of NH-130CD Road from Km 421.100 to Km 445.100 Pkg-3,NHAI,Andhra Pradesh,2021-02-01,2022-02-01,2024-02-01,2026-08-01,1127.63
618684,Outer Ring Road of Jabalpur Town from Manegaon to NH-45 Pkg-2,NHAI,Madhya Pradesh,2022-11-01,2024-03-01,2026-03-01,2027-03-01,786.47
618685,Outer Ring Road of Jabalpur Town from NH45 to Kushner Pkg-3,NHAI,Madhya Pradesh,2022-09-01,2024-03-01,2026-03-01,2026-12-01,773.23
618686,Outer Ring Road of Jabalpur Town from Kushner to Amjhar Road including Airport Connectivity Pkg-IV,NHAI,Madhya Pradesh,2022-08-01,2024-03-01,2026-03-01,2026-11-01,509.82
618687,Outer Ring Road of Jabalpur Town from Barela to Manegaon Pkg-1,NHAI,Madhya Pradesh,2022-09-01,2023-03-01,2025-03-01,2026-08-01,651.88
618688,Outer Ring Road of Jabalpur Town from Amjhar Road including Airport Connectivity to barela Pkg-V,NHAI,Madhya Pradesh,2024-10-01,2025-10-01,2027-10-01,2027-10-01,539.9
618689,4L Rampur Bypass from Km. 181.000 to Km. 189.500,(National Highways Authority of India [NHAI]),Uttar Pradesh,2021-10-01,2022-10-01,2024-04-01,2025-01-01,307.95
618690,"4 lanning of Aligarh Palwal section from km 0.00 to km 46.39 package -1 from khereshwar junction-kurana of NH33D , including khair & jattari bypass in the state of UP on HAM mode",NHAI,Uttar Pradesh,2024-03-01,2025-03-01,2027-03-01,2027-03-01,1685.69
618691,4 laning of Aligarh-Palwal Section from Km. 46.390 Design Chainage to Km. 69.110 Terminating at junction EPE Package-II from Kurana- Eastern Peripheral Expressway of NH-334D,NHAI,"Multi-States
(Haryana, Uttar
Pradesh)",2024-03-01,2025-08-01,2027-08-01,2027-08-01,903.94
618692,Aligarh-Kanpur Pkg I [Aligarh-Bhadwas],NHAI,Uttar Pradesh,2018-03-01,2019-02-01,2022-06-01,2026-08-01,2069.6
618693,Bodhre - Dhule,NHAI,Maharashtra,2021-02-01,2022-01-01,2024-07-01,2026-08-01,1292.7
618694,Indore - Harda Pkg-I [Indore to Raghav Garh from km. 0.25 to km. 26.903],NHAI,Madhya Pradesh,2022-01-01,2022-11-01,2024-10-01,2026-08-01,813.03
618695,Indore - Harda Pkg-III [Nanasa to Pidgaon Section from km 95.000 to km 142.445],National Highways Authority of India [NHAI],Madhya Pradesh,2020-01-01,2021-10-01,2023-10-01,2026-06-01,1240.64
618696,Bellary to Byrapura Section km 253.600 to km 308.550 of NH-150A,(National Highways Authority of India [NHAI]),"Multi-States (Andhra Pradesh, Karnataka)",2018-03-01,2019-10-01,2021-10-01,2022-09-01,1689.6
618697,4LPS Access Controlled Highway of Bellary Bypass Balance work from Ch. 254750 to Ch. 266837 and construction of 4LPS from Ch. 277.690 to Ch. 278.690 at D. Hirehal Village Balance work of NH 150A of Bellary Byrapura Section,NHAI,Karnataka,2024-02-01,2024-08-01,2026-07-01,2027-10-01,284.05
618698,Challakere to Hariyur section from km 358.500 to km 414.205 of NH-150 A,National Highways Authority of India [NHAI],Karnataka,2018-03-01,2021-01-01,2023-01-01,2025-06-01,1873.58
618699,Pipli Bhavnagar-Package 1 from km 136.025 to km 169.328,National Highways Authority of India [NHAI],Gujarat,2018-03-01,2019-02-01,2021-09-01,,1297.38
618700,Renigunta - Poyya - Naidupeta km 124.60 to km 183.4 of NH 71,NHAI,Andhra Pradesh,2020-03-01,2022-01-01,2024-01-01,2026-09-01,2510.14
618701,Balance work of 4L of Nauradehi Sanctuary de-scoped stretch of Hiran River to Sindoor River from Km. 66.00 to 130.00 NH-12 New NH-45,National Highways Authority of India [NHAI],Madhya Pradesh,2021-01-01,2021-07-01,2023-07-01,2024-04-01,153.15
618702,4L of Addahole Near Gundya to Bantwal Cross section Pkg-02 from Design Km 270.270 to Design km 318.55 including flyover at Kalladka Town including approaches from Km. 311.57 to Km. 313.67 of NH-75 Old NH-48,NHAI,Karnataka,2020-12-01,2021-11-01,2023-11-01,2027-04-01,1318.24
618704,6L Flyover including RE Wall approaches with Flexible Pavement in the Elephant Corridor of Angul Sambalpur Section of NH-42 New NH-55 Km.202.533,NHAI,Odisha,2023-09-01,2024-06-01,2027-01-01,2026-08-01,106.32
618705,"4L Godibandha to Ballhar Chhak, Ballhar Chhak to Banarpal & Banarpal to Start of Angul bypass at Km.314.130 to Km.321.035 of NH53, at Km.75.200 to Km.84.000 of NH149 & at Km.84.000 to Km.86.100 of NH55",NHAI,Odisha,2024-12-01,2026-02-01,2028-02-01,2028-02-01,973.12
618706,Bangalore-Nidagatta Pkg. I,NHAI,Karnataka,2018-02-01,2019-05-01,2021-11-01,2026-09-01,4087.42
618707,Additional works under BM1 to ensure road safety under 6L of Bengaluru Mysuru Access control with close toll from Km.17.300 to Km.136.300 of NH-275,NHAI,Karnataka,2024-11-01,2026-01-01,2028-01-01,2028-05-01,738.37
618708,Widening/Development of Existing NH-85 from Km 0.000 to Km 124.636 section to 2L/LPS section in the state of Kerala on EPC Mode under Bharatmala Pariyojana,NHAI,Kerala,2022-09-01,2023-06-01,2025-06-01,2027-03-01,1265.47
618709,4L of Left-Over Works of Hospet-Bellary -Karnataka/AP border from Km.280.080 Dec.Ch. to Km.375450Des.Ch. of NH-63 New-67,NHAI,Karnataka,2023-03-01,2023-05-01,2025-05-01,2028-04-01,992.6
618710,DL/UP Border - EPE Crossing Pkg-02,NHAI,Uttar Pradesh,2020-09-01,2021-05-01,2023-11-01,2026-08-01,1889.78
618711,6L with access control provision Saharanpur bypass to Ganeshpur section from 13.89 Km to 41.820 Km of Delhi- Dehradun Economic Corridor package-2,NHAI,"Multi-States (Uttar
Pradesh,
Uttarakhand)",2022-04-01,2022-11-01,2024-11-01,2026-08-01,560.03
618712,6L Access Controlled Greenfield Highway from Kodur Ch. 0000 to Vanavolu Ch. 24300 of [NH-544G] Package-1,NHAI,Andhra Pradesh,2023-01-01,2024-02-01,2026-02-01,2027-03-01,798.25
618713,6L Access Controlled Greenfield Highway from Yerragudipadu Ch. 129000 to Audireddipalle Ch. 160000 of [NH 544G] Package-6,NHAI,Andhra Pradesh,2023-02-01,2024-02-01,2026-02-01,2027-11-01,1019.69
618714,6L Access Controlled Greenfield Highway from Nallacheruvu palli Ch. 96300 to Yerragudipadu Ch. 129000 of [NH-544G] Package-5,NHAI,Andhra Pradesh,2022-02-01,2024-02-01,2026-02-01,2027-06-01,1095.78
618715,6L Access Controlled Greenfield Highway from Odulapalle Ch. 72000 to Nallacheruvu- palli Ch. 96300 of [NH-544G]Package-4,NHAI,Andhra Pradesh,2023-01-01,2024-02-01,2026-02-01,2027-04-01,946.1
618716,6L Access Controlled Greenfield Highway from Vankarakunta Ch. 45700 to Odulapalle Ch. 72000 of [NH-544G]Package-3,NHAI,Andhra Pradesh,2022-12-01,2024-03-01,2026-03-01,2027-03-01,888.07
618717,6L Access Controlled Greenfield Highway from Vanavolu Ch. 24300 to Vankarakunta Ch. 45700 of [NH-544G] Package-2,NHAI,Andhra Pradesh,2023-01-01,2024-03-01,2026-03-01,2027-02-01,626.91
618718,6L Access Controlled Greenfield Highway from Kavulakuntla Ch. 196000 to Narayanmpet Ch. 203500Package-09,NHAI,Andhra Pradesh,2023-02-01,2025-02-01,2027-02-01,2027-12-01,956.4
618719,6L Access Controlled Greenfield Highway from Mallapalle Ch. 176000 to Kavulakuntla Ch. 196000 Package-08,NHAI,Andhra Pradesh,2023-02-01,2024-02-01,2026-02-01,2027-07-01,751.81
618720,6L Access Controlled Greenfield Highway from Audireddipalle Ch. 160000 to Mallapalle Ch. 176000Package-07,NHAI,Andhra Pradesh,2023-02-01,2024-03-01,2026-03-01,2027-04-01,848.06
618721,6L Access Controlled Greenfield Highway from Chandrasekharapuram Ch. 228000 to Polavaram Ch. 260000of [NH-544G] Package-11,NHAI,Andhra Pradesh,2023-02-01,2024-02-01,2026-02-01,2027-08-01,1110.33
618722,6L access Controlled Greenfield Highway from Gogwan Jalalpur Shamli to Ranipur Barsi Saharanpur of Shamli -Ambala section Package-I Design Ch. Form km 00.600 to km 45.500,NHAI,Uttar Pradesh,2022-06-01,2023-05-01,2025-05-01,2027-03-01,1247.55
618723,6L access Controlled Greenfield Highway from Ranipur Barsi to Adhoya Musalmana section of Shamli -Ambala Package-II Design Ch. Form km 45.500 to km 84.400,NHAI,"Multi-States
(Haryana, Uttar
Pradesh)",2022-06-01,2023-05-01,2025-05-01,2027-02-01,1241.89
618724,6L Greenfield Varanasi-Ranchi-Kolkata Highway from Anarbansalea village to Sagrampur village From KM. 151200 to KM. 184700Package-7,NHAI,"Multi-States
(Bihar, Jharkhand)",2023-03-01,2025-07-01,2027-06-01,2027-06-01,1723.42
618725,6L Greenfield Varanasi-Ranchi-Kolkata Highway from Pachmon village to Anarbansalea village From KM. 116000 to KM. 151200 Package-6,NHAI,Bihar,2023-03-01,2025-09-01,2027-09-01,2027-09-01,1920.21
618726,6L Greenfield Varanasi-Ranchi-Kolkata Highway from junction with Chandauli- Chainpur Road near Khainti village to junction with Bhabhua-Adhaura road near Palka village from Km. 27.000 to Km. 54.000 Pkg-2,NHAI,Bihar,2023-03-01,2025-10-01,2027-10-01,2027-10-01,1341.52
618727,6L Greenfield Varanasi-Ranchi-Kolkata Highway from junction with Bhabhua-Adhaura road in Bhairopur village to Konki village From KM. 54.000 to KM. 90.000Pkg-3,NHAI,Bihar,2023-03-01,2025-10-01,2027-10-01,2027-10-01,1711.44
618728,6L Greenfield Varanasi-Ranchi-Kolkata Highway from junction with NH-19 & Varanasi Ring Road near Rewasa village to junction with Chandauli-Chainpur road near Khainti village from Km. 0.000 to Km. 27.000 - Pkg-1,NHAI,"Multi-States
(Bihar, Uttar
Pradesh)",2023-03-01,2024-11-01,2026-11-01,2027-05-01,1564.15
618729,6 Lane Greenfield Varanasi- Ranchi- Kolkata Highway from Donoreshan village to junction with NH-20 in Bongabar village from km 288.600 to km 325.500 Pkg -11,NHAI,Jharkhand,2023-03-01,2026-07-01,2028-07-01,2028-07-01,1856.12
618730,6 Lane Greenfield Varanasi- Ranchi- Kolkata Highway from Deoria village to Donoreshan village from km 253.000 to km 288.600 Pkg -10,NHAI,Jharkhand,2023-03-01,2026-05-01,2028-05-01,2028-05-01,1546.27
618731,6 Lane Greenfield Varanasi- Ranchi- Kolkata Highway from Chatra to junction with NH- 100 in Deoria village from km 222.000 to km 253.000 Pkg -9,NHAI,Jharkhand,2023-03-01,2026-07-01,2028-07-01,2028-07-01,1418.16
618732,6L Greenfield Varanasi- Ranchi- Kolkata Highway from Sonepurbigha village to junction with NH- 22 Chatra Bypass near Chatra from km 184.700 to km 222.000Pkg - 8,NHAI,"Multi-States
(Bihar, Jharkhand)",2023-03-01,2026-05-01,2028-05-01,2028-05-01,1728.17
618733,6L Greenfield Varanasi- Ranchi- Kolkata Highway from junction with NH-20 in Bongabar village to junction with NH-30 in Lepo village from km 325.500 to km 358.500 Pkg -12,NHAI,Jharkhand,2023-03-01,2026-07-01,2028-07-01,2028-07-01,1525.52
618734,6L Greenfield Varanasi- Ranchi- Kolkata Highway from junction with NH-320 in Lepo village to Kamlapur villageJH/WB border from km 358.500 to km 387.200 Pkg -13,NHAI,"Multi-States
(Jharkhand, West
Bengal)",2023-03-01,2025-09-01,2027-09-01,2027-09-01,1319.18
618735,4L of Chandesara to Khedakhajuriya from Km. 0.000 to - 750 & Km 0.000 to km 41.400 of NH-148NG Pkg-I,NHAI,Madhya Pradesh,2021-12-01,2022-09-01,2024-05-01,2026-09-01,976.55
618736,4L Elevated corridor of Kalimandir-Dimna Chowk-Baliguma Jamshedpur Section of NH-33 New NH-18 from km 241940 to km 251961 Length 10.021 km,NHAI,Jharkhand,2024-03-01,2024-09-01,2027-03-01,2027-03-01,832.2
618737,Grade separated Interchanges at Km. 113.730 junction with Ranchi Hazaribagh Road & Km. 139.225 junction with Ranchi Jamshedpur road on 4L Ranchi Bypass of NH-33,NHAI,Jharkhand,2025-01-01,2025-12-01,2027-12-01,2027-12-01,5.58
618738,6L Bridge and its approaches across River Ganga as Part of Patna Ring Road NH- 131G starting from Km 8.480 near Sherpur to Km 23.000 near Dighwara,NHAI,Bihar,2022-09-01,2023-09-01,2027-09-01,2029-03-01,3351.62
618739,4L Greenfield Alignment of Amas to Shivrampur from 0.000 Km. to 55.002 Km. of NH 119 D Pkg-I,NHAI,Bihar,2022-02-01,2023-03-01,2025-03-01,2027-07-01,1427.43
618740,4L Greenfield Alignment of Shivrampur to Ramnagar from Km. 55.002 to Km. 109.300 of NH 119 D Pkg-II,NHAI,Bihar,2022-02-01,2023-07-01,2025-07-01,2027-11-01,1546.07
618741,4L Greenfield Alignment from Kalyanapur to Tal Dashraha of NH-119D Pkg-III,NHAI,Bihar,2022-03-01,2023-02-01,2025-02-01,2028-03-01,1969.3
618742,"Construction of 6-lane Greenfield corridor from Ramnagar to Kacchi Dargah NH-119D from Km 109700 to Km 122300, including widening of the existing NH-31 from Km 196700 to Km 198600, as part of the Amas-Darbhanga.",NHAI,Bihar,2025-01-01,2026-04-01,2028-04-01,2028-04-01,1113.46
618743,Trichy 135.800 to Karur 218.000 section of NH-67 - Trichy Bypass,National Highways Authority of India [NHAI],Tamil Nadu,2006-12-01,2007-07-01,2024-10-01,,360.88
618744,4L of Thirumangalam to Vadugapatti section from km 0.000 to km 36.000 of NH-744,NHAI,Tamil Nadu,2022-03-01,2023-02-01,2025-02-01,2026-08-01,791.6
618745,4L of Vadugapatti to Therkuvenganallur Rajapalyam section from km 36.000 to km 71.600 of NH-744,National Highways Authority of India [NHAI],Tamil Nadu,2022-02-01,2023-04-01,2025-04-01,2026-06-01,1137.16
618746,Khammam-Devarapalle Pkg I [4L Access Controlled Greenfield from Thallampadu village to Somavaram village Design Chainage 0000 to 33604],NHAI,Telangana,2021-01-01,2022-10-01,2024-10-01,2026-10-01,1337.18
618747,Khammam-Devarapalle Pkg III [4L Access Controlled Greenfield from Chintagudem village to Recherla village Design Chainage 63117 to 105236],NHAI,"Multi-States
(Andhra Pradesh,
Telangana)",2021-01-01,2022-09-01,2024-09-01,2026-08-01,1227.07
618748,Khammam-Devarapalle Pkg IV [4L Access Controlled Greenfield from Recherla village to Gurvaygudem village Design Chainage 105236 to 132664],National Highways Authority of India [NHAI],Andhra Pradesh,2020-11-01,2022-09-01,2024-09-01,2025-05-01,752.02
618749,Khammam-Devarapalle Pkg V [4L Access Controlled Greenfield from Gurvaygudem village to Devarapalle village Design Chainage 132664 to 162126,NHAI,Andhra Pradesh,2020-12-01,2022-09-01,2024-09-01,2026-07-01,926.48
618751,2L PS of Hinotiya-Mehulwa section of NH-346 from Km. 27.000 to Km 75.700 Vidisha Mehulwa-Talbehat Pkg-II Section of NH- 346,NHAI,Madhya Pradesh,2022-10-01,2023-09-01,2025-09-01,2027-03-01,592.71
618754,Upgradation of 2L/4L with Paved Shoulder of Shirwal-Lonand Section from KM 159900 To KM 188025 of NH-965DD Section I and 2L With Paved Shoulder of Lonand-Satara Section from KM 51500 To KM 96246 Of NH-965D Section II in Satara District in the State of Maharashtra on EPC Mode under NHO-,NHAI,Maharashtra,2025-03-01,2025-06-01,2027-06-01,2027-06-01,307.24
618755,4L of left out existing road section from Lalgopalganj Km 161.450 to Nawabganj Km 180.200 in Prayagraj,National Highways Authority of India [NHAI],"Multi-States
(Rajasthan, Uttar
Pradesh)",2024-03-01,2025-04-01,2026-03-01,2026-06-01,100.74
618756,Melur - Pilayarpatti - Karaikudi from km 99.920 of NH 38 to km 12.9 of NH 383 Ext.,NHAI,Tamil Nadu,2018-12-01,2020-03-01,2022-03-01,2026-08-01,1085.41
618757,6L access controlled Highway from Km 40080 to Km 86513 Mator to Barodameo Section,NHAI,Rajasthan,2022-09-01,2024-03-01,2026-03-01,2027-06-01,1565.88
618758,6L accesscontrolled highway from km 0000 to km 40080 Paniyala to Mator Section of Paniyala-Barodameo ICR,NHAI,Rajasthan,2022-09-01,2024-09-01,2026-09-01,2026-08-01,1239.24
618759,4L PS Mydukur - Badvel from Km 585.820 to Km 630.960 of NH-67,NHAI,Andhra Pradesh,2022-05-01,2023-09-01,2025-09-01,2026-10-01,1103.87
618760,4L Greenfield a Malout bypass from ch. Km 44.500 to ch. Km 35.500 on NH-07 and Ch. Km 0.000 to Km 6.984 on NH-09 bMandi Dabwali Bypass from Ch. 38.450 Km to Km 27.910 Pkg-02,National Highways Authority of India [NHAI],"Multi-States
(Haryana, Punjab)",2021-11-01,2022-12-01,2024-07-01,2026-04-01,556.09
618761,4L Spur of Meerut-Garh-Mukteshwar section connecting NH-119 and NH-58 bypassing Meerut Town of NH 709 A,NHAI,Uttar Pradesh,2021-10-01,2023-02-01,2025-02-01,2026-08-01,977.73
618762,Itarsi Km. 63.000 to Betul Km. 137.000 of NH-69 in Madhya Pradesh,NHAI,Madhya Pradesh,2017-08-01,2018-02-01,2020-02-01,2026-08-01,788.33
618764,Moga - Bagha Purana - Bajakhana from km. 0.00 to km. 43.32,NHAI,Punjab,2020-05-01,2022-12-01,2024-12-01,2026-12-01,1264.17
618765,4L of Karimnagar-Warangal section from km 49.500 to km 117.820 of NH-563,NHAI,Telangana,2022-03-01,2023-07-01,2025-07-01,2026-08-01,2486.51
618766,Up-gradation to Four Lane with Paved Shoulder configuration of the highway starting from existing km 88.400 Savali Vihir to km 163.400 start of Ahmednagar bypass Design Length 75.000 km section of NH-160 in the State of Maharashtra under Bharatmala Pariyojana on EPC Mode,NHAI,Maharashtra,2024-10-01,2025-04-01,2027-04-01,2027-04-01,617.93
618768,Four laning of Agra-Aligarh Section from Km. 0.000 Junction of NH-34 Aligarh Km 144.60 to Km. 28.000 near Asroi village in Hathras of NH-509 Package-I,NHAI,Uttar Pradesh,2024-06-01,2026-03-01,2028-03-01,2028-11-01,1309.08
618769,Walajahpet/Ranipet to TN/AP Border Section of from Km.106.800 to Km.133.36 NH-4,NHAI,"Multi-States
(Andhra Pradesh,
Tamil Nadu)",2024-12-01,2025-09-01,2027-09-01,2027-09-01,1214.7
618770,4L Spur of Panipat - Shamli connecting NH-709AD Panipat Shamli Muzaffarnagar and NH-709A Karnal Meerut bypassing Shamli district UP,National Highways Authority of India [NHAI],Uttar Pradesh,2021-10-01,2022-10-01,2024-10-01,2025-03-01,273.42
618771,6L of Varadharajula to Kumarajapet from km 0.000 to km 43.800 of NH-716B Pkg-I,National Highways Authority of India [NHAI],"Multi-States
(Andhra Pradesh,
Tamil Nadu)",2021-02-01,2022-12-01,2024-12-01,2026-04-01,1887.38
618772,6L of Kumarajapet to Veera Kaveri Raja Puram from km 43.800 to km 61.380 of NH- 716B Pkg-II,NHAI,"Multi-States
(Andhra Pradesh,
Tamil Nadu)",2021-02-01,2023-10-01,2025-10-01,2026-09-01,799.36
618773,Tuticorin - Tirunelveli from km. 0.00 to km. 47.250,National Highways Authority of India [NHAI],Tamil Nadu,2009-11-01,2010-04-01,2012-04-01,,452.48
618774,Ara - Mohania Pkg-II,National Highways Authority of India [NHAI],Bihar,2020-08-01,2021-01-01,2023-07-01,2025-11-01,827.51
618775,Ara Bypass,NHAI,Bihar,2025-03-01,2025-10-01,2027-04-01,2027-04-01,226.32
618776,4L of Greenfield section from Sirhind to Mohali,NHAI,Punjab,2022-03-01,2023-05-01,2025-05-01,2026-09-01,1301.15
618777,4L of Pileru to Kalur Section from Km 55.900 to Km 92.800 & Km 94.500 to Km 95.717 of NH-71Package-II,NHAI,Andhra Pradesh,2022-03-01,2023-10-01,2025-11-01,2026-08-01,592.85
618778,4L of Madanapalle to Pileru Section from Km 0.000 to Km 55.900 of NH-71Package-I,NHAI,Andhra Pradesh,2022-02-01,2023-01-01,2025-01-01,2026-08-01,1994.1
618779,4L of Aurangabad-Paithan,NHAI,Bihar,2022-09-01,2023-01-01,2024-07-01,2026-06-01,349.96
618782,4L of Bareilly-Pilibhit-Sitarganj from Km. 0.000 to Km. 32.500 of NH-30 Pkg-1,NHAI,Uttar Pradesh,2023-02-01,2024-03-01,2026-03-01,2027-03-01,1394.14
618783,4-laning of Pilibhit - Sitarganj from Km. 32.500 to Km. 70.800 Pkg-2 of NH-30,NHAI,"Multi-States (Uttar
Pradesh,
Uttarakhand)",2023-01-01,2024-03-01,2026-03-01,2027-10-01,1471.19
618784,Balance works of 4 lane divided carriageway of Missing Link section of NH-39 Rewa Bypass from junction with NH 30 near Bela to Junction with MPRDC ring road near Silpara on SH 9 design length 13.100 km on EPC Mode under Bharatmala Pariyojana in the State of Madhya Pradesh,NHAI,Madhya Pradesh,2023-08-01,2024-04-01,2026-04-01,2027-01-01,355.36
618785,4/6L Greenfield LudhianaRupnagar highway from Jn. with NE-5 village near to ManewalLudhiana to Jn. with NH-205 near Bheora Village Rupnagar from Km 66.0 to Km 91.0 i/c spur to Kharar from Km 0.0 to Km 19.5 with Ludhiana bypass of NH-205K Pkg-3,NHAI,Punjab,2021-07-01,2023-02-01,2025-02-01,2026-12-01,1815.13
618786,4L of Phagwara - Hoshiarpur,NHAI,Punjab,2022-11-01,2025-03-01,2027-03-01,2027-07-01,1503.79
618787,"Upgradation to 4L PS from Bhimasar, Junction of NH-41 to Anjar- Bhuj upto Airport Junction from Km 0.000 to Km 65.478 of NH-341",NHAI,Gujarat,2022-03-01,2023-01-01,2025-06-01,2027-03-01,1687.25
618788,4L Greenfield Jalbhera Shahbad section from km. 0.000 to km. 22.850 of NH-152G,NHAI,Haryana,2022-03-01,2023-06-01,2025-05-01,2026-08-01,1173.66
618789,6L of IT City Chowk to Kurali Chandigarh Road,(National Highways Authority of India [NHAI]),Punjab,2021-03-01,2022-10-01,2024-10-01,2025-06-01,1936.54
618790,Construction of four laning of Bakarpur- Manikpur road section starting from village Chitarsenpur km 0000 and terminating at SH-74 near Manikpur 38814 at NH-139W under Bharatmalapariyona,NHAI,Bihar,2023-03-01,2024-10-01,2027-04-01,2027-09-01,1537.99
618791,4L PS under NH configuration of Manikpur-Sahebganj of NH-139W,NHAI,Bihar,2024-10-01,2026-01-01,2027-12-01,2027-12-01,1538.76
618792,4L Bhiwani-Hansi road section of NH-148B,NHAI,Haryana,2022-11-01,2023-12-01,2025-12-01,2026-08-01,1144.21
618793,4L of Fazilka to Abohar section of NH-07 including construction of Greenfield Abohar & Fazilka Bypasses,NHAI,Punjab,2023-03-01,2024-04-01,2026-04-01,2027-08-01,1674.04
618794,Amritsarairport Junction - Ramdas from km. 100.835 to km. 139.813 Pkg - IV,NHAI,Punjab,2020-12-01,2022-03-01,2023-09-01,2026-09-01,416.58
618795,Amritsar Bypass Pkg III from km. 71.496 to km. 105.158,NHAI,Punjab,2021-02-01,2022-08-01,2024-08-01,2026-12-01,1228.42
618796,Tanot -Ramgarh-Bhadasar-Jaisalmer NH-68 and BhadasarMokal-Sarkaritala up to Pakisthan Border NH-968 Pkg-BM/5,NHAI,Rajasthan,2018-02-01,2019-04-01,2021-04-01,2026-08-01,830.37
618797,"Widening Strengthening of 2-Lane with Paved Shoulder from MyajlarJaisalmer from Design Chainage 0000 to 98350 Section of NH-11 & SundraMyajlarAmbasingh ki Dhani Road from Design Chainage 46000 to 81601, part of MunabaoTanot Road Section of NH-70 along with Strengthening/Widening of Existing Connection of NH-70 & NH-11 of length 0.914 km in the State of Rajasthan under NHO on Hybrid Annuity Mode",NHAI,Rajasthan,2025-03-01,2025-12-01,2027-12-01,2027-12-01,927.02
618798,4L of Sonauli - Gorakhpur,NHAI,Uttar Pradesh,2021-12-01,2023-03-01,2025-03-01,2026-09-01,2275.43
618799,Belakeri Port to Kumta - Sirsi road from km 0.00 - km 4.265 of Belekeri Port Road Link Rd. and km 4.965 - km 60.00 of SH-69,NHAI,Karnataka,2018-03-01,2020-12-01,2022-12-01,2026-11-01,456.79
618800,Construction of New Double Tier 4L Elevated Corridor from Chennai Port to Maduravoyal in Chennai District from km -0.342 to Km 20.593 and Package II from Km 4.604 to Km 9.700,NHAI,Tamil Nadu,2023-03-01,2023-11-01,2026-05-01,2029-03-01,1616.97
618801,Construction of New Double Tier 4-lane Elevated Corridor from Chennai Port to Maduravoyal in Chennai District from Km -0342 to Km 20223 Package 1 from Km - 0342 to Km 4604,NHAI,Tamil Nadu,2023-03-01,2023-11-01,2026-05-01,2029-03-01,1388.59
618803,Development of 4L Road from Samarlakota to Achampeta Junction as part of Kakinada Port Connectivity to NH-16 Rajanagaram Junction in East Godavari District,NHAI,Andhra Pradesh,2022-09-01,2023-08-01,2025-08-01,2026-12-01,750.2
618804,Dedicated Port road to Krishnapatnam Port Package-I from Km. 0.000 to Km. 18.000,NHAI,Andhra Pradesh,2018-03-01,2018-12-01,2020-12-01,2027-03-01,341.36
618805,6L Connectivity to Port Road from Sabbavaram Sheelanagar-NH516C,NHAI,Andhra Pradesh,2024-12-01,2026-02-01,2028-02-01,2028-02-01,977.33
618806,Improvement of 4L road to 6L road and 4L dedicated Port Roads for the Port connectivity road from Convent junction to Sheelanagar Junction,NHAI,Andhra Pradesh,2023-01-01,2024-02-01,2026-02-01,2026-12-01,680.21
618807,"4L Greenfield Road connecting North and South industrial cluster of Khandaleru Creek near Krishnapatnam port at Thamminapatnam to Mollur from Km 0.0 to Km 16.046, Part I & 6L extension of dedicated port road of NH-67 Km 18.0 to Km 19.3, Part II",NHAI,Andhra Pradesh,2022-08-01,2023-09-01,2025-09-01,2027-01-01,559.98
618808,6L Elevated Kona Expressway from Km. 0.145 to Km. 7.337 of NH-117,NHAI,West Bengal,2023-03-01,2024-06-01,2026-12-01,2027-12-01,1203.11
618809,4L of Beas-Mehta-Batala-Dera Baba Nanak from intersection with Jalandhar-Amritsar Highway NH-3 near Beas till start of Batala Bypass near Village Acchhal from Km. 0.000 to Km. 31.300 Pkg-1,NHAI,Punjab,2021-08-01,2023-06-01,2025-06-01,2027-05-01,966.99
618810,4L of existing Beas Baba Bakala - Dera Baba Nanak Section from start of Batala Bypass till intersection with Ajnala Gurdaspur Highway NH 354 near Dera Baba Nanak from Km. 31.300 to Km. 69.100 with Additional batala Bypass Pkg-II,NHAI,Punjab,2021-10-01,2023-06-01,2025-06-01,2027-03-01,993.6
618811,4L Access Controlled Greenfield Highway Section Mancherial Warangal from Pangidipalle village at Design Ch. 72.350 Km to Oorugonda village at Design Ch. 112.240 KmPackage-III,NHAI,Telangana,2023-03-01,2025-10-01,2027-10-01,2028-01-01,1170.64
618812,4L Access Controlled Greenfield Section Mancherial Warangal from Puttapaka village at Design Ch. 35.300 Km to Pangidipalle village at Design Ch. 72.350 KmPackage-II,NHAI,Telangana,2023-01-01,2025-06-01,2027-06-01,2027-12-01,1145.41
618813,4L Access Controlled Greenfield Section Mancherial Warangal from Narva village at Design Ch. 3.834 Km to Puttapaka village at Design Ch. 35.300 Km Package-I,NHAI,Telangana,2023-03-01,2024-12-01,2026-12-01,2027-10-01,1104.27
618814,4L Access Controlled Greenfield Highway section on NH163G Warangal-Khammam from Oorugonda village in Hanamkonda District at Design Ch. 112.240 Km to Venkatpur village in Warangal District at Design Ch. 150.240 KmPackage-I,NHAI,Telangana,2023-03-01,2025-06-01,2027-06-01,2028-05-01,1140.82
618815,4L Access Controlled Greenfield Highway section on NH-163G Warangal-Khammam from Venkatpur village in Warangal District at Design Ch. 150.240 Km to Thallasenkesa village in Mahabubabed District at Design Ch. 189.650 kmPackage-II,NHAI,Telangana,2023-03-01,2024-04-01,2026-04-01,2027-03-01,1083.11
618816,4L Access Controlled Greenfield Highway section on NH-163G Warangal-Khammam from Thallasenkesa village at Design Ch. 189.650 km to V.Vekatayapalem village in Khammam District at Design Ch. 220.480 KmPackage-III,NHAI,Telangana,2023-03-01,2025-07-01,2027-07-01,2027-07-01,1098.05
618817,4L Access Controlled Greenfield Highway section on NH-163G Khammam Vijayawada from V. Venkatayapalem village at Design Ch. 220.480 Km to BrahmanapalliK village at Design Ch. 250.400 Km Package-I.,NHAI,Telangana,2023-03-01,2025-03-01,2027-03-01,2027-06-01,1021.96
618818,4L Access Controlled Greenfield Highway section on NH-163G Khammam Vijayawada from Remidicherla village at Design Ch. 280.200 Km to Jakkampudi village on NH-16 at Design Ch. 309.909 Km Package-III,NHAI,"Multi-States
(Andhra Pradesh,
Telangana)",2023-03-01,2025-10-01,2027-05-01,2027-12-01,1225.14
618819,Balance work of Panikoili Rimoli Section of new NH-20 from Km 0.00 to Km. 163.000,National Highways Authority of India [NHAI],Odisha,2020-09-01,2021-03-01,2022-03-01,2022-07-01,200.79
618820,Rehabilitation and Up gradation from 4 to 8 laning of Chandikhole Paradip Section of NH-53 Old NH 5A from Km.39.000 to Km.60.00 Package-3,NHAI,Odisha,2023-03-01,2023-12-01,2025-12-01,2027-03-01,938.55
618821,Rehabilitation and Up gradation from 4 to 8 laning of Chandikhole Paradip Section of NH-53 Old NH 5A from Km 18.00 to Km 39.00 in the State of Odisha on HAM mode Package-2,NHAI,Odisha,2023-03-01,2023-12-01,2025-12-01,2026-11-01,950.4
618822,Rehabilitation and Up gradation from 4 to 8 laning of Chandikhole Paradip Section of NH-53 Old NH 5A from Km.0.00 to Km.18.00Package-1,NHAI,Odisha,2023-03-01,2023-12-01,2025-12-01,2027-01-01,869.45
618823,4 laning of Barasat - Barajaguli Section of NH-12 from Km. 31.000 to Km. 48.679 in the district of North 24 - Parganas,NHAI,West Bengal,2024-02-01,2024-08-01,2026-02-01,2027-10-01,346.39
618824,"Development to 4-laning of the de-scoped stretches from Km 115.342 to Km 191.700 of NH-34 in Nadia District 3.962 & Murshidabad District 5.538 pertaining to Krishnagar to Berhampore section of NH-34 New NH-12 , in the state of West Bengal under NHO.",NHAI,West Bengal,2024-03-01,2024-07-01,2026-01-01,2027-06-01,197.74
618825,Bridge over Ganga River at d/s of Farraka Barrage including Approaches connecting Farakka-Raiganj,NHAI,West Bengal,2018-08-01,2018-12-01,2021-12-01,2026-09-01,646.1
618826,4 Laning of NH-544D from Km 0.000 to km 37.000 of Anantapur- Muchukota section Pkg-1,NHAI,Andhra Pradesh,2022-10-01,2023-07-01,2025-07-01,2026-08-01,905.98
618827,4 Laning of NH-544D from Km 37.000 to km 69.000 of Muchukota- Bugga section Pkg-2,NHAI,Andhra Pradesh,2022-10-01,2023-08-01,2025-08-01,2026-12-01,1055.23
618828,4L from Km 219.600 Khajuri to Km 260.483 Wyndhamganj on NH-75 Sec-V,National Highways Authority of India [NHAI],"Multi-States
(Jharkhand, Uttar
Pradesh)",2022-03-01,2023-09-01,2025-09-01,2026-05-01,1465.55
618829,4L from km 196.87 Sankha to km 219.6 Khajuri on NH-75 [Rehla / Garhwa Bypass],National Highways Authority of India [NHAI],Jharkhand,2020-09-01,2021-10-01,2023-10-01,,1129.48
618830,4L from Km 147.450 Bhogu to Km 196.870 Sankha on NH-75 Sec-III,NHAI,Jharkhand,2022-10-01,2023-11-01,2025-11-01,2027-03-01,1652.09
618831,4L from Km 95.400 Udaipura to Km 147.450 Bhogu on NH-75 Sec-II,NHAI,Jharkhand,2023-03-01,2024-10-01,2026-10-01,2027-03-01,1301.54
618832,4L from Km 55.00 Kuru to Km 95.400 Udaipura on NH-75 Sec-I,NHAI,Jharkhand,2024-02-01,2026-01-01,2028-01-01,2028-01-01,1274.82
618833,Kodinar - Veraval Package VI from km. 221.610 to km. 263.00 of NH-8E & km. 120.900 to km. 121.150 of NH-8D,NHAI,Gujarat,2016-02-01,2018-02-01,2020-07-01,2026-07-01,1127.42
618834,4L Kodinar - Veraval Package VI from km. 222.400 to km. 230.00 Kodinar Bypass of NH-8E NH 51 new,National Highways Authority of India [NHAI],Gujarat,2022-03-01,2022-04-01,2023-09-01,2025-04-01,192.01
618835,4L of Bal Works of Talaja - Mahuva from 54.990 km. to 100.450 km. of Old NH-8E Package-II,National Highways Authority of India [NHAI],Gujarat,2020-08-01,2021-03-01,2022-09-01,,735.51
618836,4L of Ratnagiri - Kolhapur section from km 67.140 to km 112.340 of NH-166 Pkg II,NHAI,Maharashtra,2022-02-01,2023-05-01,2025-05-01,2027-01-01,1798.0
618837,4L of Ratnagiri - Kolhapur section from km 112.340 to km 145.300 of NH-166 PkgIII,NHAI,Maharashtra,2022-02-01,2023-05-01,2025-05-01,2027-01-01,1910.41
618838,4L of Karwar Km. 281.980 of NH-62 Nagaur road to Dangiyavas of Jodhpur Ring Road Pkg-II,NHAI,Rajasthan,2021-11-01,2022-08-01,2024-08-01,2026-08-01,512.77
618839,Aunta - Simaria including Ganga Bridge,National Highways Authority of India [NHAI],Bihar,2017-01-01,2018-08-01,2022-02-01,2026-04-01,2107.68
618840,Simaria Km. 206.050 to Khagaria Km. 266.282,NHAI,Bihar,2015-12-01,2016-10-01,2019-04-01,2026-10-01,891.64
618841,4L Elevated Section and at-grade improvements at Begusarai town Simaria - Khagaria section from Km. 221.047 to Km. 225.302 of NH-31,NHAI,Bihar,2021-10-01,2022-06-01,2024-12-01,2026-08-01,348.38
618842,"2L PS Greenfield bypass lalganj ajhara, mohanganj and Raniganj on Raebareli - Jaunpur Section Design km 0.00 to Km 53177 of NH-31",NHAI,Uttar Pradesh,2024-12-01,2026-06-01,2028-06-01,2026-12-01,1280.68
618843,Construction of two lane with paved shoulders bypass to Mungrabadshapur town starting from near Kodahu at Km 47/225 of NH-319D and ending near Nauwadandi at Km 219/720 of NH-31 under NHO in the state of Uttar Pradesh on EPC mode,NHAI,Uttar Pradesh,2025-02-01,2025-09-01,2027-03-01,2027-03-01,165.28
618844,Viluppuram Km.0.000 to Puducherry Km.29.000,NHAI,"Multi-States
(Puducherry, Tamil
Nadu)",2018-03-01,2021-11-01,2023-11-01,2026-09-01,1162.44
618845,Puducherry Km.29.000 to Poondiyankuppam Km.67.000,NHAI,"Multi-States
(Puducherry, Tamil
Nadu)",2018-03-01,2021-11-01,2023-11-01,2026-09-01,1415.9
618846,Poondiyankuppam Km.67.000 to Sattanathapuram Km.123.800,NHAI,Tamil Nadu,2018-03-01,2022-01-01,2024-01-01,2026-09-01,2319.35
618847,Sattanathapuram to Nagapattinam from Km 123.800 to Km 179.555,NHAI,"Multi-States
(Puducherry, Tamil
Nadu)",2018-03-01,2020-10-01,2022-10-01,2026-12-01,2899.77
618848,Construction of Underpass beneath airport runway on NH-31 old NH-56 for proposed expansion of runway of Babatpur Airport Varanasi,NHAI,Uttar Pradesh,2025-02-01,2025-09-01,2027-09-01,2027-09-01,649.44
618849,Conversion of Partially Excavated Escape Tunnel to Uni-Directional 2L Tunnelincluding construction of cross passages and approach roads on either side of the tunnel from Km 12.732 to Km 14.568 of Kiratpur to Nerchowk Section of NH-21,National Highways Authority of India [NHAI],Chhattisgarh,2022-05-01,2022-09-01,2024-03-01,2026-05-01,412.88
618850,Nerchowk km 190.000 to Pandoh including Pandoh bypass km221.305,NHAI,Himachal Pradesh,2016-03-01,2018-01-01,2020-07-01,2026-08-01,1651.67
618851,Pandoh bypass 221.305 to Takoli 242.000 of NH-21 in the state of Himachal Pradesh,NHAI,Himachal Pradesh,2017-06-01,2018-03-01,2021-09-01,2027-03-01,4465.94
618852,4L Sundar Nagar Bypass from Km.173.900 to Km.179.600 of NH-21,NHAI,Himachal Pradesh,2022-02-01,2022-06-01,2024-06-01,2026-08-01,192.11
618853,Construction of Four lane Elevated Structure at Raniwada Circle in Sanchore City on NH-68,NHAI,Rajasthan,2024-01-01,2024-07-01,2026-07-01,2026-11-01,241.34
618854,2L PS of Raebareli - Jagdishpur with 4L Jagdishpur Bypass Spur,National Highways Authority of India [NHAI],Uttar Pradesh,2021-02-01,2022-01-01,2024-01-01,2025-06-01,752.52
618855,"Improvement and Up-Gradation of Existing Road to 2/4L PS from Km 40.000 to 88.750, start of Khutar bypass to start of Shahjahanpur bypass of NH 731Pkg-I",National Highways Authority of India [NHAI],Uttar Pradesh,2022-03-01,2023-02-01,2025-02-01,2026-04-01,838.68
618856,"Improvement and Up-Gradation of Existing Road to 4L PS from Km 123.650 to 175.080, from Start of Shahabad Bypass to End of Hardoi bypass of NH 731 Pkg-2B",NHAI,Uttar Pradesh,2022-09-01,2023-11-01,2025-11-01,2027-03-01,1212.26
618858,"Improvement and Up-Gradation of Existing Road to 4L PS from Km 88.750 to 123.650, from Start of Shahjahanpur Bypass to start of Shahabad bypass of NH 731Pkg.-2A",NHAI,Uttar Pradesh,2022-09-01,2024-01-01,2026-01-01,2027-03-01,955.34
618859,"Improvement and Up-Gradation of Existing Road to 4L PS from Km 229.070 to 260.800, End of Hardoi District to Lucknow Ring road of NH 731 Pkg-4",NHAI,Uttar Pradesh,2021-09-01,2022-10-01,2024-10-01,2026-08-01,553.61
618861,Bakhtiyarpur-Rajauli Pkg-II from km. 54.405 to km.101.630,NHAI,Bihar,2020-09-01,2021-04-01,2023-07-01,2026-08-01,1397.47
618862,Bakhtiyarpur-Rajauli Pkg-III from km. 101.630 to km.152.520,NHAI,Bihar,2020-09-01,2021-12-01,2024-06-01,2026-08-01,3046.61
618863,Barhi-Koderma Section of NH31 km 0.00 - km 27.5,NHAI,Jharkhand,2017-02-01,2019-11-01,2024-08-01,2026-08-01,826.59
618864,4L from Mathura Bypass Start at Existing Km. 154.20 of NH-44 to Gaju Village at Km 32.982 of NH-530B Pkg-IB,National Highways Authority of India [NHAI],Uttar Pradesh,2022-01-01,2023-03-01,2025-03-01,2026-07-01,1820.77
618865,4L from Gaju Village at Km. 32.982 to Devinagar Bypass End at Km. 208.000 of NH- 530B Pkg-1C.,National Highways Authority of India [NHAI],Uttar Pradesh,2021-12-01,2023-01-01,2025-01-01,,1496.44
618866,"Four Lane Highway from Chandan Nagar Existing Km. 59.025 of NH 530B/Design Km. 179.5000 to Bareilly BypassStartExisting Km. 59.025 of NH 530B/Design Km. 218.000 Section of NH 530B, in the State of Uttar Pradesh on HAM Mode under NH0",NHAI,Uttar Pradesh,2024-12-01,2025-11-01,2027-11-01,2027-11-01,1112.44
618867,4L Kasganj-Badaun Section from Km. 123.100 to Km. 179.500 Pkg-III of NH530B,NHAI,Uttar Pradesh,2023-03-01,2025-05-01,2027-05-01,2027-12-01,1936.61
618868,4L from Devinagar Bypass End Existing Km. 208.000 of NH 530B/Design Km. 66.000 to Kasganj Bypass End Existing Km.150.100 of NH 530B/ Design Km. 123.100 of NH 530B,NHAI,Uttar Pradesh,2023-03-01,2024-06-01,2026-06-01,2026-12-01,2223.71
618869,"Construction of 4/6 lane Highway of Southern Bareilly Bypass, starting at Ch. 237000 of NH 530 near Jhumka chauraha, Dhantiya village and ending at Ch. 267000 of NH 30 near Invertis University including Trumpet Interchange",NHAI,Uttar Pradesh,2024-12-01,2025-12-01,2028-06-01,2028-06-01,1869.59
618870,4L PS from near Hemmige Village Periyapatna - Hassan Road Jn. to near Hunsur - KR Nagar Jn section from Km. 144.900 to Km. 169.000 of NH-275 Pkg. III,NHAI,Karnataka,2023-02-01,2025-04-01,2027-04-01,2028-01-01,1726.65
618871,4L PS from Near Guddehosur to Start of Kushalnagara Bypass to near Hemmige Village Periyapatna - Hassan Road Jn from Km. 122.200 to Km. 144.900 of NH-275 Pkg. II,NHAI,Karnataka,2023-02-01,2025-12-01,2027-12-01,2028-05-01,896.42
618872,4L PS from near Hunsur - KR Nagar Junction to near Yalachahalli village KR Nagara - Yelawala Road Junction fcrom Km 169.000 to Km 195.550 of NH-275 Pkg-IV,NHAI,Karnataka,2023-02-01,2025-04-01,2027-04-01,2028-03-01,952.03
618873,4L PS from near Yalachahalli village KR Nagara - Yelawala Road junction to Srirangapatna Bypass Near Paschima Vahini from km 195.550 to Km 214.535 of NH- 275 Pkg-V,NHAI,Karnataka,2023-01-01,2025-04-01,2027-04-01,2028-04-01,1203.2
618874,Four Laning of Trichy - Dindigul from km. 333.00 to km. 421.273 of NH-45,National Highways Authority of India [NHAI],Tamil Nadu,2006-12-01,2008-01-01,2010-07-01,2026-06-01,435.81
618875,4L of Haridwar Nagina section Design Ch. LME from km 13.829 to km 17.110 & km 26.077 to km 27.508 and Design Ch. RME from km 13.839 to km 17.120 & km 26.078 to km 27.509 of EUP mitigation measures on NH74,NHAI,Uttarakhand,2021-11-01,2022-08-01,2024-02-01,2026-12-01,142.11
618876,4L of Nagina-Kashipur section from km. 73.00 to km. 175.00 of NH-74,(National Highways Authority of India [NHAI]),"Multi-States (Uttar Pradesh, Uttarakhand)",2015-01-01,2017-10-01,2020-04-01,2021-12-01,2531.19
618878,Rehabilitation and Upgradation to 4L configuration & Strengthening of Sihuni to Rajol from Km 51.000 to Km 72.000 of NH-154 Package-IIA,NHAI,Himachal Pradesh,2022-03-01,2023-09-01,2025-09-01,2026-09-01,776.59
618879,Rehabilitation and Upgradation to 2L PS configuration & Strengthening of Padhar to Bijni section from Km 180.000 to Km 202.815 of NH-154 Pkg-VA,NHAI,Himachal Pradesh,2022-06-01,2024-11-01,2026-11-01,2026-11-01,930.86
618880,Rehabilitation and Up-gradation to 4L configuration & Strengthening of Thanpuri to Paror section from Km 85.135 to Km 100.840 of NH-154 Pkg-IIC,NHAI,Himachal Pradesh,2022-07-01,2024-03-01,2025-12-01,2027-04-01,666.79
618881,4L PS bijni to mandi section from Km 202.815 to Km 208.000 of NH-20 New NH-154 of Pathankot-Mandi Package-VB,NHAI,Himachal Pradesh,2023-02-01,2025-03-01,2027-09-01,2027-09-01,1112.39
618882,Construction of additional 3-Lane Bridge over River Ganga for connection between Buxar and Bharauli on NH-922 in the State of Uttar Pradesh and Bihar on Hybrid Annuity Mode,NHAI,"Multi-States
(Bihar, Uttar
Pradesh)",2024-03-01,2025-08-01,2028-02-01,2028-02-01,444.92
618883,Construction of Four Lane Highway form Ghazipur- Ballia-UP/Bihar State Border Greenfield section of NH-31 Package I [from Hridaipur km 0.000 to Shahapur km 42.500] on EPC Mode in the state of Uttar Pradesh.,NHAI,Uttar Pradesh,2022-10-01,2023-07-01,2025-07-01,2026-08-01,1579.59
618884,Construction of Four Lane Highway from Ghazipur- Ballia-UP/Bihar State Border Greenfield section of NH-31 Package II [from Shahapur km 42.500 to Pindari km 78.150] on EPC Mode in the state of Uttar Pradesh.,NHAI,Uttar Pradesh,2022-10-01,2023-10-01,2025-10-01,2026-08-01,1311.44
618885,Construction of Four Lane Highway from Ghazipur- Ballia-UP/Bihar State Border Greenfield section of NH-31 Package IV [from Buxur Spur of length km 17.270 on EPC Mode in the state of Uttar Pradesh.,NHAI,Uttar Pradesh,2022-10-01,2023-06-01,2025-06-01,2026-11-01,549.02
618886,Road Safety Improvement of Critical Junctions on MuzaffarnagarHaridwar Section of NH-334 from Km 143000 to Km 196000,NHAI,"Multi-States (Uttar
Pradesh,
Uttarakhand)",2025-04-01,2025-10-01,2027-10-01,2027-10-01,0.1
618887,4L of Bettadahalli- Shivamogga section from Km.170.415 to km. 226.750 of NH-206 Tumkur- Shivamogga Pkg-IV,NHAI,Karnataka,2019-01-01,2021-10-01,2023-10-01,2027-03-01,2545.11
618888,Rehabilitation and Up-gradation of existing road to 2L PS from End of Hamirpur Bypass near Chilbahal to Bhangbar section from Km. 138.295 to Km.175.270 of NH- 88 Pkg-IV,NHAI,Himachal Pradesh,2022-03-01,2023-04-01,2025-04-01,2026-12-01,1358.62
618889,"4L of Bhangbar Near Ranital to Kangra Bypass Section of Old NH-88 New NH- 303,503 up to Intersection with NH-154 from Km 175.270 to Km 193.400 Pkg-VB",NHAI,Himachal Pradesh,2021-03-01,2022-12-01,2024-12-01,2026-09-01,1829.49
618890,2L PS of Hamirpur Bypass from Km 121.175 to Km.138.295 of NH-103&3,NHAI,Himachal Pradesh,2022-08-01,2023-10-01,2025-10-01,2026-12-01,754.82
618891,4L PS from Kalar Bala Village to Nauni Chowk of NH 205 from Km 41.000 to Km 58.450,NHAI,Himachal Pradesh,2024-01-01,2025-05-01,2027-05-01,2027-09-01,786.91
618892,"4 Lane with Paved Shoulder from Dareota Village to Kalar Bala NH 205, Design Chainage -Km 33185 to Km 41000, Design Length-7.815 Km Package-IIB",NHAI,Himachal Pradesh,2025-06-01,2026-06-01,2028-06-01,2028-06-01,992.85
618893,Varanasi Gorakhpur Section Packege IV from km. 149.540 to km. 215.160 Mau- Gorakhpur,NHAI,Uttar Pradesh,2015-04-01,2017-04-01,2019-10-01,2026-08-01,3475.65
618894,4L of Madathukulam - Pollachi from km. 74.38 to km. 116.95 of old NH-209 New NH- 83,NHAI,Tamil Nadu,2019-01-01,2020-12-01,2022-12-01,2026-09-01,1772.13
618895,Kamalapuram to Oddanchatram from km. 0.00 to km. 35.822,NHAI,Tamil Nadu,2019-01-01,2021-01-01,2023-01-01,2026-09-01,1319.42
618896,4L of Sannur to Bikarnakatte section from Km 691.350 to Km 736.362 of NH-169 Karkala - Mangalore Package-III,NHAI,Karnataka,2021-03-01,2022-10-01,2024-10-01,2027-04-01,2038.71
618897,4L of Sethiyathope -Cholapuram section from Km. 65.960 to Km. 116.440 section of NH45 C Pkg-II,National Highways Authority of India [NHAI],Tamil Nadu,2017-03-01,2018-08-01,2020-08-01,2026-04-01,2356.9
618898,Balance Works for Four laning of Vikravandi to Sethiyathope section from Km 0.0 to Km 65.96 of NH-45C in Tamil Nadu under NHDP Phase-IV on EPC mode,NHAI,Tamil Nadu,2025-01-01,2025-06-01,2027-06-01,2027-06-01,834.46
618899,Kallagam km.38.700 to Meensurutti Km.98.433 of NH-227 in Tamil Nadu,NHAI,Tamil Nadu,2018-02-01,2019-04-01,2021-04-01,2026-08-01,1499.12
618901,4L PS Divided Carriageway from Patan Near Rajpur to Gojariya From Km 52.000 to Km 128.940 of NH-68,NHAI,Gujarat,2021-12-01,2023-03-01,2025-03-01,2026-11-01,1098.23
618902,Maheshkunt-Saharsa-Purnea Pkg I km 0.00 to km. 90.00 of NH-107,NHAI,Bihar,2017-02-01,2019-12-01,2021-12-01,2026-09-01,1311.22
618903,Maheshkunt -Saharsa-Purnea Pkg II,NHAI,Bihar,2017-03-01,2018-12-01,2020-12-01,2026-09-01,1244.09
618904,Chhapra - Hajipur from km. 143.200 to km. 209.200,NHAI,Bihar,2010-07-01,2011-01-01,2013-07-01,2026-04-01,2171.6
618905,Widening with additional 3L abetting Chhapra Bypass Section of NH-19 from Km. 143.200 to Km. 159.255 Pkg-1,NHAI,Bihar,2024-02-01,2024-08-01,2026-08-01,2026-10-01,528.48
618906,4L of Amritsar-Ghoman - Tanda - Una Section from Km 8.270 to Km 54.000 of NH- 503A Package-I,NHAI,Punjab,2020-12-01,2022-06-01,2024-06-01,2027-03-01,1443.47
618907,2L/4L of Hoshiarpur to Una section including Hoshiarpur Bypass of NH 503A,NHAI,"Multi-States
(Himachal
Pradesh, Punjab)",2023-03-01,2025-05-01,2027-05-01,2027-05-01,481.88
618908,3L Major Bridge over River Brahmani at Km. 401.250 Duburi - Chandikhole Section of NH-200 New NH -53,NHAI,Odisha,2022-04-01,2022-08-01,2025-01-01,2027-09-01,103.68
618909,2L PS of JH / WB Border km. 70.524 - Purulia km.84.400 & Purulia km. 94.30 - Chandil Junction with NH-33 km. 153.705 of Old NH-32,NHAI,"Multi-States
(Jharkhand, West
Bengal)",2018-03-01,2019-12-01,2022-08-01,2026-10-01,1771.88
618910,4L of Purulia Bypass section from Km 84.030 to Km 94.345 of NH-32,NHAI,West Bengal,2021-01-01,2022-02-01,2023-08-01,2026-09-01,562.57
618911,4L Greenfield Western Side spur of Rampur-Rudrapur Section from Km 0.000 to Km 13.700 connecting NH-24 to NH-87 bypassing rampur town,NHAI,Uttar Pradesh,2021-12-01,2023-05-01,2024-11-01,2027-02-01,637.83
618912,Construction of Rudrapur Bypass Section from Km. 0.000 to 20.640 in the state of Uttar Pradesh & Uttarakhand,National Highways Authority of India [NHAI],"Multi-States (Uttar
Pradesh,
Uttarakhand)",2023-03-01,2024-01-01,2026-01-01,2026-05-01,1117.17
618913,4-L of Rajamunda to Barkote Section of NH-23 from km. 287.200 to km. 337.185,National Highways Authority of India [NHAI],Odisha,2017-10-01,2018-12-01,2021-06-01,2024-12-01,630.97
618914,"4L Elevated Corridor and at-grade improvements from Design Ch0000 to Design Ch 19870 of Danapur Bihta Section, Design Ch0000 to Design Ch0231 connecting the existing RoB near Danapur station ,1.35 Km ramps and at-grade improvements to 4- lane section on Danapur side and Upgradation of existing Two lane carriageway to Four Lane carriageway from Design Ch19870 to Design Ch23500 of Bihta - Koilwar section",NHAI,Bihar,2022-10-01,2024-03-01,2026-09-01,2027-08-01,2625.4
618915,4L of Bal. works of Patna - Gaya -Dobhi Pkg-II from km. 39.00 to km. 83.00 of Old NH- 83,National Highways Authority of India [NHAI],Bihar,2019-09-01,2020-11-01,2022-11-01,2025-05-01,777.2
618916,4L of Bal. works of Patna - Gaya -Dobhi Pkg-III from km. 83.00 to km. 127.217 of Old NH-83,National Highways Authority of India [NHAI],Bihar,2019-09-01,2020-11-01,2022-11-01,2025-05-01,799.7
618917,4L Greenfield starting from NH-30 near Saristabad Patna to Nathupur Project end point of Patna-Gaya-Dobhi Section of NH-83,NHAI,Bihar,2023-07-01,2024-03-01,2025-08-01,2026-09-01,419.66
618919,4L PS from Mandlem Existing Km. 38.000/Design Km.30.600 to Atmakur Existing Km.73.000/Design Km 66.115 of NH340C Package2,National Highways Authority of India [NHAI],Andhra Pradesh,2023-03-01,2023-11-01,2025-11-01,,913.03
618920,Access Controlled Highway of 4 Lane with Paved Shoulders from TN/AP Border Design Chainage Km 6151 to Puttur Design Chainage Km 81540 of NH-716 & 6 Lane with Paved Shoulders from Mallavaram to Renigunta,NHAI,Andhra Pradesh,2024-03-01,2024-12-01,2026-12-01,2027-03-01,1260.37
618921,4L of Kathlighat to Shakral Village from Km 128.835 to Km 146.300 of NH- 5 Shimla Bypass - Pkg I,NHAI,Himachal Pradesh,2022-03-01,2023-04-01,2026-04-01,2027-07-01,2648.8
618922,4L of Shakral Village to Dhalli Section from Km 146.300 to Km 156.560 Shimla Bypass - Pkg II and Shimla connectivity from Km 0.000 to Km 0.725 of NH-5,NHAI,Himachal Pradesh,2022-04-01,2024-03-01,2027-03-01,2027-12-01,2880.72
618923,4L Behsuma at Km 39.250 Ex. Km 39240 To Bijnor at Km 78.810 Ex. Km 86590 Design Length 39.560 Km of NH-119 Pkg-II,NHAI,Uttar Pradesh,2023-03-01,2024-05-01,2026-05-01,2026-12-01,2553.12
618924,2L PS of Najibabad Kotdwar section from 112.575 to Km. 138.635 of NH 119,NHAI,Uttar Pradesh,2021-10-01,2024-03-01,2025-09-01,2026-10-01,99.2
618925,Bijnor-Kotawali,NHAI,Uttar Pradesh,2021-02-01,2021-11-01,2023-05-01,2026-08-01,334.48
618926,4L of Siwan- Masrakh section of Ram Janki Marg from Km 230.385 to Km 281.391 of NH-227A,NHAI,Bihar,2022-08-01,2024-11-01,2026-11-01,2028-11-01,1927.04
618927,4L of Moradabad-Thakurdwara-Kashipur Section from Km. 0.000 to Km. 38.77 of NH- 734 Pkg-II,NHAI,Uttar Pradesh,2022-10-01,2024-03-01,2026-03-01,2027-06-01,1890.05
618928,"Improvement & Up-gradation of NH-734 Section of Moradabad-Thakurdwara Kashipur including Moradabad & Kashipur Bypasse Package-III Kashipur Bypass Length 14.490 Km., Starts from Ch. 38770 and ends at Ch. 53260 existing Ch. 05560",NHAI,"Multi-States (Uttar
Pradesh,
Uttarakhand)",2023-02-01,2024-03-01,2025-09-01,2027-03-01,717.5
618929,4L of Moradabad western side spur connecting NH-734 & NH-24 from Km. 0.000 to Km. 33.200 Pkg-I,NHAI,Uttar Pradesh,2022-11-01,2023-09-01,2025-09-01,2026-12-01,1843.54
618930,4L PS from Ch. 94.030 in Jabugam Village to Ch. 132.320 in Dhamasiya Village of NH-56 Pkg-III,NHAI,Gujarat,2023-03-01,2025-11-01,2027-11-01,2027-11-01,898.0
618931,4L PS from Ch. 179.780 in Bitada/Movi Village to Ch. 208.900 in Nasarpore Village of NH-56 Pkg-V,NHAI,Gujarat,2023-03-01,2025-11-01,2027-11-01,2027-11-01,566.96
618932,Construction of 6 lane Indore western bypass from km 0000 to Km 34000 Pkg -l in the State of Madhya Pradesh on Hybrid Annuity Mode under NHO,NHAI,Madhya Pradesh,2024-02-01,2026-01-01,2027-12-01,2027-12-01,1472.68
618933,Construction of 6 lane Indore western bypass from km 34000 to Km 64000 Pkg-II in the state of Madhya Pradesh on Hybrid Annuity Mode under NHO,NHAI,Madhya Pradesh,2024-03-01,2026-02-01,2028-02-01,2028-02-01,1430.56
618934,Guwahati Ring Road in the State of Assam,NHAI,Assam,2024-08-01,2026-01-01,2030-01-01,2030-01-01,5729.47
618935,4L Ambala - Kalaamb from Km. -0.800 to Km. 33.015 of old NH-72,National Highways Authority of India [NHAI],"Multi-States
(Haryana, Punjab)",2022-10-01,2023-06-01,2025-06-01,2026-05-01,1190.34
618936,Jagadhari - Tajewala from Km -0.175 to 32.337 km of NH-344,NHAI,Haryana,2022-03-01,2023-02-01,2025-02-01,2027-03-01,919.43
618937,4L of Nagpur-Katol Section from Km. 13.00 to Km. 62.900 of NH-353J,NHAI,Maharashtra,2021-02-01,2021-10-01,2023-10-01,2027-03-01,1432.82
618938,4L of Rajura-Korpana-Adilabad Road upto M.S. Border from km 32.910 to km 89.090 of NH-353B,National Highways Authority of India [NHAI],"Multi-States
(Maharashtra,
Telangana)",2022-03-01,2022-10-01,2024-10-01,2026-05-01,1274.63
618939,Construction of Standalone Flyover cum ROB from Design Ch.66.600 to Design Ch.68.800 in Gadchandur Town on NH-353B,NHAI,Maharashtra,2025-02-01,2025-07-01,2027-07-01,2027-07-01,107.76
618941,4L of Bamni - Rajura - Warur - Devada upto M.S. Border of NH - 930D from km 19.000 to km 51.985,NHAI,"Multi-States
(Maharashtra,
Telangana)",2022-03-01,2024-03-01,2026-03-01,2026-12-01,1187.19
618942,Balance work of 2L PS from Km 30.800 to Km 70.800 and 2L with Rigid Carriageway from Km 70.800 to km 84.120 of Khanapur- KA/GOA Border section of NH-4A,NHAI,"Multi-States (Goa,
Karnataka)",2022-01-01,2022-11-01,2024-05-01,2027-03-01,149.44
618943,Salem - Ulundurpet section from km 0.313 to km 136.670 of NH-68,National Highways Authority of India [NHAI],Tamil Nadu,2006-12-01,2008-01-01,2011-01-01,2026-06-01,1019.85
618944,Hyderabad - Maneguda,NHAI,Telangana,2021-10-01,2024-11-01,2026-11-01,2027-05-01,1218.49
618945,4L of Kodad Design Km 0.00/Existing Km 185.00 of NH-65 to Khammam Design Km 31.800/Existing Km 29.400 of NH-365A,NHAI,Telangana,2021-01-01,2022-01-01,2024-05-01,2026-08-01,1606.99
618946,4L of Mehgama - Hansdiha from km. 41.900 to km. 93.000 of NH -133A Pkg-II,National Highways Authority of India [NHAI],Jharkhand,2022-03-01,2023-05-01,2025-05-01,2026-06-01,1568.18
618947,4L of NH-80 from km 215.00 to km 260.00 Mirza Chauki to Farkka Pkg-I,NHAI,Jharkhand,2018-03-01,2021-12-01,2023-07-01,2026-10-01,1508.21
618948,4L of NH-80 section of Mirza Chauki to Farakka section from existing km 190.00 to design km 200.75 junction at km 3.100 of NH 133 B and from existing km 260.00 to existing km 283.00 design km 274.133 in the state of Jharkhand package - II,NHAI,"Multi-States
(Jharkhand, West
Bengal)",2025-02-01,2026-02-01,2028-01-01,2028-01-01,782.18
618949,4L of Basukinath- Deoghar Section of NH-114A,NHAI,Jharkhand,2022-09-01,2023-12-01,2025-12-01,2026-08-01,1553.76
618950,Construction of Bypass to NH-114A Connecting NH-333 and NH-133 Deoghar Bypass from design km 0.000 to design Km 49.000,NHAI,Jharkhand,2024-11-01,2026-01-01,2028-01-01,2028-01-01,1565.47
618951,Hariharganj to Parwa Mode section from km 23.284 to km 57.049 of NH-98,NHAI,"Multi-States
(Bihar, Jharkhand)",2020-09-01,2022-03-01,2024-02-01,2026-08-01,1186.56
618952,4L of Sahibganj - Manihari Ganga Bridge including Manihari Bypass,NHAI,"Multi-States
(Bihar, Jharkhand)",2016-10-01,2020-11-01,2024-10-01,2027-10-01,1978.01
618953,Umagaon-Saharsa Package-IV Koshi Bridge & approach Road - Bheja-Bakaur,NHAI,Bihar,2019-02-01,2020-02-01,2023-08-01,2027-03-01,1223.94
618954,Umagaon - Saharsa Package - I Combined Umagaon-Kaluahi0.000KM to 21.609Km of NH227LSaharghat-Rahika0.000 Km to 26.130KM of NH227JRahika-Rampatti 0.00 KM to 15.00KM of NH527ABideshwarsthan-Bheja0.000KM to 25.915KM of NH527A.,NHAI,Bihar,2022-08-01,2025-01-01,2027-07-01,2027-07-01,1703.02
618955,2L PS of Majhauli to Charout section from km. 0.00 to km. 63.655,NHAI,Bihar,2018-01-01,2019-11-01,2021-11-01,2026-08-01,1067.51
618956,Construction of Major Bridge over Baghmati and Lakhandei River along with Approaches from Design km.16.500 to km.21.500,NHAI,Bihar,2024-02-01,2024-10-01,2027-04-01,2028-03-01,380.3
618957,4 laning of Champa - Korba from km 0.00 to km 38.2,NHAI,Chhattisgarh,2021-02-01,2022-01-01,2024-01-01,2026-08-01,1304.47
618958,2L with ES of Yagyi - Kalewa section from Milepost 40/0 to Milepost 115/5 in Myanmar,NHAI,Assam,2017-12-01,2018-05-01,2023-06-01,2027-07-01,1200.14
618959,4L Prayagraj Greenfield By-pass from design Km 50860 near Nibi Kala Uperhar to design Km 64763 on NH-19 near Khodaypur Kasgaon including Interchange loop at NH-19,National Highways Authority of India [NHAI],Uttar Pradesh,2023-08-01,2023-12-01,2025-03-01,,427.54
618960,4 Lane Inner Ring Road around Allahabad City Pkg-2 Prayagraj Southern Bypass 43.200 - 50.860,NHAI,Uttar Pradesh,2023-08-01,2023-12-01,2026-06-01,2027-06-01,1007.62
618961,4 Lane Inner Ring Road around Allahabad City Pkg-1 Prayagraj Southern Bypass 34.400 43.200,NHAI,Uttar Pradesh,2025-02-01,2025-12-01,2027-12-01,2027-12-01,498.97
618962,4L of Budhni to Shahganj Bypass End Package-III of NH-146B from Km. 73.750 to Km. 102.000,NHAI,Madhya Pradesh,2024-03-01,2025-08-01,2027-08-01,2027-08-01,770.21
618963,Construction work of 4-laning of Shahganj bypass end to Badi Package-IV of NH-146B from design km 102.000 to design km 142.357 Design length 40.357 km,NHAI,Madhya Pradesh,2024-02-01,2025-03-01,2027-03-01,2027-03-01,836.64
618964,4 Laning of Sandalpur to Nasrullaganj Pkg-1 section of NH-146B Length 43.2 Km.,NHAI,Madhya Pradesh,2025-03-01,2026-01-01,2028-01-01,2028-01-01,1425.98
618966,Six laning with both sides Service Road of Ayodhya Bypass from Design Km 0000 near Ashram Tiraha on NH-46 to Km 16439 end at Ratnagiri Tiraha on Nh-146,NHAI,Madhya Pradesh,2024-02-01,2025-08-01,2027-08-01,2027-08-01,1103.22
618967,Upgradation and Strengthening of Chenani to Nashri Section via Patnitop of NH244 from Km 0.000 to Km 39.100,NHAI,"Jammu and
Kashmir",2024-03-01,2024-08-01,2026-08-01,2027-03-01,295.06
618968,6L access control Greenfield highway of Vill-Khyawari to Vill-Latifpur at Saharanpur Bypass from Km. 82.000 to Km. 119.790 Pkg-4,NHAI,Uttar Pradesh,2021-03-01,2022-09-01,2024-09-01,2026-08-01,1439.35
618969,4/6L of Spur to Haridwar Greenfield from Km. 0.000 to Km. 50.70,NHAI,"Multi-States (Uttar
Pradesh,
Uttarakhand)",2021-11-01,2023-02-01,2025-02-01,2026-09-01,2612.3
618970,6L access control Greenfield highway of Vill-Lohadda to Vill-Karaunda Mahajan from Km. 27.000 to Km. 56.500 Pkg-2,NHAI,Uttar Pradesh,2021-03-01,2022-09-01,2024-09-01,2026-08-01,1335.38
618971,Pune Metro Rail Project Phase-2 Corridor 2A Vanaz to Chandani Chowk and Corridor 2B Ramwadi to Wagholi/Vitthalwadi,Maharashtra Metro Rail Corporation Limited [MMRCL],Maharashtra,2025-07-01,2025-07-01,2029-07-01,,3626.24
618972,Devbhumi Dwarka [Okha] - Kanalus Doubling,Western Railway [WR] - II,Gujarat,2025-12-01,2025-12-01,2028-12-01,,1456.77
618976,"Gadarwara Super Thermal Power Project, Stage-II [2x800 MW]",National Thermal Power Corporation [NTPC],Madhya Pradesh,2024-11-01,2025-05-01,2030-03-01,2030-03-01,20446.0
618977,"Development of New Greenfield Airport at Bundi, Kota Rajasthan.",Airport Authority of India [AAI],Rajasthan,2025-08-01,2025-10-01,2027-10-01,2027-11-01,1507.0
618978,Gondia - Dongargarh 4th line [84 Km],South Eastern Central Railway,"Multi-States
(Chhattisgarh,
Maharashtra)",2025-10-01,2025-10-01,2030-10-01,,2222.53
618981,810 MW Solar Power Project - Rajasthan,NLC India Limited [NLCIL],Rajasthan,2024-10-01,2025-09-01,2028-03-01,,4147.07
618982,Talabira II & III OCP - FMC,NLC India Limited [NLCIL],Odisha,2022-10-01,2023-05-01,2026-06-01,2026-12-01,522.45
618985,Pune Metro Rail Project Phase-2 Line-4 Kharadi to Khadakwasla with Spur Line 4A Nal Stop - Warje - Manikbaug,Maharashtra Metro Rail Corporation Limited [MMRCL],Maharashtra,2025-12-01,2025-12-01,2030-12-01,,9857.85
618986,Furkating-New Tinsukia[194 Km],Northeast Frontier Railway [NFR],Assam,2025-09-01,2025-09-01,2029-06-01,,3633.58
618991,200 MW SPP part of 510 MW CPSU scheme,NLC India Limited [NLCIL],Gujarat,2022-07-01,2024-03-01,2026-12-01,,1221.41
618992,100 MW SPP part of SECI 150 MW Hybrid,NLC India Limited [NLCIL],Gujarat,2022-07-01,2024-04-01,2026-12-01,,480.68
618995,New Line between Junagarh - Nabarangpur [116.21 Km],Indian Railway,Odisha,2024-08-01,2025-08-01,2030-08-01,,2864.51
619003,Solan - Kaithlighat Section of NH-22 Now NH-5 from Km. 106.139 to Km.129.05,NHAI,Himachal Pradesh,2018-03-01,2018-11-01,2021-05-01,2026-11-01,1519.53
619004,"Construction of Dubrajpur Bypass with 4-lane configuration of length 5.676 km on NH- 60 new NH-14 from design chainage 0.00 existing km 316.135 on NH-60 to design chainage 5.676 existing km 320.980 on NH-60 in the district of Birbhum, West Bengal under Annual Plan 2022-23 in EPC Mode- reg. Job. No. 014-WB-2022- 23/518 .",MoRTH,West Bengal,2023-03-01,2025-12-01,2027-12-01,2027-12-01,560.79
619005,Construction of bypass around Chatra Town on NH-22 old NH-99 in the state of Jharkhand under EPC Mode,MoRTH,Jharkhand,2023-03-01,2026-01-01,2028-01-01,2028-01-01,199.2
619007,Upgradation of Sarvardewla to Pal MP/MH Border Road section of NH-347 C from Design Chainge km 81.600 to 137.400 Total length 55.80 km to two lane with paved shoulder configuration along with One time improvement of 1 .95 km in the State of Madhya Pradesh on EPC mode.,MoRTH,Madhya Pradesh,2023-03-01,2026-01-01,2028-01-01,2026-01-01,461.23
619008,Rehabilitation and Up gradation of Charthana Jintur Section of NH 752 I Km 25100 to 47100 to 2 Lane with Paved Shoulder configuration Flexible Pavement in the state of Maharashtra on EPC mode. Reg- Resubmission of Annual Plan Estimate.,MoRTH,Maharashtra,2025-03-01,2026-01-01,2027-07-01,2026-07-01,157.69
619009,Upgradation to Two Lane with Paved Shoulders from Km 0.000 to Km 41.920 Green Field Alignment of Gowrelly to Valigonda Section of NH-930P in the State of Telangana on EPC Mode under Annual Plan 2022-23,MoRTH,Telangana,2022-11-01,2026-05-01,2028-04-01,2028-03-01,690.33
619010,Up-gradation to 2 lane with paved shoutders of Pawlrang - Rulchawm section- of NH- 102B of Aizawl - Imphal Economic Corridor from Existing Chainage km 72.030 to km 104.129 including 2.459 km re-alignment section from Tuivai River to Rulchawm connecting km 48.150 of NH-6 [Design Chainage km 68.170 to km 98.579] in the State of Mizoram under Bharatmala Pariyojna on EPC mode under NHO-NE Package-3 Keifang- Tuivai Pkg-3,NHIDCL,Mizoram,2021-12-01,2023-11-01,2025-05-01,2026-07-01,500.88
619013,"Construction of Balance Work of 4-Laning of the Section from Jhanji to Demow of NH- 37 Old from Km 501.800 to Km 514.800 13.000 Km, under SARDP- NE under EPC Mode in the state of Assam Pkg-II Road Works",NHIDCL,Assam,2014-10-01,2024-10-01,2026-01-01,2026-10-01,542.87
619014,"lmprovement and Widening to 2 lane with paved Shoulder of NH-15 old NH-52 from Existing Km 770.600 Design Km 24.819 to Existing km 805.750 Design Km 59.885 Kamlang T-Junction to Chowkham, Existing Length 35.150 Km, Design Length-35.066 Km in the state of Arunachal Pradesh on EPC mode Pkg-2",NHIDCL,Arunachal Pradesh,2023-12-01,2026-02-01,2028-02-01,2028-02-01,316.73
619022,"Metro connectivity from Millennium City Centre to Cyber City with Spur to Dwarka Expressway, Gurugram.",Gurugram Metro Rail Limited [GMRL],Haryana,2023-07-01,2024-08-01,2027-07-01,,5452.72
619024,Mahan Transmission Limited,Adani Transmission Limited,Madhya Pradesh,2025-03-01,2025-03-01,2027-04-01,,3125.32
619025,RAJASTHAN PART I POWER TRANSMISSION LIMITED,Adani Transmission Limited,"Multi-States
(Madhya Pradesh,
Rajasthan, Uttar
Pradesh)",2025-01-01,2025-01-01,2029-07-01,,25000.0
619026,KPSIII HVDC Transmission Limited,Adani Transmission Limited,Gujarat,2025-12-01,2025-12-01,2029-12-01,,19000.0
619027,WRNES Talegaon Power Transmission Limited,Adani Transmission Limited,Maharashtra,2025-05-01,2025-05-01,2028-01-01,,2000.0
619028,Augmentation of 1x500 MVA 400/220kV ICT [3rd] at Thrissur VSC HVDC Station in Kerala,Power Grid Corporation of India Limited [POWERGRID],Kerala,2025-08-01,2025-08-01,2027-08-01,2027-12-01,173.14
619029,Transmission System for Reliable Power Supply to Dholera,Power Grid Corporation of India Limited [POWERGRID],Gujarat,2024-09-01,2024-09-01,2026-03-01,2026-12-01,319.42
619030,Inter-Regional Strengthening between SR Grid and ER Grid,Power Grid Corporation of India Limited [POWERGRID],"Multi-States
(Andhra Pradesh,
Odisha)",2026-02-01,2026-02-01,2028-08-01,,2722.5
619031,Delhi Metro Rail Phase V A,Delhi Metro Rail Corporation Limited [DMRC],Delhi,2026-01-01,2026-01-01,2028-12-01,,12014.91
619032,JAYANT EXPN. [20 TO 38 MTPA],NCL - CIL,Madhya Pradesh,2025-02-01,2025-02-01,2032-03-01,,25560.48
619033,"1000 seater Boys hostel, 500 seater Girls hostel, 1.5 MLD Sewage Treatment Plant and Faculty Residence - 72 nos. Flats",NIT Rourkela,Odisha,2023-09-01,2024-01-01,2026-06-01,2027-08-01,198.97
619038,Construction/upgradation to 2-lane with paved shoulder from Design Km 95.55 Bandarkoot to Km. 111.06 Chattroo of 15.52 Km length on Khellani-Kishtwar-Chattroo section on NH-244 in UT of Jammu and Kashmir on EPC Mode Pkg-5,NHIDCL,"Jammu and
Kashmir",2021-03-01,2021-08-01,2023-02-01,2026-03-01,497.09
619039,"Balance Works of Rehabilitation and Up gradation of NH-43 New NH-30 from Krn 162120 to Krn 173500 Length 11.380 Km. Keshkal Bypass 4-Lane with Paved shoulder in the State Of Chhattisgarh under NHDP-IV through Engineering, Procurement & Construction EPC Basis",MoRTH,Chhattisgarh,2025-06-01,2026-06-01,2028-06-01,,307.96
619042,"Construction of six lane Flyover at Katraj junction at Km, 3/880 of NH 548-DD Vadgaon - Katraj - Kondhwa - Mantarwadi Chowk - Loni Kalbhor - Theur Phata - Lonikand Road in Pune Dist of the State of Maharashtra. On Engineering Procurement and construction EPC Basis mode L.1.326 Km,",MoRTH,Maharashtra,2021-02-01,2022-03-01,2026-02-01,2023-02-01,163.51
619043,Capacity Augmentation in the stretch of DhulePimpalgaon section of NH60 Km. 261.720 to Km. 380.000 by Construction of Slip/Service Road on either side at various locations total length 30.30 Km LHSRHS and Flyover 2 x 30m at Sawadgaon Phata Km. 310.415,NHAI,Maharashtra,2025-12-01,2026-04-01,2026-10-01,2027-10-01,341.63
619045,Construction of New Double Tier 4L Elevated Corridor from Chennai Port to Maduravoyal in Chennai District from km -0.342 to Km 20.593 and Package IV from Km 14.185 to Km 20.593,NHAI,Tamil Nadu,2023-03-01,2023-11-01,2026-05-01,2029-03-01,1210.21
619049,Khavda IVA Power Transmission Limited,Adani Transmission Limited,Gujarat,2024-08-01,2024-08-01,2026-08-01,2027-03-01,4500.0
619051,"Nabinagar Super Thermal Power Project, Stage-II [3x800 MW]",National Thermal Power Corporation [NTPC],Bihar,2024-11-01,2025-03-01,2030-07-01,2030-07-01,29948.0
619052,LUCKNOW METRO RAIL PROJECT PHASE-1B EAST WEST CORRIDOR,Uttar Pradesh metro rail corporation [UPMRC],Uttar Pradesh,2025-09-01,2026-05-01,2031-04-01,,5801.05
619053,RPR FOR RAMPUR BATURA OCP,SECL - CIL,Madhya Pradesh,2025-05-01,2025-05-01,2030-03-01,,1604.69
619054,Development of Keshod Airport.,Airport Authority of India [AAI],Gujarat,2024-01-01,2025-07-01,2027-01-01,,363.1
619055,SAONER-III EXPN UG MINE 1.54,WCL - CIL,Maharashtra,2025-08-01,2025-08-01,2032-03-01,,444.42
619056,"Darlipali Super Thermal Power Project, Stage-II [1x800 MW]",National Thermal Power Corporation [NTPC],Odisha,2025-11-01,2025-11-01,2031-01-01,2031-05-01,11131.0
619057,Construction of 4-Lane Badarpur Bypass from Design Chainage km 27300 at crossing with NH-6 Old NH-44 Near Siddeswar Pt.-I Village to Design Chainage km 38600 on NH-37 Old NH-44 at Kandigram Chaita Village on Silchar - Churaibari stretch in the State of Assam on EPC Mode under Bharatmala Pariyojana in Economic Corridors Silchar- Churaibari Pkg-3,NHIDCL,Assam,2023-02-01,2024-02-01,2026-08-01,2027-03-01,574.26
619059,Construction of 2-Lane with hard shoulders of Merangkong-Tamlu-Mon Road on EPC Basis from existing road Km. 76.640 to Km 98.065 Design chainage Km. 63.800 to Km. 86.835 Design Length-23.035 Km in the state of Nagaland under SARDP-NE PKG-IV Balance work,NHIDCL,Nagaland,2018-03-01,2023-09-01,2025-09-01,2026-12-01,323.98
619060,"Construction of Balance Work of 4-Laning of the Section from Jhanji to Demow of NH- 37 Old from Km 514.800 to Km 534.800 20.000 Km, under SARDP- NE under EPC Mode in the state of Assam Pkg-III Road Works",NHIDCL,Assam,2014-10-01,2024-10-01,2025-09-01,2026-10-01,619.7
619061,Construction of 4 lane with PS Idar-Badoli bypass section from design km 81/300 to km 95/500 of NH 168G in the State of Gujarat,MoRTH,Gujarat,2025-03-01,2026-05-01,2028-05-01,2028-05-01,705.09
619063,4L Greenfield spur from Delhi-Vadodara Greenfield expressway near Bandikui to Jaipur,National Highways Authority of India [NHAI],Rajasthan,2022-03-01,2022-11-01,2024-11-01,2026-06-01,2170.39
619064,Vadodara Mumbai Expressway Talsari to Karvad Phase IB - Pkg X [Km 103.400 to Km 128.000],NHAI,"Multi-States
(Dadra & Nagar
Haveli and Daman
& Diu, Gujarat,
Maharashtra)",2020-10-01,2022-03-01,2024-03-01,2027-12-01,2652.24
619065,4L Expressway from Km 26.400 to km 53.500 of Malur to Bangarpet section of Bangalore-Chennai Expressway Phase-I Package-II,NHAI,Karnataka,2020-12-01,2021-09-01,2023-09-01,2026-09-01,1729.63
619066,Delhi-Amritsar-Katra Expressway Phase-II Pkg-XIV from Junction with Pathankot- Gurdaspur road NH-54 near Balsua to Junction with Hiranagar Road near village Gurha Baildaran km 423500 to km 468100,NHAI,"Multi-States
(Jammu and
Kashmir, Punjab)",2021-10-01,2022-09-01,2024-09-01,2026-10-01,3707.91
619067,6L of Chiloda-Naroda section from Km. 540.595 to Km. 555.595 of NH-8Package-VII,National Highways Authority of India [NHAI],Gujarat,2016-11-01,2017-05-01,2019-05-01,2026-06-01,463.03
619068,Construction of Greenfield Connectivity to Jewar International Airport from DND- Faridabad-Ballabhgarh Bypass KMP Link - Spur to Delhi Mumbai Expressway,NHAI,"Multi-States
(Haryana, Uttar
Pradesh)",2022-07-01,2023-06-01,2025-06-01,2027-04-01,3485.77
619069,Satara Km 725.000 to Pune Km 865.350 of NH - 4 New NH - 48 in Maharashtra,NHAI,Maharashtra,2009-09-01,2010-10-01,2022-05-01,2026-12-01,425.51
619070,Tumkur-Chitradurga,National Highways Authority of India [NHAI],Karnataka,2010-04-01,2011-06-01,2013-12-01,2026-06-01,47.44
619071,Tumkur - Nelamangala 6L,NHAI,Karnataka,2021-03-01,2022-08-01,2025-08-01,2027-03-01,1664.2
619072,Bangalore/TN border to Hoskote,NHAI,Karnataka,2022-02-01,2023-02-01,2025-02-01,2026-11-01,1297.76
619073,4L of 42.000 to km 80.00 of Dodaballapur Bypass to Hoskote section of NH-648 Old NH-207 [Bangalore Ring Road Pkg 2],NHAI,Karnataka,2020-02-01,2021-02-01,2023-02-01,2026-09-01,1846.52
619074,6-laning of Krishnagiri Km.0.000 to Walajahpet Km.148.300 section on NH-46 under NHDP-V,NHAI,Tamil Nadu,2009-12-01,2011-06-01,2013-12-01,2026-08-01,781.74
619075,6L of Bhubaneswar - Jagatpur - Chandikhole Section of NH-16,National Highways Authority of India [NHAI],Odisha,2009-01-01,2011-12-01,2014-06-01,2026-05-01,632.89
619076,Six Laning of Vijayawada Bypass from Chinna Avutapalli to Gollapudi in Vijayawada - Gundugolanu Section from km. 0.00 to km. 30.00 Pkg-III,NHAI,Andhra Pradesh,2020-01-01,2021-02-01,2023-02-01,2026-09-01,1883.71
619077,6 laning of Balance Work of Chennai - Tada from km. 21.40 to km. 54.40,NHAI,"Multi-States
(Andhra Pradesh,
Tamil Nadu)",2017-12-01,2018-03-01,2020-03-01,2026-08-01,472.37
619078,Six Laning of Bihar - Jharkhand Border Chordaha - Gorhar section of NH-2 from km 249.525 to km 320.810,NHAI,"Multi-States
(Bihar, Jharkhand)",2017-12-01,2019-06-01,2021-11-01,2026-12-01,1689.17
619080,4L PS of Ambala Ring Road of New NH-44,NHAI,Haryana,2023-02-01,2023-10-01,2025-10-01,2026-09-01,1225.41
619083,Thumbipadi-Namakkal from km. 180.00 to km. 248.625 Package No. NS-2/BOT/TN- 02,National Highways Authority of India [NHAI],Tamil Nadu,2005-06-01,2006-08-01,2009-02-01,2026-08-01,395.43
619084,Start of Karur Bypass - Dindigul from km. 292.600 to km. 305.600 Contract Package No. NS2/BOT/TN-4,National Highways Authority of India [NHAI],Tamil Nadu,2005-08-01,2006-10-01,2009-04-01,2026-10-01,515.03
619086,Chengapalli km 102.035 to Neelambur Km144.680 and Madukkarai Km 170.880 to Walayar K183.010 Package No. NS-2/BOT/TN-08,NHAI,Tamil Nadu,2009-10-01,2010-09-01,2013-03-01,2026-10-01,285.55
619087,Widening to 6L of Existing 4L Jetpur - Gondal - Rajkot Section from Km. 117.600 to Km. 185.00 on NH-27,NHAI,Gujarat,2022-03-01,2023-09-01,2025-09-01,2027-01-01,1390.29
619089,Balance work of 4L of NarimbangloJatinga Junction- Harangajoroad section from Km 0.000 to Km 49.230 of NH-27,NHAI,Assam,2022-03-01,2023-01-01,2026-01-01,2026-08-01,2745.74
619090,8L of Dwarka Expressway Pkg-II RuB near Dwarka Sector 21-DL/HR Border from 5.300 Km.to 9.500 Km. of NH-248BB,NHAI,Delhi,2018-01-01,2019-10-01,2021-10-01,2026-08-01,2670.22
619092,4L of Jind-Gohana road Package-1 from km. 0.00 to km. 40.601 of NH-352 A under NHO,NHAI,Haryana,2019-01-01,2020-07-01,2022-07-01,2026-07-01,1606.82
619093,4L Ismailabad to Ambala Section of NH-152 Lot-4/Package-1,NHAI,"Multi-States
(Haryana, Punjab)",2023-02-01,2023-12-01,2025-12-01,2027-02-01,454.34
619094,Thorapalli - Agraharam - Jittandahalli Section from km 23.350 to km 60.100 [Hosur to Dhamrapuri Pkg-2],NHAI,Tamil Nadu,2019-02-01,2021-12-01,2023-12-01,2026-12-01,1272.11
619095,Balance works of 4L Panvel Indapur section of NH66 old NH17 from km 42.300 kasu to km 84.600 Indapur,NHAI,Maharashtra,2022-06-01,2022-11-01,2024-05-01,2026-08-01,472.1
619096,Goa / Karnataka Km.93.700 to Kundapur Km.283.30,NHAI,Karnataka,2012-07-01,2014-03-01,2016-08-01,2026-10-01,1990.99
619097,Thalassery Mahe Bypass Km 170.600 to Km 189.200 of NH-17New NH-66 in Kerala,NHAI,"Multi-States
(Kerala,
Puducherry)",2017-09-01,2017-12-01,2020-05-01,2026-08-01,1573.18
619098,Kozhikode Bypass Calicut Bypass Vengalam Jn. to Ramanattukara Jn.,NHAI,Kerala,2018-02-01,2021-02-01,2023-02-01,2026-08-01,2139.18
619099,6L Amritsar-Bathinda Greenfield section from Jn. with Moga Jalandhar road NH-703 near Dharamkot to Jn. with Bhagta Bhai Ka-Bhadaur Road near Dyalpura Bhai Ka from km 39.000 to km 93.000 of NH-754A Pkg-2,NHAI,Punjab,2021-03-01,2024-06-01,2026-06-01,2027-06-01,2172.71
619100,Dhangaon - Borgaon section km 81.000 to km 139.000 [Indore - Edlabad Pkg IV],NHAI,Madhya Pradesh,2020-01-01,2021-08-01,2023-08-01,2026-08-01,1185.04
619101,4L Shahpur to Muktainagar from Km. 186.000 to km 216.278 of NH 753L Pkg II of Boregaon Buzurg to Muktainagar,NHAI,"Multi-States
(Madhya Pradesh,
Maharashtra)",2022-12-01,2024-03-01,2026-03-01,2026-10-01,659.52
619102,4 L of China Orampadu-Renigunta section of NH-716 Package-II of Kadapa- Renigunta section,NHAI,Andhra Pradesh,2022-12-01,2026-03-01,2028-03-01,2028-03-01,1500.11
619103,4/6 Laning of Raipur-Simga Pkg-I from km. 0.00 to km. 48.58,NHAI,Chhattisgarh,2015-10-01,2016-04-01,2018-04-01,2026-08-01,1172.36
619104,4L/2L PS of Govindpur Raiganj - Chas - WB border section of from km. 0.00 to km. 56.889 of Old NH-32,National Highways Authority of India [NHAI],"Multi-States
(Jharkhand, West
Bengal)",2016-03-01,2017-12-01,2019-12-01,,1154.8
619105,6L Access Controlled Ludhiana-Bathinda Greenfield highway from Jn. with Moga- Barnala Road NH-703 near village Tallewal to Jn. with Delhi-Katra Expressway NE-5 near Ludhiana village Ballowal from Km 30.300 to Km 75.543 of NH-754AD Pkg-2,NHAI,Punjab,2021-07-01,2025-09-01,2027-09-01,2027-09-01,1564.66
619106,4 Lane with PS from Des. Ch 182.300 to Des. Ch. 228.500 of Belgaum-Hungund- Raichur Section of NH 748 A Package-5,NHAI,Karnataka,2023-03-01,2024-11-01,2026-11-01,2027-08-01,868.65
619107,4 Lane with PS from Des. Ch 136.100 to Des. Ch. 182.300 of Belgaum-Hungund- Raichur Section of NH-748A Package-4,NHAI,Karnataka,2024-02-01,2025-09-01,2027-09-01,2028-04-01,1123.35
619108,4 Lane with PS from Des. Ch 0.000 to Des. Ch. 43.800 of Belgaum-Hungund-Raichur Section of NH-748A Package-1,NHAI,Karnataka,2024-02-01,2025-06-01,2027-06-01,2027-10-01,1256.55
619109,6L of Badakumari - Karki Section from Km 179.000 to km 226.500 of NH-130-CD Package OD-3,NHAI,Odisha,2021-03-01,2022-04-01,2024-04-01,2026-08-01,1374.43
619111,6L Jakkuva Korlam Section of NH-130CD Road from km 396.800 to km 421.100 Pkg 2,NHAI,Andhra Pradesh,2021-02-01,2022-03-01,2024-03-01,2026-08-01,840.51
619112,6L Kantakapalle Sabbavaram Section of NH-130CD Road from Km 445.100 to Km 464.662 Pkg-4,NHAI,Andhra Pradesh,2021-02-01,2022-10-01,2024-10-01,2026-12-01,1012.57
619113,4L of Padalur - Trichy section from km. 285.00 to km. 325.00 of NH - 45 Pkg VI-C,NHAI,Tamil Nadu,2005-12-01,2006-11-01,2009-05-01,2026-02-01,235.8
619114,Indore - Harda Pkg-II [Raghavgarh to Nanasa from km. 29.30 to km. 92.30],NHAI,Madhya Pradesh,2023-01-01,2024-03-01,2026-03-01,2027-11-01,1146.63
619115,4L of Byrapura to Challakere Section from km 308.550 to km 358.500 of NH-150 A,(National Highways Authority of India [NHAI]),Karnataka,2018-03-01,2018-12-01,2020-12-01,2021-06-01,1195.54
619117,Hassan km 184.912 to Maranahally km 230.060 of NH - 75 in Karnataka,NHAI,Karnataka,2015-12-01,2017-03-01,2019-03-01,2026-08-01,1091.4
619118,Four Laning of Angul to Sambalpur from Km.112.000 to Km.265.000,NHAI,Odisha,2016-09-01,2017-03-01,2019-08-01,2026-08-01,2632.91
619119,Cuttack-Angul Section of NH-42 New NH-55 from km 0.400 to km 60.200 Pkg-I in the State of Odisha,NHAI,Odisha,2017-10-01,2018-01-01,2020-07-01,2026-09-01,1178.31
619120,Nidagatta-Mysore Pkg II,NHAI,Karnataka,2018-02-01,2019-12-01,2022-06-01,2026-09-01,4113.89
619121,4L of Hubli - Hospet Section of NH-63 from Km 128.850 to Km 272.571,National Highways Authority of India [NHAI],Karnataka,2016-07-01,2017-03-01,2020-03-01,2026-05-01,3619.32
619122,Akshardham - DL/UP Border Pkg-01,National Highways Authority of India [NHAI],"Multi-States (Delhi,
Uttar Pradesh)",2020-09-01,2022-06-01,2024-12-01,2026-06-01,1476.75
619123,6L Access Controlled Greenfield Highway from Narayanmpet Ch. 203500 to Chandrasekharpuram Ch. 228000Package-10,NHAI,Andhra Pradesh,2023-02-01,2024-02-01,2026-02-01,2027-07-01,678.21
619124,6L Access Controlled Greenfield Highway from Polavaram Ch. 260000 to Marripudi Ch. 285500 of [NH-544G]Package-12,NHAI,Andhra Pradesh,2023-02-01,2024-02-01,2026-02-01,2027-05-01,626.83
619125,6L Access Controlled Greenfield Highway from Somavarappadu Ch.314.600 to Muppavaram Ch.343240 of [NH-544G] Package-14,NHAI,Andhra Pradesh,2023-02-01,2024-02-01,2026-02-01,2027-10-01,943.66
619126,6L Access Controlled Greenfield Highway from Marripudi Ch. 285500 to Somavarappadu Ch. 314600 of [NH-544G] Package-13,NHAI,Andhra Pradesh,2023-02-01,2024-02-01,2026-02-01,2027-04-01,798.71
619127,4L of Greenfield Alignment from Km. 47.000 to Km. 89.210 of Balbhadarpur to Bela Nawda Section of NH-119D,NHAI,Bihar,2022-03-01,2024-03-01,2026-03-01,2028-03-01,2118.46
619128,Khammam-Devarapalle Pkg II [4L Access Controlled Greenfield from Somavaram village to Chintagudem village Design Chainage 33604 to 63117],NHAI,Telangana,2021-01-01,2022-09-01,2024-09-01,2026-08-01,981.64
619129,Mahabalipuram - Pondicherry Pkg-I [Mamallapuram to Mugaiyur],NHAI,Tamil Nadu,2019-02-01,2022-05-01,2024-05-01,2027-01-01,1477.94
619130,Mahabalipuram - Pondicherry Pkg-II [Mugaiyur to Marakkanam],NHAI,Tamil Nadu,2019-02-01,2023-12-01,2025-12-01,2027-03-01,1463.75
619131,Four Laning of Chettikulam to Natham section of NH-785,NHAI,Tamil Nadu,2018-03-01,2018-11-01,2020-11-01,2026-06-01,823.93
619132,4/6L of Gurgaon - Pataudi - Rewari from km. 0.00 to km.43.87 of NH-352W,NHAI,Haryana,2020-05-01,2021-11-01,2023-11-01,2026-08-01,1917.5
619134,6L of Ambala-Chandigarh greenfield section from Km. 0.000 to Km. 25.000 with 4L spur to Lalru from Km. 0.000 to Km. 5.828 & spur to PR-7 road from Km. 0.000 to Km. 11.157,NHAI,"Multi-States
(Haryana, Punjab)",2022-03-01,2023-10-01,2025-10-01,2026-09-01,1904.79
619136,Rehabilitation and Upgradation of Chorma - Bairgania Section of National Highway No 227F to 2 lane with paved shoulders from Design Ch.0.000 to Ch. 34.566,NHAI,Bihar,2022-06-01,2024-02-01,2026-01-01,2026-08-01,628.65
619137,4L of Dwarka-Khambaliya-Devariya section from km 203.500 to km 176.500 and from km 171.800 to km 125.000 of NH-151A,National Highways Authority of India [NHAI],Gujarat,2019-01-01,2020-02-01,2022-08-01,2026-05-01,1753.95
619138,Yekkambi-Haveri,NHAI,Karnataka,2021-09-01,2022-03-01,2024-03-01,2028-02-01,309.9
619139,Construction of New Double Tier 4L Elevated Corridor from Chennai Port to Maduravoyal in Chennai District from km -0.342 to Km 20.593 and Package III from Km 9.700 to Km 14.185,NHAI,Tamil Nadu,2023-03-01,2023-11-01,2026-05-01,2029-03-01,1299.36
619140,6L of Naidupeta Junction - Turpukanupur Section from km 57.046 to km 91.927,NHAI,Andhra Pradesh,2022-08-01,2023-10-01,2025-10-01,2027-10-01,965.58
619141,Construction of four lane access controlled highway from Chillakuru cross road to Turpu KanupurPart 1 of Package - II km 0.000 131.500 of NH - 16 to km 23.770 on New NH-516W including six lane flyover and approaches on NH-16 length km 1.050 and six lane access controlled from Turpu Kanupur to Port South Gate Part 2 of Package - II km 23.770 to km 35.015 on New NH-516W in the state of Andhra Pradesh on HAM Mode under Bharatmala Pariyojana Phase I,NHAI,Andhra Pradesh,2022-08-01,2023-12-01,2025-12-01,2026-03-01,844.39
619142,Construction of 4-lane connectivity to Banbasa ICP at India Nepal border from NH-09 old NH-125 Sitarganj-Tanakpur at Km 40.00 near Jagbuda bridge under Bharatmala Priyojana of NH-109D on EPC mode in the State of Uttarakhand,NHAI,Uttarakhand,2022-06-01,2023-03-01,2024-09-01,2027-04-01,237.01
619143,4L Access Controlled Greenfield Highway section on NH-163G Khammam Vijayawada from BrahmanapalliK village at Design Ch. 250.400 Km to Remidicherla village at Design Ch. 280.200 KmPackage-II,NHAI,"Multi-States
(Andhra Pradesh,
Telangana)",2023-03-01,2025-03-01,2027-03-01,2027-06-01,862.58
619144,Hospet - Chitradurga from km. 299.00 to km. 418.750,National Highways Authority of India [NHAI],Karnataka,2015-03-01,2016-02-01,2018-08-01,2026-06-01,387.48
619145,Four Laning of Una to Kodinar from km. 180.478 to km. 221.610 Package-V,NHAI,Gujarat,2016-02-01,2017-02-01,2019-08-01,2025-03-01,1126.66
619146,Kagvadar - Una Package-IV,NHAI,Gujarat,2016-02-01,2017-03-01,2019-09-01,2026-07-01,955.78
619147,4L of Bal Works of Mahuva to Kagvadar from 100.450 Km. to 140.470 Km. of NH-8E Pkg- III,National Highways Authority of India [NHAI],Gujarat,2020-08-01,2021-03-01,2022-09-01,2026-01-01,628.49
619148,4L of Bhavnagar - Talaja Package-I from Km. 6.945 to Km. 54.990 of Old NH-8E,National Highways Authority of India [NHAI],Gujarat,2016-03-01,2017-02-01,2019-08-01,,1343.16
619149,4L of Ratnagiri - Kolhapur section of NH-166 from km 0.000 to km 19.769 and km 31.000 to km 67.140 Pkg I,NHAI,Maharashtra,2022-02-01,2022-11-01,2024-11-01,2026-11-01,2108.41
619150,BRT Tiger Reserve Boundary Km.287.500 to Bangalore Section Km.458.420 of NH- 209 in Karnataka,NHAI,Karnataka,2016-04-01,2017-08-01,2019-08-01,2026-09-01,2859.93
619152,Bakhtiyarpur Km 153.300 to Mokama Km 197.900,NHAI,Bihar,2015-12-01,2017-06-01,2019-12-01,2026-08-01,1898.84
619153,4L of HP/Punjab Border - Mo from km. 11.00 to km. 42.00 of Old NH-20 New NH-154 Package-IA,NHAI,Himachal Pradesh,2021-03-01,2022-05-01,2024-05-01,2026-12-01,1363.04
619154,Construction of Four Lane Highway from Ghazipur- Ballia-UP/Bihar State Border Greenfield section of NH-31 Package III [from Pindari km 78.150 to Rawalganj Bypass Km 117.120] on EPC Mode in the state of Uttar Pradesh.,NHAI,"Multi-States
(Bihar, Uttar
Pradesh)",2022-10-01,2023-08-01,2025-08-01,2026-10-01,1493.59
619155,Upgradation and 4L of Haridwar Bypass from Km 0.000 Km 188.100 of NH-58 to Km. 15.100 Km 5.100 of NH 74 PKg-1,NHAI,Uttarakhand,2021-11-01,2022-10-01,2024-10-01,2026-11-01,1423.89
619156,4 Laning of Paramakudi to Ramanathapuram Section of NH-87 Old NH-49,NHAI,Tamil Nadu,2025-07-01,2026-05-01,2028-05-01,2028-05-01,1853.16
619157,4 Laning of Talcher to end of Kamakhyanagar Bypass km 8.844 - km 15.725 of NH- 149 and km 301.875 - km 335.946 of NH-53 Pkg-I,NHAI,Odisha,2018-01-01,2019-02-01,2021-08-01,2026-10-01,810.71
619158,4 Laning of Duburi Chandikhole from km 388.376 to km 428.074 Pkg-III,NHAI,Odisha,2018-01-01,2020-02-01,2022-08-01,2026-10-01,907.61
619160,Balance works in AP Portion and punch list items in TN & AP portion of NH-205,NHAI,Andhra Pradesh,2022-10-01,2023-07-01,2025-01-01,2026-01-01,113.46
619161,Access Controlled Highway of 4 Lane with Paved Shoulders from Tiruvallur Design Chainage Km 1756 to TN/AP Broder Design Chainage Km 6151 of NH-716 Chennai- Tirupati Package-1,NHAI,Tamil Nadu,2024-03-01,2024-12-01,2026-12-01,2027-03-01,1247.7
619162,4L of Najibabad Bypass from Km. 105.423 to Km. 118.373 excluding 2.45 Km. of NH- 74 Bypass of NH-119,NHAI,Uttar Pradesh,2022-01-01,2022-12-01,2024-06-01,2026-08-01,566.9
619163,4L of Baramati to Indapur Pkg-II from km. 41.400 to km. 84.550 of NH-965G Saint Tukaram Marg,NHAI,Maharashtra,2021-01-01,2021-09-01,2023-09-01,2026-12-01,1297.48
619164,Belgaum-Khanapur Pkg I Km 0.000-Km 30.800 of NH-4A,NHAI,Karnataka,2018-03-01,2019-03-01,2021-09-01,2027-03-01,1195.74
619165,Thanamcherla-Jamandlapally 2LPS,NHAI,Telangana,2013-11-01,2014-03-01,2023-02-01,2026-12-01,18.65
619166,Umagaon-Saharsa Package-V Bakaur-Parsarma-Bangaon-Bariyahi & Spur to Mahishi,NHAI,Bihar,2022-10-01,2023-12-01,2025-12-01,2026-08-01,968.42
619167,4 Laning with PS of Pathrapalli-Katghora km 53.3 to km 92.6 Pkg-II of Bilaspur Kathghora,NHAI,Chhattisgarh,2019-12-01,2020-12-01,2022-12-01,2026-11-01,1275.26
619168,6L access controlled Greenfield highway of Junction of EPE Vill.-Mavikalan to Vill.- Lohadda from Km. 0.000 to Km. 27.000 Pkg-1,NHAI,Uttar Pradesh,2021-03-01,2022-09-01,2024-09-01,2026-08-01,1497.94
619171,RPR FOR DURGAPUR OCP 10 MTY,SECL - CIL,Chhattisgarh,2025-09-01,2025-09-01,2032-03-01,,2415.91
619172,MADANNAGAR OCP 12 MTY - MDO,SECL - CIL,Chhattisgarh,2024-12-01,2024-12-01,2033-03-01,,1859.19
619181,Rehabilitation and Up gradation from 4 to 8 laning of Chandikhole Paradip Section of NH-53 Old NH 5A from Km.60.000 to Km.76.646 Package-4,NHAI,Odisha,2023-03-01,2024-11-01,2026-10-01,2027-12-01,1009.92
619183,Widening of Existing Road from Intermediate Lane 2-lane to 4-lane Between Km 19.994 to Km 35.180 of NH-848A Rakholi-Khadoli-Velugam Section in U.T. of Dadra and Nagar Haveli and Daman and Diu,MoRTH,"Dadra & Nagar
Haveli and Daman
& Diu",2022-10-01,2024-02-01,2026-06-01,2026-08-01,239.57
619184,"Rehabilitation and up-gradation and completion of balance works of the section from Km 107.760 km to 129.445 km After Middle strait to Humphrey, Km 130.600 to 138.300 After Humphrey to Kadamtala of NH-4 Intermediate/2-Lane with hard shoulder in the Union Territory of Andaman & Nicobar Islands on EPC basis Package- IIIA",NHIDCL,"Andaman &
Nicobar",2018-02-01,2024-03-01,2025-09-01,2026-12-01,376.48
619185,Rehabilitation and up-gradation and completion of balance work of section from Km 155.00 to Km 181.00 End of Jarwa to Rangat of NH -4 Total length 26 Km to Intermediate Lane/2-lane with hard shoulders in the UT of A&N Islands on EPC basis - Package-III.B Balance work,NHIDCL,"Andaman &
Nicobar",2018-02-01,2024-05-01,2025-10-01,2027-03-01,333.12
619186,Construction of Balance works of Major Bridge over Middle Strait Creek between Km.106.590 to km108.553 of NH-04 connecting South Andaman & Baratang Island in the Union Territory of Andaman & Nicobar Islands on EPC basis,NHIDCL,"Andaman &
Nicobar",2015-03-01,2024-05-01,2026-02-01,2026-12-01,371.88
619187,"Slope protection and landslide mitigation at 4 vulnerable locations km 1.950 to Km 2.100, km 11.100 to 11.450, km 22.435 to km 22.485 and km 22.610 to km 22.680 within Sevoke-Rangpo section of NH-10 old NH-31A in Darjeeling & Kalimpong district in the State of West Bengal on EPC mode",NHIDCL,West Bengal,2024-02-01,2025-06-01,2027-06-01,2027-06-01,152.27
619191,Kanpur LPG Bottling Plant,Bharat Petroleum Corporation Limited [BPCL],Uttar Pradesh,2025-09-01,2025-09-01,2027-09-01,2027-09-01,202.0
619193,Rehabilitation and upgradation of NH-221 from km 121/0 to 165/0 Rudrampur to Bhadrachalam section to two lane with paved shoulder under NHDPIV in the state of Telangana through EPC mode,MoRTH,Telangana,2015-01-01,2015-02-01,2017-02-01,2026-08-01,334.82
619194,"Construction of Four Lane Gola Flyover at Km 99.850 of NH 730 Major Junction with State Highways -93 of Engineering, Procurement and Construction EPC mode in the State of Uttar Pradesh.",MoRTH,Uttar Pradesh,2025-03-01,2026-05-01,2027-10-01,2027-10-01,168.05
619196,Change of service of existing Mundra-Panipat Pipeline [Panipat - Churwa section] from Crude oil to Product,Indian Oil Corporation Limited [IOCL],"Multi-States
(Gujarat, Haryana,
Rajasthan)",2025-05-01,2025-05-01,2027-04-01,2027-03-01,359.0
619197,Delhi-Vadodara Greenfield Alignment NH-148N Pkg-27 Ch.729.700 to Ch.756.052,NHAI,Gujarat,2020-09-01,2022-02-01,2024-02-01,2026-08-01,1259.27
619198,Vadodara Mumbai Expressway Phase II - Pkg XII [Km. 50.700 to Km. 77.000] Masvan - Ganjad,NHAI,Maharashtra,2020-08-01,2022-03-01,2024-03-01,2026-08-01,2388.52
619199,Bangalore Chennai Expressway Phase-II Pkg-I from km.71.000 to Km 96.000 Bethamangala in the state of Karnataka to Byreddypalli,NHAI,"Multi-States
(Andhra Pradesh,
Karnataka)",2020-12-01,2022-10-01,2024-10-01,2026-09-01,1410.01
619200,Delhi-Amritsar-Katra Expressway Phase-I Spur-III from Junction with Amritsar- Jalandhar road NH-3 near Bhishambarpura to Junction with Amritsar-Anjala road NH- 354 near Amritsar Airport [Km 71000 to Km 99000 of Amritsar connectivity],NHAI,Punjab,2021-03-01,2022-11-01,2024-10-01,2027-10-01,1951.7
619201,Karnal ring road Lot-4/Pkg-1,NHAI,Haryana,2022-11-01,2023-08-01,2025-08-01,2026-10-01,2041.54
619202,Dwarka Expressway from Km -0.600 to Km 5.300 - Pkg-I Shivmurti Chowk-RuB near Dwarka Sector 21,NHAI,Delhi,2018-03-01,2020-09-01,2022-09-01,2026-08-01,3929.5
619203,Vadape to Thane from km 539.202 to km 563.000 section of NH-3 new NH-848,NHAI,Maharashtra,2018-03-01,2019-01-01,2021-07-01,2026-10-01,1371.27
619204,"Capacity Augmentation in the stretch of Pimpri Sado Vadape section of NH848 Km. 460900 to Km. 537000 by Construction of Slip/Service Road on either side at various locations total length 25.140 Km LHSRHS, Flyover 2 x 25m at Borivali Junction Km. 528550 & LVUP 1 x 15m at Sherekarpada Km. 528800",NHAI,Maharashtra,2025-12-01,2026-04-01,2027-10-01,2027-10-01,372.03
619205,Six Laning of KT/KL Border Thalapaddy -Chengala from Km. 17.200 to Km. 57.20,NHAI,"Multi-States
(Karnataka,
Kerala)",2020-05-01,2021-11-01,2024-05-01,2026-08-01,2681.48
619206,6L of Perole Nileshwar town to Taliparamba from Km 94.248 to Km 134.650 of NH-66,NHAI,Kerala,2020-06-01,2021-10-01,2024-01-01,2027-03-01,3867.66
619207,Start of Kollam Bypass - Kadambattukonam,NHAI,Kerala,2021-06-01,2022-10-01,2025-03-01,2027-06-01,3309.06
619208,Kadambattukonam-Kazhakuttom,NHAI,Kerala,2021-12-01,2022-07-01,2025-01-01,2027-05-01,3526.33
619209,4L of existing 2/4L stretch from Lonand to Dive Ghat Km 166.400 to Km 220.900 of Mohol Alandi section of NH-965 Pkg - V,National Highways Authority of India [NHAI],Maharashtra,2021-10-01,2022-05-01,2024-05-01,2026-04-01,2049.51
619210,Dharampuri-Lonand from km. 117.00 to 166.40 Pkg-IV on Mohol-Alandi Section,NHAI,Maharashtra,2021-01-01,2021-09-01,2023-09-01,2026-09-01,1358.68
619211,6L of MH/KN Border Nimbal Village to KN/TS Border Singnodi Village from Km. 97.000 to Km. 162.500 in Yadgir of NH-150C Pkg-III,NHAI,Karnataka,2022-03-01,2023-04-01,2025-10-01,2026-11-01,2065.83
619212,6L Access Controlled Greenfield Highway of Julekal village to Dinnedevarapadu village from Km 242.200 to Km 280.400 Pkg-2,NHAI,"Multi-States
(Andhra Pradesh,
Telangana)",2022-01-01,2023-01-01,2025-01-01,2027-04-01,1315.87
619213,6L of Hatibena - Badakumari Section from Km 146.50 to km 179.00 of NH-130-CD Package OD-2,NHAI,Odisha,2021-02-01,2022-03-01,2024-03-01,2026-08-01,1070.63
619214,4L of Channarayapatna Bypass and Hassan Bypass with structures in Devihalli - Hassan section,NHAI,Karnataka,2020-04-01,2021-01-01,2023-01-01,2026-10-01,684.54
619215,Cuttack-Angul Section of NH-42 New NH-55 from Km.60.200 to Km. 112.000 Pkg-II in the State of Odisha,NHAI,Odisha,2017-10-01,2018-03-01,2020-09-01,2026-09-01,1168.82
619216,6L access Controlled Greenfield Highway from Adhoya Musalmana to Sadopur section of Shamli -Ambala Package-III Design Ch. Form km 84.400 to km 121.786,NHAI,"Multi-States
(Haryana, Punjab)",2022-05-01,2023-05-01,2025-05-01,2026-12-01,1122.86
619217,4L of Haridwar-Nagina section from km. 0.00 to km. 71.614 of NH-74,NHAI,"Multi-States (Uttar
Pradesh,
Uttarakhand)",2015-12-01,2018-01-01,2020-07-01,2026-08-01,1622.49
619218,4L Tumkur-Shimoga Pkg-I from Mallasandra to Karadi village of NH-206 from Km. 12.300 to Km. 65.195,NHAI,Karnataka,2018-02-01,2019-10-01,2021-10-01,2026-08-01,1692.12
619219,4L of Tumkur-Shimoga Pkg-II from Km 65.195 Karadi to Km 121.900 Banawara of NH-206,NHAI,Karnataka,2018-02-01,2019-10-01,2021-10-01,2026-12-01,1989.89
619220,Tumkur-Shimoga Pkg-III from Km 121.900 Banawara to Km 170.415 Bettadahalli of Old NH-206,NHAI,Karnataka,2018-02-01,2021-03-01,2023-03-01,2026-12-01,1834.81
619221,Realignment of Rudrapur-Kathgodam Section of NH-87 New NH-109 From Design Chainage 000 Existing Chainage Km.54050 To Design Chainage 7875 Existing Chainage Km.61550 Due To Proposed Expansion Of Pantnagar Airport in the state of Uttarakhand.,NHAI,Uttarakhand,2025-08-01,2026-06-01,2027-09-01,2027-09-01,252.97
619222,"Balance works of four lane from km 43.950 Thiruvallur Bypass to km 61.470 Veppampattu Bypass passing through Thannerkulam, Thozur and Sevapet Bypass 17.520 kms of Tirupathi- Tiruttani- Chennai section of NH 205",NHAI,Tamil Nadu,2022-03-01,2022-09-01,2024-09-01,2026-08-01,699.68
619223,Petro Resid Fluidized Catalytic Cracking [PRFCC] Unit and its associated facilities at Mumbai Refinery,Bharat Petroleum Corporation Limited [BPCL],Maharashtra,2025-05-01,2025-05-01,2029-09-01,2029-09-01,13626.0
619224,Augmentation of DUPL-DPPL Pipeline,Gas Authority of India Limited [GAIL],Maharashtra,2025-06-01,2025-06-01,2028-03-01,2028-03-01,844.0
619225,Installation of Compression facility at GAIL Usar,Gas Authority of India Limited [GAIL],Maharashtra,2025-04-01,2025-04-01,2027-04-01,2027-04-01,260.2
619226,Provision of four bitumen tanks with capacity of 5 TMT each at Visakh Refinery,Hindustan Petroleum Corporation Limited,Andhra Pradesh,2025-09-01,2025-09-01,2028-03-01,2028-03-01,258.34
619227,Network Expansion Scheme in Maharashtra for removal of Transmission constraints in Pune Region-I [765/400kV AIS Pune East],Power Grid Corporation of India Limited [POWERGRID],Maharashtra,2026-03-01,2026-03-01,2028-03-01,,1420.0
619228,Transmission System Strengthening for integration of additional RE Potential at Davanagere [0.25 GW] and Bellary [2.75 GW],Power Grid Corporation of India Limited [POWERGRID],Karnataka,2026-02-01,2026-02-01,2028-02-01,,1111.0
619229,"Integrated development of Outer Container Terminal and berth No. 1 though 5 NSD at KDS, SMPK on DBFOT basis through PPP mode",Syama Prasad Mookerjee Port Kolkata,West Bengal,2025-03-01,2027-02-01,2028-08-01,,832.25
619248,"lmprovement and Widening to 2-lane with Paved Shoulder of NH-13 & 15 Old NH-52 from Existing Km 745.60 Design Km 0.000 to Existing km 770.600 Design Km 24.819 Brahmakund T-junction to Kamlang T-Junction, Existing Length 25.00 Km, Design Length 24.819 Km in the state of Arunachal Pradesh on EPC mode Pkg-1",NHIDCL,Arunachal Pradesh,2023-12-01,2026-06-01,2028-06-01,2028-06-01,441.41
619251,Construction of two lane with paved shoulder of Ghatol Bypass from km 133.250 to km 140.950 of NH-56 old NH No. 113 on EPC mode in the State of Rajasthan.,MoRTH,Rajasthan,2025-03-01,2026-03-01,2027-09-01,,170.49
619253,Construction of 4 lane Bypass to Nalgonda Town lrorn Km 000 Existing Ch. 181590 to Km 14.00 Existing Ch. 28/685 ol Nakrekal to Nagarjunsagar Section of NH -565 in the State of Telangara on EPC under Annual Plan 2024 -25,MoRTH,Telangana,2024-10-01,2025-10-01,2027-10-01,2027-10-01,516.17
619265,Rehabilitation & Upgradation of Thorrur to Nehru Nagar section to Two Lane with Paved shoulders from Km 109/420 to Km 178/500 of NH 930P in the state of Telangana on EPC mode under Annual Plan 2022-2023,MoRTH,Telangana,2025-01-01,2026-07-01,2028-07-01,2028-07-01,675.45
619270,"Upgradation of 6 laned Jaipur- Kishangarh section of NH-48 from km 274100 to 363885 involving construction of flyovers and Service road in Rajasthan On Engineering, Procurement & Construction EPC Mode",NHAI,Rajasthan,2026-03-01,2026-08-01,2029-01-01,2028-08-01,910.91
619271,Construction of Elevated Corridor at Kherwara Town on Udaipur Ratanpur Shamlaji Section of NH-48 in Udaipur District in the State of Rajasthan on EPC mode,NHAI,Rajasthan,2026-03-01,2026-07-01,2029-01-01,2029-01-01,363.89
619289,4L of Munger Mirzachauki section from Munger to Kharia village junction from Km 69520 to Km 95580 Pkg-1,NHAI,Bihar,2021-01-01,2022-03-01,2024-03-01,2026-10-01,1696.66
619291,4L Poanta SahebMednipur from Km. 435.65 to km. 458.65 of NH-07Pkg-1,NHAI,"Multi-States
(Himachal
Pradesh,
Uttarakhand)",2022-03-01,2023-05-01,2025-05-01,2026-07-01,657.32
619292,4L Medinipur to Ballupur from Km. 458.65 to Km. 487.65 of NH-07Pkg-2,NHAI,Uttarakhand,2022-03-01,2023-02-01,2025-02-01,2026-08-01,1072.5
619293,Construction of 4 Lane Access Controlled Bypass for Dehradun on NH307 from Design Chainage km 0050 Jhajra on NH-07 to Design Chainage km 12220 Asharori on EPC Mode in the State of Uttarakhand under NHO,NHAI,Uttarakhand,2023-12-01,2025-04-01,2027-04-01,2027-04-01,337.11
619294,Road Safety Improvement of existing four lane section of Dehradun-Lal Tappar-Nepali Farm Section of NH-7 and Nepali Farm-Motichur NH-34 on EPC Mode in Uttarakhand under NHO.,NHAI,Uttarakhand,2025-05-01,2026-02-01,2028-08-01,2028-08-01,388.19
619295,Four/Six laning of Bhaniyawala-Jollygrant-Rishikesh spur section of NH-07 from Km. 0.000 to Km 19.780,NHAI,Uttarakhand,2023-02-01,2025-12-01,2027-11-01,2027-11-01,664.92
619297,Upgradation of Existing Two Lane Carriageway to Two Lane Carriageway with Paved Shoulder from Ch. 665686 Existing Km. 665.686 in Khanpur Village in Vansda Taluka to Ch. 710470 Existing Km. 710.483 in Karvad Village in Vapi Taluka Length 44.784 Km Section of NH-56 in the State of Gujarat on EPC Mode,NHAI,Gujarat,2026-02-01,2026-07-01,2028-07-01,2027-01-01,647.2
619298,Construction of 6 Lane Elevated corridor from KM 612582 to KM 617540 including construction of Service Roads in Kolhapur City on NH -48 in the State of Maharashtra on EPC mode under NHO,NHAI,Maharashtra,2026-02-01,2026-06-01,2029-06-01,2029-06-01,1039.0
619299,Construction of a 6-Lane Elevated Corridor from Km 593766 to Km 596620 Including Construction of Service Roads in Kagal City on NH-48 in the State of Maharashtra on EPC Mode.,NHAI,Maharashtra,2026-03-01,2026-06-01,2028-06-01,2028-06-01,357.99
619300,Construction of Four Lane Nagpur-Katol section of NH-353J including Mitigation Structures from Design Ch. 37000 to Ch. 45990 Tiger Corridor-I Mitigation Structures from Design Ch. 37000 to Ch. 45990 Tiger Corridor-I in the State of Maharashtra on EPC Mode,NHAI,Maharashtra,2026-01-01,2026-06-01,2027-12-01,2027-12-01,300.68
619301,Construction of Approach Road to Rail-cum- Road Bridge across river Ganga at Munger Ghat NH-333 B,NHAI,Bihar,2013-07-01,2018-12-01,2021-05-01,2026-08-01,633.91
619305,4L of Munger Mirzachauki section from start of existing Bhagalpur bypass to Rasulpur from Km 125000 to Km 157350 Pkg-3,NHAI,Bihar,2021-01-01,2022-04-01,2024-04-01,2026-12-01,2024.59
619306,4L of Munger Mirzachauki section from Km 95580 to Km 125000 Pkg-2,NHAI,Bihar,2021-02-01,2022-03-01,2024-03-01,2026-08-01,1235.65
619307,4L of Munger Mirzachauki section from Km 157350 to Km 193931 Pkg-4,NHAI,"Multi-States
(Bihar, Jharkhand)",2021-02-01,2022-08-01,2024-08-01,2026-08-01,1481.58
619308,6L access-controlled highway from Ganeshpur tonear Mohand of Ganeshpur Dehradun section from Km.0 to Km.8.3 of NH-72A Package-1,NHAI,Uttar Pradesh,2020-11-01,2021-10-01,2023-10-01,2026-08-01,835.74
619311,Kalai-II Hydro Electric Project [1200 MW],THDC India Limited,Arunachal Pradesh,2026-04-01,2026-04-01,2032-10-01,,14105.83
619312,Bulk Loading Hub- Kanpur,Bharat Petroleum Corporation Limited [BPCL],Uttar Pradesh,2025-09-01,2025-09-01,2027-09-01,2027-09-01,186.0
619313,Setting up of 50 MW [plus/minus 5 percent] Wind Power Plant for Captive Consumption at MR,Bharat Petroleum Corporation Limited [BPCL],Maharashtra,2023-05-01,2023-05-01,2027-04-01,2027-04-01,483.14
619314,Pipeline Replacement Project- PRP-IX,Oil and Natural Gas Corporation Limited [ONGC],Offshore,2025-08-01,2025-08-01,2027-05-01,2027-05-01,6175.0
619316,"Group Gathering Station, Lakwagaon",Oil India Limited,Assam,2025-10-01,2025-10-01,2027-10-01,2027-10-01,495.59
619317,4L of Hajipur-Muzaffarpur Section of the existing NH-77 from Km. 0000 Ramashish Chowk to Km. 46300 and new bypass starting at Km. 46300 and connecting NH-28 of E-W Corridor at Km. 515045,NHAI,Bihar,2010-08-01,2010-08-01,2013-02-01,2026-09-01,2906.78
619318,4/6L Greenfield Ludhiana Rupnagar highway from Jn. with NE-5 village near to ManewalLudhiana to Jn. with NH-205 near Bheora Village Rupnagar from Km. 0.00 to Km. 37.7 including spur to Kharar with Ludhiana bypass of NH-205K Pkg-1,NHAI,Punjab,2021-05-01,2022-12-01,2024-12-01,2027-12-01,1382.48
619320,Muzaffarpur - Sonbarsa Section of NH-77 from km 2.800 to km 89.000,NHAI,Bihar,2011-05-01,2011-05-01,2013-11-01,2026-06-01,2311.1
619321,Balance work of widening to two laning/re-alignment and geometric improvement from Km. 11000 to Km. 114618 with rectification of damaged stretches and provision of protection works in vulnerable location of NH-44 in the State of Mizoram.,MoRTH,Mizoram,2025-10-01,2026-05-01,2028-05-01,,170.96
619326,Nidadavolu-Duvvada 3rd & 4th Lines,South Central Railway [SCR] - II,Andhra Pradesh,2026-04-01,2026-04-01,2032-01-01,,9889.24
619328,ONGC-BP Redevelopment Phase-1 Scheme of Mumbai High Field,Oil and Natural Gas Corporation Limited [ONGC],Maharashtra,2025-11-01,2025-11-01,2027-03-01,2027-03-01,3908.0
619341,"Telangana Super Thermal Power Project , Stage-II [3 x 800 MW]",National Thermal Power Corporation [NTPC],Telangana,2026-03-01,2026-03-01,2032-01-01,,29344.85
619347,Balance Work Estimate of Rehabilitation and Up-gradation of NH- 43 from Km. 468.600 to Km. 531.250 Pathalgaon to kunkuri Section to two-lane with paved shoulder in the State of Chhattisgarh on SBD mode under NHO under Annual plan 2025-26,MoRTH,Chhattisgarh,2026-03-01,2026-06-01,2028-06-01,,201.16
635651,"New Product Testing Laboratory for NPM, SPP & NHSM at RSP",Steel Authority of India Limited (SAIL),Odisha,2025-06-01,2025-07-01,2027-08-01,,155.26
660056,Amended BharatNet Program - KL,Department of Telecommunications,PAN India,2023-08-01,2025-06-01,2028-06-01,,765.0
665021,Amended BharatNet Program - UKD,Department of Telecommunications,PAN India,2023-08-01,2025-05-01,2028-05-01,,1821.0
701091,Lucknow Airport-Terminal 3- Phase 1 & Other Associated Works,Adani Airport Holdings Limited,Uttar Pradesh,2018-06-01,2018-09-01,2026-03-01,,3100.0
701101,"Construction of New Domestic Terminal Building [Phase-I and II] and other allied structures at JPNI Airport, Patna",Airport Authority of India [AAI],Bihar,2018-10-01,2018-10-01,2026-05-01,2026-08-01,1216.9
701105,Goa Airport Terminal Building Extension Project,Airport Authority of India [AAI],Goa,2017-11-01,2019-12-01,2021-12-01,2026-04-01,255.69
701107,Construction of New Integrated Terminal Building and associated works including apron to park 3 code E type of aircraft or 6 code C type of aircraft at Vijayawada Airport.,Airport Authority of India [AAI],Andhra Pradesh,2020-06-01,2020-09-01,2022-09-01,2026-11-01,824.28
701113,"Development of Lal Bahadur Shastri International airport, Varanasi including C/o New Terminal Building, Apron Extension, Runway Extension, PTT and allied works.",Airport Authority of India [AAI],Uttar Pradesh,2024-07-01,2024-07-01,2027-07-01,2027-07-01,2869.65
701121,Construction of New Domestic Terminal Building at Rajahmundry Airport.,Airport Authority of India [AAI],Andhra Pradesh,2022-12-01,2023-08-01,2025-08-01,2026-08-01,347.15
701122,Development of New Integrated Civil Enclave at Agra Airport,Airport Authority of India [AAI],Uttar Pradesh,2024-06-01,2024-07-01,2026-07-01,2026-11-01,579.0
701126,"Development of Dholera International Greenfield Airport , Gujarat",Airport Authority of India [AAI],Gujarat,2022-06-01,2022-07-01,2026-06-01,2026-09-01,1551.0
701127,Construction of New Passenger Terminal Building for Domestic Operations at Jodhpur Airport.,Airport Authority of India [AAI],Rajasthan,2022-06-01,2023-05-01,2026-03-01,2026-06-01,480.0
701128,Construction of New Integrated Passenger Terminal Building at Udaipur Airport,Airport Authority of India [AAI],Rajasthan,2023-06-01,2023-11-01,2026-03-01,2026-09-01,887.0
701167,AIIMS Kashmir at Awantipora Jammu & Kashmir,PMSSY AND Institute of NATIONAL Importance,"Jammu and
Kashmir",2019-01-01,2019-03-01,2025-12-01,2026-12-01,2570.19
701168,ALL India Institute of Medical Sciences-AIIMS Madurai,PMSSY AND Institute of NATIONAL Importance,Tamil Nadu,2018-12-01,2018-12-01,2022-08-01,2026-10-01,2021.51
701170,AIIMS Rajkot,PMSSY AND Institute of NATIONAL Importance,Gujarat,2019-01-01,2019-01-01,2026-03-01,2026-12-01,1195.0
701171,AIIMS Bibinagar,PMSSY AND Institute of NATIONAL Importance,Telangana,2018-12-01,2022-07-01,2026-06-01,2026-12-01,1365.95
701172,AIIMS Darbhanga,PMSSY AND Institute of NATIONAL Importance,Bihar,2020-09-01,2020-09-01,2029-07-01,,2006.07
701173,AIIMS Majra Rewari Haryana,Ministry of Health and Family Welfare,Haryana,2019-02-01,2019-02-01,2026-12-01,2026-12-01,1646.43
701228,Kochi - Koottanad - Bangalore - Mangalore Pipeline Phase-II,Gas Authority of India Limited [GAIL],Tamil Nadu,2009-06-01,2009-06-01,2012-12-01,2026-09-01,5909.0
701263,Rajasthan Refinery Project,MinistryofPetroleumNaturalGas,Rajasthan,2017-10-01,2017-10-01,2022-10-01,2026-06-01,79459.0
701269,"Construction of 80,000 MT LPG Cavern at Mangalore",Ministry of Petroleum & Natural Gas,Karnataka,2018-12-01,,2022-12-01,2025-08-01,854.0
701289,Capacity Expansion of Panipat Refinery from 15 to 25 MMTPA,Indian Oil Corporation Limited [IOCL],Haryana,2021-02-01,2021-02-01,2024-09-01,2026-12-01,36225.0
701324,Barauni Refinery Capacity Expansion from 6.0 to 9.0 MMTPA,Indian Oil Corporation Limited [IOCL],Bihar,2020-01-01,2020-01-01,2023-04-01,2026-12-01,16724.0
701329,Petrochemical and Lube Integration Project at Gujarat Refinery,Indian Oil Corporation Limited [IOCL],Gujarat,2020-09-01,2020-09-01,2024-08-01,2026-11-01,17825.0
701330,Mehsana-Bhatinda & Bhatinda-Jammu Natural Gas Pipeline,Indian Oil Corporation Limited [IOCL],Rajasthan,2011-07-01,2011-07-01,2024-06-01,2027-03-01,7392.0
701338,City Gas Distribution Maharashtra Natural Gas Limited,Gas Authority of India Limited [GAIL],Karnataka,2006-01-01,2006-01-01,2031-06-01,2031-06-01,5535.0
701341,Multi-product Pipeline from Krishnapatnam Coastal Installation to the proposed Installation at Hyderabad [Malkapur],Ministry of Petroleum & Natural Gas,"Multi-States (Andhra Pradesh, Telangana)",2019-09-01,,2025-03-01,2025-08-01,2208.0
701343,Srikakulam Angul Gas Pipeline Project,Ministry of Petroleum & Natural Gas,"Multi-States
(Andhra Pradesh,
Odisha)",2019-09-01,2019-09-01,2022-07-01,2026-06-01,2810.0
701344,Dhamra Haldia Pipeline Project,Gas Authority of India Limited [GAIL],West Bengal,2020-03-01,2020-03-01,2022-11-01,2026-09-01,1125.0
701346,North East Gas Grid,Indradhanush Gas Grid Limited,Tripura,2020-04-01,2020-04-01,2024-03-01,2028-03-01,9265.0
701349,Paradip-Numaligarh Crude Oil Pipeline [PNCPL] & Crude Oil Import Terminal [COIT] at Paradip,Numaligarh Refinery Limited,West Bengal,2019-01-01,2019-01-01,2024-07-01,2026-10-01,12407.0
701350,Upgradation of Facilities of Numaligarh-Siliguri Product Pipeline [NSPL] for transportation of additional products from existing 1.72 MMTPA to 5.5 MMTPA,(Ministry of Petroleum & Natural Gas),"Multi-States (Assam, West Bengal)",2021-06-01,2021-06-01,2024-12-01,2026-03-01,860.0
701354,Mumbai Nagpur Jharsuguda Pipeline Project,Ministry of Petroleum & Natural Gas,"Multi-States
(Chhattisgarh,
Madhya Pradesh,
Maharashtra,
Odisha)",2020-06-01,2020-06-01,2023-05-01,2026-06-01,8255.0
701370,Borolia Irrigation Project,"Department of Water Resources, River Development & GR",Assam,1996-04-01,1996-12-01,2022-12-01,2026-03-01,256.16
701371,Durgawati Reservoir Project,Irrigation and CAD-TG,Bihar,1997-04-01,1997-04-01,2019-12-01,2024-12-01,971.96
701372,Sardar Sarovar Project,"Narmada and Water Resources, Water Supply and Kalpsar Department-GJ",Gujarat,1996-04-01,1996-04-01,2019-12-01,2026-03-01,33412.5
701376,"Subernarekha Multipurpose Project, Jharkhand",Department of Water Resources-JH,Jharkhand,2011-04-01,2012-01-01,2019-12-01,2026-03-01,9579.58
701377,Upper Tunga Irrigation Project,Water Resources-KA,Karnataka,2014-04-01,2014-04-01,2019-12-01,2026-03-01,1606.07
701383,Waghur Project,Department of water resources-MH - II,Maharashtra,1996-04-01,1996-04-01,2019-12-01,2026-03-01,1758.51
701384,Tillari Irrigation Project,Department of water resources-MH - II,Maharashtra,2006-01-01,,2019-12-01,2025-01-01,649.6
701386,Gosikhurd Project,Department of water resources-MH - II,Maharashtra,2008-04-01,2008-04-01,2019-12-01,2028-06-01,12770.1
701388,Bembla Irrigation Project,Department of water resources-MH - II,Maharashtra,2007-04-01,,2019-12-01,2025-06-01,2685.41
701390,Arjuna Medium Irrigation project,Department of water resources-MH - II,Maharashtra,2008-01-01,,2019-12-01,2024-12-01,611.0
701391,Aruna Medium Irrigation Project,Department of water resources-MH - II,Maharashtra,2009-04-01,2010-01-01,2019-12-01,2026-06-01,1472.14
701392,Krishna Koyana Lift Irrigation Project,Department of water resources-MH - II,Maharashtra,2009-04-01,,2019-12-01,2023-12-01,2774.9
701395,Morna [Gureghar] Irrigation Project,"Department of Water Resources, River Development & GR",Uttar Pradesh,2007-04-01,2007-12-01,2025-12-01,,219.9
701396,Lower Pedhi Project,Department of water resources-MH - II,Maharashtra,2008-04-01,2008-04-01,2019-12-01,2026-06-01,1480.7
701398,Nardave Medium Irrigation Project,Department of water resources-MH - II,Maharashtra,2009-04-01,2009-04-01,2019-12-01,2026-06-01,781.85
701399,Kudali Irrigation Project,"Department of Water Resources, River Development & GR",Chhattisgarh,2009-04-01,2009-12-01,2025-12-01,2026-03-01,382.29
701400,Thoubal Multipurpose Project,Water Resources Department-MN,Manipur,1997-04-01,1997-04-01,2019-12-01,2026-12-01,1822.24
701402,"Subernarekha Project, Odisha","Department of Water Resources, River Development & GR",Odisha,1995-12-01,1998-01-01,2019-12-01,2026-03-01,7023.19
701404,Kanupur Irrigation Project,Irrigation and CAD-TG,Odisha,2003-04-01,2004-01-01,2019-12-01,2026-06-01,2301.28
701405,J. Chokka Rao Devadula Lift Irrigation Scheme,Irrigation and CAD-TG,Telangana,2006-04-01,2006-04-01,2019-12-01,2025-12-01,14730.0
701406,Rajiv Bhima Lift Irrigation Scheme,Irrigation and CAD-TG,Telangana,2007-04-01,2008-01-01,2019-12-01,2026-03-01,2509.66
701408,Madhya Ganga canal Phase-II,Irrigation & Water Resources-UP,Uttar Pradesh,2008-04-01,2008-04-01,2019-12-01,2025-12-01,4417.21
701410,Relining of Rajasthan feeder and Sirhind Feeder canal,Department of Water Resources-PB,Punjab,2016-02-01,2018-04-01,2021-06-01,2026-06-01,2462.16
701411,Shahpur Kandi Dam Project,Department of Water Resources-PB,Punjab,2010-02-01,2018-04-01,2022-06-01,2026-06-01,2715.7
701412,North Koel Reservoir Project,"Department of Water Resources, River Development & GR","Multi-States
(Bihar, Jharkhand)",2017-08-01,2021-01-01,2021-03-01,2027-06-01,2430.76
701415,Polavaram Irrigation Project,Water Resources-AP,Andhra Pradesh,2009-01-01,2009-11-01,2022-04-01,2026-03-01,55548.87
701530,Ken-Betwa Linking Development Project,"Department of Water Resources, River Development,","Multi-States
(Madhya Pradesh,
Uttar Pradesh)",,2022-03-01,2029-03-01,,21030.0
701564,"Construction of new dry dock at exisitng Cochin Shipyard Limited premises at Perumanoor, Kochi 682 015",Cochin Shipyard,Kerala,2018-04-01,2018-05-01,2022-12-01,2025-03-01,1799.0
701565,Jal Marg Vikas Project,Inland Waterways Authority of India [IWAI],"Multi-States
(Bihar, Jharkhand,
Uttar Pradesh,
West Bengal)",2018-01-01,2018-02-01,2023-12-01,2026-10-01,5061.15
701568,Construction of oil jetty No.8 at old kandla through internal resources,(Deendayal Port Trust [DPT]),Gujarat,2018-02-01,2021-02-01,2023-02-01,2024-07-01,225.85
701570,"Replacement and revamping of pipeline projects in oil jetty area, Kandla",Deendayal Port Trust [DPT],Gujarat,2021-09-01,2021-09-01,2023-09-01,2025-03-01,211.61
701574,Deepening and Optimization of Inner Harbour facilities including development of Western Dock on BOT basis to handle Cape size vessels,Paradip Port Trust [PPT],Odisha,2022-05-01,2023-01-01,2027-12-01,2028-10-01,3004.63
701576,Berth No. 2 [previously Berth 3] of HDC Mechanization Project,"(Haldia Dock Complex, Syama Prasad Mookerjee Port Authority)",West Bengal,2022-11-01,2023-03-01,2025-09-01,2026-01-01,298.26
701577,Shalukkhali Liquid Cargo Handling Facility Development Project,"(Haldia Dock Complex, Syama Prasad Mookerjee Port Authority)",West Bengal,2022-01-01,2022-08-01,2025-08-01,,253.65
701586,Setting up of a Floating Storage and Regasification Unit [FSRU] - Mumbai,(Mumbai Port Trust [MPT]),Maharashtra,2020-11-01,2021-04-01,2026-11-01,2026-11-01,900.0
701593,4G Services by BSNL,Department of Telecommunications [DoT],PAN India,2020-11-01,2020-11-01,2024-03-01,2026-03-01,19592.0
701597,Provision of 4G Mobile Services in Uncovered Villages of Arunachal Pradesh and 2 Districts of Assam,Department of Telecommunications,"Multi-States
(Arunachal
Pradesh, Assam)",2020-12-01,2021-10-01,2023-04-01,2026-09-01,276.62
701598,Provision of 4G based Mobile Services in Uncovered Villages and National Highways of Meghalaya,Department of Telecommunications,Meghalaya,2019-09-01,2020-09-01,2022-03-01,2026-06-01,180.46
701599,Mobile connectivity in Left Wing Extremism [LWE] affected areas-Phase2,Department of Telecommunications [DoT],"Multi-States
(Andhra Pradesh,
Bihar,
Chhattisgarh,
Jharkhand,
Madhya Pradesh,
Maharashtra,
Odisha,
Telangana, Uttar
Pradesh, West
Bengal)",2018-05-01,2021-09-01,2023-03-01,2026-11-01,604.6
701600,354 Uncovered Villages Scheme,(Department of Telecommunications [DoT]),"Multi-States (Bihar, Gujarat, Himachal Pradesh, Jammu and Kashmir, Ladakh, Rajasthan, Uttar Pradesh)",2019-12-01,2020-04-01,2021-10-01,2025-08-01,301.13
701602,"Provision of 4G based mobile services in 7,287 uncovered villages of 44 Aspirational District across 5 states of Andhra Pradesh, Chhattisgarh, Jharkhand, Maharashtra & Odisha",Department of Telecommunications [DoT],"Multi-States
(Andhra Pradesh,
Chhattisgarh,
Jharkhand,
Maharashtra,
Odisha)",2021-11-01,2022-05-01,2023-11-01,2027-01-01,1448.61
701657,Tumakuru Node - Phase 1 - Roads and Services Development,NICDC,Karnataka,2020-12-01,2023-02-01,2026-09-01,2027-09-01,1701.81
701658,Krishnapatnam Node - Phase 1 - Roads and Services Development,National Industrial Corridor Development Corporation,Andhra Pradesh,2020-12-01,2024-02-01,2027-02-01,,2139.44
701661,Development of IMC Khurpia Farms under AKIC Project,National Industrial Corridor Development Corporation,Uttarakhand,2024-08-01,2026-03-01,2028-09-01,,1265.37
701662,IMC Rajpura - Patiala Development Project,National Industrial Corridor Development Corporation,Punjab,2024-08-01,2026-03-01,2028-09-01,,1367.72
701668,Development of Palakkad Node under extension of CBIC to Kochi,National Industrial Corridor Development Corporation,Kerala,2024-08-01,2025-10-01,2029-04-01,,3805.0
701719,Rehablitation in Junavadaj Area Smart City Project,ministry of housing and urban affairs,Gujarat,2016-02-01,2016-06-01,2022-07-01,2026-07-01,539.0
701745,New Suburba Station Development Project,ministry of housing and urban affairs,Maharashtra,2018-04-01,2019-03-01,2022-07-01,,262.76
701766,Green Building Development Project,ministry of housing and urban affairs,Uttarakhand,2019-11-01,2019-08-01,2023-11-01,2026-12-01,206.0
701991,Kalyan Station Precinct Imporvement Project,ministry of housing and urban affairs,Maharashtra,2018-04-01,2020-07-01,2023-07-01,2026-06-01,723.7
702355,Storm water drainag Development Project,ministry of housing and urban affairs,"Dadra & Nagar
Haveli and Daman
& Diu",2020-08-01,2021-12-01,2024-03-01,,210.0
702522,In-Situ Slum Redevelopment Project in Bihar,"PMAY, Ministry of Housing and Urban Affairs",Bihar,2015-06-01,,2024-03-01,,454.65
702524,Affordable Housing Construction Project in Chhattisgarh,"PMAY, Ministry of Housing and Urban Affairs",Chhattisgarh,2015-06-01,,2024-03-01,,3797.69
702540,In-Situ Slum Redevelopment Project in Gujarat,"PMAY, Ministry of Housing and Urban Affairs",Gujarat,2015-06-01,,2024-03-01,,5477.4
702544,In-Situ Slum Redevelopment Project in Haryana,"PMAY, Ministry of Housing and Urban Affairs",Chandigarh,2015-06-01,,2024-03-01,,285.85
702555,In-Situ Slum Redevelopment Project in Jharkhand,"PMAY, Ministry of Housing and Urban Affairs",Jharkhand,2015-06-01,,2024-03-01,,212.74
702612,In-Situ Slum Redevelopment Project in Uttar Pradesh,"PMAY, Ministry of Housing and Urban Affairs",Uttar Pradesh,2015-06-01,,2024-03-01,,576.99
702625,Bhopal Metro Rail Project,Madhya Pradesh Metro Rail Co Limited [MPMRCL],Madhya Pradesh,2018-11-01,2018-11-01,2022-11-01,2028-06-01,6941.4
702626,Indore Metro Rail Project,Madhya Pradesh Metro Rail Co Limited [MPMRCL],Madhya Pradesh,2018-11-01,2018-11-01,2022-11-01,2028-12-01,7500.8
702627,Patna Metro Rail Project,Patna Metro Rail Corporation Ltd. [PMRCL],Bihar,2019-02-01,2019-02-01,2024-02-01,2027-06-01,13365.77
702628,Kanpur Metro Rail Project,Uttar Pradesh metro rail corporation [UPMRC],Uttar Pradesh,2019-05-01,2019-11-01,2024-05-01,2027-03-01,11076.48
702629,Agra Metro Rail Project,Uttar Pradesh metro rail corporation [UPMRC],Uttar Pradesh,2019-05-01,2020-12-01,2024-05-01,2027-06-01,8379.62
702630,Surat Metro Rail Project,Gujarat Metro Rail Corporation Limited [GMRCL],Gujarat,2019-03-01,2019-03-01,2024-03-01,2027-03-01,12020.32
702631,"Ahmedabad Metro Rail Project, Phase-II",(Gujarat Metro Rail Corporation Limited [GMRCL]),Gujarat,2019-03-01,2019-03-01,2024-03-01,2025-12-01,5384.17
702632,DMRTS Phase - IV [3 Priority Corridors],Delhi Metro Rail Corporation Limited [DMRC],Delhi,2019-07-01,2019-07-01,2025-03-01,2026-12-01,24948.65
702633,Delhi-Ghaziabad-Meerut Regional Rapid Transit System [RRTS] corridor,(National Capital Region Transport Corporation [NCRTC]),"Multi-States (Delhi, Uttar Pradesh)",2019-03-01,2019-03-01,2025-06-01,2026-02-01,30274.0
702635,Construction of Bangalore Metro Rail Project Phase 2.,Bengaluru Metro Rail,Karnataka,2014-02-01,2016-02-01,2021-03-01,2026-09-01,30695.12
702637,Mumbai Metro Line 3,Mumbai Metro Rail Corporation Limited [MMRC],Maharashtra,2013-07-01,2016-06-01,2023-03-01,2025-08-01,37276.0
702639,Ahmedabad Metro Rail Project [Phase-I],Gujarat Metro Rail Corporation Limited [GMRCL],Gujarat,2014-11-01,2015-02-01,2018-03-01,2026-05-01,12924.5
702658,Nagpur Metro Rail Phase II Development Project,Maharashtra Metro Rail Corporation Limited [MMRCL],Maharashtra,2022-12-01,2022-12-01,2027-12-01,,6708.0
702664,Kochi Metro Rail Phase 2 Development Project,CSPCC Projects,Kerala,2022-11-01,2022-11-01,2026-11-01,2026-11-01,1957.05
702665,Construction Bangalore Metro Rail Project Phase-2A & 2B,Bengaluru Metro Rail,Karnataka,2021-06-01,2019-01-01,2026-06-01,2026-06-01,14788.1
702668,Chennai Metro Rail Phase-II Development Project,Chennai Metro Rail Limited [CMRL],Tamil Nadu,2024-10-01,2020-11-01,2029-08-01,,63246.0
702674,"ESR - 8 nos., distribution system - 216 Km, new house service connections - 38760 nos. upgrading of feeder mains, pumping station etc. - Phase II",Ministry of Housing & Urban Affairs,Andhra Pradesh,2017-02-01,2018-07-01,2023-03-01,2026-08-01,172.22
702682,Dibrugarh Water Supply Infrastructure Project,Ministry of Housing & Urban Affairs,Assam,2016-02-01,2020-01-01,2023-03-01,2025-12-01,186.8
702699,Muzaffarpur Storm Water Drainage Phase-I Project,Ministry of Housing & Urban Affairs,Bihar,2016-11-01,2019-02-01,2023-10-01,2026-06-01,158.78
702734,Sewerage Management Scheme Part-3 Implementation,Ministry of Housing & Urban Affairs,Haryana,2017-03-01,2017-11-01,2023-09-01,2026-09-01,278.01
702735,Sewerage Management Scheme Part-3 Implementation,(Ministry of Housing & Urban Affairs),Haryana,2017-03-01,2018-10-01,2023-03-01,2026-05-01,213.19
702741,Dhanbad Water Supply Infrastructure Project,Ministry of Housing & Urban Affairs,Jharkhand,2017-02-01,2018-12-01,2023-03-01,2026-06-01,216.55
702742,SAAP-3 Water Supply Infrastructure SAAP-3 Project,Ministry of Housing & Urban Affairs,Jharkhand,2017-02-01,2018-12-01,2023-10-01,2026-06-01,159.31
702746,Augmentation and Strenghthning of Urban Water Supply Phase 1 - SAAP 3,Ministry of Housing & Urban Affairs,Jharkhand,2017-02-01,2018-12-01,2023-03-01,2026-06-01,278.28
702760,Belgavi Improvement in Sewerage System Project,Ministry of Housing & Urban Affairs,Karnataka,2015-12-01,2016-10-01,2023-07-01,2026-06-01,162.73
702764,24/7 water supply under AMRUT for Davanagere,(Ministry of Housing & Urban Affairs),Karnataka,2016-11-01,2018-01-01,2023-03-01,2026-05-01,174.96
702793,Indore Water Supply Infrastructure Project,Ministry of Housing & Urban Affairs,Madhya Pradesh,2016-12-01,2017-11-01,2023-03-01,2026-06-01,287.17
702798,Jabalpur Sewerage Management and Treatment Infrastructure Project,(Ministry of Housing & Urban Affairs),Madhya Pradesh,2018-10-01,2017-12-01,2023-03-01,2026-06-01,362.31
702808,Satna Sewerage Management and Treatment Infrastructure Project,Ministry of Housing & Urban Affairs,Madhya Pradesh,2015-11-01,2016-12-01,2024-03-01,2026-08-01,215.89
702810,Singrauli Sewerage Management and Treatment Infrastructure Project,Ministry of Housing & Urban Affairs,Madhya Pradesh,2016-05-01,2017-11-01,2023-03-01,2026-06-01,438.1
702833,Kalyan-Dombivali Water Supply Infrastructure Project,Ministry of Housing & Urban Affairs,Maharashtra,2016-07-01,2019-09-01,2023-10-01,2026-08-01,194.2
702840,Mira-Bhayandar Water Supply Infrastructure Project,Ministry of Housing & Urban Affairs,Maharashtra,2016-11-01,2018-08-01,2023-03-01,2026-05-01,204.55
702842,Nagpur Water Supply Infrastructure Project,Ministry of Housing & Urban Affairs,Maharashtra,2015-12-01,2018-08-01,2023-03-01,2025-12-01,273.78
702851,Pune Water Supply Infrastructure Project,Ministry of Housing & Urban Affairs,Maharashtra,2017-03-01,2017-07-01,2023-03-01,2026-08-01,235.95
702854,Solapur Sewerage Management Infrastructure Project,Ministry of Housing & Urban Affairs,Maharashtra,2017-03-01,2018-04-01,2023-03-01,2026-06-01,180.24
702948,Jaunpur Sewerage Management Infrastructure Project,(Ministry of Housing & Urban Affairs),Uttar Pradesh,2017-03-01,2019-08-01,2023-06-01,2026-03-01,235.73
702949,Jhansi Water Supply Infrastructure Phase-II Project,Ministry of Housing & Urban Affairs,Uttar Pradesh,2017-03-01,2019-06-01,2023-07-01,2026-08-01,561.74
702958,Lucknow Sewerage Management Infrastructure Project,Ministry of Housing & Urban Affairs,Uttar Pradesh,2016-09-01,2019-05-01,2023-03-01,2026-08-01,173.21
703021,Jalandhar Water Supply Infrastructure Project,Ministry of Housing & Urban Affairs,Punjab,2016-11-01,2020-08-01,2023-08-01,2026-08-01,266.64
703057,Patiala Water Supply Infrastructure Part-2 Project,Ministry of Housing & Urban Affairs,Punjab,2016-11-01,2020-08-01,2023-10-01,2026-08-01,287.0
703585,Yeshvanthpur - Channasandra Doubling Project [21.70 Km],Karnataka Rail Infrastructure Development Company Limited [K-RIDE],Karnataka,2019-04-01,2019-10-01,2024-03-01,2026-03-01,683.57
703586,Baiyyappanahalli-Hosur 48 km,M.D/KRIDE SWR mor,"Multi-States
(Karnataka, Tamil
Nadu)",2019-04-01,2020-07-01,2024-12-01,2026-01-01,1160.0
704495,"502 Aspirational District Scheme in Four states - Bihar, Madhya Pradesh, Rajastha and Uttar Pradesh",Department of Telecommunications [DoT],"Multi-States
(Bihar, Madhya
Pradesh,
Rajasthan, Uttar
Pradesh)",2019-12-01,2021-03-01,2022-03-01,2026-06-01,228.94
705237,Western Dedicated Freight Corridor,DFCCIL,"Multi-States
(Gujarat, Haryana,
Maharashtra,
Rajasthan, Uttar
Pradesh)",2008-02-01,2012-01-01,2022-03-01,2025-12-01,124005.0
705244,Coach Production Factory Upgradation Project,CPM/ICF,Tamil Nadu,2017-12-01,2018-07-01,2021-12-01,,520.0
705252,Kazipet Wagon Overhauling Project,RVNL,Telangana,2017-09-01,2017-07-01,2023-12-01,,385.0
705253,Kurnool Coach Midlife Rehabilitation Project,South Central Railway [SCR] - II,Andhra Pradesh,2016-05-01,2014-07-01,2020-12-01,2026-12-01,560.72
705298,North Region Video Surveillance Project,RCIL,PAN India,2020-06-01,2023-04-01,2024-03-01,,274.39
705300,Western Region Video Surveillance Project,RCIL,Maharashtra,2020-06-01,2023-04-01,2023-12-01,,227.59
705356,Ahmednagar - Beed - Parli - Vaijnath New Broad Gauge Line Railway Project [261.3 km],CAOC/CR CR mor,Maharashtra,1997-02-01,2013-04-01,2026-12-01,2026-03-01,5942.48
705357,Baramati - Lonand 54 km,CAOC/CR CR mor,Maharashtra,1999-02-01,2003-12-01,2027-03-01,2027-03-01,1790.5
705358,Khurda Road-Bolangir 301 km,CAO/C/ECOR ECoR mor,Odisha,1994-03-01,2001-03-01,2026-12-01,2026-12-01,6221.98
705359,Talcher-Bimlagarh 154 km,CAO/C/ECOR ECoR mor,Odisha,2004-03-01,2008-07-01,2025-03-01,2029-03-01,4546.84
705362,"Jaynagar-Bijalpura, incl. extn. Bet, Bijalpura-Bardibas [Nepal]",East Central Railway [ECR] - I,Offshore,2015-08-01,2011-03-01,2022-03-01,2026-03-01,819.0
705363,Sakri-Hasanpur Road New Rail Line Project,East Central Railway [ECR] - I,Bihar,2011-03-01,,2024-12-01,2025-03-01,735.0
705364,Khagaria-Kusheshwar Asthan [42Km] new line project,East Central Railway [ECR] - I,Bihar,2019-04-01,1998-12-01,2024-12-01,2027-03-01,1384.16
705366,Hajipur-Sagauli via Vaishali 148.3 km,CAO/Con/North/MHX ECR mor,Bihar,2007-10-01,2008-12-01,2020-03-01,2027-06-01,3991.33
705368,Araria-Supaul 92 km,CAO/Con/North/MHX ECR mor,Bihar,2009-08-01,2020-09-01,2024-03-01,2027-01-01,2621.05
705373,Fatuah-Islampur incl. material modification for extension of new line from Neora to Daniawan Daniawan to Biharsharif Biharsharif to Barbigha Barbigha to Sheikhpura,CAO/Con/South/MHX ECR mor,Bihar,2002-08-01,2000-02-01,2023-03-01,2025-08-01,3259.35
705375,Koderma-Tilaiya 68 km,CAO/Con/South/MHX ECR mor,"Multi-States
(Bihar, Jharkhand)",2004-11-01,2017-05-01,2025-02-01,2026-02-01,2433.13
705385,Pirpainti - Jasidih 97 km,CAOC/ER ER mor,"Multi-States
(Bihar, Jharkhand)",2014-03-01,2026-04-01,2028-03-01,2028-03-01,2700.43
705391,Jiribam-Imphal 110 km,CAO/C-III/NFR NFR mor,Manipur,2003-10-01,2009-04-01,2026-12-01,2029-06-01,21886.0
705392,Dimapur-Kohima 88 km,CAO/C-1/NFR NFR mor,"Multi-States
(Assam,
Nagaland)",2006-11-01,2015-12-01,2025-03-01,2029-12-01,15310.23
705394,Teteliya-Byrnihat 21.5 km,CAO/C-II/NFR NFR mor,"Multi-States
(Assam,
Meghalaya)",2006-11-01,2011-04-01,2011-11-01,2027-06-01,1432.14
705396,Byrnihat-Shillong New Rail Line- 108 km,Northeast Frontier Railway [NFR],Meghalaya,2011-04-01,2010-03-01,2021-03-01,2027-03-01,8342.28
705400,New B.G. Railway Line- Araria to Galgalia [Thakurgunj],Northeast Frontier Railway [NFR],Bihar,2007-06-01,,2024-12-01,2025-07-01,4412.0
705401,Murkongselek-Pasighat 26.15 km,CAO/C-II/NFR NFR mor,"Multi-States
(Arunachal
Pradesh, Assam)",2011-02-01,2023-05-01,2025-03-01,2026-12-01,1334.45
705410,Nangal Dam-Talwara 83.74 km - New broad gauge line & taking over siding Mukerian- Talwara 29.16 km,CAOC/NR NR mor,"Multi-States
(Himachal
Pradesh, Punjab)",1983-03-01,1983-04-01,2025-12-01,2027-12-01,4076.15
705419,Gwalior-Sheorpurkalan with extension to Kota 284 km,CAO/C/NCR NCR mor,Madhya Pradesh,2010-02-01,2018-04-01,2025-03-01,2026-02-01,3947.0
705424,Chandigarh-Baddi 33.23 km,CAOC/NR NR mor,"Multi-States
(Haryana,
Himachal Pradesh)",2018-02-01,2022-07-01,2026-12-01,2026-12-01,1942.17
705428,Bhanupalli-Bilaspur-Beri New Railway Line Project,RVNL - II,"Multi-States
(Himachal
Pradesh, Punjab)",2009-03-01,2015-04-01,2026-12-01,2027-12-01,13447.0
705429,Rishikesh-Karnaprayag New Rail Line- 125 km,RVNL - II,Uttarakhand,2016-11-01,2018-08-01,2025-12-01,2028-12-01,38953.0
705432,Sivok-Rangpo New Rail Line,Indian Railway Construction International Limited [IRCON],"Multi-States
(Sikkim, West
Bengal)",2009-10-01,2010-05-01,2015-05-01,2027-12-01,11775.05
705433,Dallirajhra- Rowghat New Railway Line - Phase I [95 km],Rail Vikas Nigam Limited,Chhattisgarh,2009-07-01,2009-12-01,2025-09-01,2025-12-01,1628.0
705434,New Railway Line between Ginigera and Raichur [165.57 km],South Western Railway [SWR] - II,Karnataka,2008-03-01,2009-05-01,2019-03-01,2027-03-01,3034.98
705436,Kotapalli - Narasapur New Line,South Central Railway [SCR] - II,Andhra Pradesh,2009-03-01,2013-09-01,2028-03-01,2028-03-01,2501.0
705437,Manoharabad-Kothapalli New Rail Line [151 km],South Central Railway [SCR] - II,Telangana,2016-07-01,2017-01-01,2027-03-01,2027-12-01,2781.0
705444,Gevra Road-Pendra Road New Railway Line [135 km],Indian Railway Construction International Limited [IRCON],Chhattisgarh,2014-04-01,2014-04-01,2022-03-01,2026-12-01,7448.52
705450,Jogbani-Biratnagar New Rail Line project,Indian Railway Construction International Limited [IRCON],Bihar,2010-06-01,2011-01-01,2022-03-01,2026-12-01,486.0
705453,"Dahod-Indore via Sardarpur, Jhabua & Dhar 200.97 km incl. material modification for change in alignment via Amjhera 4.82 km",CAOCWR WR mor,"Multi-States
(Gujarat, Madhya
Pradesh)",2012-06-01,2008-12-01,2027-02-01,2027-02-01,9217.23
705454,Chhota Udepur-Dhar 157 km,CAOCWR WR mor,"Multi-States
(Gujarat, Madhya
Pradesh)",2007-02-01,2008-08-01,2025-12-01,2025-12-01,1993.65
705457,Ratlam-Mhow-Khandwa-Akola 472.64 km including material modification for Fatehabad-Chandrawati Ganj-Ujjain 22.96 km and Rau-DADN doubling 9.40 km,CAOCWR WR mor,"Multi-States
(Madhya Pradesh,
Maharashtra)",2008-01-01,2011-09-01,2027-03-01,2028-09-01,13314.47
705458,Miyagam-Karjan-Dabhoi-Samlaya 96.46 km- Gauge conversion with electrification,CAOCWR WR mor,Gujarat,2017-01-01,2026-06-01,2026-12-01,2026-12-01,1015.07
705464,Bangalore-Satyamanglam New Line Project [260 Km] - Part Hejjala - Chamarajanagar [142 Km],South Western Railway [SWR] - II,Karnataka,1999-02-01,2026-07-01,2031-12-01,,1382.78
705479,Wadsa-Gadchiroli 49.5 km,CAOC/SECR SECR mor,Maharashtra,2017-05-01,2023-11-01,2027-03-01,2027-03-01,1880.61
705480,"Lalitpur-Satna, Rewa-Singrauli & Mahoba-Khajuraho 541 km",CE/C-4/WCR WCR mor,"Multi-States
(Madhya Pradesh,
Uttar Pradesh)",2007-01-01,1999-02-01,2027-03-01,2027-12-01,8913.94
705481,Ramganj Mandi-Bhopal 262 km,CPM/Kota WCR mor,"Multi-States
(Madhya Pradesh,
Rajasthan)",2000-02-01,2001-08-01,2025-12-01,2027-12-01,5074.76
705482,Dholpur - Sirmuttra Gauge Conversion,North Central Railway,Rajasthan,2022-03-01,2020-04-01,2019-02-01,2027-02-01,747.0
705489,Madurai-Tuticorin via Aruppukkottai 143.5 km,CAOC/SR SR mor,Tamil Nadu,2011-04-01,2016-06-01,2021-07-01,2031-01-01,2053.39
705490,Gadag - Wadi 252 km,CAOC/SWR SWR mor,Karnataka,2013-04-01,2017-08-01,2027-03-01,2027-12-01,3668.17
705491,Marikuppam-Kuppam 23.7 km,CAOC/SWR SWR mor,"Multi-States
(Andhra Pradesh,
Karnataka)",2011-10-01,2015-06-01,2026-06-01,2026-06-01,502.13
705492,Kadur-Chickmagalur-Sakleshpur 93 km,CAOC/SWR SWR mor,Karnataka,2014-01-01,2023-06-01,2025-06-01,2025-12-01,1043.15
705493,Hubli-Ankola 167 km,CAOC/SWR SWR mor,Karnataka,1999-01-01,2023-08-01,2005-03-01,2030-03-01,533.32
705494,Rayadurg-Tumkur via Kalyandurg 213 km,CAOC/SWR SWR mor,"Multi-States
(Andhra Pradesh,
Karnataka)",2007-02-01,2011-02-01,2015-09-01,2028-02-01,4612.0
705495,Bagalkot-Kudachi 142 km,CAOC/SWR SWR mor,Karnataka,2010-02-01,2025-02-01,2027-03-01,2027-01-01,1710.44
705496,Tumkur-Chitradurg-Davangere 199.7 km,CAOC/SWR SWR mor,Karnataka,2011-03-01,2017-11-01,2019-03-01,2027-12-01,1801.01
705497,Wardha - Yavatmal Nanded Railway Line Project,Central Railways,Maharashtra,2008-02-01,2013-04-01,2026-12-01,,4030.69
705498,Kalyan-Kasara - 3rd line 67.62 km,CAOC/CR CR mor,Maharashtra,2015-09-01,2015-09-01,2026-12-01,2026-12-01,1395.5
705500,Wardha Sevagram-Nagpur - 3rd line 76.3 km,CAOC/CR CR mor,Maharashtra,2015-09-01,2015-10-01,2025-12-01,2026-10-01,899.52
705502,Wardha-Balharshah - 3rd line 132 km,CAOC/CR CR mor,Maharashtra,2016-03-01,2016-05-01,2025-12-01,2026-02-01,2603.11
705503,Pune - Miraj-Londa [467 Kilometres],(Central Railway),Maharashtra,2016-06-01,2016-06-01,2025-02-01,2025-08-01,4872.52
705504,Daund - Manmad 247.50 km,CAOC/CR CR mor,Maharashtra,2017-10-01,2018-11-01,2025-12-01,2026-03-01,3554.74
705505,Wardha-Nagpur - 4th line 78.70 km,CAOC/CR CR mor,Maharashtra,2017-04-01,2017-06-01,2025-12-01,2026-10-01,1194.59
705506,3rd Line Manmad - Jalgaon [160 Kilometres],Central Railway [CR] - II,Maharashtra,2017-05-01,2018-04-01,2024-12-01,2025-11-01,1870.0
705507,Itarsi-Nagpur bal. 280 km,CAOC/CR CR mor,"Multi-States
(Madhya Pradesh,
Maharashtra)",2016-09-01,2016-12-01,2027-03-01,2027-12-01,2509.24
705510,Bhadrak-Nergundi - 3rd line 80 km,CAO/C/ECOR ECoR mor,Odisha,2012-03-01,2016-09-01,2024-11-01,2026-01-01,1600.0
705511,Jagdalpur-Koraput 110.22 km,CAO/C/ECOR ECoR mor,"Multi-States
(Chhattisgarh,
Odisha)",2015-12-01,2021-10-01,2024-03-01,2026-12-01,1547.38
705512,Kottavalasa-Koraput 189.278 km,CAO/C/ECOR ECoR mor,"Multi-States
(Andhra Pradesh,
Odisha)",2015-12-01,2016-01-01,2022-03-01,2028-03-01,3580.41
705513,Koraput-Singapur Road 164.56 km,CAO/C/ECOR ECoR mor,Odisha,2015-12-01,2016-01-01,2027-12-01,2028-03-01,2462.17
705514,Jarapaada-Budhapank with flyover at Talcher Road - 3rd & 4th line 47 44 km,CAO/C/ECOR ECoR mor,Odisha,2015-11-01,2016-05-01,2018-11-01,2028-03-01,928.54
705515,Budhapank-Salegaon via Rajatgarh - 3rd & 4th line 85 85 km,CAO/C/ECOR ECoR mor,Odisha,2015-12-01,2016-04-01,2026-03-01,2026-03-01,3034.8
705520,Vizianagaram-Sambhalpur 3rd Line Project,RVNL,"Multi-States (Andhra Pradesh, Odisha)",2016-06-01,2016-12-01,2025-03-01,,4803.16
705526,Samastipur-Darbhanga 38 km,CAO/Con/North/MHX ECR mor,Bihar,2015-11-01,2017-02-01,2025-03-01,2025-10-01,973.56
705527,Sagauli - Valmikinagar 109.7 km,CAO/Con/North/MHX ECR mor,Bihar,2018-03-01,2018-02-01,2025-12-01,2025-12-01,1558.77
705528,Muzaffarpur - Sagauli 100.6 km,CAO/Con/North/MHX ECR mor,Bihar,2018-03-01,2019-03-01,2024-06-01,2026-06-01,1744.84
705562,Chhapra-Ballia - Patch doubling 65 km,CAOC/NER NER mor,"Multi-States
(Bihar, Uttar
Pradesh)",2013-03-01,2015-12-01,2025-02-01,2026-05-01,1010.84
705566,Domingarh-Gorakhpur-Gorakhpur Cantt.-Kusumhi - 3rd Railway Line Project,North Eastern Railway [NER],Uttar Pradesh,2016-11-01,2018-06-01,2025-02-01,2025-09-01,521.47
705567,Burhwal - Gonda - 3rd line 61.72 km,CAOC/NER NER mor,Uttar Pradesh,2017-11-01,2020-04-01,2025-03-01,2026-05-01,1307.62
705572,New Bongaigaon - Goalpara - Guwahati Kamakhya 176 km,CAO/C-III/NFR NFR mor,Assam,2016-09-01,2017-06-01,2026-03-01,2026-03-01,4983.94
705583,Anand Vihar-Tilak Bridge - 3rd & 4th line 9.77 km,CAOC/NR NR mor,Delhi,2012-06-01,2014-04-01,2023-03-01,2027-12-01,701.88
705588,Janghai - Pratapgarh - Amethi 87 km,CAO/C-II/NR NR mor,Uttar Pradesh,2017-11-01,2019-03-01,2025-03-01,2026-03-01,1528.83
705598,Jhansi-Bina - 3rd line 152.57 km,CAO/C/NCR NCR mor,"Multi-States
(Madhya Pradesh,
Uttar Pradesh)",2016-09-01,2020-03-01,2022-03-01,2026-03-01,2001.63
705608,Jhansi-Khairar-Manikpur & Khirar-Bhimsen,North Central Railway,"Multi-States
(Madhya Pradesh,
Uttar Pradesh)",2018-03-01,2019-04-01,2026-03-01,2026-03-01,4330.0
705610,"Renigunta 9.60 km, Wadi 7.60 km & Gooty 3.8 km - Bypass",CAO/C/SCoR SCoR mor,"Multi-States
(Andhra Pradesh,
Tamil Nadu)",2016-04-01,2016-08-01,2025-12-01,2026-03-01,850.74
705612,Kazipet-Vijayawada 3rd line with electrification [220 km],South Central Railway [SCR] - II,"Multi-States
(Andhra Pradesh,
Telangana)",2013-03-01,2014-08-01,2025-02-01,2025-12-01,3363.0
705613,Third Line [new] between Kazipet - Balharshah with electrification [201.04 Km],South Central Railway [SCR] - II,"Multi-States
(Maharashtra,
Telangana)",2016-09-01,2016-10-01,2025-01-01,2025-11-01,3071.0
705616,Jharsuguda - Bilaspur - 4th line 206 km,CAOC/SECR SECR mor,"Multi-States
(Chhattisgarh,
Odisha)",2016-09-01,2016-03-01,2024-10-01,2026-03-01,2978.55
705617,Rajnandgaon-Nagpur - 3rd line 228 km,CAOC/SECR SECR mor,"Multi-States
(Chhattisgarh,
Maharashtra)",2016-09-01,2016-12-01,2024-12-01,2026-06-01,3544.92
705628,Bondamunda - Ranchi 158.50 km,CAO/C/SER SER mor,"Multi-States
(Jharkhand,
Odisha)",2016-03-01,2017-02-01,2025-06-01,2026-06-01,3029.04
705629,Narayangarh - Bhadrak - 3rd line 155 km,CAO/C/SER SER mor,"Multi-States
(Odisha, West
Bengal)",2019-03-01,2020-02-01,2025-12-01,2027-01-01,3425.32
705632,Vijayawada19.50 km & Kazipet10.65 km -Byepass line,CAO/C/SCoR SCoR mor,"Multi-States
(Andhra Pradesh,
Telangana)",2016-04-01,2021-01-01,2025-01-01,2025-12-01,827.46
705633,Guntur-Guntakal Doubling Project,South Central Railway [SCR] - II,Andhra Pradesh,2017-03-01,2017-11-01,2025-12-01,2026-12-01,4295.0
705635,Trivandrum- Kanyakumari,CAO/CN/ERS SR mor,"Multi-States
(Kerala, Tamil
Nadu)",2017-08-01,2019-08-01,2025-03-01,2028-06-01,3785.45
705638,Kumbalam-Turavur - Patch doubling 15.59 km,CAO/CN/ERS SR mor,Kerala,2023-04-01,2024-10-01,2027-03-01,2027-03-01,1171.46
705639,Ernakulam-Kumbalam - Patch doubling 7.71 km,CAO/CN/ERS SR mor,Kerala,2023-04-01,2024-10-01,2028-03-01,2027-02-01,827.5
705648,Vijaywada-Gudur 3rd Line,RVNL - II,Andhra Pradesh,2016-08-01,2018-04-01,2024-11-01,2026-03-01,6654.0
705650,Hospet - Tinaighat - Vasco Rail Doubling Project,RVNL - II,"Multi-States (Goa,
Karnataka)",2010-03-01,2012-07-01,2027-03-01,2027-12-01,5060.0
705651,Katni - Bina Third Railway Line [279 km],(West Central Railway WCR I),Madhya Pradesh,2016-06-01,2017-01-01,2022-03-01,2025-12-01,4127.23
705659,Satna - Rewa 50 km,CE/C-4/WCR WCR mor,Madhya Pradesh,2015-11-01,2016-08-01,2026-03-01,2026-03-01,646.1
705660,Doubling of Katni - Singrauli Railway Line [261 km],Indian Railway Construction International Limited [IRCON],Madhya Pradesh,2016-03-01,2017-03-01,2025-12-01,2025-12-01,4377.0
705661,Katni - Grade separator / bypass 21.50 km,GM IRCON KATNI WCR mor,Madhya Pradesh,2016-08-01,2017-09-01,2024-09-01,2026-09-01,2300.0
705662,Hotgi-Kudgi-Gadag Doubling Project,(South Western Railway [SWR] - II),"Multi-States (Karnataka, Maharashtra)",2014-04-01,2016-01-01,2024-12-01,2026-03-01,2459.0
705663,Bangalore-Whitefield-Bangalore City-Krishnarajapuram 23.08 km - Quadrupling,CPM/GS/SBC SWR mor,Karnataka,2018-03-01,2022-05-01,2026-02-01,2026-02-01,717.54
705667,Mathura-Jhansi - 3rd line 273.80 km,CMD / RVNL RVNL mor,"Multi-States
(Madhya Pradesh,
Rajasthan, Uttar
Pradesh)",2016-09-01,2017-02-01,2023-12-01,2026-12-01,5960.76
705668,Kharagpur-Adityapur - 3rd line 132 km,CMD / RVNL RVNL mor,"Multi-States
(Jharkhand, West
Bengal)",2016-09-01,2016-11-01,2025-03-01,2026-06-01,3450.0
705694,Provision of Work-site Tampers [WST] Railway Project,EDTK[MC]/RB,Delhi,2016-01-01,2016-01-01,2023-12-01,2026-01-01,187.72
705708,WST Machine Procurement Project,EDTK[MC]/RB,Delhi,2018-06-01,2018-06-01,2024-03-01,2027-12-01,176.0
705710,PCT Machine Procurement Project,EDTK[MC]/RB,Delhi,2019-04-01,2019-04-01,2024-04-01,2027-06-01,336.0
705712,RBMV Machine Procurement Project,EDTK[MC]/RB,Delhi,2019-10-01,2019-10-01,2024-06-01,2027-12-01,480.0
705717,SRGM Machine Procurement Project,EDTK[MC]/RB,Delhi,2019-10-01,2019-10-01,2023-12-01,2026-03-01,440.0
705720,WST Machine Procurement Project,EDTK[MC]/RB,Delhi,2019-12-01,2019-12-01,2024-04-01,2026-12-01,384.0
705721,DTS Machine Procurement Project,EDTK[MC]/RB,Delhi,2019-12-01,2019-12-01,2024-12-01,2030-12-01,447.6
705722,BRM Machine Procurement Project,EDTK[MC]/RB,Delhi,2019-09-01,2019-09-01,2024-06-01,2027-12-01,210.0
705726,Track Machine Procurement Project,EDTK[MC]/RB,Delhi,2020-04-01,2020-04-01,2025-03-01,2028-01-01,6339.0
705728,Mumbai-Ahmedabad High Speed Rail Project- 508 km,National High Speed Rail Corporation [NHSRC],"Multi-States
(Dadra & Nagar
Haveli and Daman
& Diu, Gujarat,
Maharashtra)",2015-03-01,2017-09-01,2027-08-01,2029-12-01,108000.0
705730,Joka-BBD Bag new metro project,RVNL - II,West Bengal,2010-03-01,2010-04-01,2026-12-01,2029-12-01,10362.0
705735,Solapur-Osmanabad - New line via Tuljapur 84.44 km umbrella work PB23/2018- 19/NR,CAOC/CR CR mor,Maharashtra,2019-01-01,2024-09-01,2027-03-01,2028-03-01,1647.87
705741,Jeypore - Navarangpur 38 km,CAO/C/ECOR ECoR mor,Odisha,2017-07-01,2022-09-01,2028-07-01,2029-12-01,747.91
705742,Jeypore - Malkangiri 130 km,CAO/C/ECOR ECoR mor,Odisha,2018-02-01,2026-04-01,2033-07-01,2033-07-01,2343.64
705743,Talcher-Angul New Line with Y-Connection at Talcher,CAO/C/ECoR,Odisha,2018-07-01,,2028-05-01,,
705747,Parasnath-Madhuban-Giridih new line,East Central Railway [ECR] - I,Jharkhand,2019-03-01,2019-03-01,2024-03-01,2026-03-01,902.86
705752,Gudha-Thathana Mithri - Construction of dedicated test track for testing and trial of rolling stocks and infrastructure components umbrella work PB23/2018-19/NR,CAOC/NWR NWR mor,Rajasthan,2019-04-01,2019-11-01,2026-11-01,2026-11-01,540.0
705755,Morappur - Dharmpuri New Railway Line Project,Southern Railway [SR] - I,Tamil Nadu,2019-05-01,2016-12-01,2028-03-01,2028-03-01,359.0
705756,Chirimiri-Nagpur Halt New Railway Line Project,South East Central Railway [SECR] - II,Chhattisgarh,2018-10-01,2020-06-01,2030-06-01,2030-06-01,656.52
705761,Shimoga-Shikaripura-Ranebennur 103 km umbrella work PB23/2018-19/NR,CAOC/SWR SWR mor,Karnataka,2019-09-01,2023-12-01,2027-12-01,2028-06-01,455.86
705762,Construction of New BG line between Hassan [Alur] to Belur [ Km 27.34],CAOC/SWR SWR mor,Karnataka,2019-06-01,2022-09-01,2027-04-01,2027-12-01,748.86
705763,Indore - Budni New Railway Line [198 kms],RVNL - II,Madhya Pradesh,2019-08-01,2020-10-01,2030-09-01,2030-09-01,7474.0
705764,Nimach-Badi Sadri NL Project 48 km,CAOC/NWR NWR mor,"Multi-States
(Madhya Pradesh,
Rajasthan)",2018-10-01,2022-01-01,2026-03-01,2026-06-01,895.67
705765,Gomoh - Flyover for down trains 20 km,CAO/Con/South/MHX ECR mor,Jharkhand,2018-01-01,2022-04-01,2026-03-01,2026-03-01,686.03
705766,Lalitpur - Birari with flyover at Lalitpur 15.80 km,CAO/C/NCR NCR mor,Uttar Pradesh,2017-03-01,2023-03-01,2024-12-01,2026-01-01,356.1
705767,Baghuapal Flyover Construction Project,CAO/C/ECoR,Odisha,2019-08-01,2022-10-01,2028-03-01,2028-03-01,258.0
705771,Allahabad-Bamhrauli Flyover Construction & 4th Railway Line Project,North Central Railway,Uttar Pradesh,2019-04-01,2020-10-01,2026-03-01,2026-03-01,494.0
705772,Mughalsarai - Allahabad - 3rd line 150 km,CAO/C/NCR NCR mor,Uttar Pradesh,2019-08-01,2020-12-01,2026-12-01,2027-03-01,2649.44
705774,Aligarh-Daud Khan - 3rd line 6.9 km & construction of flyover at Daud Khan,CAO/C/NCR NCR mor,Uttar Pradesh,2019-04-01,2021-02-01,2025-01-01,2027-03-01,779.49
705777,Bhandai - Flyover for Etawah bound down trains 10 km,CAO/C/NCR NCR mor,Uttar Pradesh,2019-04-01,2025-12-01,2026-02-01,2027-02-01,250.18
705779,"Phephna-Indara, Mau-Shahganj doubling excluding Indara-Mau",RVNL - I,Uttar Pradesh,2017-05-01,2019-10-01,2024-12-01,2026-03-01,1777.0
705780,Bhatni - Aunrihar with electrification 125 km excl Indara - Mau 116.95 km,CMD / RVNL RVNL mor,Uttar Pradesh,2018-03-01,2019-11-01,2024-03-01,2026-06-01,2529.46
705782,Barabanki-Malhaur - 3rd & 4th Line 32.84 km,CAO/C-II/NR NR mor,Uttar Pradesh,2019-01-01,2022-08-01,2025-03-01,2026-08-01,480.13
705783,Ludhiana-Kila Raipur 19 km with freight line at Gill station,CAOC/NR NR mor,Punjab,2019-03-01,2022-12-01,2025-03-01,2027-02-01,260.33
705784,Janghai-Phaphamau Doubling Rail Line Project,RVNL,Uttar Pradesh,2018-11-01,2020-03-01,2025-03-01,2025-03-01,978.77
705785,Lodhma-Piska - Link line bypassing Hatia / Ranchi with Y connection 17.2 km,CAO/C/SER SER mor,Jharkhand,2021-08-01,2025-11-01,2026-06-01,2027-05-01,472.5
705789,Penukonda - Dharmavaram Doubling Project [41.5 Km],(South Western Railway [SWR] - II),Andhra Pradesh,2018-06-01,2018-12-01,2026-03-01,2026-03-01,307.66
705793,Raising of speed to 160 kmph/200 kmph on existing New Delhi-Mumbai route incl. Vadodara-Ahmedabad,PCE/WR,"Multi-States (Delhi,
Gujarat, Madhya
Pradesh,
Maharashtra,
Rajasthan)",2019-09-01,2019-09-01,2024-03-01,2026-03-01,8095.12
705794,New Delhi- Howrah Speed Booster[160Kmph] Project,PCE/NCR,"Multi-States
(Bihar, Delhi,
Jharkhand, Uttar
Pradesh, West
Bengal)",2019-09-01,2019-09-01,2024-03-01,,6684.81
705799,Nagpur- Nagbhir Railway Line Gauge Conversion Project,MRIDC,Maharashtra,2019-10-01,2020-04-01,2025-12-01,2025-12-01,1400.0
705863,Bahraich - Nanpara - Nepalganj Road Gauge Conversion,North Eastern Railway [NER],Uttar Pradesh,2020-07-01,2021-04-01,2025-07-01,2025-09-01,550.0
705912,Sawai Madhopur-Jaipur Railway Line Project,North Western Railway [NWR],Rajasthan,2024-02-01,2023-04-01,2027-03-01,,1203.89
705918,Allahabad division - Aligarh - Harduaganj Flyover,North Central Railway,Uttar Pradesh,2020-04-01,2021-02-01,2026-10-01,2027-03-01,1457.0
705919,Agra Fort-Bandikui Doubling Line Project,CAO/C/NCR,Rajasthan,2022-06-01,2021-02-01,2027-06-01,2027-06-01,1390.0
705933,Nimach-Ratlam 133 km,CAOCWR WR mor,Madhya Pradesh,2021-10-01,2022-08-01,2027-10-01,2027-10-01,1770.58
705941,Bangalore Suburban Railway Project,Karnataka Rail Infrastructure Development Company Limited [K-RIDE],Karnataka,2020-10-01,2020-10-01,2026-12-01,2030-03-01,15767.0
706718,C/o NITB Imphal Airport,Airport Authority of India [AAI],Manipur,2021-11-01,2022-07-01,2024-07-01,2026-12-01,499.0
706724,Guwahati Airport New Integrated Terminal Building Construction Project,Adani Airport Holdings Limited,Assam,2016-12-01,2018-03-01,2025-03-01,2026-06-01,2520.0
706757,Modasa-Shamlaji Road Railway Line Project,Western Railway WR - II,Gujarat,2012-09-01,2008-04-01,2025-03-01,2026-03-01,262.0
706759,Rampur Dumra-Tal-Rajendrapul - Addl bridge and doubling 14 km,CGM/CIVIL ECR mor,Bihar,2016-03-01,2017-04-01,2024-12-01,2025-12-01,2535.13
706763,Rajkot-Kanalus 111.20 km,CAOCWR WR mor,Gujarat,2021-10-01,2022-08-01,2026-10-01,2026-06-01,1205.18
706775,BharatNet,Department of Telecommunications [DoT],PAN India,2017-07-01,2011-10-01,2023-08-01,2019-03-01,12709.0
706776,Noapara-Barasat via Bimanbandar - Construction of Metro railway [18 km],"Metro Railway, Kolkata",West Bengal,2010-11-01,2010-03-01,2026-08-01,2029-03-01,4830.0
706777,Baranagar-Barrackpore and Dakshineshwar- Construction of Metro Railway,RVNL - II,West Bengal,2010-03-01,2010-03-01,2026-12-01,2030-12-01,2734.0
706779,Mumbai Urban Transport Project [MUTP] - PHASE II,Mumbai Rail Vikas Corporation Ltd.[MRVC],Maharashtra,2008-05-01,2008-04-01,2014-03-01,2027-12-01,8087.0
706780,Mumbai Urban Transport Project [MUTP] Phase-IIIA,Mumbai Rail Vikas Corporation Ltd.[MRVC],Maharashtra,2019-04-01,2019-04-01,2027-12-01,2027-12-01,33690.0
706781,Mumbai Urban Transport Project Phase-III,Mumbai Rail Vikas Corporation Ltd.[MRVC],Maharashtra,2016-11-01,2016-12-01,2022-03-01,2026-12-01,10947.0
706811,NMDC Slurry Pipeline Project Phase-1,National Mineral Development Corporation Limited [NMDC],Chhattisgarh,2015-11-01,2020-09-01,2023-06-01,2026-08-01,5427.0
706835,Belgaum-Dharwad via Kittur [73.10Km],South Western Railway [SWR] - II,Karnataka,2020-09-01,2025-03-01,2027-12-01,2029-03-01,1591.0
706836,Dedicatedtest track for RDSO Phase-2 34 km Umbrella work PB22/2019-20/NR,CAOC/NWR NWR mor,Rajasthan,2021-11-01,2021-11-01,2026-11-01,,619.19
706837,Pradhan Kuntha Jn Line Doubling Project,East Central Railway [ECR] - I,Jharkhand,2022-11-01,2022-11-01,2027-11-01,2027-11-01,349.22
706844,Katihar - Kumedpur Doubling Line Project,GM/C/ NFR,"Multi-States (Bihar, West Bengal)",2022-08-01,,,,
706854,Boridand-Ambikapur 118.81 km Umbrella work PB57/2019-20/NR,CAOC/SECR SECR mor,Chhattisgarh,2022-06-01,2024-03-01,2030-06-01,2030-06-01,1576.72
706856,Rourkela - Bondamunda 5th Line Doubling Project,South Eastern Railway [SER] - I,Odisha,2022-03-01,,2026-09-01,2026-09-01,245.0
706860,Barauni-Bachwara 16 km - 3rd & 4th line incl Barauni yard remodelling 32 km Umbrella work PB57/2019-20/NR,CAO/Con/North/MHX ECR mor,Bihar,2022-10-01,2025-02-01,2025-08-01,2026-10-01,485.58
706865,Chandorgaon-Cansaulim rail flyover 16 km Umbrella work PB57/2019-20/NR,CAOC/SWR SWR mor,Goa,,2022-01-01,2031-03-01,,1892.0
706866,Sawaimadhopur - Bypass line 6.98 km Umbrella work PB57/2019-20/NR,CAOC/NWR NWR mor,Rajasthan,2022-12-01,2024-04-01,2026-03-01,2027-05-01,239.0
706898,Khurda Road - Balangir Electrification of Railway Track Project,Ministry of Railways,Odisha,2018-09-01,2019-09-01,2021-03-01,,267.61
706922,Guwahati-Dibrugarh via Tinsukia & Simaluguri-Dibrugarh,Central Organisation for Railway Electrification [CORE],Assam,2020-09-01,2018-09-01,2020-09-01,2024-06-01,889.36
706940,"Mariani-Jorhat, Tinsukia-Dangri and Makum -TirapTrack Electrification Project",GM/C/ NFR,Assam,2018-09-01,2022-01-01,2024-05-01,,183.99
706942,Harmuty-Murkongselek Branch Line Electrification Project,GM/C/ NFR,Assam,2018-09-01,2022-01-01,2024-05-01,,237.52
706950,Hospet-Hubli-Vasco da Gama Line Electrification Project,RVNL,"Multi-States (Goa,
Karnataka)",2015-07-01,2018-05-01,2023-03-01,2026-06-01,1122.62
706965,Establishment of new GMC Saran [Chhapara],"Medical Education, Ministry of Health and Family Welfare",Bihar,,1900-01-01,1900-01-01,,189.0
706966,Establishment of new GMC Samastipur,"Medical Education, Ministry of Health and Family Welfare",Bihar,,1900-01-01,1900-01-01,,189.0
706988,Establishment of new GMC Gondia,"Medical Education, Ministry of Health and Family Welfare",Maharashtra,2021-07-01,1900-01-01,1900-01-01,,189.0
706989,Establishment of new GMC West Garo Hills [Tura],"Medical Education, Ministry of Health and Family Welfare",Meghalaya,,1900-01-01,1900-01-01,,189.0
707016,Establishment of new GMC Sitamarhi,"Medical Education, Ministry of Health and Family Welfare",Bihar,,1900-01-01,1900-01-01,,250.0
707017,Establishment of new GMC Jhanjharpur,"Medical Education, Ministry of Health and Family Welfare",Bihar,,1900-01-01,1900-01-01,,250.0
707018,Establishment of new GMC Siwan,"Medical Education, Ministry of Health and Family Welfare",Bihar,,1900-01-01,1900-01-01,,250.0
707019,Establishment of new GMC Buxar,"Medical Education, Ministry of Health and Family Welfare",Bihar,,1900-01-01,1900-01-01,,250.0
707020,Establishment of new GMC Jamui,"Medical Education, Ministry of Health and Family Welfare",Bihar,2019-03-01,2022-10-01,2025-10-01,,500.0
707021,Establishment of new GMC Koderma,"Medical Education, Ministry of Health and Family Welfare",Jharkhand,2023-09-01,2024-02-01,2026-08-01,,504.8
707022,Establishment of new GMC Chaibasa [Singhbhum],"Medical Education, Ministry of Health and Family Welfare",Jharkhand,2018-06-01,2023-03-01,2025-09-01,,454.1
707039,Establishment of new GMC Gangtok,"Medical Education, Ministry of Health and Family Welfare",Sikkim,2018-10-01,2018-12-01,2026-12-01,2026-07-01,635.21
707044,Establishment of new GMC Korba,"Medical Education, Ministry of Health and Family Welfare",Chhattisgarh,2023-02-01,2023-10-01,2026-12-01,,322.85
707045,Establishment of new GMC Mahasamund,"Medical Education, Ministry of Health and Family Welfare",Chhattisgarh,2023-10-01,2023-10-01,2026-05-01,,325.0
707046,Establishment of new GMC Kanker,"Medical Education, Ministry of Health and Family Welfare",Chhattisgarh,2020-02-01,2024-09-01,2027-03-01,,325.0
707049,Establishment of new GMC Panchmahal,"Medical Education, Ministry of Health and Family Welfare",Gujarat,2022-09-01,2022-09-01,2026-03-01,,663.5
707050,Establishment of new GMC Porbandar,"Medical Education, Ministry of Health and Family Welfare",Gujarat,2022-04-01,2022-10-01,2024-09-01,,618.98
707051,Establishment of new GMc Udhampur,"Medical Education, Ministry of Health and Family Welfare","Jammu and
Kashmir",2019-09-01,2022-01-01,2027-03-01,,325.0
707052,Establishment of new GMC Handwara [Distt. Kupwara],"Medical Education, Ministry of Health and Family Welfare","Jammu and
Kashmir",,1900-01-01,1900-01-01,,325.0
707057,Establishment of new GMC Leh,"Medical Education, Ministry of Health and Family Welfare",Ladakh,2019-10-01,1900-01-01,1900-01-01,,325.0
707058,Establishment of new GMC Rajgarh,"Medical Education, Ministry of Health and Family Welfare",Madhya Pradesh,2021-12-01,2022-11-01,2024-04-01,,325.0
707059,Establishment of new GMC Mandla,"Medical Education, Ministry of Health and Family Welfare",Madhya Pradesh,2023-08-01,2023-10-01,2026-04-01,,325.0
707067,Establishment of new GMC Mon,"Medical Education, Ministry of Health and Family Welfare",Nagaland,,1900-01-01,1900-01-01,,325.0
707069,Establishment of new GMC Kapurthala,"Medical Education, Ministry of Health and Family Welfare",Punjab,2019-11-01,2027-07-01,2028-12-01,,550.0
707070,Establishment of new GMC Hoshiarpur,"Medical Education, Ministry of Health and Family Welfare",Punjab,2020-01-01,2026-03-01,2028-12-01,,374.75
707086,Establishment of new GMC Rudrapur,"Medical Education, Ministry of Health and Family Welfare",Uttarakhand,2022-10-01,2024-02-01,2026-12-01,,325.0
707087,Establishment of new GMC Pithoragarh,"Medical Education, Ministry of Health and Family Welfare",Uttarakhand,2021-08-01,2023-04-01,2026-12-01,,768.89
707215,National Maritime Heritage Complex [NMHC] Phase-I,Indian Port Rail & Ropeway Corporation Ltd. [IPRCL],Gujarat,2019-02-01,2022-01-01,2026-11-01,2026-03-01,1238.05
707229,"Integrated Command control Center [ICCC] - Construction and Development of Integrated Command Control Center with Security, Surveillance, ITMS, Connecting Port, Ship Service, Smart Solid Waste Management, Smart Public Transport System",ministry of housing and urban affairs,"Andaman &
Nicobar",2021-07-01,2021-11-01,2023-05-01,2025-10-01,230.0
707267,Upgradation of Sewerage system in Gandhinagar City,(ministry of housing and urban affairs),Gujarat,2020-07-01,2021-03-01,2023-06-01,,200.0
707410,Integrated Multi Modal Logistics Hub at Nangal Chaudhary in Haryana - Other Trunk Infrastructure Development Phase 1,NICDC,Haryana,2018-05-01,2021-12-01,2023-12-01,2028-05-01,763.0
707414,Multi Modal Transport Hub [MMTH] Project at Boraki in Greater Noida - Infrastructure Development - Phase 1,National Industrial Corridor Development Corporation,Uttar Pradesh,2020-12-01,2026-11-01,2030-03-01,,1480.0
707419,IMC at Prayagraj,National Industrial Corridor Development Corporation,Uttar Pradesh,2024-08-01,2026-04-01,2027-06-01,,658.0
707420,Gaya Integrated Manufacturing Cluster IMC in Bihar,National Industrial Corridor Development Corporation,Bihar,2024-08-01,2026-04-01,2029-04-01,,1339.02
708655,Operationalization of Coastal Berth & Shallow Water Berth through PPP,Jawaharlal Nehru Port Authority [JNPA],Maharashtra,2021-07-01,2021-07-01,2026-01-01,,366.8
708662,Establishment of 600 bed super specialty hospital with optional development of Medical college and further expansion on PPP basis.,(Mumbai Port Trust [MPT]),Maharashtra,2019-08-01,2022-01-01,2026-06-01,2027-12-01,693.0
708687,Amended BharatNet Program - UP (West),Department of Telecommunications,Uttar Pradesh,2023-08-01,2025-02-01,2028-02-01,,1917.0
709747,Bagodara Solar Power Project,Satluj Jal Vidyut Nigam [SJVN] Thermal Limited,Gujarat,2021-03-01,2021-05-01,2025-12-01,2025-12-01,339.35
709748,BIKANER SOLAR POWER PROJECT,Satluj Jal Vidyut Nigam [SJVN] Thermal Limited,Rajasthan,2021-10-01,2022-05-01,2024-04-01,2025-12-01,5491.89
709749,PHASE-I OF CONSOLIDATION OF EXISTING CDR DATA CENTERS AND NIB-P3 DATA CENTERS WITH STATE OF THE ART,(BSNL),"Multi-States (Maharashtra, Telangana)",2020-03-01,2020-03-01,2021-06-01,2025-12-01,461.42
709750,Laying of new 28 inch Desal Water Pipeline and 10 inch Reject Water Pipeline between CPCL Manali Refinery and CPCL Desalination plant at Ennore,Chennai Petroleum Corporation Limited [CPCL],Tamil Nadu,2024-01-01,2024-01-01,2025-09-01,2026-12-01,205.0
709752,HP-COAT [Crude to Olefins and Aromatics Technology] demo unit at Visakh Refinery,Hindustan Petroleum Corporation Limited,Andhra Pradesh,2021-09-01,2021-09-01,2024-06-01,2027-02-01,220.0
709753,Haldia Panagarh Pipeline Project,Hindustan Petroleum Corporation Limited,West Bengal,2022-11-01,2022-11-01,2025-11-01,2026-08-01,1107.0
709754,"Construction of LPG Facilities at Kamardanga, Assam",Hindustan Petroleum Corporation Limited,Assam,2023-03-01,2023-03-01,2027-07-01,2027-07-01,156.36
709755,"Setting up of new rail fed POL facility at Kamardanga, Assam",Hindustan Petroleum Corporation Limited,Assam,2023-03-01,2023-03-01,2027-07-01,2027-07-01,384.04
709757,"CGD Project in Banka, Dumka, Godda, Jamtara, Pakur, Sahibganj GA ID 11A.02",Hindustan Petroleum Corporation Limited,"Multi-States
(Bihar, Jharkhand)",2022-06-01,2022-06-01,2030-06-01,2030-06-01,1377.0
709758,"CGD Project in Malda, Birbhum, Murshidabad, Dakshin Dinajpur GA ID 11A.03",Hindustan Petroleum Corporation Limited,West Bengal,2022-06-01,2022-06-01,2030-06-01,2030-06-01,2628.0
709759,"Petrochemical evacuation marketing terminal at Barmer, Rajasthan",Hindustan Petroleum Corporation Limited,Rajasthan,2023-12-01,2023-12-01,2026-12-01,2026-12-01,461.05
709760,HP TDAE Unit in Mumbai Refinery,Hindustan Petroleum Corporation Limited,Maharashtra,2024-06-01,2024-06-01,2026-04-01,2026-06-01,240.0
709761,HP Trijet Unit in Visakh Refinery,Hindustan Petroleum Corporation Limited,Andhra Pradesh,2024-07-01,2024-07-01,2027-07-01,2027-07-01,193.0
709766,"City Gas Distribution Project at Kurnool, Guntur & Prakasam Districts",(MinistryofPetroleumNaturalGas),Andhra Pradesh,2022-03-01,2022-03-01,2030-03-01,2030-03-01,1420.0
709768,City Gas Distribution Project at Dharmapuri and Krishnagiri Districts,MinistryofPetroleumNaturalGas,Tamil Nadu,2022-03-01,,2030-12-01,2030-12-01,501.0
709770,City Gas Distribution Project at Pathankot District,Indian Oil Corporation Limited [IOCL],Punjab,2022-03-01,2022-03-01,2033-09-01,2033-09-01,151.0
709771,"City Gas Distribution Project at Beed, Jalgaon and Jalna Districts",Indian Oil Corporation Limited [IOCL],Maharashtra,2022-03-01,2022-03-01,2031-09-01,2031-09-01,865.0
709772,"City Gas Distribution Project at East Mednipore, West Mednipore & Jhargram Districts",Indian Oil Corporation Limited [IOCL],West Bengal,2022-03-01,2022-03-01,2031-06-01,2031-06-01,609.0
709773,"City Gas Distribution Project at Jammu, Udhampur, Reasi, Samba and Kathua Districts",Indian Oil Corporation Limited [IOCL],"Jammu and
Kashmir",2022-03-01,2022-03-01,2034-09-01,2034-09-01,538.0
709774,Revamping/ Augmentation of facilities at existing port terminal at Mangalore,Indian Oil Corporation Limited [IOCL],Karnataka,2022-01-01,2022-01-01,2025-12-01,2027-06-01,500.62
709776,Augmentation/Revamping of Facilities at existing Guwahati Terminal at Betkuchi,Indian Oil Corporation Limited [IOCL],Assam,2022-04-01,2022-04-01,2026-09-01,2026-09-01,323.09
709777,Installation of Bitumen Manufacturing Unit along with allied facilities at Barauni Refinery,Indian Oil Corporation Limited [IOCL],Bihar,2022-01-01,2022-01-01,2025-04-01,2027-06-01,410.3
709778,Installation of new Biturox Unit along with allied facilities at Gujarat Refinery,Indian Oil Corporation Limited [IOCL],Gujarat,2022-01-01,2022-01-01,2025-08-01,2026-12-01,344.36
709779,Capacity Expansion of Digboi Refinery from 0.65 to 1.0 MMTPA,Indian Oil Corporation Limited [IOCL],Assam,2022-06-01,2022-06-01,2026-03-01,2027-07-01,740.0
709780,Construction of Additional Tankages and Allied Facilities at JNPT Terminal,Indian Oil Corporation Limited [IOCL],Maharashtra,2022-04-01,2022-04-01,2026-08-01,2026-08-01,436.14
709781,Revamping / Augmentation of Facilities at Mathura Bitumen Plant,Indian Oil Corporation Limited [IOCL],Uttar Pradesh,2022-04-01,2022-04-01,2027-06-01,2026-12-01,260.12
709782,ATF Pipeline from Jawaharlal Nehru Port Trust to Navi Mumbai International Airport,Indian Oil Corporation Limited [IOCL],Maharashtra,2022-08-01,2022-08-01,2025-08-01,2026-06-01,165.0
709783,"Installation of Multiple Effect Evaporator [MEE] for ETP-1, 2 & 4 of Panipat Refinery and Petrochemical Complex.",Indian Oil Corporation Limited [IOCL],Haryana,2020-12-01,2020-12-01,2023-06-01,2026-10-01,247.69
709785,Laying of Natural Gas Pipeline from Hazaribagh to Ranchi [HRPL],Indian Oil Corporation Limited [IOCL],Jharkhand,2023-02-01,2023-02-01,2026-02-01,2027-03-01,202.07
709786,"Augmentation/ Revamping of Dimapur Depot, Dimapur",Indian Oil Corporation Limited [IOCL],Nagaland,2023-08-01,2023-08-01,2027-11-01,2027-11-01,227.62
709789,Installation of Independent De- Aromatized Solvents [DAS] production facilities at MR,(Bharat Petroleum Corporation Limited [BPCL]),Maharashtra,2023-03-01,2023-03-01,2025-07-01,2026-02-01,343.0
709790,Replacement and Extension of Jetty Pipelines [REJP] at KR,(Bharat Petroleum Corporation Limited [BPCL]),Kerala,2023-03-01,2023-03-01,2026-03-01,2026-03-01,621.87
709791,City Gas Distribution Projects at Alipurduar and Cooch Behar,Bharat Petroleum Corporation Limited [BPCL],West Bengal,2022-12-01,2022-12-01,2030-03-01,2030-03-01,1017.0
709792,"City Gas Distribution Projects at Darbhanga, Madhubani, Supaul, Sitamarhi and Sheohar districts",Bharat Petroleum Corporation Limited [BPCL],Bihar,2022-12-01,2022-12-01,2030-03-01,2030-03-01,3638.0
709793,"City Gas Distribution Projects at Gopalganj, Siwan, West Champaran, East Champaran and Deoria districts",Bharat Petroleum Corporation Limited [BPCL],Bihar,2022-12-01,2022-12-01,2030-06-01,2030-06-01,3919.0
709794,"City Gas Distribution Projects at Fazilka [except area already authorized], Ganganagar and Hanumangarh districts",Bharat Petroleum Corporation Limited [BPCL],Rajasthan,2022-12-01,2022-12-01,2030-06-01,2030-06-01,3207.0
709795,"City Gas Distribution Projects at Lakhimpur Kheri , Sitapur, Bahraich, Shravasti,Balrampur, Siddharth Nagar & Maharajganj districts",Bharat Petroleum Corporation Limited [BPCL],Uttar Pradesh,2022-12-01,2022-12-01,2030-06-01,2030-06-01,16654.0
709796,City Gas Distribution Projects at the Nilgiris and Erode districts,Bharat Petroleum Corporation Limited [BPCL],Tamil Nadu,2022-12-01,2022-12-01,2030-03-01,2030-03-01,3685.0
709797,POL & LOBS Installations with Receipt Pipelines at Rasayani,Bharat Petroleum Corporation Limited [BPCL],Maharashtra,2023-05-01,2023-05-01,2026-05-01,2026-09-01,2585.0
709798,Ethylene Cracker Project at Bina Refinery including downstream Petrochemical Plants and expansion of Refinery,Bharat Petroleum Corporation Limited [BPCL],Madhya Pradesh,2023-05-01,2023-05-01,2028-05-01,2028-05-01,43367.0
709799,Setting up Polypropylene Unit at Kochi Refinery,Bharat Petroleum Corporation Limited [BPCL],Kerala,2023-12-01,2023-12-01,2027-10-01,2027-10-01,4850.0
709800,"CUF POL Depot at Sadashibpur [Meramundali], Odisha",Bharat Petroleum Corporation Limited [BPCL],Odisha,2021-04-01,2021-04-01,2026-03-01,2026-09-01,393.54
709801,71 MWp [DC] Solar power project at Prayagraj,Bharat Petroleum Corporation Limited [BPCL],Uttar Pradesh,2024-02-01,,2025-08-01,,308.32
709808,PACHORA-JAMNER WITH EXTENSION UPTO MALKAPUR NG TO BG,CR,Maharashtra,2022-08-01,2022-01-01,2027-08-01,2028-03-01,2093.82
709809,KALYAN-MURBAD VIA ULHASNAGAR [UMBRELLA WORK],Central Railway [CR] - II,Maharashtra,2023-04-01,2023-04-01,2027-03-01,2027-03-01,836.12
709810,KODINGAMALI BAUXITE MINES TO SINGARAM RAILWAY STATION,Indian Railway,Odisha,2022-08-01,2026-01-01,2027-08-01,2027-08-01,190.9
709811,GANDHAMARDAN IRON ORE MINES TO GOALDIH STATION/12.76kms,East Coast Railway [ECoR] - II,Odisha,2022-09-01,2025-05-01,2027-09-01,2027-09-01,189.93
709812,Nadiad-Petlad 37.26 km,CAOCWR WR mor,Gujarat,2022-05-01,2024-05-01,2030-06-01,2030-06-01,461.91
709813,New BG line intersection 5 nos between Geratpur-Sanand & Botad-Ahmedabad 16.51 km PB29/NR/2022-23,CAOCWR WR mor,Gujarat,2022-10-01,2025-03-01,2027-10-01,2027-10-01,463.95
709814,NIPANIA-BHATAPRA [14.4 KM] 4TH LINE [PB-72/NR/2022-23],SECR,Chhattisgarh,2024-05-01,2024-05-01,2026-12-01,2026-12-01,184.0
709815,4th line - Bhatapara-Hathband 8.8 km PB72/NR/2022-23,CAOC/SECR SECR mor,"Multi-States
(Chhattisgarh,
Maharashtra)",2022-09-01,2023-03-01,2027-01-01,2027-12-01,177.03
709816,4th line - Bhilai-Bhilai nagar 8.8 km PB72/NR/2022-23,CAOC/SECR SECR mor,"Multi-States
(Chhattisgarh,
Maharashtra)",2022-09-01,2023-03-01,2027-02-01,2027-02-01,177.34
709817,4th line - Dadhapara-Belha 9.2 km PB72/NR/2022-23,CAOC/SECR SECR mor,"Multi-States
(Chhattisgarh,
Maharashtra)",2022-09-01,2023-03-01,2026-11-01,2026-11-01,169.06
709818,4th line - Rajnandgaon-Dongarhgarh 31.2 km PB72/NR/2022-23,CAOC/SECR SECR mor,Chhattisgarh,2022-09-01,2024-10-01,2027-01-01,2027-01-01,328.34
709819,3rd & 4th line - Saragbundia & Madwarani 12.2 km PB72/NR/2022-23,CAOC/SECR SECR mor,Chhattisgarh,2022-09-01,2023-03-01,2026-12-01,2026-12-01,167.64
709820,OMKARESHWAR FLOATING SOLAR POWER PROJECT [90 MW],Satluj Jal Vidyut Nigam [SJVN] Thermal Limited,Madhya Pradesh,2022-11-01,,2024-08-01,,646.17
709826,SCREENING PLANT-III AT KIRANDUL,National Mineral Development Corporation Limited [NMDC],Chhattisgarh,2009-01-01,2021-10-01,2026-01-01,2027-07-01,3062.39
709827,CONSTRUCTION OF RESIDENTIAL TOWERS AT BIOM KIRANDUL COMPLEX,(National Mineral Development Corporation Limited [NMDC]),Chhattisgarh,2021-07-01,2022-10-01,2025-12-01,2026-02-01,349.75
709829,UTKAL D AND E COAL BLOCK,National Aluminium Company Limited [NALCO],Odisha,2016-02-01,2016-02-01,2025-03-01,,1021.97
709830,CONVERSION OF FLAT BOTTOM SETTLERS AND WASHERS WITH A SINGLE TRAIN OF HRDS AND DCWS IN STREAMS 1 AND,(Ministry of Mines),Odisha,2017-04-01,2017-04-01,2026-11-01,,581.0
709831,SOURCING OF BAUXITE ARRANGEMENT FOR 5TH STREAM ALUMINA REFINERY FROM SOUTH BLOCK MINING LEASE OF PANCHPATMAILI MINES,National Aluminium Company Limited [NALCO],Odisha,2017-11-01,2019-11-01,2025-05-01,2026-06-01,483.0
709832,25.5 MW WIND POWER PROJECT AT KAYATHAR IN TAMILNADU,National Aluminium Company Limited [NALCO],Tamil Nadu,2017-09-01,2017-12-01,2025-03-01,2026-03-01,166.0
709837,"Creation of Gas Dehydration Facilities, Tripura Asset",Oil and Natural Gas Corporation Limited [ONGC],Tripura,2022-03-01,2022-03-01,2024-05-01,2026-10-01,131.51
709838,Commercial Polymer Flooding Project in Bechraji field,Oil and Natural Gas Corporation Limited [ONGC],Gujarat,2022-01-01,2022-01-01,2024-11-01,2027-05-01,739.02
709839,Daman Upside Development Project,Oil and Natural Gas Corporation Limited [ONGC],Offshore,2022-06-01,2022-06-01,2025-10-01,2026-12-01,6406.9
709840,"Restoration of Gas Terminal, Phase-I [Part-A], Hazira",Oil and Natural Gas Corporation Limited [ONGC],Gujarat,2022-05-01,2022-05-01,2025-02-01,2026-07-01,249.43
709841,Old Pipe Line Replacement [OPRP] Group-A,Oil and Natural Gas Corporation Limited [ONGC],Gujarat,2021-07-01,2021-07-01,2025-07-01,2026-11-01,169.84
709842,"Kalol Redevelopment Project, Ahmedabad Asset",Oil and Natural Gas Corporation Limited [ONGC],Gujarat,2022-08-01,2022-08-01,2027-03-01,2027-03-01,1487.41
709845,"Revamping of SV Stations, Gas Terminal & Kribhco Terminal",Oil and Natural Gas Corporation Limited [ONGC],Gujarat,2022-11-01,2022-11-01,2026-08-01,2026-08-01,1119.86
709846,Part Replacement Pipeline Project [PRPP],(Oil and Natural Gas Corporation Limited [ONGC]),Maharashtra,2022-11-01,2022-11-01,2024-05-01,2026-03-01,1145.1
709847,Pipeline Network Project Rudrasagar,Oil and Natural Gas Corporation Limited [ONGC],Assam,2023-01-01,2023-01-01,2026-04-01,2027-04-01,481.03
709848,MHN TCPP PGC BGC Project [MTPBP],Oil and Natural Gas Corporation Limited [ONGC],Offshore,2022-06-01,2022-06-01,2026-05-01,2026-12-01,2354.23
709849,PRP-VIII Group B [NH & BS Asset],Oil and Natural Gas Corporation Limited [ONGC],Offshore,2024-06-01,2024-06-01,2026-02-01,2026-12-01,3348.6
709850,Borholla GGS Life Extension Project [BLEP],Oil and Natural Gas Corporation Limited [ONGC],Assam,2023-09-01,2023-09-01,2026-05-01,2027-03-01,198.7
709851,Integrated Development of 4 Contract Areas under DSF-II,Oil and Natural Gas Corporation Limited [ONGC],Offshore,2023-05-01,2023-05-01,2027-04-01,2027-04-01,6183.79
709855,SUPER EDGE ROUTERS FOR BSNL INTERNET PROTOCOL - MULTI PROTOCOL LEBEL SWITCHING [IPMPLS] NETWORK,BSNL,PAN India,2023-03-01,,2024-03-01,2025-03-01,239.6
709856,MPLS-IP BASED ACCESS AND AGGREGATION NETWORK [MAAN] IN BSNL ALONG WITH TEST AND MEASURING EQUIPMENT,BSNL,PAN India,2023-05-01,2023-05-01,2024-08-01,2026-08-01,645.13
709857,"Planning, Engineering, Supply, Installation, Testing, Commissioning, Integration & Annual Maintenance of 4G mobile network at 1 Lakh sites on PAN India basis including Mumbai & Delhi LSA on turnkey basis under Phase IX.2 Project.",BSNL,PAN India,2023-05-01,2023-06-01,2025-06-01,2026-09-01,24544.55
709858,OPTICAL TRANSPORT NETWORK [OTN] PH-4 IN BSNL,BSNL,PAN India,2024-02-01,2024-02-01,2025-08-01,2025-11-01,810.99
709859,SETTING UP OF PHYSICAL INFRASTRUCTURE FOR THE NATIONAL INSTITUTE OF COMMUNICATION FINANCE [NICF] AT GHITORNI,National Communication Academy - Finance [Erstwhile NICF],Delhi,2014-10-01,2018-04-01,2020-02-01,2026-09-01,248.2
709864,DCU Revamp Project,Numaligarh Refinery Limited,Assam,2021-08-01,2021-08-01,2024-07-01,2027-03-01,370.0
709865,Power Recovery Turbine [PRT] in PFCCU unit as an Energy Conservation Scheme,Numaligarh Refinery Limited,Assam,2023-04-01,2023-04-01,2024-12-01,2026-12-01,293.5
738679,Stamp Charge Battery No.7 Battery Proper at RSP,Steel Authority of India Limited (SAIL),Odisha,2024-09-01,2024-10-01,2028-03-01,,2584.41
834015,Stamp Charge Battery No.12 By-product Plant at RSP,Steel Authority of India Limited (SAIL),Odisha,2024-09-01,2024-10-01,2028-03-01,,1140.07
900808,Transmission System for Kurnool Wind Energy Zone/ Solar Energy Zone Part-A and Part-B,Power Grid Corporation of India Limited [POWERGRID],"Multi-States
(Andhra Pradesh,
Telangana)",2022-11-01,2023-03-01,2024-11-01,2026-05-01,3546.94
900872,DOUBLING BETWEEN JAUNPUR JN-ZAFFARABAD [6.28 KM],Northen Railway [NR],Uttar Pradesh,2023-01-01,,,,
900874,Jhajha - Batia 20 km Umbrella work PB23/2018-19/NR,CAO/Con/South/MHX ECR mor,Bihar,2019-02-01,2026-04-01,2028-03-01,2030-01-01,588.18
914467,Amended BharatNet Program - BR,Department of Telecommunications,PAN India,2023-08-01,2025-03-01,2028-03-01,,1550.0
938832,Amended BharatNet Program - RJ,Department of Telecommunications,PAN India,2023-08-01,2026-03-01,2029-03-01,,2839.0
944288,Super accelerated cooling system (Uniform Cooling) for high strength plates in Plate Mill at BSP,Steel Authority of India Limited (SAIL),Chhattisgarh,2025-06-01,2025-06-01,2026-12-01,,192.21
946208,Amended BharatNet Program - SKM,Department of Telecommunications,PAN India,2023-08-01,2026-06-01,2029-06-01,,160.0
976009,"Amended BharatNet Program - ARP, NGL, MNP",Department of Telecommunications,PAN India,2023-08-01,2025-06-01,2028-06-01,,1168.0
N04000073,"CONSTRUCTION OF NEW INTEGRATED TERMINAL BUILDING AT VSI AIRPORT, PORTBLAIR",AAI,ANDAMAN AND NICOBAR ISLANDS,2013-10-01,,2018-09-01,2023-06-01,707.73
N04000074,"MODERNIZATION OF CHENNAI AIRPORT PHASE II, CHENNAI",AAI,TAMIL NADU,2018-06-01,,2022-02-01,2026-06-01,2467.0
N04000076,"CONSTRUCTION OF COMBINED OPERATIONAL OFFICES FOR DGCA, BCAS, AAIB, AERA AND AAI AT SAFDARJUNG AIRPOR",AAI,DELHI,2016-11-01,,2020-04-01,2024-04-01,374.98
N04000077,"CCS INTERNATIONAL AIRPORT , LUCKNOW",AAI,UTTAR PRADESH,2018-06-01,,2021-09-01,2026-10-01,1938.0
N04000078,CONSTRUCTION OF TERMINAL BUILDING AND ASSOCIATED WORKS AT LEH AIRPORT,AAI,LADAKH,2018-07-01,,2021-09-01,2025-10-01,640.0
N04000079,"CONSTRUCTION OF NEW INTEGRATED TERMINAL BUILDING, RECONSTRUCTION OF OLD TERMINAL BUILDING, MODIFICAT",AAI,MAHARASHTRA,2017-03-01,,2021-04-01,2023-12-01,533.56
N04000080,CONSTRUCTION OF ATC TOWER AND TECHNICAL BLOCK AT NSCBI AIRPORT KOLKATA,AAI,WEST BENGAL,2016-01-01,,2020-03-01,2023-12-01,458.0
N04000081,"AIRSIDE CAPACITY ENHANCEMENT OF NSBI AIRPORT, KOLKATA",AAI,WEST BENGAL,2019-01-01,,2021-11-01,2023-05-01,397.0
N04000082,"CONSTRUCTION OF NEW DORNESTIC TERMINAL BUILDING AND OTHER STRUCTURES, PHASE I AND II",AAI,BIHAR,2018-05-01,,2022-10-01,2025-11-01,1216.9
N04000083,CONSTRUCTION OF NEW INTEGRATED TERMINAL BUILDING AT LGBI AIRPORT GUWAHATI,AAI,ASSAM,2016-12-01,,2021-03-01,2025-09-01,2333.0
N04000085,"CONSTRUCTION OF DOMESTIC PASSENGER TERMINAL BUILDING AT DEHRADUN AIRPORT, DEHRADUN",AAI,UTTARAKHAND,2018-07-01,,2020-09-01,2024-09-01,500.0
N04000087,UPGRADATION OF JABALPUR AIRPORT,AAI,MADHYA PRADESH,2016-06-01,,2021-06-01,2024-07-01,412.24
N04000088,"C/O NEW GREENFIELD AIRPORT AT HISSAR, RAJKOT, GUJARAT",AAI,GUJARAT,2018-01-01,,2022-08-01,2024-12-01,1405.0
N04000090,DEVELOPMENT OF TUTICORIN AIRPORT,AAI,TAMIL NADU,2019-06-01,,2022-03-01,2025-04-01,451.74
N04000091,C/O OF NITB AND ASSOCIATED WORK AT VIJAYAWADA AIRPORT,AAI,ANDHRA PRADESH,2020-04-01,,2023-03-01,2025-08-01,611.8
N04000092,CONSTRUCTION OF NEW GREEN FIELD AIRPORT AT HOLLONGI ITANAGAR ARUNACHAL PRADESH,AAI,ARUNACHAL PRADESH,2019-02-01,,2022-08-01,2025-07-01,732.0
N04000093,"EXTENSION OF TERMINAL BUILDING, PTT, APRON AND CAR PARK AT SURAT AIRPORT.",AAI,GUJARAT,2018-08-01,,2021-02-01,2025-03-01,353.25
N04000094,DEVELOPMENT OF AYODHYA AIRPORT PHASE-01,AAI,UTTAR PRADESH,2021-03-01,,2022-12-01,2025-07-01,328.0
N04000095,EXTENSION OF EXISTING INTEGRATED TERMINAL BUILDING AND ALLIED WORKS AT GOA AIRPORT.,AAI,GOA,2017-11-01,,2021-09-01,2025-08-01,255.69
N04000096,"EXTENSION OF RUNWAY WITH BLAST PAD, RESA, TAXIWAY, APRON, GSE AREA, ISOLATION BAY, NEW DOMESTIC TERM",AAI,MAHARASHTRA,2017-06-01,,2020-12-01,2024-04-01,270.0
N04000098,DEVELOPMENT OF GWALIOR AIRPORT PHASE 01,AAI,MADHYA PRADESH,2021-10-01,,2023-08-01,2024-08-01,455.0
N04000099,"DEVELOPMENT OF NEW GREENFIELD AIRPORT AT DHOLERA, AHMEDABAD (GUJARAT). PHASE-1.",AAI,GUJARAT,2022-06-01,,2025-12-01,2025-12-01,1143.95
N04000100,"CONSTRUCTION OF NEW INTEGRATED TERMINAL BUILDING, CONTROL TOWER CUM TECHNICAL BLOCK, APRON, LINK TAX",AAI,MANIPUR,2021-11-01,,2024-07-01,2025-12-01,499.0
N04000101,CONSTRUCTION OF NEW TERMINAL BUILDING AT JODHPUR AIRPORT,AAI,RAJASTHAN,2022-05-01,,2024-11-01,2025-10-01,480.0
N04000102,"PRAYAGRAJ AIRPORT - CONSTRUCTION OF NEW TERMINAL BUILDING, SECOND LINK TAXI TRACK, APRON EXPANSION,",AAI,UTTAR PRADESH,2023-05-01,,2024-11-01,2025-07-01,274.38
N04000103,RAJAHMUNDRY AIRPORT: CONSTRUCTION OF NEW DOMESTIC TERMINAL BUILDING AND MISCELLANEOUS WORKS INCLUD,AAI,ANDHRA PRADESH,2022-12-01,,2025-08-01,2025-08-01,347.15
N04000104,UDAIPUR AIRPORT- CONSTRUCTION OF NEW INTEGRATED PASSENGER TERMINAL BUILDING,AAI,RAJASTHAN,2023-06-01,,2026-03-01,2026-03-01,887.0
N04000105,BELAGAVI AIRPORT- EXPANSION OF TERMINAL BUILDING AND ASSOCIATED WORKS,AAI,KARNATAKA,2023-06-01,,2026-02-01,2026-02-01,322.45
N04000106,KADAPPA AIRPORT- CONSTRUCTION OF NEW DOMESTIC TERMINAL BUILDING AND MISCELLANEOUS WORKS INCLUDING MA,AAI,ANDHRA PRADESH,2023-03-01,,2026-01-01,2026-03-01,265.91
N04000107,JAMMU - CONSTRUCTION OF NEW CIVIL ENCLAVE,AAI,JAMMU AND KASHMIR,2022-07-01,,2026-06-01,2026-06-01,861.37
N04000108,HUBBALI AIRPORT - CONSTRUCTION OF NEW DOMESTIC TERMINAL BUILDING AND MISCELLANEOUS WORKS,AAI,KARNATAKA,2023-06-01,,2026-02-01,2026-02-01,320.47
N04000109,"NSCBI AIRPORT KOLKATA: RE- CONSTRUCTION OF RIGID POSITIONS OF SECONDARY RUNWAY, 'K' AND 'A' TAXIWAY",AAI,WEST BENGAL,2023-04-01,,2025-10-01,2025-10-01,328.3
N04000110,PAKYONG AIRPORT- WIDENING OF BASIC STRIP AT WESTERN SIDE OF RUNWAY CHAINAGE 80M TO 920M I/C SLOPE ST,AAI,SIKKIM,2023-11-01,,2026-06-01,2026-06-01,323.26
N04000111,CALICUT AIRPORT - DEVELOPMENT OF ADDITIONAL RESA ON EITHER END ON RUNWAY 10-28 AT CALICUT AIRPORT,AAI,KERALA,2023-06-01,,2025-09-01,2025-09-01,323.98
N04000112,"DARBHANGA:DEVELOPMENT OF NEW CIVIL ENCLAVE AT DARBHANGA, BIHAR. SH- CONSTRUCTION OF NEW TERMINAL BUI",AAI,BIHAR,2024-07-01,,2026-07-01,2026-07-01,911.66
N04000113,AGRA: DEVELOPMENT OF NEW CIVIL ENCLAVE AT AGRA AIRPORT.,AAI,UTTAR PRADESH,2024-06-01,,2026-07-01,2026-07-01,579.0
N04000114,"VARANASI: DEVELOPMENT OF LAL BAHADUR SHASTRI INTERNATIONAL AIRPORT, VARANASI.",AAI,UTTAR PRADESH,2024-07-01,,2027-07-01,2027-07-01,2869.65
N04000115,BAGDOGRA AIRPORT: DEVELOPMENT OF NEW CIVIL ENCLAVE AT BAGDOGRA AIRPORT. SUB-HEAD : CONSTRUCTION OF N,AAI,WEST BENGAL,2024-08-01,,2027-03-01,2027-03-01,1549.0
N06000045,PELMA OCP(15.00MTY),SECL,CHHATTISGARH,2022-10-01,,2023-03-01,2033-03-01,1725.04
N06000087,RAJRAPPA RCE OCP ( 3.0 MTY),CCL,JHARKHAND,2009-12-01,,2016-03-01,2027-03-01,510.85
N06000096,MURAIDIH UG TURN-KEY PROJECT,BCCL,JHARKHAND,2011-02-01,,2014-04-01,2026-12-01,339.88
N06000098,MOONIDIH XV SEAM UG,BCCL,JHARKHAND,2011-08-01,,2019-03-01,2026-05-01,1230.27
N06000104,CHHAL OC SEAM -III (6.00 MTY),SECL,CHHATTISGARH,2013-12-01,,2022-03-01,2025-06-01,610.63
N06000112,BASUNDHARA (WEST) OC EXTN(7.00 MTY),MCL,ODISHA,2014-05-01,,2019-03-01,2028-03-01,479.15
N06000113,SIARMAL OCP (40.00MTY),MCL,ODISHA,2021-02-01,,2029-03-01,2029-03-01,5194.96
N06000123,AMERA OC RCE,SECL,CHHATTISGARH,2015-02-01,,2018-03-01,2026-03-01,335.97
N06000125,KANCHAN OC EXPANSION,SECL,MADHYA PRADESH,2014-12-01,,2021-03-01,2026-03-01,371.04
N06000132,AMALGAMATED YEKONA-I YEKONA-II,WCL,MAHARASHTRA,2015-08-01,,2025-03-01,2025-03-01,727.28
N06000135,AMGAON OPENCAST PROJECT RCE,SECL,CHHATTISGARH,2015-07-01,,2020-03-01,2026-03-01,316.1
N06000148,AMADAND OPENCAST EXPANSION PROJECT,SECL,MADHYA PRADESH,2016-03-01,,2021-03-01,2027-03-01,869.44
N06000152,NEYVELI UTTAR PRADESH POWER PROJECT LIMITED 1980 MW,NLC,UTTAR PRADESH,2016-07-01,,2021-11-01,2025-10-01,21780.94
N06000154,NILJAI EXPANSION (DEEP) OC (3.5 MTY),WCL,MULTI STATE,2016-08-01,,2022-03-01,2025-03-01,319.76
N06000161,KAKATIYAKHANI OPENCAST III PROJECT PHASE-1,SCCL,TELANGANA,2017-03-01,,2022-03-01,2026-03-01,413.84
N06000163,RANIGANJ MASTER PLAN,ECL,WEST BENGAL,2009-08-01,,2019-08-01,2019-08-01,5146.48
N06000164,MAHAMAYA OPENCAST PROJECT,SECL,CHHATTISGARH,2018-05-01,,2026-03-01,2026-03-01,410.26
N06000165,SIDULI MINE (OC AND UG),ECL,WEST BENGAL,2018-05-01,,2027-03-01,2027-03-01,535.17
N06000166,JHIRIA WEST OPENCAST PROJECT,SECL,CHHATTISGARH,2024-01-01,,2029-03-01,2029-03-01,366.94
N06000167,INTEGRATED LAKHANPUR-BELPAHAR- LILARI OCP,MCL,ODISHA,2018-05-01,,2027-03-01,2027-03-01,2434.75
N06000169,CHITRA EAST (RCE) OCP,ECL,JHARKHAND,2018-08-01,,2026-03-01,2026-03-01,513.98
N06000170,NAKRAKONDA KUMARDIH B OCP,ECL,WEST BENGAL,2018-08-01,,2029-03-01,2029-03-01,502.67
N06000171,REORGANISATION OF BHARATPUR OCP EXPANSION,MCL,ODISHA,2018-11-01,,2029-03-01,2029-03-01,2838.87
N06000179,UKNI DEEP OC,WCL,MAHARASHTRA,2019-01-01,,2021-03-01,2025-03-01,318.14
N06000183,GANDHIGRAM UG MINE,WCL,MADHYA PRADESH,2019-08-01,,2026-03-01,2026-03-01,414.16
N06000184,BLOCK-B EXPANSION OPENCAST PROJECT,NCL,MADHYA PRADESH,2019-07-01,,2023-03-01,2027-03-01,998.71
N06000186,TETARIAKHAR EXPANSION OCP,CCL,JHARKHAND,2019-11-01,,2023-03-01,2027-03-01,243.52
N06000189,TALABIRA II AND III OCP,NLC,ODISHA,2017-07-01,,2027-01-01,2027-01-01,2401.07
N06000191,SHYAMSUNDARPUR UG INCLUDING SAPI UNIT,ECL,WEST BENGAL,2020-04-01,,2026-03-01,2026-03-01,483.65
N06000192,BINA KAKRI AMALGAMATION OCP 14 MTPA,NCL,MULTI STATE,2020-08-01,,2024-03-01,2027-03-01,836.42
N06000193,PACHWARA SOUTH COAL BLOCK,NLC,JHARKHAND,2013-07-01,,2028-09-01,2028-09-01,2242.9
N06000194,PATHERDIH 2.5 NLW COAL WASHERY,BCCL,JHARKHAND,2015-10-01,,2018-04-01,2026-03-01,334.27
N06000195,2.0 MTPA BHOJUDIH NLW WASHERY,BCCL,WEST BENGAL,2015-12-01,,2020-09-01,2025-07-01,384.57
N06000196,NIGAHI EXPANSION OCP (15 TO 25 MTPA),NCL,MADHYA PRADESH,2020-11-01,,2025-03-01,2028-03-01,1729.68
N06000197,BAROUD OC EXPANSION (3-10 MTY),SECL,CHHATTISGARH,2020-08-01,,2029-03-01,2029-03-01,2309.8
N06000198,JAMPALI OCP RCE,SECL,CHHATTISGARH,2020-05-01,,2024-03-01,2025-06-01,278.64
N06000199,PORDA CHIMTAPANI OCP (10 MTY),SECL,CHHATTISGARH,2020-12-01,,2029-03-01,2029-03-01,2310.12
N06000200,DIPKA OC EXPANSION 40 MTY,SECL,CHHATTISGARH,2020-12-01,,2029-03-01,2029-03-01,5241.4
N06000202,GODAVARIKHANI COAL MINE,SCCL,TELANGANA,2019-07-01,,2023-03-01,2026-03-01,438.98
N06000203,NAINI COAL MINE,SCCL,ODISHA,2020-03-01,,2024-03-01,2027-03-01,494.3
N06000204,VENKATESH KHANI COAL MINE,SCCL,TELANGANA,2020-10-01,,2023-03-01,2027-03-01,484.51
N06000205,GHONSA EXPANSION DEEP OC,WCL,MAHARASHTRA,2021-03-01,,2028-03-01,2029-03-01,241.72
N06000206,SASTI EXPANSION OC,WCL,MAHARASHTRA,2020-08-01,,2026-03-01,2026-03-01,371.59
N06000208,KHADIA EXPANSION OCP,NCL,UTTAR PRADESH,2021-06-01,,2025-03-01,2027-03-01,491.67
N06000209,DHUPTALA OC(SASTI UG TO OC),WCL,MAHARASHTRA,2021-10-01,,2028-03-01,2028-03-01,720.87
N06000210,RCE OF RAMAGUNDAM OPENCAST II EXTENSION PROJECT,SCCL,TELANGANA,2015-11-01,,2023-03-01,2026-03-01,489.62
N06000211,RCE OF INDARAM OPENCAST PROJECT,SCCL,TELANGANA,2017-08-01,,2021-03-01,2025-03-01,424.81
N06000213,RCE OF KALYANIKHANI OPENCAST PROJECT,SCCL,TELANGANA,2016-03-01,,2020-03-01,2026-03-01,384.32
N06000214,RCE OF KAKATHIYAKHANI OC - 2 PROJECT,SCCL,TELANGANA,2017-08-01,,2020-03-01,2026-03-01,442.42
N06000216,REVISED PROJECT REPORT MAGADH EXPANSION OCP,CCL,JHARKHAND,2020-08-01,,2028-03-01,2028-03-01,7254.37
N06000217,EXPANSION PROJECT AMRAPALI OCP,CCL,JHARKHAND,2020-08-01,,2028-03-01,2028-03-01,5136.15
N06000218,UCE OF EPR OF NORTH URIMARI OCP,CCL,JHARKHAND,2021-07-01,,2029-03-01,2029-03-01,778.8
N06000219,ADASA UG TO OC (1.50 MTY),WCL,MAHARASHTRA,2018-11-01,,2024-03-01,2025-03-01,333.43
N06000220,SONEPUR BAZARI EXPANSION OC,ECL,WEST BENGAL,2021-07-01,,2029-03-01,2029-03-01,5366.0
N06000222,DINESH (MAKARDHOKDA-III) OC (8.0 MTY),WCL,MAHARASHTRA,2020-02-01,,2027-03-01,2027-03-01,1184.33
N06000223,EXPANSION PR OF JHANJRA UG (5.00 MTY),ECL,WEST BENGAL,2020-04-01,,2029-03-01,2029-03-01,1210.12
N06000226,AMALGAMATED INDER-KAMPTEE DEEP OC (3.20 MTY),WCL,MAHARASHTRA,2018-09-01,,2024-03-01,2025-03-01,313.34
N06000229,GOPALJI-KANIHA OCP,MCL,ODISHA,2022-04-01,,2028-03-01,2028-03-01,6107.87
N06000230,BALARAM EXPANSION OCP,MCL,ODISHA,2020-08-01,,2029-03-01,2029-03-01,3504.21
N06000232,JAGANNATHPUR OC RCE (3.0 MTY),SECL,CHHATTISGARH,2016-07-01,,2020-03-01,2026-03-01,459.49
N06000233,RAMPUR BATURA OC (4.0 MTY),SECL,MADHYA PRADESH,2019-07-01,,2026-03-01,2026-03-01,1248.93
N06000236,MOHANPUR EXPANSION OC PHASE II,ECL,WEST BENGAL,2020-11-01,,2026-03-01,2026-03-01,888.99
N06000237,KOTRE BASANTPUR PACHMO OCP,CCL,JHARKHAND,2020-08-01,,2032-03-01,2032-03-01,625.4
N06000238,CHANDRAGUPT OCP,CCL,JHARKHAND,2020-08-01,,2032-03-01,2032-03-01,973.5
N06000239,SIRKA OCP,CCL,JHARKHAND,2020-05-01,,2028-03-01,2028-03-01,222.82
N06000240,JHARKHAND LAIYO OCP,CCL,JHARKHAND,2020-08-01,,2031-03-01,2031-03-01,764.57
N06000241,EPR TAPIN SOUTH OCP,CCL,JHARKHAND,2020-11-01,,2028-03-01,2028-03-01,230.41
N06000242,EPR PUNDI OCP,CCL,JHARKHAND,2020-11-01,,2027-03-01,2027-03-01,713.35
N06000243,EPR ROHINI KARKATA OCP,CCL,JHARKHAND,2021-01-01,,2028-03-01,2028-03-01,1020.42
N06000244,BONJEMEHARI EXPANSION OCP,ECL,WEST BENGAL,2021-08-01,,2026-03-01,2026-03-01,570.11
N06000245,EXPANSION OF KONAR OCP,CCL,JHARKHAND,2022-01-01,,2032-03-01,2032-03-01,799.34
N06000246,EXPANSION OF KARO OCP,CCL,JHARKHAND,2022-01-01,,2029-03-01,2029-03-01,908.47
N06000247,EXPANSION OF ASHOK OCP,CCL,JHARKHAND,2021-05-01,,2028-03-01,2028-03-01,2898.28
N06000249,SUBHADRA OCP,MCL,ODISHA,2021-05-01,,2029-03-01,2029-03-01,1693.81
N06000250,TAWA III UG MINE,WCL,MADHYA PRADESH,2021-12-01,,2027-03-01,2027-03-01,324.25
N06000251,SAONER UG MINE I EXPANSION,WCL,MAHARASHTRA,2022-01-01,,2028-03-01,2028-03-01,253.51
N06000252,SINGHORI DEEP OC,WCL,MAHARASHTRA,2022-05-01,,2029-03-01,2029-03-01,421.84
N06000253,MAKARDHOKDA I EXPANSION OC,WCL,MAHARASHTRA,2022-06-01,,2026-03-01,2026-03-01,497.06
N06000254,BHATADI EXPANSION OC,WCL,MAHARASHTRA,2022-05-01,,2028-03-01,2028-03-01,729.86
N06000255,NEW MAJARI UG TO OC (3.0 MTY),WCL,MAHARASHTRA,2022-09-01,,2027-03-01,2027-03-01,496.38
N06000256,BHANEGAON OC (1.15MTY),WCL,MAHARASHTRA,2022-09-01,,2028-03-01,2028-03-01,494.6
N06000257,AMALGAMATED DHANKASA JAMUNIA UG (1.84 MTY),WCL,MADHYA PRADESH,2022-09-01,,2027-03-01,2027-03-01,497.01
N06000258,GOLETI OPENCAST MINE,SCCL,TELANGANA,2021-07-01,,2026-03-01,2026-03-01,345.6
N06000259,JAWAHAR KHANI OPENCAST (JK OC) MINE,SCCL,TAMIL NADU,2021-12-01,,2025-03-01,2026-03-01,297.88
N06000260,VISHNUPURI UG TO OC,WCL,MADHYA PRADESH,2022-11-01,,2029-03-01,2029-03-01,227.65
N06000264,GOKUL EXPANSION OC,WCL,MAHARASHTRA,2021-04-01,,2026-03-01,2026-03-01,456.95
N06000265,URDHAN OC,WCL,MADHYA PRADESH,2023-01-01,,2031-03-01,2031-03-01,228.42
N06000266,SHARDA UG,WCL,MADHYA PRADESH,2023-09-01,,2028-03-01,2028-03-01,200.16
N06000267,KOLGAON EXPANSION (DEEP) OC,WCL,MAHARASHTRA,2023-09-01,,2027-03-01,2027-03-01,206.19
N06000269,NLCIL 300 MW SOLAR POWER PROJECT (PART OF 510 MW CPSU SCHEME),NLC,RAJASTHAN,2023-03-01,,2024-09-01,2025-11-01,1813.0
N06000270,NLC TALABIRA THERMAL POWER PROJECT (PHASE-1: 3 X 800 MW),NLC,ODISHA,2024-01-01,,2029-05-01,2030-03-01,27213.0
N06000271,AMALGAMATED GAURI PAUNI EXPANSION OC,WCL,MAHARASHTRA,2024-03-01,,2030-03-01,2030-03-01,1428.25
N06000272,ITAPARA OC,ECL,WEST BENGAL,2023-12-01,,2030-03-01,2030-03-01,929.1
N06000273,AMALGAMATED NTST KUJAMA OCP 8.5 MTY,BCCL,JHARKHAND,2023-01-01,,2030-03-01,2030-03-01,4011.85
N06000274,KATKONA RO UG PROJECT (1.74 MTY),SECL,CHHATTISGARH,2023-01-01,,2029-03-01,2029-03-01,329.22
N06000275,HURA C OC,ECL,JHARKHAND,2022-08-01,,2029-03-01,2029-03-01,859.41
N06000276,UCE OF TILABONI UG,ECL,WEST BENGAL,2023-01-01,,2029-03-01,2029-03-01,749.07
N06000277,UCE OF PARASEA BELBAID REORGANISATION UG,ECL,WEST BENGAL,2023-01-01,,2029-03-01,2028-03-01,389.1
N06000278,GAURI CENTRAL OCM,WCL,MAHARASHTRA,2024-06-01,,2030-03-01,2030-03-01,1015.07
N06000279,50 MW SOLAR POWER PROJECT - NEYVELI MINED OUT AREA,NLC,TAMIL NADU,2023-05-01,,2025-06-01,2025-11-01,218.03
N06000280,CHUPERBHITA- SIMLONG OCP,ECL,JHARKHAND,2023-12-01,,2037-03-01,2037-03-01,979.08
N06000281,PARASCOLE JAMBAD OCP,ECL,WEST BENGAL,2024-11-01,,2037-03-01,2037-03-01,1193.55
N06000282,BALLARPUR NORTHWEST OC MINE,WCL,MAHARASHTRA,2022-12-01,,2029-03-01,2029-03-01,360.18
N06000283,NORTHERN EXTENSION OF MUNGOLI NIRGUDA DEEP OC,WCL,MAHARASHTRA,2024-06-01,,2029-03-01,2029-03-01,1184.44
N06000284,AMALGAMATED GONDEGAON - GHATROHAN EXPANSION OCM,WCL,MAHARASHTRA,2024-09-01,,2029-03-01,2029-03-01,871.59
N06000285,RPR OF HINGULA EXPANSION OCP,MCL,ODISHA,2022-11-01,,2029-03-01,2029-03-01,1561.85
N06000286,BHUBANESWARI EXPANSION OCP,MCL,ODISHA,2024-03-01,,2031-03-01,2031-03-01,5366.28
N06000287,BLOCK-E OCP (15 MTY),BCCL,JHARKHAND,2024-03-01,,2029-03-01,2029-03-01,5850.83
N06000288,BALABHADRA OCP,MCL,ODISHA,2023-04-01,,2030-03-01,2030-03-01,978.44
N06000289,INTEGRATED KULDA GARJANBAHAL OCP,MCL,ODISHA,2023-04-01,,2030-03-01,2030-03-01,3563.5
N06000290,TIKAK EXTENSION OCP - 0.2 MTY,CIL,ASSAM,2022-07-01,,2030-11-01,2030-11-01,159.77
N06000291,TIRAP OCP,CIL,ASSAM,2022-11-01,,2027-11-01,2027-11-01,289.46
N06000292,50 MW WIND POWER PROJECT PART OF 150 MW SECI HYBRID,NLC,GUJARAT,2022-07-01,,2025-06-01,2026-01-01,383.84
N06000293,WAGHODA UG,WCL,MAHARASHTRA,2025-01-01,,2030-03-01,2030-03-01,379.3
N06000294,KOLARPIMPRI EXPANSION OCM (2.50 MTY),WCL,MAHARASHTRA,2025-02-01,,2030-03-01,2030-03-01,630.37
N06000295,JARANGDIH OCP,CCL,JHARKHAND,2020-02-01,,2029-03-01,2029-03-01,414.37
N07000001,"C/O RESIDENTIAL COMPLEX BUILDING FOR CENTRAL BOARD OF INDIRECT TAXES AND CUSTOMS AT SECTOR-9, DWARKA",NPCC,DELHI,2018-07-01,,2022-04-01,2022-04-01,220.27
N10000010,5TH STREAM ALUMINA REFINERY EXPANSION PROJECT,NALCO,ODISHA,2014-12-01,,2021-04-01,2026-06-01,5677.4
N10000011,UTKAL D AND E COAL BLOCK,NALCO,ODISHA,2016-05-01,,2020-01-01,2024-03-01,1021.97
N10000012,CONVERSION OF FLAT BOTTOM SETTLERS AND WASHERS WITH A SINGLE TRAIN OF HRDS AND DCWS IN STREAMS 1 AND,NALCO,ODISHA,2015-12-01,,2020-11-01,2027-08-01,581.0
N10000013,SOURCING OF BAUXITE ARRANGEMENT FOR 5TH STREAM ALUMINA REFINERY FROM SOUTH BLOCK MINING LEASE OF PAN,NALCO,ODISHA,2017-11-01,,2021-04-01,2026-05-01,483.0
N10000014,25.5 MW WIND POWER PROJECT AT KAYATHAR IN TAMILNADU,NALCO,TAMIL NADU,2017-09-01,,2019-06-01,2025-12-01,163.17
N10000015,"CONSTRUCTION OF BASEMENTG FLOOR10 STORIES BUILDING FOR THE STATE OF THE ART, DG, GSI AT SECTOR-V, SA",CPWD,WEST BENGAL,2019-04-01,,2022-04-01,2026-08-01,255.37
N10000016,POTTANGI BAUXITE MINES,NALCO,ODISHA,2018-05-01,,2024-12-01,2025-05-01,1381.0
N10000017,CONSTRUCTION OF RED MUD POND - II AT NALCO DAMANJODI ODISHA,NALCO,ODISHA,2019-09-01,,2023-03-01,2024-05-01,270.66
N12000095,NEW SINTER PLANT AT BOKARO STEEL PLANT,SAIL,JHARKHAND,2015-03-01,,2017-10-01,2026-11-01,1752.3
N12000122,REBUILDING OF COKE OVEN BATTERY- 2 ALONGWITH AUGMENTATION OF COKE HANDLING AND GAS HANDLING FACILITY,SAIL,ODISHA,2020-11-01,,2023-05-01,2025-03-01,377.18
N12000124,NMDC SLURRY PIPE LINE PROJECT - PHASE-1,NMDC,CHHATTISGARH,2015-11-01,,2023-06-01,2025-12-01,5427.06
N12000125,INSTALLATION OF 4TH SLAB CASTER ALONG WITH ITS AUXILIARIES AND A NEW LADLE FURNACE IN SMS-II AT RSP,SAIL,ODISHA,2022-01-01,,2025-05-01,2025-08-01,970.18
N12000127,SCREENING PLANT-III AT KIRANDUL,NMDC,CHHATTISGARH,2021-03-01,,2024-08-01,2026-01-01,2718.84
N12000129,REVAMPING OF OLD SUB SYSTEM OF BLAST FURNACE 3 AT BOKARO STEEL PLANT,SAIL,JHARKHAND,2023-09-01,,2025-07-01,2025-11-01,513.82
N12000130,CONSTRUCTION OF RESIDENTIAL TOWERS AT BIOM KIRANDUL COMPLEX,NMDC,CHHATTISGARH,2021-07-01,,2024-11-01,2025-12-01,349.75
N12000131,"REPLACEMENT OF CONVERTER VESSELS, TRUNNION RINGS, SUPPORT SYSTEM AND INSTALLATION OF SECONDARY EMISS",SAIL,CHHATTISGARH,2023-10-01,,2026-06-01,2026-06-01,471.83
N12000132,REBUILDING OF COKE OVEN BATTERY NO.4 OF DURGAPUR STEEL PLANT,SAIL,WEST BENGAL,2023-11-01,,2026-12-01,2026-12-01,916.78
N12000133,REBUILDING OF COKE OVEN BATTERY NO.6 OF BOKARO STEEL PLANT,SAIL,JHARKHAND,2023-11-01,,2026-11-01,2026-11-01,627.31
N12000134,REBUILDING OF COKE OVEN BATTERY NO.7 AND 8 OF BHILAI STEEL PLANT,SAIL,CHHATTISGARH,2023-11-01,,2025-10-01,2025-10-01,884.1
N12000135,REPLACEMENT OF REMAINING 04 NOS. OF BATTERY CYCLONES WITH 04 NOS. OF ESPS IN SINTER PLANT-1 AT BSL,SAIL,JHARKHAND,2024-03-01,,2026-06-01,2026-06-01,260.37
N12000136,"SCREENING PLANT-II, DONIMALAI",NMDC,KARNATAKA,2023-09-01,,2026-08-01,2026-08-01,1043.63
N12000137,REPLACEMENT OF HOT LEVELLER-1 OF PLATE MILL AT BHILAI STEEL PLANT,SAIL,CHHATTISGARH,2024-07-01,,2026-07-01,2026-07-01,198.62
N12000138,INSTALLATION OF NEW BAR MILL AT DURGAPUR STEEL PLANT,SAIL,WEST BENGAL,2024-09-01,,2027-06-01,2027-06-01,2115.44
N12000139,UP-GRADATION OF BLAST FURNACE NO. 3 AT DURGAPUR STEEL PLANT,SAIL,WEST BENGAL,2024-09-01,,2026-06-01,2026-06-01,758.09
N12000140,REVAMPING OF AIR POLLUTION CONTROL SYSTEMS OF SP-1 AT DURGAPUR STEEL PLANT,SAIL,WEST BENGAL,2024-11-01,,2026-05-01,2026-05-01,196.4
N12000141,THIRD LADLE FURNACE IN SECONDARY REFINERY UNIT AT IISCO STEEL PLANT,SAIL,WEST BENGAL,2024-11-01,,2026-07-01,2026-07-01,227.96
N12000142,REPLACEMENT OF EXISTING GRINDERS IN CRM-I & II AT BOKARO STEEL PLANT,SAIL,JHARKHAND,2025-01-01,,2027-01-01,2027-01-01,211.94
N12000143,SECONDARY EMISSION CONTROL IN CONVERTERS OF SMS-II AT BOKARO STEEL PLANT,SAIL,JHARKHAND,2025-01-01,,2026-10-01,2026-10-01,207.13
N16000213,LIFE EXTENSION OF WALL PLATFORMS OF MUMBAI HIGH AND HEERA FIELDS,ONGC,MAHARASHTRA,2015-12-01,,2018-04-01,2025-06-01,3375.9
N16000234,IRUGUR-DEVANGONTHI POL PIPELINE,BPCL,TAMIL NADU,2012-11-01,,2017-02-01,2025-10-01,1732.0
N16000247,KG-DWN-98-2 CLUSTER II DEVELOPMENT PROJECT,ONGC,ANDHRA PRADESH,2016-03-01,,2020-06-01,2025-06-01,34012.0
N16000275,DURGAPUR-HALDIA PIPELINE PROJECT,GAIL,WEST BENGAL,2017-03-01,,2020-12-01,2025-12-01,2433.15
N16000279,REDEVELOPMENT OF SANTHAL FIELD,ONGC,GUJARAT,2017-02-01,,2026-03-01,2026-03-01,1162.56
N16000285,KOCHI-KOOTTANAD-BANGALORE- MANGALORE PIPELINE PHASE-II,GAIL,MULTI STATE,2009-06-01,,2012-12-01,2025-12-01,5909.0
N16000331,DEVELOPMENT OF SURFACE FACILITIES FOR PRODUCTION AND EVACUATION OF CRUDE OIL AND NATURAL GAS FROM NA,OIL,ASSAM,2018-01-01,,2020-02-01,2025-12-01,726.93
N16000361,ADDITIONAL STORAGE TANKS AT PARADIP,IOCL,ODISHA,2018-11-01,,2021-09-01,2024-12-01,552.44
N16000369,CONSTRUCTION OF 80000MT LPG CAVERN AT MANGALORE,HPCL,KARNATAKA,2018-12-01,,2022-12-01,2025-08-01,854.0
N16000375,R and D CAMPUS II AT FARIDABAD,IOCL,HARYANA,2019-06-01,,2022-12-01,2026-03-01,3219.94
N16000379,NUMALIGARH REFINERY EXPANSION PROJECT 6 MMTPA REFINARY,NRL,ASSAM,2019-01-01,,2024-10-01,2025-12-01,18968.0
N16000382,ACRYLICS OR OXO-ALCOHOL PROJECT AT GUJARAT REFINERY,IOCL,GUJARAT,2019-11-01,,2023-05-01,2025-07-01,5894.0
N16000386,BARAUNI REFINERY CAPACITY EXPANSION FROM 6.0 TO 9.0 MMTPA,IOCL,BIHAR,2020-01-01,,2023-04-01,2026-08-01,18113.0
N16000388,SRIKAKULAM ANGUL PIPELINE PROJECT,GAIL,MULTI STATE,2019-09-01,,2022-07-01,2025-12-01,2658.34
N16000391,DHAMRA HALDIA PIPELINE PROJECT,GAIL,MULTI STATE,2020-03-01,,2022-11-01,2025-12-01,1030.65
N16000392,CITY GAS DISTRIBUTION IN WEST BENGAL,HPCL,WEST BENGAL,2019-03-01,,2031-03-01,2031-03-01,5830.2
N16000394,NUMALIGARH REFINERY EXPANSION PROJECT COIT AND PIPELINES,NRL,ASSAM,2019-01-01,,2024-10-01,2025-09-01,9058.0
N16000396,INTEGRATED PARA XYLENE (PX) AND PURIFIED TEREPHTHALIC ACID (PTA) PROJECT AT PARADIP REFINERY,IOCL,ODISHA,2020-07-01,,2024-01-01,2026-04-01,13805.0
N16000398,MUMBAI NAGPUR JHARSUGUDA PIPELINE PROJECT,GAIL,MULTI STATE,2020-06-01,,2023-05-01,2025-09-01,7844.25
N16000402,"SECOND GENERATION ETHANOL BIOREFINERY PROJECT, BATHINDA, PUNJAB",HPCL,PUNJAB,2020-05-01,,2023-02-01,2026-03-01,1421.46
N16000409,PETROCHEMICAL AND LUBE INTEGRATION PROJECT AT GUJARAT REFINERY,IOCL,GUJARAT,2020-09-01,,2024-08-01,2025-12-01,18936.0
N16000411,AUGUMENTATION OF SALAYA MATHURA CRUDE OIL PIPELINE SYSTEM,IOCL,GUJARAT,2020-10-01,,2023-08-01,2025-06-01,1614.0
N16000412,CAPACITY EXPANSION OF PANIPAT REFINERY FROM 15 TO 25 MMTPA,IOCL,HARYANA,2021-02-01,,2024-09-01,2025-12-01,38231.0
N16000414,EXPANSION OF GUWAHATI REFINERY FROM 1 TO 1.2 MMTPA ALONG WITH INSTALLATION OF CATALYTIC REFORMING UN,IOCL,ASSAM,2021-05-01,,2023-10-01,2026-05-01,595.2
N16000423,"CGD PROJECT AT KHAGARIA, SAHARSA AND MADHEPURA",IOCL,BIHAR,2019-06-01,,2029-12-01,2030-03-01,163.0
N16000426,CGD PROJECT AT NAWADA AND KODERMA DISTRICTS,IOCL,MULTI STATE,2019-06-01,,2029-12-01,2030-03-01,169.0
N16000428,REDEVELOPMENT OF LINCH FIELD,ONGC,GUJARAT,2021-04-01,,2025-03-01,2025-07-01,860.04
N16000429,60 KTA POLYPROPYLENE PROJECT,GAIL,UTTAR PRADESH,2019-03-01,,2024-04-01,2025-07-01,1299.02
N16000430,SETTING UP 500KTPA PROPANE DEHYDROGENATION INTEGRATED WITH POLYPROPYLENE UNIT ALONG WITH OFFSITE AND,GAIL,MAHARASHTRA,2019-05-01,,2025-04-01,2025-10-01,11256.0
N16000431,REDEVELOPMENT OF SOBHASAN COMPLEX,ONGC,GUJARAT,2021-08-01,,2026-02-01,2026-02-01,1286.67
N16000432,HP CRUDE TO OLEFINS AND AROMATICS TECHNOLOGY DEMO UNIT AT VISAKH REFINERY,HPCL,ANDHRA PRADESH,2021-09-01,,2024-06-01,2026-03-01,220.0
N16000434,CBR 9 MMTPA PROJECT,CPCL,TAMIL NADU,2021-01-01,,2025-06-01,2025-06-01,31580.0
N16000435,NEW MUNDRA-PANIPAT CRUDE OIL PIPELINE,IOCL,RAJASTHAN,2021-12-01,,2024-10-01,2025-12-01,9028.0
N16000437,"REVAMPING, AUGMENTATION OF FACILITIES AT EXISTING PORT TERMINAL AT MANGALORE",IOCL,KARNATAKA,2022-01-01,,2025-07-01,2025-12-01,500.62
N16000438,"GRASS ROOT POL TERMINAL AT VALLUR, CHENNAI",IOCL,TAMIL NADU,2022-01-01,,2024-07-01,2025-12-01,887.71
N16000439,NORTH EAST GAS GRID,IGGL,MULTI STATE,2020-11-01,,2024-03-01,2027-03-01,9265.0
N16000440,BHATINDA SANGRUR PIPELINE,HPCL,PUNJAB,2021-11-01,,2024-05-01,2025-08-01,397.0
N16000441,"REVAMPING OF FACILITIES AT EXISTING GUWAHATI TERMINAL, ASSAM",IOCL,ASSAM,2022-03-01,,2026-07-01,2026-09-01,277.0
N16000442,DEBOTTLENECKING AND AUGMENTATION OF CRYOGENIC FACILITIES AT URAN LPG IMPORT TERMINAL,BPCL,MAHARASHTRA,2021-04-01,,2024-06-01,2025-04-01,1164.69
N16000444,COMMERCIAL POLYMER FLOODING PROJECT IN BECHRAJI FIELD,ONGC,GUJARAT,2022-01-01,,2024-11-01,2025-11-01,621.4
N16000445,DEVELOPMENT OF JHARIA CBM BLOCK (PHASE-1),ONGC,JHARKHAND,2019-11-01,,2024-01-01,2025-06-01,431.0
N16000446,EXPANSION OF CRYOGENICS GROUP BY SETTING UP NEW MANUFACTURING FACILITY,IOCL,MAHARASHTRA,2021-09-01,,2023-10-01,2025-06-01,378.0
N16000449,UPGRADATION OF FACILITIES OF NUMALIGARH-SILIGURI PRODUCT PIPELINE (NSPL) FOR TRANSPORTATION OF ADDIT,OIL,ASSAM,2021-06-01,,2024-12-01,2025-10-01,860.0
N16000450,"PROJECT TO CONSTRUCT A FIELD GAS GATHERING STATION AT BAGHJAN AREA FOR COLLECTION,PROCESSING",OIL,ASSAM,2020-12-01,,2024-07-01,2025-12-01,430.76
N16000452,CONSTRUCTION OF LUBE OIL BLENDING AND FILLING PLANT AT RASAYANI,BPCL,MAHARASHTRA,2022-05-01,,2024-03-01,2024-09-01,423.39
N16000453,INSTALLATION OF BITUMEN MANUFACTURING UNIT ALONG WITH ALLIED FACILITIES AT BARAUNI,IOCL,BIHAR,2022-01-01,,2025-04-01,2026-05-01,389.0
N16000454,INSTALLATION OF NEW BITUMEN UNIT ALONG WITH ALLIED FACILITIES AT GUJARAT,IOCL,GUJARAT,2022-01-01,,2024-09-01,2026-05-01,328.0
N16000455,LAYING OF POL PIPELINES IN COMMON CORRIDOR FOR PROPOSED GRASS ROOT TERMINAL AT VALLUR (CHENNAI),IOCL,TAMIL NADU,2022-01-01,,2024-07-01,2026-05-01,829.0
N16000456,ATF PIPELINE FROM JAWAHARLAL NEHRU PORT TRUST (JNPT) TO NAVI MUMBAI INTERNATIONAL AIRPORT (NMIA),IOCL,MAHARASHTRA,2022-09-01,,2025-08-01,2026-03-01,165.0
N16000457,CAPACITY EXPANSION OF DIGBOI REFINERY FROM 0.65 TO 1.0 MMTPA,IOCL,ASSAM,2022-06-01,,2025-10-01,2026-03-01,768.0
N16000458,POLY BUTADIENE RUBBER PLANT AT PANIPAT,IOCL,HARYANA,2022-03-01,,2025-03-01,2026-06-01,2948.62
N16000470,DAMAN UPSIDE DEVELOPMENT PROJECT (DUDP) IN TAPTI DAMAN BLOCK,ONGC,MAHARASHTRA,2022-06-01,,2025-10-01,2026-02-01,6406.9
N16000477,"RESTORATION OF GAS TERMINAL, PHASE-I (PART-A), HAZIRA PLANT",ONGC,GUJARAT,2022-05-01,,2025-02-01,2025-09-01,249.43
N16000478,HALDIA PANAGARH PIPELINE PROJECT,HPCL,WEST BENGAL,2022-11-01,,2025-11-01,2025-11-01,1010.0
N16000480,LAYING OF NATURAL GAS PIPELINE FROM HAZARIBAGH TO RANCHI,IOCL,JHARKHAND,2023-03-01,,2026-02-01,2026-02-01,202.07
N16000481,KALOL REDEVELOPMENT PROJECT,ONGC,GUJARAT,2022-08-01,,2027-03-01,2027-03-01,1487.41
N16000483,OLD PIPE LINE REPLACEMENT (OPRP) GROUP-A,ONGC,GUJARAT,2021-07-01,,2025-07-01,2025-07-01,169.84
N16000484,"CONSTRUCTION OF LPG FACILITIES AT KAMARDANGA, ASSAM",HPCL,ASSAM,2023-03-01,,2027-07-01,2027-07-01,156.36
N16000485,"CGD PROJECT AT KURNOOL, GUNTUR AND PRAKASAM DISTRICTS",IOCL,ANDHRA PRADESH,2022-03-01,,2030-03-01,2030-03-01,1420.0
N16000486,CGD PROJECT AT DHARMAPURI AND KRISHNAGIRI DISTRICTS,IOCL,TAMIL NADU,2022-03-01,,2030-03-01,2030-12-01,501.0
N16000487,"CGD PROJECT AT BEED, JALGAON AND JALNA DISTRICTS",IOCL,MAHARASHTRA,2022-03-01,,2030-03-01,2031-09-01,865.0
N16000488,CGD PROJECT AT PATHANKOT DISTRICT,IOCL,PUNJAB,2022-03-01,,2030-03-01,2033-09-01,151.0
N16000491,"CGD PROJECT AT EAST MEDNIPORE, WEST MEDNIPORE AND JHARGRAM DISTRICTS",IOCL,WEST BENGAL,2022-03-01,,2030-03-01,2031-06-01,609.0
N16000494,"SETTING UP OF NEW RAIL FED POL FACILITY AT KAMARDANGA, ASSAM",HPCL,ASSAM,2023-03-01,,2027-07-01,2027-07-01,384.04
N16000495,"GRASS ROOT RAIL FED DEPOT AT SEKERKOTE, AGARTALA AS RESITEMENT OF EXISTING DHARMANAGAR DEPOT",IOCL,TRIPURA,2022-06-01,,2025-08-01,2025-09-01,656.0
N16000496,"CGD PROJECT IN TONK, SAWAI MADHOPUR, DAUSA, KARAULI",HPCL,RAJASTHAN,2022-03-01,,2030-03-01,2030-03-01,1751.0
N16000497,CGD PROJECT IN BIHAR JHARKHAND,HPCL,JHARKHAND,2022-06-01,,2030-06-01,2030-06-01,1377.0
N16000498,CGD PROJECT IN WEST BENGAL 11TH ROUND,HPCL,WEST BENGAL,2022-06-01,,2030-06-01,2030-06-01,2628.0
N16000499,MULTI-PRODUCT PIPELINE FROM KRISHNAPATNAM COASTAL INSTALLATION TO THE PROPOSED INSTALLATION AT HYDER,BPCL,ANDHRA PRADESH,2019-09-01,,2025-03-01,2025-10-01,1932.0
N16000500,SETTING UP A COMMON USER PETROLEUM TERMINAL AT JAMMU FOR RE-SITEMENT OF EXISTING DEPOTS OF PSU OMCS,BPCL,JAMMU AND KASHMIR,2021-04-01,,2025-03-01,2025-03-01,676.89
N16000503,ANDHERI RESIDENTIAL TOWERS MUMBAI,IOCL,MAHARASHTRA,2017-06-01,,2025-05-01,2026-06-01,389.67
N16000504,CONSTRUCTION OF ADDITIONAL TANKAGES AND ALLIED FACILITIES AT JNPT TERMINAL,IOCL,MAHARASHTRA,2022-04-01,,2024-10-01,2026-08-01,436.14
N16000505,AUGMENTATION OF FACILITIES AT MATHURA BITUMEN PLANT,IOCL,UTTAR PRADESH,2022-04-01,,2025-04-01,2026-12-01,260.12
N16000506,GRASS-ROOT TERMINAL AT MIRZAPUR UTTAR PRADESH,IOCL,UTTAR PRADESH,2022-09-01,,2026-06-01,2026-11-01,980.45
N16000507,INSTALLATION OF INDEPENDENT DE- AROMATIZED SOLVENTS PRODUCTION FACILITIES AT MUMBAI REFINERY,BPCL,MAHARASHTRA,2023-03-01,,2025-07-01,2025-07-01,405.0
N16000508,REPLACEMENT AND EXTENSION OF JETTY PIPELINES AT KOCHI REFINERY,BPCL,KERALA,2023-03-01,,2026-03-01,2026-03-01,621.87
N16000509,POWER SYSTEM UPGRADATION PROJECT,MANGALORE REFIN,KARNATAKA,2023-10-01,,2026-02-01,2026-02-01,385.0
N16000510,POWER RECOVERY TURBINE IN PFCCU,NRL,ASSAM,2023-03-01,,2025-07-01,2025-07-01,293.5
N16000511,DCU REVAMP PROJECT,NRL,ASSAM,2021-08-01,,2025-03-01,2025-10-01,370.0
N16000512,SETTING UP OF PETROCHEMICAL EVACUATION MARKETING TERMINAL (PEMT) AT BARMER,HPCL,RAJASTHAN,2023-12-01,,2026-12-01,2026-12-01,461.05
N16000513,RAJASTHAN REFINERY PROJECT (HPCLRRL(JV)),,RAJASTHAN,2017-10-01,,2022-10-01,2025-12-01,72937.0
N16000514,"REVAMPING OF SV STATIONS, GAS TERMINAL AND KRIBHCO TERMINAL",ONGC,GUJARAT,2022-11-01,,2026-08-01,2026-08-01,837.34
N16000515,PART REPLACEMENT PIPELINE PROJECT (PRPP),ONGC,MAHARASHTRA,2022-11-01,,2024-05-01,2025-11-01,1145.1
N16000518,ETHYLENE CRACKER PROJECT AT BINA REFINERY INCLUDING DOWNSTREAM PETROCHEMICAL PLANTS AND EXPANSION OF,BPCL,MADHYA PRADESH,2023-05-01,,2028-05-01,2028-05-01,43367.0
N16000519,POL AND LOBS INSTALLATIONS WITH RECEIPT PIPELINES AT RASAYANI,BPCL,MAHARASHTRA,2023-05-01,,2026-05-01,2026-05-01,2585.0
N16000520,CGD PROJECTS AT FAZILKA (EXCEPT AREA ALREADY AUTHORIZED) GANGANAGAR AND HANUMANGARH DISTRICTS,BPCL,RAJASTHAN,2022-12-01,,2030-06-01,2030-06-01,3207.0
N16000521,CGD PROJECTS AT THE NILGIRIS AND ERODE DISTRICTS,BPCL,TAMIL NADU,2022-12-01,,2030-03-01,2030-03-01,3685.0
N16000522,CITY GAS DISTRIBUTION PROJECTS AT ALIPURDUAR AND COOCH BEHAR,BPCL,WEST BENGAL,2022-12-01,,2030-03-01,2030-03-01,1017.0
N16000523,CITY GAS DISTRIBUTION PROJECTS AT GOPALGANJ SIWAN WEST CHAMPARAN EAST CHAMPARAN AND DEORIA DISTRICTS,BPCL,BIHAR,2022-12-01,,2030-06-01,2030-06-01,3919.0
N16000524,"CITY GAS DISTRIBUTION PROJECTS AT DARBHANGA, MADHUBANI, SUPAUL, SITAMARHI AND SHEOHAR DISTRICTS",BPCL,BIHAR,2022-12-01,,2030-03-01,2030-03-01,3638.0
N16000525,"CITY GAS DISTRIBUTION PROJECTS AT LAKHIMPUR KHERI , SITAPUR, BAHRAICH, SHRAVASTI,BALRAMPUR,",BPCL,UTTAR PRADESH,2022-12-01,,2030-06-01,2030-06-01,16654.0
N16000526,MHN TCPP PGC BGC PROJECT (MTPBP),ONGC,MAHARASHTRA,2024-02-01,,2026-05-01,2026-05-01,2354.23
N16000527,CGD PROJECT AT JAMMU DISTRICTS,IOCL,JAMMU AND KASHMIR,2022-03-01,,2032-03-01,2034-09-01,538.0
N16000528,PIPELINE NETWORK PROJECT RUDRASAGAR,ONGC,ASSAM,2023-01-01,,2026-04-01,2026-04-01,344.99
N16000529,"AUGMENTATION OF DIMAPUR DEPOT, DIMAPUR",IOCL,NAGALAND,2023-08-01,,2027-11-01,2027-11-01,227.62
N16000530,SETTING UP POLYPROPYLENE UNIT AT KOCHI REFINERY,BPCL,KERALA,2023-12-01,,2027-10-01,2027-10-01,4460.0
N16000531,GURDASPUR JAMMU PIPELINE,GAIL,MULTI STATE,2023-07-01,,2026-07-01,2026-07-01,521.92
N16000532,BORHOLLA GGS LIFE EXTENSION PROJECT,ONGC,ASSAM,2023-09-01,,2026-05-01,2026-05-01,198.7
N16000533,PRP-VIII GROUP B (NH AND BS ASSET),ONGC,MAHARASHTRA,2024-06-01,,2026-05-01,2026-02-01,2379.84
N16000534,HP TDAE UNIT IN MUMBAI REFINERY,HPCL,MAHARASHTRA,2024-06-01,,2026-04-01,2026-04-01,240.0
N16000535,HP TRIJET UNIT IN VR,HPCL,ANDHRA PRADESH,2024-07-01,,2027-07-01,2027-07-01,193.0
N16000536,DEMO PLANT FOR PRODUCTION OF BIO-ATF,MANGALORE REFIN,KARNATAKA,2024-03-01,,2027-03-01,2027-03-01,364.0
N16000537,INTEGRATED DEVELOPMENT OF 4 CONTRACT AREAS UNDER DSF2,ONGC,MAHARASHTRA,2023-05-01,,2027-04-01,2027-04-01,6183.79
N16000538,CONSTRUCTION OF AVIATION FUEL FARM FACILITIES AT BHOGAPURAM AIRPORT,HPCL,ANDHRA PRADESH,2024-08-01,,2026-03-01,2026-03-01,240.0
N16000539,VISAKHA RAIPUR PIPELINE PROJECT,HPCL,ANDHRA PRADESH,2024-09-01,,2027-09-01,2027-09-01,2212.0
N16000540,LUBE MODERNIZATION AND BOTTOM UPGRADATION PROJECT,HPCL,MAHARASHTRA,2024-12-01,,2028-03-01,2028-03-01,4679.0
N18000010,TEHRI PUMPED STORAGE PLANT(1000MW),THDCIL,UTTARAKHAND,2006-07-01,,2010-07-01,2025-09-01,4825.6
N18000014,TAPOVAN-VISHNUGAD HEP (4X130MW),NTPC,UTTARAKHAND,2006-11-01,,2013-03-01,2029-04-01,10907.0
N18000042,VISHNUGAD PIPALKOTI HYDRO ELECTRIC PROJECT,THDCIL,UTTARAKHAND,2008-08-01,,2013-06-01,2027-03-01,3860.35
N18000142,LATA-TAPOVAN HYDRO ELECTRIC POWER PROJECT 3X57 MW,NTPC,UTTARAKHAND,2012-07-01,,2017-08-01,2017-08-01,1527.0
N18000172,PAKAL DUL HYDRO ELECTRIC PROJECT (1000 MW),CVPPPL,JAMMU AND KASHMIR,2014-10-01,,2020-04-01,2026-12-01,12727.76
N18000177,NORTH KARANPURA STPP (3X660 MW),NTPC,JHARKHAND,2014-02-01,,2019-06-01,2025-03-01,16242.9
N18000178,RAMMAM-III HEPP (3X40 MW),NTPC,WEST BENGAL,2014-09-01,,2019-09-01,2029-03-01,1803.0
N18000194,BUXAR THERMAL POWER PLANT (1320 MW),SJVN,BIHAR,2019-03-01,,2024-01-01,2025-10-01,14390.09
N18000249,COMPREHENSIVE SCHEME FOR THE STRENGHTENING OF THE TRANSMISSION AND DISTRIBUTION SYSTEM IN A P,PGCIL,MULTI STATE,2014-12-01,,2018-12-01,2027-03-01,9129.32
N18000250,NORTH EASTERN REGION POWER SYSTEM IMPROVEMENT PROJECT (NERPSIP) FOR SIX (6) STATES,PGCIL,MULTI STATE,2014-12-01,,2018-12-01,2025-09-01,6700.0
N18000272,KHURJA SUPER THERMAL POWER PROJECT,THDCIL,UTTAR PRADESH,2019-03-01,,2023-09-01,2025-08-01,13276.16
N18000275,PATRATU STPP-I (3X800MW),NTPC,JHARKHAND,2017-11-01,,2023-03-01,2026-03-01,17112.0
N18000278,KIRU HYDRO ELECTRIC PROJECT,CVPPPL,JAMMU AND KASHMIR,2019-03-01,,2024-08-01,2026-12-01,5409.0
N18000279,LUHRI HYDROELECTRIC PROJECT (STAGE1),SJVN,HIMACHAL PRADESH,2020-11-01,,2026-01-01,2028-12-01,3584.53
N18000286,SAMBHU KI BHURJ-II SOLAR 300MW,NTPC,RAJASTHAN,2020-03-01,,2021-09-01,2025-03-01,1782.0
N18000291,DHAULASIDH HYDROELECTRIC PROJECT (66 MW),SJVN,HIMACHAL PRADESH,2020-10-01,,2025-11-01,2027-03-01,1511.87
N18000293,BHENSARA 320 MW,NTPC,RAJASTHAN,2021-01-01,,2022-07-01,2025-03-01,1533.38
N18000295,GUJARAT 200 MW (GUVNL TENDER),NTPC,GUJARAT,2021-01-01,,2022-07-01,2026-03-01,1049.61
N18000296,"150 MW SOLAR PV PROJECT IN GUJARAT (LIMBDI, MESANKA AND RADHANPUR)",NTPC,GUJARAT,2021-05-01,,2022-09-01,2025-04-01,726.79
N18000297,Bagodara Solar Power Project,SJVN,GUJARAT,2021-05-01,,2022-10-01,2025-12-01,339.35
N18000319,DAYAPAR WIND ENERGY PROJECT 150MW,NTPC,GUJARAT,2021-11-01,,2023-05-01,2025-08-01,937.8
N18000320,NOKH PLOT-1 SOLAR PV PROJECT 245MW,NTPC,RAJASTHAN,2022-03-01,,2023-08-01,2025-06-01,1352.71
N18000321,NOKH PLOT-2 SOLAR PV PROJECT 245MW,NTPC,RAJASTHAN,2022-03-01,,2023-08-01,2025-03-01,1409.52
N18000322,NOKH PLOT-3 SOLAR PV PROJECT 245MW,NTPC,RAJASTHAN,2022-03-01,,2023-08-01,2025-05-01,1426.94
N18000324,RATLE HE PROJECT,NHPC,JAMMU AND KASHMIR,2021-02-01,,2026-02-01,2028-08-01,5281.94
N18000325,TEESTA VI HE PROJECT,NHPC,SIKKIM,2019-03-01,,2024-03-01,2027-12-01,5748.04
N18000326,RANGIT IV HE PROJECT,NHPC,SIKKIM,2021-03-01,,2024-05-01,2025-12-01,1828.11
N18000328,TS FOR EVACUATION OF POWER FROM PAKALDUL HEP IN CHENAB VALLEY HEPS - LTA SYSTEM,PGCIL,MULTI STATE,2022-02-01,,2025-04-01,2025-08-01,318.12
N18000330,TRANSMISSION SYSTEM STRENGTHENING FOR SRINAGAR-LEH TRANSMISSION SYSTEM,PGCIL,MULTI STATE,2022-03-01,,2024-12-01,2025-09-01,288.71
N18000331,TRANSMISSION SYSTEM STRENGTHENING SCHEME FOR EVACUATION OF POWER FROM SOLAR ENERGY ZONES IN RAJASTHA,PGCIL,MULTI STATE,2022-02-01,,2023-09-01,2025-08-01,359.47
N18000332,TRANSMISSION SYSTEM STRENGTHENING SCHEME FOR EVACUATION OF POWER FROM SOLAR ENERGY ZONES IN RAJASTHA,PGCIL,MULTI STATE,2022-05-01,,2023-11-01,2025-09-01,2218.0
N18000335,BIKANER SOLAR POWER PROJECT,SJVN,MAHARASHTRA,2022-04-01,,2024-05-01,2025-09-01,532.0
N18000337,TRANSMISSION NETWORK EXPANSION IN GUJARAT TO INCREASE ATC FROM ISTS: PART B,PGCIL,MULTI STATE,2022-07-01,,2023-06-01,2025-09-01,4546.26
N18000343,SYSTEM STRENGTHENING SCHEME FOR EASTERN AND NORTH EASTERN REGION,PGCIL,MULTI STATE,2022-10-01,,2025-10-01,2025-06-01,307.87
N18000344,SUNNI DAM HYDRO ELECTRIC PROJECT,SJVN,HIMACHAL PRADESH,2023-01-01,,2028-04-01,2028-12-01,4540.71
N18000345,DAYAPAR WIND ENERGY PROJECT 200MW,NTPC,GUJARAT,2022-07-01,,2025-03-01,2026-01-01,1316.02
N18000346,KHAWDA 1255MW SOLAR PROJECT (KHAWDA SOLAR PARK),NTPC,GUJARAT,2022-09-01,,2024-09-01,2026-02-01,7235.79
N18000347,BHADLA-II 500MW SOLAR PV PROJECT,NTPC,RAJASTHAN,2022-06-01,,2024-03-01,2025-09-01,2598.92
N18000348,SHAJAPUR 325MW SOLAR PV PROJECT,NTPC,MADHYA PRADESH,2022-06-01,,2024-03-01,2025-06-01,1578.34
N18000349,BHUJ SOLAR 300MW (TRANCHE-IV WIND SOLAR HYBRID),NTPC,GUJARAT,2022-11-01,,2024-03-01,2026-03-01,1442.6
N18000350,WESTERN REGION EXPANSION SCHEME XXV,PGCIL,CHHATTISGARH,2023-02-01,,2023-11-01,2025-08-01,385.84
N18000351,EASTERN REGION EXPANSION SCHEME XXIX,PGCIL,ODISHA,2023-03-01,,2025-11-01,2025-07-01,524.04
N18000352,TRANSMISSION SYSTEM FOR KURNOOL WIND ENERGY ZONE SOLAR ENERGY ZONE (AP) PART-A PART B,PGCIL,MULTI STATE,2023-03-01,,2024-11-01,2025-09-01,3546.94
N18000353,ER WR TRANSMISSION LIMITED,PGCIL,MULTI STATE,2023-03-01,,2025-03-01,2025-06-01,281.16
N18000356,TRANSMISSION SYSTEM SCHEME FOR EVACUATION OF POWER FROM REZ RAJASTHAN (8.1 GW) UNDER PHASE-II PART,PGCIL,RAJASTHAN,2023-03-01,,2024-09-01,2025-09-01,1433.28
N18000357,ESTABLISHMENT OF KHAVDA POOLING STATION 3 (KPS3) IN KHAVDA RE PARK,PGCIL,GUJARAT,2023-03-01,,2024-12-01,2025-07-01,922.3
N18000358,TRANSMISSION NETWORK EXPANSION IN GUJARAT ASSOCIATED WITH INTEGRATION OF RE PROJECTS FROM KHAVDA POT,PGCIL,GUJARAT,2023-03-01,,2025-03-01,2025-07-01,815.12
N18000359,"KHAVDA-2, GUJARAT- ESTABLISHMENT OF KHAVDA POOLING STATION-2 (KPS2) IN KHAVDA RE PARK",PGCIL,GUJARAT,2023-03-01,,2024-12-01,2025-08-01,966.79
N18000360,"KHAVDA PHASE-II-PART B, GUJARAT- TRANSMISSION SCHEME FOR EVACUATION OF 4.5 GW RE INJECTION AT KHAVDA",PGCIL,GUJARAT,2023-03-01,,2025-03-01,2025-09-01,1167.55
N18000361,"KHAVDA PHASE-II-PART C, GUJARAT- TRANSMISSION SCHEME FOR EVACUATION OF 4.5 GW RE INJECTION AT KHAVDA",PGCIL,GUJARAT,2023-03-01,,2025-03-01,2025-09-01,2820.99
N18000362,DIBANG MULTIPURPOSE PROJECT 2880 MW ARUNACHAL PRADESH,NHPC,ARUNACHAL PRADESH,2023-02-01,,2032-02-01,2032-02-01,31876.39
N18000363,KWAR HE PROJECT,CVPPPL,JAMMU AND KASHMIR,2022-05-01,,2026-11-01,2028-03-01,4526.12
N18000364,TALCHER THERMAL POWER PROJECT STAGE III(2X660 MW),NTPC,ODISHA,2022-08-01,,2027-05-01,2027-12-01,12539.0
N18000365,KHAVDA 1200MW (4X300MW) IN KHAVDA RE PARK,NTPC,GUJARAT,2023-06-01,,2024-12-01,2026-01-01,6283.81
N18000366,DAYAPAR WIND- III (HYBRID TRANCHE- V),NTPC,GUJARAT,2023-05-01,,2025-01-01,2026-03-01,1095.01
N18000367,BADAM COAL MINING PROJECT,NTPC,JHARKHAND,2019-02-01,,2024-10-01,2027-04-01,784.39
N18000368,300 MW SOLAR POWER PROJECT UNDER CPSU SCHEME,NHPC,RAJASTHAN,2022-05-01,,2023-11-01,2025-09-01,1677.12
N18000370,KERANDARI COAL MINING PROJECT,NTPC,JHARKHAND,2015-09-01,,2019-11-01,2025-03-01,2896.64
N18000373,"TS FOR EVACUATION OF POWER FROM REZ IN RAJASTHAN (20GW) UNDER PHASE-III, PART E1",PGCIL,RAJASTHAN,2023-08-01,,2025-02-01,2025-09-01,688.74
N18000374,TS FOR EVACUATION POWER FROM REZ IN RAJASTHAN (20GW) UNDER PHASE-III PART H,PGCIL,RAJASTHAN,2023-10-01,,2025-04-01,2025-08-01,2211.0
N18000375,TS FOR EVACUATION POWER FROM REZ IN RAJASTHAN (20GW) UNDER PHASE-III PART C1,PGCIL,RAJASTHAN,2023-10-01,,2025-04-01,2025-10-01,1796.0
N18000376,TS FOR EVACUATION POWER FROM REZ IN RAJASTHAN (20GW) UNDER PHASE-III PART B1,PGCIL,RAJASTHAN,2023-09-01,,2025-04-01,2025-09-01,2191.0
N18000377,TS FOR EVACUATION OF 7GW RE INJECTION AT KHAVDA PS UNDER PHASE-IV PART E4,PGCIL,MAHARASHTRA,2023-11-01,,2025-07-01,2025-11-01,224.0
N18000378,TS FOR EVACUATION POWER FROM REZ IN RAJASTHAN (20GW) UNDER PHASE-III PART J,PGCIL,RAJASTHAN,2022-12-01,,2025-03-01,2026-04-01,331.0
N18000379,TS FOR EVACUATION POWER FROM REZ IN RAJASTHAN (20GW) UNDER PHASE-III PART E2,PGCIL,RAJASTHAN,2023-11-01,,2025-06-01,2025-09-01,428.0
N18000380,TRANSMISSION SCHEME FOR SOLAR ENERGY ZONE IN ANANTHPURAM (2500MW) AND KURNOOL (1000MW),PGCIL,ANDHRA PRADESH,2023-09-01,,2025-03-01,2025-09-01,1249.0
N18000381,"LARA SUPER THERMAL POWER PROJECT, STAGE-II (2X800 MW)",NTPC,CHHATTISGARH,2023-08-01,,2028-06-01,2028-06-01,15530.0
N18000382,"SINGRAULI SUPER THERMAL POWER PROJECT, STAGE-III (2X800 MW)",NTPC,UTTAR PRADESH,2024-03-01,,2030-02-01,2030-02-01,17195.31
N18000383,TS FOR EVACUATION OF POWER FROM POTENTIAL RE ZONE IN KHAVDA AREA OF GUJARAT UNDER PH-IV PART E3,PGCIL,GUJARAT,2023-07-01,,2025-07-01,2025-09-01,334.0
N18000384,TS FOR EVACUATION OF ADDITIONAL 7GW RE POWER FROM KHAVDA RE PARK UNDER PHASE-III PART B [VATAMAN TRA,PGCIL,GUJARAT,2023-12-01,,2025-12-01,2026-06-01,3752.0
N18000385,TS FOR INTRGRATION OF RE ZONE (PHASE II) IN KOPPAL II (PHASE A and B) AND GADAG II (PHASE A) IN KARN,PGCIL,KARNATAKA,2023-12-01,,2025-12-01,2025-12-01,2889.0
N18000386,TS FOR EVACUATION OF POWER FROM RAJASTHAN REZ PH-IV (PART-1) [BIKANER COMPLEX] PART A [BIKANER III N,PGCIL,RAJASTHAN,2023-12-01,,2025-12-01,2025-12-01,2998.0
N18000387,TS FOR EVACUATION OF POWER FROM RAJASTHAN REZ PH-IV (PART-1) [BIKANER COMPLEX] PART D [NEEMRANA II B,PGCIL,RAJASTHAN,2023-12-01,,2025-12-01,2025-12-01,2056.0
N18000388,"TS FOR SOLAR ENERGY ZONE IN BIDAR (2500MW), KARNATAKA [BIDAR TRANSMISSION LTD]",PGCIL,KARNATAKA,2024-02-01,,2026-02-01,2026-02-01,2148.0
N18000389,TS FOR EVACUATION OF POWER FROM REZ IN RAJASTHAN (20GW) UNDER PH-III PART D [SIKAR KHETRI TRANSMISSI,PGCIL,RAJASTHAN,2024-02-01,,2025-08-01,2025-09-01,2000.0
N18000390,TS FOR EVACUATION OF POWER FROM 7GW REZ IN KHAVDA AREA UNDER PHASE-IV PART E2,PGCIL,GUJARAT,2024-05-01,,2026-05-01,2026-02-01,679.0
N18000391,TS FOR EVACUATION POWER FROM RAJASTHAN REZ PH-IV (PART-2:5.5GW) PART-B (JAISALMER/BARMER COMPLEX),PGCIL,RAJASTHAN,2024-08-01,,2026-08-01,2026-08-01,3279.0
N18000392,TS FOR EVACUATION POWER RAJASTHAN REZ PH-IV (PART-2:5.5GW) (JAISALMER/BARMER COMPLEX): PART- C,PGCIL,MADHYA PRADESH,2024-08-01,,2026-08-01,2026-08-01,2708.0
N18000393,TS FOR EVACUATION POWER FROM RAJASTHAN REZ PH-IV (PART-2:5.5GW) (JAISALMER/BARMER COMPLEX) PART- C,PGCIL,RAJASTHAN,2024-08-01,,2026-08-01,2026-08-01,2227.0
N18000394,TS FOR EVACUATION POWER FROM RAJASTHAN REZ PH-IV (PART-2:5.5GW) (JAISALMER/BARMER COMPLEX) PART- E,PGCIL,RAJASTHAN,2024-08-01,,2026-08-01,2026-08-01,3251.0
N18000395,AUGMENTATION OF 1500MVA 3RD 765/400KV TRANSFORMATION CAPACITY AT KURNOOL NEW SUBSTATION,PGCIL,ANDHRA PRADESH,2023-05-01,,2025-09-01,2025-09-01,164.0
N18000396,ADDITIONAL TRANSMISSION SYSTEM FOR EVACUATION OF POWER FROM BHADLA-III PS AS PART OF RAJASTHAN REZ P,PGCIL,RAJASTHAN,2024-08-01,,2026-02-01,2026-02-01,369.0
N18000397,TRANSMISSION SYSTEM STRENGTHENING FOR INTERCONNECTIONS OF BHADLA-III AND BIKANER III COMPLEX [SPV NA,PGCIL,RAJASTHAN,2024-08-01,,2026-08-01,2026-08-01,1382.0
N18000398,AUGMENTATION OF TRANSFORMATION CAPACITY AT JAM KHAMBHALIYA PS [GIS] [SPV NAME POWERGRID JAM KHAMBHAL,PGCIL,GUJARAT,2024-10-01,,2026-07-01,2026-07-01,329.0
N18000399,TRANSMISSION SYSTEM FOR EVACUATION OF POWER FROM RAJASTHAN REZ PH-IV [PART-2 5.5GW] [JAISALMER/BARME,PGCIL,MADHYA PRADESH,2024-10-01,,2026-10-01,2026-10-01,3674.0
N18000400,TRANSMISSION SYSTEM FOR EVACUATION OF POWER FROM POTENTIAL RENEWABLE ENERGY ZONE IN KHAVDA AREA OF G,PGCIL,GUJARAT,2024-10-01,,2026-10-01,2026-10-01,4766.0
N18000401,TRANSMISSION SYSTEM FOR EVACUATION OF POWER FROM RAJASTHAN REZ PH -IV [PART-2 5.5 GW] [JAISALMER/BAR,PGCIL,RAJASTHAN,2024-11-01,,2026-11-01,2026-11-01,2735.0
N18000402,PROVISION OF DYNAMIC REACTIVE COMPENSATION AT KHAVDA POOLING STATION 1 [KPS1] AND KHAVDA POOLING STA,PGCIL,GUJARAT,2024-11-01,,2026-11-01,2026-11-01,501.0
N18000403,TRANSMISSION SYSTEM FOR EVACUATION OF POWER FROM RAJASTHAN REZ PH-IV [PART-3 (6GW)] [BIKANER COMPLEX,PGCIL,RAJASTHAN,2024-11-01,,2026-11-01,2026-11-01,5969.0
N18000404,TRANSMISSION SYSTEM FOR EVACUATION OF POWER FROM RAJASTHAN REZ PH-IV [PART-3 (6 GW)] [BIKANER COMPLE,PGCIL,RAJASTHAN,2024-11-01,,2026-11-01,2026-11-01,5357.0
N18000405,TRANSMISSION SYSTEM FOR EVACUATION OF POWER FROM POTENTIAL RENEWABLE ENERGY ZONE IN KHAVDA AREA OF G,PGCIL,GUJARAT,2024-11-01,,2029-05-01,2029-05-01,24819.0
N18000406,600 MW SOLAR POWER PROJECT UNDER CPSU SCHEME,NHPC,GUJARAT,2022-04-01,,2026-03-01,2026-11-01,4100.45
N18000407,TRANSMISSION SYSTEM FOR EVACUATION OF POWER FROM RAJASTHAN REZ PH-IV (PART-4: 3.5 GW): PART A,PGCIL,UTTAR PRADESH,2024-12-01,,2026-12-01,2026-12-01,5846.0
N18000408,TRANSMISSION SYSTEM UNDER ISTS FOR EVACUATION OF POWER FROM KUDANKULAM UNIT - 3 AND 4 (2X1000 MW),PGCIL,TAMIL NADU,2025-01-01,,2028-07-01,2028-07-01,548.0
N18000409,SYSTEM STRENGTHENING AT KOPPAL- II AND GADAG-II FOR INTEGRATION OF RE GENERATION PROJECTS,PGCIL,KARNATAKA,2025-01-01,,2027-01-01,2027-01-01,1354.0
N18000410,AUGMENTATION OF TRANSFORMATION CAPACITY AT BIDAR PS,PGCIL,KARNATAKA,2025-02-01,,2027-02-01,2027-02-01,288.0
N18000411,AUGMENTATION OF TRANSFORMATION CAPACITY AT KPS2 AND KPS2,PGCIL,GUJARAT,2025-03-01,,2027-03-01,2027-03-01,466.0
N18000412,AUGMENTATION OF BANASKANTHA (RAGHANESDA) PS (GIS),PGCIL,GUJARAT,2025-03-01,,2027-03-01,2027-03-01,172.0
N18000413,TRANSMISSION SYSTEM FOR INTEGRATION OF KURNOOL-IV REZ PHASE-I (FOR 4.5 GW),PGCIL,ANDHRA PRADESH,2025-03-01,,2027-03-01,2027-03-01,5000.0
N18000414,RAJASTHAN REZ PH-V (PART-1: 4 GW) [SIROHI/NAGAUR] COMPLEX,PGCIL,RAJASTHAN,2025-03-01,,2027-03-01,2027-03-01,5028.0
N18000415,"AUGMENTATION AT FATEHGARH-II PS, FATEHGARH-IV PS (SECTION-II) AND BARMER-I",PGCIL,RAJASTHAN,2025-03-01,,2026-12-01,2026-12-01,428.0
N18000416,TRANSMISSION SYSTEM STRENGTHENING AT KURNOOL- III PS FOR INTEGRATION OF ADDITIONAL RE GENERATION PRO,PGCIL,ANDHRA PRADESH,2025-03-01,,2027-03-01,2027-03-01,2886.0
N18000417,TRANSMISSION SCHEME FOR EVACUATION OF POWER FROM RATLE HEP (850 MW) AND KIRU (624 MW): PART B,PGCIL,JAMMU AND KASHMIR,2025-03-01,,2027-03-01,2027-03-01,219.0
N18000418,NOKH SOLAR PV PROJECT 735 MW,NTPC,RAJASTHAN,2022-03-01,,2024-04-01,2025-07-01,4378.17
N18000419,TRANSMISSION SCHEME FOR INTEGRATION OF DAVANAGERE / CHITRADURGA AND BELLARY REZ IN KARNATAKA,PGCIL,KARNATAKA,2025-03-01,,2027-03-01,2027-03-01,3453.0
N18000420,IMPLEMENTATION OF LILO OF BOTH CIRCUITS OF 400KV VIDHYACHAL PS TO SASAN D/C LINE AT HINDALCO SWITCHY,PGCIL,HARYANA,2025-02-01,,2026-12-01,2026-12-01,370.0
N18000421,EASTERN REGION EXPANSION SCHEME: 43 [ERES: 43],PGCIL,BIHAR,2025-05-01,,2026-05-01,2026-05-01,343.0
N18000422,EASTERN REGION EXPANSION SCHEME: 44 [ERES: 44],PGCIL,BIHAR,2025-05-01,,2026-05-01,2026-05-01,409.0
N18000423,TRANSMISSION SYSTEM FOR STRENGTHENING TO FACILITATE EVACUATION OF POWER FROM BHADLA/BIKANER COMPLEX,PGCIL,UTTAR PRADESH,2024-12-01,,2026-06-01,2026-06-01,213.0
N21000027,"ALL INDIA INSTITUTE OF MEDICAL SCIENCE AT GUWAHATI, ASSAM",HITES,ASSAM,2017-05-01,,2021-05-01,2025-06-01,873.92
N21000029,"CONSTRUCTION OF AIIMS AT JAMMU VIJAYPUR, SAMBA JAMMU AND KASHMIR",CPWD FOR HEALTH,JAMMU AND KASHMIR,2019-03-01,,2023-09-01,2025-05-01,1642.0
N21000031,"COMPREHENSIVE PLANNING, DESIGNING, EXECUTION OF ALL INDIA INSTITUTE OF MEDICAL SCIENCES AT BIBINAGAR",HITES,TELANGANA,2018-12-01,,2024-07-01,2025-12-01,1110.55
N21000032,"ALL INDIA INSTITUTE OF MEDICAL SCIENCES AT MANETHI, HARYANA.",HITES,HARYANA,2019-03-01,,2023-03-01,2026-03-01,1294.34
N21000033,500 BEDDED HOSPITAL INCLUDING 50 SUPERSPECIALITY BEDS FOR ESIC AT PUNE,CPWD,MAHARASHTRA,2022-07-01,,2025-09-01,2025-09-01,429.25
N22000028,"EXTENSION OF MRTS FROM VELACHERY TO STN. THOMAS, MTP",MRTP,TAMIL NADU,2006-04-01,,2024-07-01,2025-08-01,981.83
N22000032,MANOHARABAD-KOTHPALL NEW LINE(SCR),SCR,TELANGANA,2006-04-01,,2027-03-01,2025-03-01,3014.0
N22000085,TIDIVANAM-NAGARI (NL),SR,TAMIL NADU,2006-09-01,,2016-09-01,2028-03-01,3631.34
N22000087,"NEW B.G. LINE FROM ARARIA TO GALGALIA (THAKURGUNG), NEFR",NFR,BIHAR,2006-09-01,,2024-12-01,2025-06-01,2132.03
N22000092,MUMBAI URBAN TRANSPORT PROJECT PHASE-II,MRTP,MAHARASHTRA,2008-04-01,,2014-03-01,2014-03-01,918.53
N22000100,"BHAIRABI SAIRONG, NL, NEFR",NFR,MIZORAM,2008-04-01,,2025-03-01,2025-06-01,5021.45
N22000102,"SEVOK RANGPO, NEFR",NFR,SIKKIM,2008-04-01,,2015-05-01,2027-12-01,11963.43
N22000108,NEW WORK FOR CONSTRUCTION OF METRO RAILWAY FROM NOAPARA- BARASAI VIA BIMANBANDER (MTP),KOMRCL,WEST BENGAL,2010-04-01,,2026-08-01,2016-03-01,2397.72
N22000109,NEW WORK FOR CONSTRUCTION OF METRO RAILWAY FROM BARANAGAR TO BARRACKPORE AND DAKSHINESHWAR (MTP),RVNL,WEST BENGAL,2010-04-01,,2026-12-01,2025-12-01,2733.86
N22000110,NEW WORK FOR CONSTRUCTION OF METRO RAILWAY FROM NSCB AIRPORT TO NEW GARIA VIA RAJARHAT (MTP),RVNL,WEST BENGAL,2010-04-01,,2025-12-01,2026-03-01,8964.35
N22000111,NEW WORK FOR CONSTRUCTION OF METRO RAILWAY FROM JOKA TO BINOY BADAL DINESH BAGH.,RVNL,WEST BENGAL,2010-04-01,,2026-12-01,2026-12-01,4834.54
N22000120,RATLAM-MHOW-KHANDWA-AKOLA (GC),WR,MADHYA PRADESH,2008-04-01,,2027-02-01,2027-02-01,5677.8
N22000124,NEW LINE FROM DIMAPUR TO ZUBZA(KOHIMA) NATIONAL PROJECT (NEFR),NFR,NAGALAND,2006-04-01,,2026-03-01,2029-12-01,6663.2
N22000134,CHHAPRA-BALLIA UP,NER,MULTI STATE,2013-03-01,,2025-02-01,2025-12-01,954.0
N22000138,CHOTTAUDEPUR-DHAR(NL),WR,MULTI STATE,2007-04-01,,2026-12-01,2027-12-01,1793.63
N22000139,"DAHOD-INDORE VIA SARDARPUR, JHABUA AND DHAR (NL)",WR,MULTI STATE,2007-04-01,,2027-02-01,2027-02-01,1873.1
N22000142,MIYAGAM-KARJAN-DABHOI-SAMLAYA (GC),WR,GUJARAT,2011-04-01,,2021-03-01,2026-10-01,844.1
N22000148,GWALIOR-SEOPURKALA WITH EXTENSION TO KOTA (GC),NCR,MULTI STATE,2011-04-01,,2025-03-01,2024-12-01,3845.6
N22000158,DHOLPUR-SIRMUTTRA WITH EXTENSION TO GANGAPURCITY AND MOHARI-TANTPUR AND TANPUR- BANSI PAHARPUR,NCR,MULTI STATE,2010-04-01,,2019-02-01,2026-12-01,746.83
N22000171,SAKRI-HASANPUR ROAD (NL),ECR,BIHAR,1999-04-01,,,2027-03-01,735.2
N22000177,ARARIA-SUPAUL (NL),ECR,BIHAR,2008-04-01,,2024-03-01,2025-05-01,1605.17
N22000181,JAYNAGAR-BIJALPURA INCLUDING EXTENSION BIJALPURA- BARDIBAS(NEPAL) GC,ECR,BIHAR,2009-04-01,,2022-03-01,2026-03-01,548.0
N22000183,NEW BONGAIGAON-RANGIA- KAMAKGHYA DOUBLING,NFR,MULTI STATE,2013-04-01,,2024-08-01,2024-10-01,2832.35
N22000206,NEW BG LINE FROM BALURGHAT TO HILLY NFR,NFR,MULTI STATE,2010-04-01,,2027-03-01,2027-03-01,1181.57
N22000207,NEW BG LINE FROM JAGBANI TO BIRATNAGAR,NFR,MULTI STATE,2010-04-01,,2022-03-01,2026-12-01,485.96
N22000208,MURKONGSELEK-PASIGHAT NL,NFR,MULTI STATE,2011-04-01,,2025-03-01,2025-11-01,1249.35
N22000219,PIRPAINTI-JASIDIH,ER,MULTI STATE,2013-04-01,,2028-03-01,2028-03-01,2610.84
N22000231,WARDHA-NANDED MAHARASHTRA,CR,MAHARASHTRA,2008-04-01,,2027-03-01,2026-01-01,3445.34
N22000233,KALYAN-KASARA 3RD LINE,CR,MAHARASHTRA,2011-04-01,,2025-12-01,2026-12-01,1395.79
N22000250,WARDHA-SEWAGRAM NGP 3RD LINE,CR,MAHARASHTRA,2012-04-01,,2025-12-01,2026-02-01,540.02
N22000256,TUMKUR-CHITRADURGA-DAVENGERE NL,SWR,KARNATAKA,2011-04-01,,2019-03-01,2027-12-01,1801.01
N22000258,BAGALKOT-KUDACHI NL,SWR,KARNATAKA,2010-04-01,,2027-03-01,2028-12-01,1378.0
N22000261,KAZIPET-VIJAYAWADA 3RD LINE WITH ELECTRIFICATION,SCR,MULTI STATE,2012-04-01,,2025-02-01,2025-03-01,1952.68
N22000273,BHANUPALI-BILASPUR BERI NL,RVNL,HIMACHAL PRADESH,2008-04-01,,2026-12-01,2025-03-01,6753.42
N22000274,DEOBAND (MUZAFFARNAGAR)- ROORKEE NL,NR,MULTI STATE,2007-04-01,,2024-03-01,2025-03-01,1053.0
N22000279,RAYADURGA-TUMKUR NL,SWR,MULTI STATE,2007-04-01,,2015-09-01,2028-02-01,2495.86
N22000281,ANAND VIHAR-TILAK BRIDGE 3RD AND 4TH LINE,NR,DELHI,2012-04-01,,2023-03-01,2027-12-01,699.0
N22000286,NADIKUDE-SRI KALAHASTI,SCR,ANDHRA PRADESH,2011-04-01,,2027-05-01,2027-05-01,3122.35
N22000297,HOSPET-HUBLI-LONDA- VASCODAGAMA DL,RVNL,KARNATAKA,2010-04-01,,2027-03-01,2026-12-01,3692.6
N22000299,GADAG-WADI NL,SWR,KARNATAKA,2013-04-01,,2027-03-01,2028-03-01,2841.84
N22000308,MARIKUPPAM - KUPPAM,SWR,KARNATAKA,2012-04-01,,2016-03-01,2027-12-01,296.72
N22000316,BHADRAK - NERGUNDI 3RD LINE,ECOR,ODISHA,2013-03-01,,2024-11-01,2026-06-01,1284.39
N22000318,KIRANDUL - JAGDALPUR DOUBLING,ECOR,CHHATTISGARH,2012-12-01,,2020-03-01,2024-03-01,1553.11
N22000329,SAMASTIPUR-DARBANGHA,ECR,BIHAR,2015-05-01,,2025-03-01,2025-10-01,519.33
N22000333,HOTGI-KUDGI-GADAG,SWR,MULTI STATE,2015-03-01,,2024-12-01,2026-02-01,1877.81
N22000349,KIUL - GAYA DOUBLING PROJECT,ECR,BIHAR,2015-12-01,,2024-09-01,2025-02-01,1200.2
N22000350,RAMPUR DUMRA - TAL - RAJENDRAPUL DOUBLING INCLUDING GANGA BRIDGE,ECR,BIHAR,2015-12-01,,2024-12-01,2025-12-01,1491.47
N22000351,KATNI - SINGRAULI DOUBLING PROJECT,WCR,MADHYA PRADESH,2015-12-01,,2026-12-01,2027-12-01,2445.3
N22000356,WARDHA-BALHARSHAH - 3RD LINE (132 KM),CR,MAHARASHTRA,2015-02-01,,2025-12-01,2026-03-01,1384.72
N22000358,ITARSI-NAGPUR (BAL.) - 3RD LINE (267 KM),CR,MAHARASHTRA,2015-02-01,,2027-03-01,2027-03-01,2449.91
N22000359,PUNE-MIRAJ-LONDA (467 KM),CR,MAHARASHTRA,2015-02-01,,2025-02-01,2025-05-01,3627.0
N22000360,DAUND - MANMAD (236 KM),CR,MAHARASHTRA,2016-02-01,,2025-12-01,2026-01-01,2081.27
N22000361,MANMAD - JALGAON - 3RD LINE (160 KM),CR,MAHARASHTRA,2016-02-01,,2024-12-01,2026-03-01,1558.75
N22000362,WARDHA - NAGPUR - 4TH LINE (76 KM),CR,MAHARASHTRA,2016-02-01,,2025-12-01,2026-02-01,637.95
N22000367,KAZIPET-BALHRSHA,SCR,MULTI STATE,2015-04-01,,2025-01-01,2025-01-01,2909.0
N22000368,GUNTUR-GUNTAKAL,SCR,ANDHRA PRADESH,2016-04-01,,2025-12-01,2025-12-01,3887.48
N22000369,VIJAYAWADA-GUDUR,RVNL,ANDHRA PRADESH,2015-04-01,,2024-11-01,2024-12-01,6238.67
N22000376,JAGADALPUR-KORAPUT DOUBLING,ECOR,ODISHA,2015-04-01,,2024-03-01,2022-03-01,1547.38
N22000377,KOTTAVALSA - KORAPUT DOUBLING,ECOR,ANDHRA PRADESH,2015-04-01,,2022-03-01,2022-03-01,2499.71
N22000379,KORAPUT - SINGAPUR ROAD DOUBLING,ECOR,ODISHA,2015-04-01,,2027-12-01,2026-03-01,2361.74
N22000380,JARAPADA - BUDHAPANK WITH FLY OVER AT TALCHER ROAD 3RD AND 4TH LINE,ECOR,ODISHA,2015-04-01,,2027-03-01,2026-08-01,810.02
N22000381,BUDHAPANK - SALEGAON VIA RAJATGARH 3RD AND 4TH LINE.,ECOR,ODISHA,2015-04-01,,2026-03-01,2025-11-01,2022.75
N22000388,BONGAIGAON-GOALPARA-GUWAHATI (176 KM),NFR,ASSAM,2015-04-01,,2026-03-01,2027-03-01,4962.4
N22000396,BONDAMUNDA RANCHI DOUBLING,SER,JHARKHAND,2016-03-01,,2024-06-01,2026-06-01,3029.04
N22000399,TRIVANDRUM-KANYAKUMARI DOUBLING,SR,KERALA,2015-02-01,,2024-03-01,2027-12-01,3785.45
N22000401,VARANASI-MODHOSINGH- ALLAHABAD DOUBLING,RVNL,UTTAR PRADESH,2015-04-01,,2024-12-01,2024-12-01,2018.23
N22000406,RISHIKESH - KARNAPRAYAG NEW LINE,RVNL,UTTARAKHAND,2011-04-01,,2025-12-01,2025-03-01,24659.0
N22000409,VIZIANAGARAM -SAMABALPUR 3RD LINE,RVNL,ODISHA,1991-01-01,,2026-12-01,2026-12-01,4803.16
N22000416,KATNI GRADE SEPARATOR/BYE PASS,WCR,MADHYA PRADESH,2016-08-01,,2024-09-01,2024-09-01,1247.64
N22000417,2880.4,ECR,UTTAR PRADESH,2015-08-01,,2024-08-01,2025-01-01,2880.4
N22000418,EXECUTION OF RAIL CONNECTIVITY PROJECT FOR COAL TRANSPORTATION IN ODISHA FOR MCRL,IRCON,ODISHA,2016-04-01,,2020-03-01,2025-12-01,5200.0
N22000419,KARAILA ROAD - SHAKTINAGAR DOUBLING,ECR,UTTAR PRADESH,2015-08-01,,2024-08-01,2024-12-01,762.97
N22000420,RAJNANDGAON - NAGPUR - 3RD LINE (SECR),SECR,MAHARASHTRA,2016-09-01,,2024-12-01,2026-12-01,3544.25
N22000434,MUMBAI CENTRAL VIRAR VADODARA AHMEDABAAD TRAIN PROTECTION SYSTEM 500 RKM,WR,MAHARASHTRA,2010-03-01,,2024-10-01,2024-03-01,311.36
N22000463,MUMBAI AHMEDABAD HIGH SPEED RAIL PROJECT,NHSRCL,MULTI STATE,2015-12-01,,2027-08-01,2027-08-01,108000.0
N22000464,WESTERN DEDICATED FREIGHT CORRIDOR,DFCC,MULTI STATE,2007-11-01,,2022-03-01,2020-03-01,51101.0
N22000467,CHANDIGARH-BADDI,NR,MULTI STATE,2007-04-01,,2025-06-01,2026-12-01,1540.14
N22000468,BURHWAL - GONDA - 3RD RUNNING LINE.,NER,UTTAR PRADESH,2016-04-01,,2025-03-01,2025-09-01,1450.0
N22000470,"SHAHGANJ-BHATNI-PHEPHNA-INDARA, MAU-SHAHGANJ (EXCL. MAU-INDARA) PATCH DOUBLING.",NER,UTTAR PRADESH,2016-04-01,,2024-12-01,2025-08-01,2145.0
N22000472,SAGAULI VALMIKINAGAR DOUBLING 109.7 KM,ECR,BIHAR,2016-04-01,,2024-12-01,2025-06-01,1215.54
N22000473,MUZAFFARPUR SAGAULI DOUBLING 100.60 KM,ECR,BIHAR,2016-04-01,,2024-06-01,2025-05-01,1185.73
N22000476,"FATUHA-ISLAMPUR INCL. MM FOR EXTENSION OF NEW LINE FORM BIHARSHARIF-BARBIGHA, DANIYAWAN- BIHARSHARIF,",ECR,BIHAR,1991-04-01,,2023-03-01,2025-05-01,803.09
N22000480,WADSA-GADHCHIROLI NEW LINE (52.36 KM),SECR,MAHARASHTRA,2018-06-01,,2027-03-01,2026-12-01,1880.61
N22000484,JHARSUGUDA-BILASPUR 4TH LINE,SECR,CHHATTISGARH,2015-04-01,,2024-10-01,2025-12-01,2135.34
N22000485,ANUPPUR-KATNI,SECR,MADHYA PRADESH,2015-04-01,,2021-12-01,2025-03-01,1680.0
N22000486,KADUR CHIKMAGALUR SAKLESHPUR NEW LINE (93 KM),SWR,KARNATAKA,1996-03-01,,2025-06-01,2026-03-01,825.31
N22000489,KHARSIA DHARAMJAIGARH WITH SPUR LINE EAST CORRIDOR-PHASE I,IRCON,CHHATTISGARH,2013-04-01,,2018-09-01,2026-03-01,3438.39
N22000495,JHANSI MANIKPUR AND KHAIRAR BHIMSEN DOUBLING,NCR,UTTAR PRADESH,2018-03-01,,2026-03-01,2027-03-01,4329.53
N22000496,JHANSI BINA DOUBLING,NCR,UTTAR PRADESH,2016-09-01,,2022-03-01,2026-04-01,2001.0
N22000501,MATHURA-JHANSI-3RD LINE (273.80 KM),RVNL,UTTAR PRADESH,2016-06-01,,2024-12-01,2024-12-01,5190.26
N22000502,"MANSA-BHATINDA (PHASE-I), INCL. NEW MATERIAL MODIFICATION FOR RAMA MANDI (RAMAN) - SADA SINGHWALA VI",NR,PUNJAB,2009-06-01,,2016-08-01,2025-08-01,404.0
N22000503,NIMACH BADI SADRI NEW LINE PROJECT,WR,MADHYA PRADESH,2017-04-01,,2022-03-01,2026-12-01,495.18
N22000504,ANAND GODHRA DOUBLING PROJECT 79 KMS,WR,GUJARAT,2017-04-01,,2024-12-01,2025-06-01,692.26
N22000505,MEHSANA PALANPUR DOUBLING PROJECT 65.10 KMS,WR,GUJARAT,2018-04-01,,2024-03-01,2024-10-01,537.31
N22000506,NARAYANGARH TO BHADRAK 3RD LINE (155 KM),SER,MULTI STATE,2019-03-01,,2024-12-01,2026-06-01,1866.31
N22000508,LODHMA TO PISKA LINK LINE BY PASSING HATIA/RANCHI WITH Y CONNECTION (17.2 KM),SER,JHARKHAND,2018-04-01,,2026-06-01,2026-06-01,472.5
N22000510,PURULIA TO KOTSHILA DOUBLING (39.1 KM),SER,WEST BENGAL,2018-04-01,,2024-12-01,2025-03-01,393.83
N22000511,PACHORA-JAMNER WITH EXTENSION UPTO MALKAPUR NG TO BG,CR,MAHARASHTRA,2022-08-01,,2027-08-01,2029-03-01,2089.25
N22000513,SOLAPUR-TULJAPUR-OSMANABAD (UMBRELLA WORK),CR,MAHARASHTRA,2019-01-01,,2028-03-01,2027-12-01,2933.01
N22000514,DHULE (BORVIHIR)-NARDANA (UMBRELLA WORK),CR,MAHARASHTRA,2019-01-01,,2026-12-01,2028-03-01,1158.99
N22000515,KALYAN-MURBAD VIA ULHASNAGAR (UMBRELLA WORK),CR,MAHARASHTRA,2023-02-01,,2027-03-01,2027-03-01,836.12
N22000516,JEYPORE MALKANGIRI NEW LINE,ECOR,ODISHA,2018-02-01,,2033-07-01,2033-07-01,642.69
N22000517,JEYPORE NABARANGPUR NEWLINE,ECOR,ODISHA,2017-07-01,,2028-07-01,2029-12-01,747.91
N22000518,TALCHER - ANGUL NEW LINE WITH Y CONNECTION AT TALCHER,ECOR,ODISHA,2018-07-01,,2026-12-01,2026-12-01,495.0
N22000519,KODINGAMALI BAUXITE MINES TO SINGARAM RAILWAY STATION,ECOR,ODISHA,2022-08-01,,2027-08-01,2027-08-01,190.9
N22000520,GANDHAMARDAN IRON ORE MINES TO GOALDIH STATION,ECOR,ODISHA,2022-09-01,,2027-09-01,2028-03-01,189.93
N22000521,BRUNDAMAL-JHARSUGUDA- FLYOVER CONNECTION FOR JOINING DN LINE,ECOR,ODISHA,2009-12-01,,2026-12-01,2026-12-01,297.0
N22000522,BAGHUAPAL FLY OVER (20 KM),ECOR,ODISHA,2019-08-01,,2027-08-01,2027-08-01,257.97
N22000523,DARBHANGA - BYPASS LINE CONNECTING SHISHO HALT AND KAKARGHATI EXCL DARBHANGA YARD (7.64 KM),ECR,BIHAR,2019-06-01,,2025-06-01,2024-10-01,253.23
N22000524,BARAUNI- BACHWARA 3RD AND 4TH LINE,ECR,BIHAR,2022-07-01,,2027-07-01,2025-12-01,486.0
N22000525,SURFACE TRIANGLE LINE BETWEEN BHADURA STATION AND NEW CROSSING STN KARMA DOUBLING,ECR,UTTAR PRADESH,2022-10-01,,2027-10-01,2027-10-01,199.96
N22000526,JHAJHA - BATIA (UMBRELLA WORK PB#23/2018-19/NR),ECR,BIHAR,2019-02-01,,2028-06-01,2026-12-01,496.47
N22000528,SONENAGAR BYE PASS LINE FROM CHIRALAPOTHU TO BAGHA BISHUNPUR,ECR,BIHAR,2022-10-01,,2027-10-01,2026-12-01,223.69
N22000529,DOUBLING OF PRADHANKHUNTA JN - PATHERDIH BAZAR-BHOJUDIH,ECR,JHARKHAND,2022-11-01,,2027-11-01,2026-03-01,349.22
N22000532,4TH LINE BETWEEN BAREJADI NANDEJ (GERATPUR)- SANAND (38.20 KM) (AHMEDABAD BYPASS).,WR,GUJARAT,2023-02-01,,2027-03-01,2027-03-01,961.67
N22000533,QUADRUPLING BETWEEN GANDHIDHAM - ADIPUR WITH Y CONNECTION AT ADIPUR FOR PROVIDING DIRECT ENTRY TOWAR,WR,GUJARAT,2023-02-01,,2025-12-01,2025-12-01,152.44
N22000535,RAJKOT-KANALUS (111.20 KM),WR,GUJARAT,2021-10-01,,2026-10-01,2026-06-01,1080.58
N22000536,NIMACH-RATLAM (133 KM),WR,MADHYA PRADESH,2021-10-01,,2027-10-01,2025-12-01,1095.88
N22000537,HIMMATNAGAR-KHEDBRAHMA (54.83 KM),WR,GUJARAT,2022-06-01,,2025-08-01,2025-07-01,482.42
N22000538,PETLAD-BHADRAN (22.5 KM),WR,GUJARAT,2022-05-01,,2030-05-01,2025-12-01,307.12
N22000539,NADIAD-PETLAD (37.26 KM),WR,GUJARAT,2022-05-01,,2030-06-01,2025-12-01,461.91
N22000540,SAMLAYA-TIMBA ROAD (53.53 KM),WR,GUJARAT,2023-02-01,,2030-03-01,2026-07-01,670.17
N22000541,SAMNI-JAMBUSAR (24.08 KM),WR,GUJARAT,2022-05-01,,2030-03-01,2025-12-01,349.93
N22000542,BAIYYAPPANAHALLI-HOSUR (48 KM),NCRTC,KARNATAKA,2019-04-01,,2026-03-01,2026-03-01,375.67
N22000543,YESHVANTHPUR-CHANNASANDRA (21.7 KM),NCRTC,KARNATAKA,2019-04-01,,2026-03-01,2026-03-01,169.65
N22000544,MUGHALSARAI - ALLAHABAD - 3RD LINE,NCR,UTTAR PRADESH,2019-08-01,,2026-12-01,2026-12-01,2390.0
N22000545,ALIGARH-HARDUAGANJ FLYOVER (22 KM),NCR,UTTAR PRADESH,2020-04-01,,2026-06-01,2026-06-01,1244.13
N22000546,LALITPUR - BIRARI WITH FLYOVER AT LALITPUR,NCR,UTTAR PRADESH,2017-03-01,,2024-12-01,2025-11-01,356.0
N22000547,VIJAPUR-AMBLIYASAN (41.53 KM),WR,GUJARAT,2022-05-01,,2025-08-01,2025-10-01,415.38
N22000548,ADRAJ MOTI-VIAJAPUR (39.75 KM),WR,GUJARAT,2022-05-01,,2025-08-01,2025-09-01,296.54
N22000550,NEW BG LINE BETWEEN NALIYA- JAKHAU PORT,WR,GUJARAT,2023-02-01,,2028-01-01,2026-12-01,410.46
N22000551,NEW BG LINE INTERSECTION (5 NOS) BETWEEN GERATPUR-SANAND AND BOTAD-AHMEDABAD (16.51 KM) (PB29/NR/20,WR,GUJARAT,2022-10-01,,2027-10-01,2027-10-01,437.21
N22000553,AGRA FORT-BANDIKUI,NCR,RAJASTHAN,2022-06-01,,2027-06-01,2026-05-01,987.83
N22000554,SATNA - REWA (50 KM),WCR,MADHYA PRADESH,2015-11-01,,2026-03-01,2026-03-01,40.0
N22000555,"PENUKONDA-DHARMAVARAM, EXCL. DHARMAVARAM (41.5 KM)",SWR,ANDHRA PRADESH,2019-04-01,,2026-03-01,2025-12-01,307.66
N22000556,MALUGUR-PALASAMUDRAM (17.98 KM) (PB#29/NR/2022-23),SWR,ANDHRA PRADESH,2022-09-01,,2025-12-01,2026-12-01,342.41
N22000557,BELGAUM-DHARWAD VIA KITTUR (73.10 KM) (UMBRELLA WORK PB#22/2019-20/NR),SWR,KARNATAKA,2020-09-01,,2027-12-01,2029-03-01,927.42
N22000558,HASSAN (ALUR) - BELUR (32 KM) (UMBRELLA WORK PB#23/2018-19/NR),SWR,KARNATAKA,2019-06-01,,2028-04-01,2028-03-01,748.85
N22000559,SHIMOGA-SHIKARIPURA-RANEBENNUR (UMBRELLA WORK PB#23/2018-19/NR),SWR,KARNATAKA,2019-09-01,,2027-12-01,2028-12-01,994.47
N22000562,ALIGARH-DAUD KHAN - 3RD LINE 6.9 KM AND CONSTRUCTION OF FLYOVER AT DAUD KHAN,NCR,UTTAR PRADESH,2019-04-01,,2025-12-01,2025-12-01,779.49
N22000563,ALLAHABAD-BAMHRAULI - 4TH LINE (10 KM) WITH FLY-OVER AT SUBEDARGANJ,NCR,UTTAR PRADESH,2019-04-01,,2026-03-01,2026-03-01,494.11
N22000564,BHANDAI - FLYOVER FOR ETAWAH BOUND DOWN TRAINS,NCR,UTTAR PRADESH,2019-04-01,,2025-12-01,2026-03-01,250.17
N22000565,SAHJANWA - DOHRIGHAT,NER,UTTAR PRADESH,2019-08-01,,2029-03-01,2027-12-01,1319.75
N22000566,BAHRAICH - NANPARA -NEPALGANJ (56.15 KM),NER,UTTAR PRADESH,2020-07-01,,2024-12-01,2025-08-01,500.0
N22000568,CHENNAI BEACH-CHENNAI EGMORE (4.3 KM) (UMBRELLA WORK PB#57/2019- 20/NR),SR,TAMIL NADU,2022-03-01,,2026-03-01,2025-03-01,274.2
N22000569,BAHRAICH SRAVASTI BALRAMPUR (TULSIPUR),NER,UTTAR PRADESH,2018-10-01,,2030-10-01,2028-03-01,4939.78
N22000570,KATIHAR-KUMEDPUR AND KATIHAR- MUKURIA (64.5 KM) (UMBRELLA WORK PB#57/2019-20/NR),NFR,BIHAR,2022-08-01,,2027-08-01,2026-08-01,1500.0
N22000571,ROURKELA-BONDAMUNDA A-CABIN 5TH LINE (10 KM) (UMBRELLA WORK PB#57/2019-20/NR),SER,ODISHA,2022-09-01,,2026-09-01,2026-02-01,244.99
N22000572,Gauge conversion of Raipur(Kendri)- Dhamtari and Abhanpur-Rajim branch (67.20 km),SECR,CHHATTISGARH,2011-07-01,,2024-10-01,2025-06-01,1171.3
N22000573,NIPANIA-BHATAPRA (14.4 KM) 4TH LINE (PB#72/NR/2022-23),SECR,CHHATTISGARH,2022-09-01,,2026-12-01,2026-12-01,170.49
N22000574,4TH LINE - BHATAPARA-HATHBAND (8.8 KM) (PB#72/NR/2022-23),SECR,CHHATTISGARH,2022-12-01,,2026-12-01,2026-12-01,177.03
N22000575,4TH LINE - BHILAI-BHILAI NAGAR (8.8 KM) (PB#72/NR/2022-23),SECR,CHHATTISGARH,2022-09-01,,2026-09-01,2026-09-01,177.34
N22000576,4TH LINE - DADHAPARA-BELHA (9.2 KM) (PB#72/NR/2022-23),SECR,CHHATTISGARH,2022-09-01,,2026-09-01,2026-09-01,169.06
N22000577,4TH LINE - RAJNANDGAON- DONGARHGARH (31.2 KM) (PB#72/NR/2022-23),SECR,CHHATTISGARH,2022-09-01,,2026-09-01,2026-09-01,328.34
N22000579,3RD AND 4TH LINE - SARAGBUNDIA AND MADWARANI,SECR,CHHATTISGARH,2022-09-01,,2026-09-01,2026-09-01,167.64
N22000580,DOUBLING OF BORIDAND - AMBIKAPUR ( SURAJPUR),SECR,CHHATTISGARH,2022-06-01,,2030-06-01,2027-03-01,1242.94
N22000583,JANGHAI PRATAPGARH AMETHI DOUBLING,NR,UTTAR PRADESH,2017-11-01,,2025-03-01,2025-12-01,1100.0
N22000584,LUDHIANA KILA RAIPUR (19 KMS) WITH FREIGHT LINE AT GILL STATION ON LDH-JHL SECTION,NR,ANDAMAN AND NICOBAR ISLANDS,2019-03-01,,2025-03-01,2026-03-01,235.72
N22000585,DOUBLING BETWEEN GOOTY- PENDAKALLU (29.225),SCR,ANDHRA PRADESH,2023-03-01,,2027-03-01,2027-03-01,351.83
N22000586,VIJAYAWADA KAZIPET BYEPASS LINE,SCR,ANDHRA PRADESH,2016-04-01,,2025-12-01,2025-12-01,226.72
N22000587,RENIGUNTA WADI GOOTY - BYPASS,SCR,ANDHRA PRADESH,2016-04-01,,2025-12-01,2025-12-01,302.0
N22000589,LUDHIANA MULLANPUR DOUBLING,NR,PUNJAB,2020-09-01,,2025-03-01,2025-07-01,235.0
N22000590,BARABANKI MALHAUR 3RD AND 4TH LINE (32.84 KM),NR,UTTAR PRADESH,2019-01-01,,2025-03-01,2026-01-01,407.0
N22000591,DOUBLING BETWEEN JAUNPUR JN- ZAFFARABAD (6.28 KM),NR,UTTAR PRADESH,2023-03-01,,2026-12-01,2026-12-01,177.33
N22000592,TARANGA HILL ABU ROAD VIA AMBAJI NEW LINE,NWR,GUJARAT,2022-07-01,,2030-07-01,2026-12-01,2798.16
N22000593,GUDHA THATHANA MITHRI TEST TRACK FOR RDSO,NWR,RAJASTHAN,2019-04-01,,2025-03-01,2025-06-01,500.85
N22000594,DEDICATED TEST TRACK FOR RDSO (PHASE II),NWR,RAJASTHAN,2021-11-01,,2026-11-01,2025-12-01,466.22
N22000595,KHARAGPUR-ADITYAPUR - 3RD LINE (132 KM),RVNL,JHARKHAND,2015-12-01,,2025-03-01,2025-03-01,3270.07
N22000596,JANGHAI-PHAPHAMAU - DOUBLING WITH ELECTRIFICATION (46.79 KM),RVNL,UTTAR PRADESH,2018-11-01,,2025-03-01,2025-03-01,409.38
N22000598,BHATNI - AUNRIHAR WITH ELECTRIFICATION (125 KM) (EXCL INDARA - MAU (116.95 KM)),RVNL,UTTAR PRADESH,2018-05-01,,2024-12-01,2025-02-01,2529.46
N22000599,3RD LINE BETWEEN DHANBAD SONNAGAR,RVNL,JHARKHAND,2016-11-01,,2026-03-01,2026-03-01,7906.38
N22000600,JUNAGARH -VISAVADAR (42.28) KM,RVNL,GUJARAT,2022-06-01,,2028-09-01,2026-12-01,492.83
N22000601,INDORE BUDNI (INDORE JABALPUR),RVNL,MADHYA PRADESH,2018-09-01,,2030-09-01,2030-09-01,7393.75
N22000602,DALLIRAJHARA - ROWGHAT (95 KM) {PART OF DALLIRAJHARA-JAGDALPUR (235 KM)},RVNL,CHHATTISGARH,2008-03-01,,2025-06-01,2025-06-01,1627.56
N22000604,DOUBLING BETWEEN BHIWANI-DOBH BAHALI,NWR,HARYANA,2023-02-01,,2028-02-01,2026-03-01,471.06
N22000605,DOUBLING BETWEEN CHURU- RATANGARH (42.81 KM),NWR,RAJASTHAN,2023-02-01,,2028-02-01,2025-06-01,422.6
N22000606,DOUBLING BETWEEN REWARI- KATHUWAS (27.73 KM),NWR,HARYANA,2023-02-01,,2027-06-01,2026-05-01,352.41
N22000607,SAWAIMADHOPUR - BYPASS LINE (6.98 KM) (UMBRELLA WORK PB#57/2019- 20/NR),NWR,RAJASTHAN,2022-12-01,,2026-06-01,2027-05-01,239.54
N22000608,GC OF NATHDWARA - DEVGARH MADARIYA (82.5KM),NWR,RAJASTHAN,2023-01-01,,2028-06-01,2026-12-01,968.92
N22000609,AZIMGANJ-MURSHIDABAD (JIYAGANJ) INCL. RLY. BRIDGE OVER RIVER BHAGIRATHI,ER,WEST BENGAL,2001-10-01,,2024-02-01,2024-02-01,187.05
N22000610,GARHWA ROAD - RAIL OVER RAIL,ECR,JHARKHAND,2017-03-01,,2024-06-01,2026-02-01,262.71
N22000611,GOMOH - FLYOVER FOR DOWN TRAINS,ECR,JHARKHAND,2018-01-01,,2023-03-01,2026-03-01,487.73
N22000612,MATHURA - VRINDAVAN (11 KM),NCR,UTTAR PRADESH,2022-08-01,,2025-06-01,2025-06-01,402.88
N22000613,DOMINGARH - GORAKHPUR - GORAKHPUR CANTT - KUSUMHI - 3RD RUNNING LINE (21.15 KM),NER,UTTAR PRADESH,2016-11-01,,2025-02-01,2025-07-01,500.37
N22000614,FEROZPUR - PATTI (25.72 KM),NR,PUNJAB,2017-04-01,,2027-03-01,2027-03-01,781.0
N22000615,BARAMATI - LONAND,CR,MAHARASHTRA,1999-02-01,,2027-03-01,2027-03-01,1843.9
N22000616,CHIRIMIRI-NAGPUR HALT,SECR,CHHATTISGARH,2018-10-01,,2030-06-01,2030-06-01,241.0
N22000618,MORAPPUR-DHARMAPURI,SR,TAMIL NADU,2019-02-01,,2028-03-01,2028-03-01,358.95
N22000619,ERNAKULAM-KUMBALAM - PATCH DOUBLING (7.71 KM),SR,KERALA,2010-12-01,,2028-03-01,2026-12-01,595.39
N22000620,KUMBALAM-THURAVUR - PATCH DOUBLING (15.59 KM),SR,KERALA,2011-12-01,,2027-03-01,2026-12-01,802.8
N22000621,BANGALORE-WHITEFIELD-BANGALORE CITY-KRISHNARAJAPURAM QUADRUPLING,SWR,KARNATAKA,2018-03-01,,2025-06-01,2026-02-01,492.87
N22000622,MODASA- SHAMLAJI NEW LINE ( MM OF AHMEDABAD-HIMMATNAGAR- UDAIPUR (299.2 KM)),WR,GUJARAT,2012-09-01,,2027-03-01,2026-03-01,261.68
N22000624,NAHATI - RANAGHAT 3RD LINE (MM OF KALINARAYANPUR - KRISHNANAGAR),ER,WEST BENGAL,2015-07-01,,2025-03-01,2026-03-01,283.54
N22000625,KARAIKAL PERALAM(23KM)-NEW LINE PROJECT,SR,TAMIL NADU,2019-01-01,,2026-03-01,2025-06-01,373.42
N22000626,NAGAPATTINAM THIRUTURAIPUNDI (38KM)- NEW LINE PROJECT,SR,TAMIL NADU,2008-07-01,,2026-03-01,2027-03-01,668.44
N22000627,MUMBAI URBAN TRANSPORT PROJECT IIIA,MRVC,MAHARASHTRA,2019-04-01,,2027-12-01,2027-12-01,33690.0
N22000628,EAST WEST METRO CORRIDOR KOLKATA,KOMRCL,WEST BENGAL,2009-02-01,,2016-09-01,2016-09-01,8575.0
N22000629,NAGPUR- NAGBHIR RAILWAY LINE GAUGE CONVERSION PROJECT,MRIDC,MAHARASHTRA,2019-10-01,,2024-06-01,2025-10-01,2383.0
N22000630,KALIPAHARI - BAKHTARNAGAR 5TH LINE (17.61 KM),ER,WEST BENGAL,2024-04-01,,2027-06-01,2027-06-01,350.46
N22000631,SITARAMPUR BYE - PASS LINE (6.59 KM),ER,WEST BENGAL,2023-02-01,,2027-03-01,2027-03-01,461.64
N22000632,MURARAI - BARHARWA 3RD LINE (48.90 KM),ER,WEST BENGAL,2025-05-01,,2028-05-01,2028-05-01,935.19
N24000165,PATNA-MUZZAFFARPUR,NHAI,BIHAR,2010-08-01,,2013-02-01,2025-06-01,671.3
N24000182,VARANASI-AURANGABAD KM.786 TO KM.978.40,NHAI,MULTI STATE,2011-09-01,,2014-03-01,2025-06-01,3241.56
N24000187,4-LANNING OF CHAPRA-HAJIPUR,NHAI,BIHAR,2011-01-01,,2013-07-01,2026-01-01,575.0
N24000245,REHABILITATION AND UPGRADATION OF NH -565 FROM KM 1.00 TO 86.057 (NAKREKAL TO NAGARJUNSAGAR DAM SECT,MoRTH,TELANGANA,2014-01-01,,2016-03-01,2019-09-01,270.0
N24000247,REHABILITATION AND UPGRADATION OF NH-221 FROM KM 121/0 TO 165/00 (OF VIJAYAWADA-JAGDALPUR RUDRAMPUR,MoRTH,TELANGANA,2014-10-01,,2017-02-01,2017-02-01,295.47
N24000248,EPC- CORRIDOR APPROACH WORKS - NH (O): WIDENING EXISTING 2 LANE TO 2 LANE WITH PAVED SHOULDERS IN KM,MoRTH,TELANGANA,2015-03-01,,2017-01-01,2017-01-01,153.21
N24000301,REHABILITATION AND UPGRADATION OF NH-219 FROM KM 58-600 TO KM 140-750 IN THE STATE OF ANDHRA PRADES,MoRTH,ANDHRA PRADESH,2015-03-01,,2015-10-01,2021-05-01,271.45
N24000319,4 LANING OF JORHAT TO JHANJI SECTION FROM KM. 453.00 TO KM. 491.08 (DESIGN KM 403.200 TO KM 454.240),NHIDCL,ASSAM,2015-06-01,,2023-08-01,2025-07-01,437.39
N24000320,FOUR LANING OF JHANJHI JN TO DEMOW SECTION FROM KM. 491.050 TO KM. 535.250(DESIGN KM 490.800 TO KM 5,NHIDCL,ASSAM,2015-06-01,,2024-03-01,2025-10-01,463.49
N24000331,CONSTRUCTION OF RING ROAD FOR RAEBARELI CITY (PHASE -I) ON EASTERN SIDE OF NH 24B,MoRTH,UTTAR PRADESH,2019-12-01,,2022-04-01,2025-07-01,319.96
N24000332,REHABILITATION AND UPGRADATION OF END OF AHMEDNAGAR BYPASS TO KHARWANDI KASAR SECTION OF NH-222 FROM,MoRTH,MAHARASHTRA,2015-01-01,,,,225.81
N24000334,STRENGTHENING AND WIDENING TO TWO LANE WITH PAVED SHOULDERS FROM KM.106.00 TO 153.00 OF NH-218 BIJAP,MoRTH,KARNATAKA,2015-03-01,,2015-11-01,2024-08-01,165.67
N24000382,REHABILITATION AND UPGRADING TO 2 LANES/2 LANE WITH PAVED SHOULDERS CONFIGURATION OF BIRPUR - BIHPUR,MoRTH,BIHAR,2014-01-01,,2019-10-01,2025-08-01,780.77
N24000431,4 LANING FROM JAMUGURI TO BISWANATH CHARIALI FROM KM 182 TO KM 208 OF NH-52,NHIDCL,ASSAM,1991-01-01,,2019-06-01,2025-07-01,520.01
N24000438,4 LANING FROM RANGAGARA TO KALIABHOR TINALI FROM KM 297.00 TO KM 315.315 OF NH-37 ON EPC BASIS.,NHIDCL,ASSAM,2015-12-01,,2018-12-01,2025-12-01,289.99
N24000442,"CONSTRUCTION OF FLYOVER AT KM.544.650 INCLUDING ROB ,SERVICE ROADS ,FOOTPATH FOR RCC DRAINS ON URBAN",NHAI,MAHARASHTRA,2015-12-01,,2019-03-01,2025-07-01,649.5
N24000462,4-LANING OF GOA/KARNATAKA BORDER-KUNDAPUR SECTION,NHAI,KARNATAKA,2012-07-01,,2016-08-01,2025-12-01,1990.99
N24000463,4 LANING OF NH-31D FROM GHOSHPUKUR - SALSALABARI ( KM 0.00 TO KM . 83.785),NHAI,WEST BENGAL,2015-12-01,,2018-06-01,2023-08-01,1414.01
N24000465,4-LANING OF KASHIPUR-SITARGANJ SECTION,AMR,UTTARAKHAND,2012-11-01,,2016-08-01,2016-08-01,605.84
N24000480,FOUR OF SIMARIA - KHAGARIA SECTION OF NH-31,NHAI,BIHAR,2015-12-01,,2019-04-01,2025-11-01,567.0
N24000488,FOUR LANING OF UDHAMBUR - RAMBAN SECTION OF NH-1A,NHAI,JAMMU AND KASHMIR,2015-12-01,,2018-12-01,2024-11-01,2644.0
N24000507,FOUR LANING OF BAKHTIYARPUR - MOKAMA SECTION OF NH-31,NHAI,BIHAR,2015-12-01,,2019-12-01,2025-08-01,1182.94
N24000513,UMARIYA TO SHAHDOL SECTION OF NH-78 IN MADYA PRADESH KM 68/4 TO 142/200,MoRTH,MADHYA PRADESH,2015-03-01,,2017-08-01,2025-06-01,511.83
N24000515,SIX-LANING OF BARWA ADDA- PANAGARH,NHAI,WEST BENGAL,2014-04-01,,2016-09-01,2025-05-01,4980.13
N24000531,REHABILITATION AND UPGRADING TO 2 LANES/2 LANE WITH PAVED SHOULDERS (KM 40 TO KM 219.945) OF NH-104,MoRTH,BIHAR,2016-02-01,,2018-11-01,2025-08-01,503.28
N24000560,NAGPUR RING ROAD PACKAGE-2,NHAI,MAHARASHTRA,2016-03-01,,2019-07-01,2025-06-01,591.66
N24000564,4-LANNING OF HARIDWAR-NAGINA SECTION OF NH 74 FROM (KM 204.300 OF NH 58) TO KM 73.00,NHAI,UTTAR PRADESH,2016-03-01,,2020-07-01,2025-07-01,1659.12
N24000567,FOUR LANING OF BHAVNAGAR- TALAJA SECTION OF NH-8E FROM KM. 7.090 TO KM. 53.585 (DESIGN CH FROM KM. 6.,NHAI,GUJARAT,2016-05-01,,2019-08-01,2024-06-01,998.18
N24000569,FOUR LANING OF KAGAVADAR - UNA SECTION OF NH-8E FROM KM 139.915 TO KM 180.478 (PACKAGE-IV) IN THE ST,NHAI,GUJARAT,2016-05-01,,2019-09-01,2025-06-01,723.64
N24000570,FOUR LANING OF UNA TO KODINAR OF NH-8E FROM KM. 180.478 TO KM 221.610 (PACKAGE-V) IN THE STATE OF GU,NHAI,GUJARAT,2016-05-01,,2019-08-01,2025-03-01,763.08
N24000576,CONSTRUCTION OF REHABILITATION AND UPGRADING TO 2 LANES/2 LANE(FOR LOT-I-KM 40.00 TO KM 65.400 AND K,MoRTH,BIHAR,2016-02-01,,2016-05-01,2025-08-01,278.54
N24000578,"PROCUREMENT, AND CONSTRUCTION OF REHABILITATION AND UPGRADING TO 2 LANES/2 LANE(FOR LOT-III-KM 156.5",MoRTH,BIHAR,2016-02-01,,2016-05-01,2025-08-01,706.39
N24000579,FOUR LANING OF GAYA-HISUA- RAJGIRI-NALANDA-BIHARSHARIF SECTION (KM0.00 TO 92.935) ON NH-82 IN BIHAR,MoRTH,BIHAR,2014-01-01,,2016-10-01,2025-08-01,2138.16
N24000582,4 LANING OF NH-37 SECTION BETWEEN DEMOW TO END OF MORAN BYPASS (FROM KM. 534.800 TO KM. 561.700) O,NHIDCL,ASSAM,2016-01-01,,2016-01-01,2025-07-01,294.17
N24000583,4 LANING OF NH 37 SECTION BETWEEN END OF MORAN BYPASS TO BOGIBEEL JUNCTION NEAR LAPETKETA (KM. 561,NHIDCL,ASSAM,2016-01-01,,2021-12-01,2025-07-01,330.3
N24000584,4-LANNING OF NH17 AND NEW NO. NH66 FROM KM 161/600 TO 205/400 UNDER HYBRID ANNUITY MODE,MoRTH,MAHARASHTRA,2016-03-01,,,2023-12-01,1907.03
N24000585,4-LANNING OF NH17 AND NEW NO. NH66 FROM KM 241/300 TO 281/300 UNDER HYBRID ANNUITY MODE,MoRTH,MAHARASHTRA,2016-03-01,,,,1101.58
N24000592,4-LANNING OF KODINAR TO VERAVAL SECTION OF NH-8E FROM KM 221.610 TO KM 263.000,NHAI,GUJARAT,2016-07-01,,2020-07-01,2025-05-01,829.97
N24000603,HOSPET-BELLARY-KARNATAKA AP BORDER,NHAI,KARNATAKA,2016-08-01,,2019-03-01,2025-05-01,1224.01
N24000613,FOUR LANNING OF NERCHOWK- PANDOH BYPASS SECTION OF NH- 21(PACKAGE-I KM 190.000 TO KM 221.305) UNDER NH,NHAI,HIMACHAL PRADESH,2016-09-01,,2020-07-01,2025-03-01,1478.61
N24000619,DEVELOPMENT OF FOUR LANNING OF ANGUL-SAMBALPUR SECTION OF NATIONAL HIGHWAY NH-42 (NEW NH- 55 IN THE S,NHAI,ODISHA,2016-09-01,,2019-08-01,2025-07-01,2510.04
N24000649,SIX LANNING FROM KM. 401.200 TO 494.410 OF NH-8 ON HYBRID ANNUITY MODE UNDER NHDP-V(PKG VI)REG.,NHAI,GUJARAT,2017-01-01,,2020-12-01,2025-10-01,1527.75
N24000656,4-LANNING OF BODHRE-DHULE SECTION(KM 390.000 TO 452.800),NHAI,MAHARASHTRA,2017-03-01,,2020-03-01,2025-12-01,1007.0
N24000659,4-LANNING OF WARANGA-MAHAGAON SECTION(KM 253.7000 TO 320.580),NHAI,MAHARASHTRA,2017-03-01,,2017-03-01,2025-05-01,1071.0
N24000665,TWO-LANNING WITH PAVED SHOULDER OF MAHSHKUNT-SAHARSA- PURNEA SECTION FROM EXISTING KM.89.020 (DESIGN,NHAI,BIHAR,2017-03-01,,2020-03-01,2025-12-01,893.92
N24000683,TWO LANING OF JORAM KOLORIANG ROAD (NH 713) ON EPC BASIS FROM DESIGN KM. 138+000 TO KM. 154+036 [EX,NHIDCL,ARUNACHAL PRADESH,2017-02-01,,2023-11-01,2024-12-01,244.1
N24000686,FOUR LANING OF DIMAPUR KOHIMA ROAD FROM DESIGN KM 123.840 TO KM 138.775 (EXISTING KM 124.100 TO KM 1,NHIDCL,NAGALAND,2016-03-01,,2019-09-01,2025-05-01,534.41
N24000688,FOUR LANING OF EXISTING DIMAPUR KOHIMA ROAD FROM DESIGN KM 152.490 TO KM 166.700 (EXISTING KM 156.00,NHIDCL,NAGALAND,2016-03-01,,2022-08-01,2025-09-01,794.74
N24000696,SIX LANNING OF AUNTA- SIMARIA(GANGA BRIDGE WITH APPROACH ROADS) SECTION OF NH- 31,NHAI,BIHAR,2017-08-01,,2022-02-01,2025-08-01,1161.0
N24000697,FOUR LANNING OF CHOLOPURAM- THANJAVUR,NHAI,TAMIL NADU,2017-08-01,,2020-09-01,2025-07-01,1176.37
N24000704,4-LANNING OF THALSERRY -MAHE BYPASS,NHAI,KERALA,2017-09-01,,2020-05-01,2024-02-01,1573.18
N24000708,4-LANNING OF STHIYATHOPU- CHOLOPURAM,NHAI,TAMIL NADU,2017-09-01,,2020-08-01,2025-07-01,1227.87
N24000709,BALANCE WORK FOR FOUR LANING OF ITARSI TO BETUL SECTION OF NH69 FROM KM 63.000 TO KM 137.00 (DESIGN,NHAI,MADHYA PRADESH,2017-12-01,,2020-02-01,2024-12-01,786.43
N24000714,CONSTRUCTION OF NEW LINK (NH- 133B) FROM KM 0/00 (KM 200/87 OF SAHIBANJ BYPASS) IN JHARKHAND TO KM 15,NHAI,BIHAR,2017-12-01,,2024-10-01,2026-12-01,1978.01
N24000715,REHABILITATION AND UPGRADATION OF CUTTACK ANGUL SECTION OF NH- 42 (NEW NH-55) TO 4 LANE (KM. 0+400 TO,NHAI,ODISHA,2017-12-01,,2020-07-01,2025-07-01,565.0
N24000717,CONSTRUCTION OF STAND ALONE RING ROAD/ BYPASS AROUND JAMMU CITY IN THE STATE OF J AND K ON EPC MODE,NHAI,JAMMU AND KASHMIR,2017-12-01,,2021-07-01,2025-07-01,1471.75
N24000723,REHABILITATION AND UPGRADATION OF TWO LANING OF MAHESHKHUNT - SAHARSA - PURNEA SECTION PKG - I,NHAI,BIHAR,2018-01-01,,2021-12-01,2025-12-01,644.5
N24000726,SIX LANING OF BIHAR - JHARKHAND BORDER (CHORDAHA) TO GORHAR SECTION,NHAI,JHARKHAND,2018-01-01,,2021-11-01,2026-05-01,950.49
N24000733,REHABILITATION AND UP-GRADATION OF EXISTING 2-LANE TO 4 LANE OF DUBURI (KM 388.376) TO CHANDIKHOLE (,NHAI,ODISHA,2018-01-01,,2022-08-01,2025-12-01,492.83
N24000734,REHABILITATION AND UP-GRADATION OF EXISTING 2-LANE TO FOUR LANE FROM TALCHAR TO END OF KAMAKHYANAG,NHAI,ODISHA,2018-01-01,,2021-08-01,2025-07-01,503.3
N24000736,REHABILITATION AND UPGRADATION OF CUTTACK-ANGUL SECTION TO 4 LANE (KM 60.20) TO (KM 112.0) PKG II ON,NHAI,ODISHA,2018-01-01,,2020-09-01,2025-07-01,504.09
N24000738,REHABILITATION AND UPGRADATION OF SIX LANING OF BHADRAK BALESHWAR SECTION (KM 136.50) TO (KM 199.141,NHAI,ODISHA,2018-01-01,,2021-09-01,2025-12-01,1152.7
N24000739,REHABILITATION AND UP-GRADATION TO 4-LANING OF RAJAMUNDA- BARKOTE SECTION OF NH-23 (NEW NH NO. 143) (,NHAI,ODISHA,2018-01-01,,2021-06-01,2025-07-01,609.03
N24000741,CONSTRUCTION AND UPGRADATION OF EXISTING ROAD TO 2 LANE WITH PAVED SHOULDER FROM KM 368.00 TO KM 399,NHIDCL,UTTARAKHAND,2018-03-01,,2020-11-01,2024-03-01,274.31
N24000742,2 LANE WITH PAVED SHOULDER FROM KM 399.00 TO KM 430.00 OF KARANPARYAG TO CHAMOLI UNDER CHARDHAM PARI,NHIDCL,UTTARAKHAND,2018-03-01,,2020-11-01,2024-03-01,403.36
N24000743,2 LANE WITH PAVED SHOULDER FROM KM 430.00 TO KM 468.00 OF CHAMOLI TO PAINI UNDER CHARDHAM PARIYOJNA,NHIDCL,UTTARAKHAND,2018-03-01,,2020-11-01,2024-03-01,417.24
N24000745,"2 LANE WITH HARD SHOLDER , REHABILITATION AND UP GRADATION OF SECTION FROM KM 242.0 TO KM 298.0 OF N",NHIDCL,ANDAMAN AND NICOBAR ISLANDS,2017-03-01,,2019-12-01,2025-06-01,409.85
N24000749,REHABILITATION AND UP GRADATION OF SECTION FROM KM 206.00 TO KM 242.00 (NIMBUTALA TO AUSTIN CREEK) O,NHIDCL,ANDAMAN AND NICOBAR ISLANDS,2018-03-01,,2020-09-01,2025-07-01,234.27
N24000752,(I) CONSTRUCTION OF FOUR/SIX LANING FROM KM 132.375 TO KM 158.058 (TOTAL NEW ALIGNMENT LENGTH OF 20.,NHIDCL,NAGALAND,2017-02-01,,2020-09-01,2025-04-01,688.12
N24000753,(II) CONSTRUCTION OF DIMAPUR BYPASS (ASSAM PORTION) OF 4/6 LANE PAVEMENT ON EPC BASIS FROM EXISTING,NHIDCL,NAGALAND,2018-03-01,,2022-11-01,2025-04-01,698.81
N24000763,CONSTRUCTION OF TWO LANE WITH HARD SHOULDERS OF MERANGKONG- TAMLU-MON ROAD FROM EXISTING KM 20.456 TO,NHIDCL,NAGALAND,2018-03-01,,2021-12-01,2025-08-01,215.79
N24000765,CONSTRUCTION OF TWO LANE WITH HARD SHOULDERS OF MERANGKONG- TAMLU-MON ROAD FROM EXISTING KM 60.345 TO,NHIDCL,NAGALAND,2018-03-01,,2018-09-01,2025-09-01,323.98
N24000767,CONSTRUCTION OF 2-LANE WITH PAVED SHOULDER INCLUDING GEOMETRIC IMPROVEMENT FROM KM 0.000 TO KM 16.00,NHIDCL,SIKKIM,2017-03-01,,2022-04-01,2023-12-01,375.8
N24000768,CONSTRUCTION OF 2-LANE WITH PAVED SHOULDER INCLUDING GEOMETRIC IMPROVEMENT FROM KM 16.000 TO KM 32.5,NHIDCL,SIKKIM,2017-11-01,,2020-10-01,2024-04-01,290.05
N24000771,WIDENING TO 2-LANE WITH GEOMETRIC IMPROVEMENTS OF TURA DALU ROAD UNDER JICA FUNDING FROM KM 85.000 T,NHIDCL,MEGHALAYA,2017-04-01,,2021-09-01,2025-06-01,610.09
N24000772,RECONSTRUCTION WITH GEOMETRIC IMPROVEMENT OF EXISTING 2 LANE/INTERMEDIATE LANE TO 2LANE WITH PAVED S,MoRTH,UTTARAKHAND,2017-12-01,,2019-12-01,2019-12-01,257.34
N24000773,RECONSTRUCTION WITH GEOMETRIC IMPROVEMENT OF EXISTING 2 LANE/INTERMEDIATE LANE TO 2LANE WITH PAVED S,MoRTH,UTTARAKHAND,2017-12-01,,2019-12-01,2019-12-01,200.34
N24000774,WIDENING OF EXISTING SINGLE LANE ROAD TO TWO LANE WITH PAVED SHOULDERS CONFIGURATION FROM KM. 235.00,MoRTH,UTTARAKHAND,2017-12-01,,2019-12-01,2019-12-01,248.22
N24000775,RECONSTRUCTION WITH GEOMETRIC IMPROVEMENT OF EXISTING 2 LANE/INTERMEDIATE LANE TO 2LANE WITH PAVED S,MoRTH,UTTARAKHAND,2017-06-01,,2019-06-01,2019-06-01,282.08
N24000776,RECONSTRUCTION WITH GEOMETIC IMPROVEMENT OF EXISTING TWO LANE TO 2- LANE WITH PAVED SHOULDERS CONFIG,MoRTH,UTTARAKHAND,2017-11-01,,2019-11-01,2019-11-01,232.81
N24000777,RECONSTRUCTION WITH GEOMETIC IMPROVEMENT OF SINGLE LANE TO 2- LANE WITH PAVED SHOULDER CONFIGURATION,MoRTH,UTTARAKHAND,2017-11-01,,2019-11-01,2019-11-01,283.51
N24000778,RECONSTRUCTION WITH GEOMETRIC IMPROVEMENT OF EXISTING SINGLE/INTERMEDIATE LANE TO 2LANE WITH PAVED S,MoRTH,UTTARAKHAND,2017-11-01,,2019-11-01,2019-11-01,266.52
N24000779,RECONSTRUCTION WITH GEOMETRIC IMPROVEMENT OF EXISTING SINGLE/INTERMEDIATE LANE TO 2 LANE WITH EAR,MoRTH,UTTARAKHAND,2018-02-01,,2020-02-01,2020-02-01,418.88
N24000780,REHABILITATION AND UP GRADATION OF 2 LANE/ 2 LANE WITH PAVED SHOULDER FROM EXISTING KM. 172.900 TO K,MoRTH,UTTARAKHAND,2018-02-01,,2023-04-01,2023-04-01,293.68
N24000781,CONSTRUCTION OF KUND BYPASS FROM EXISTING KM 33+130 TO KM 41+260 (EXISTING LENGTH: 8.130 KM); DESIGN,MoRTH,UTTARAKHAND,2018-05-01,,2020-05-01,2020-05-01,248.0
N24000782,REHABILITATION AND UPGRADATION OF 2 LANE WITH PAVED SHOULDER FROM EXISTING KM. 195.175 TO KM. 220.00,MoRTH,UTTARAKHAND,2018-03-01,,,,461.0
N24000784,6-LANING OF KOZHIKODE BYPASS (CALICUT BYPASS) (I.E. VENGALAM JN. TO RAMANATTUKARA JN.) SECTION OF NH,NHAI,KERALA,2018-02-01,,2023-02-01,2025-07-01,2065.95
N24000788,REHABILITATION AND UP GRADATION OF EXISTING ROAD TO 2-LANE WITH PAVED SHOULDER CONFIGURATION IN PURU,NHAI,WEST BENGAL,2018-03-01,,2022-09-01,2025-12-01,708.3
N24000795,CONSTRUCTION/ UP-GRATION OF FOUR/TWO LANE WITH PAVED SHOULDER OF NH68 FROM TANOT- RAMGARH BHADASAR-JA,NHAI,RAJASTHAN,2018-02-01,,2021-04-01,2025-06-01,649.0
N24000798,SIX LANING OF HAPUR BYPASS TO MORADABAD SECTION INCLUDING HAPUR BYPASS FROM KM 50.000 (DESIGN CHAINA,NHAI,UTTAR PRADESH,2018-03-01,,2021-11-01,2025-06-01,2140.93
N24000811,CONSTRUCTION OF SIX LANING OF DEDICATED PORT ROAD TO KRISHNAPATNAM PORT (PACKAGE-I) KM 0+000 TO KM 1,NHAI,ANDHRA PRADESH,2018-03-01,,2020-12-01,2024-12-01,348.72
N24000813,DEVELOPMENT OF NEWLY DECLARED NH-527C FROM MAJHAULI TO CHAROUT SECTION TO 2 LANE WITH PAVED SHOULDER,NHAI,BIHAR,2018-03-01,,2021-11-01,2025-08-01,470.18
N24000820,Rehabilitation and up gradation to 2 lane with paved shoulder configuration from existing km. 122.00,MoRTH,ANDAMAN AND NICOBAR ISLANDS,2017-11-01,,2019-11-01,2019-11-01,238.0
N24000821,RECONSTRUCTION WITH GEOMETRIC IMPROVEMENT OF EXISTING 2 LANE/INTERMEDIATE LANE TO 2LANE WITH PAVED S,MoRTH,ANDAMAN AND NICOBAR ISLANDS,2017-11-01,,2019-11-01,2019-11-01,238.0
N24000826,FOUR LANINIG OF CHETTIKULAM TO NATHAM SECTION OF NH-785 FROM CHETTIKULUM (KM 7.300) TO NATHAM (KM. 3,NHAI,TAMIL NADU,2018-03-01,,2022-10-01,2025-07-01,837.69
N24000834,CONSTRUCTION OF EIGHT LANE VADODARA KIM EXPRESSWAY FROM KM 254.430 TO KM 279.000 (KIM TO ANKLESHWAR,NHAI,GUJARAT,2018-03-01,,2021-10-01,2025-07-01,1738.03
N24000851,CONSTRUCTION OF 8 LANING OF EXISTING 4 LANE VADAPE TO THANE FROM KM 539.202 TO KM 563.000 SECTION OF,NHAI,MAHARASHTRA,2018-03-01,,2021-07-01,2025-12-01,1182.87
N24000852,"FOUR LANING OF SOLAN-KAITHLIGHAT SECTION OF NH-22 (NOW NH-5) FROM KM 106.139 TO KM 129.050, ON EPC M",NHAI,HIMACHAL PRADESH,2018-03-01,,2021-05-01,2024-12-01,1514.46
N24000855,CONSTRUCTION OF 4.5 KM LONG SILKYARA TUNNEL BETWEEN KM 25.40 TO 50.25 KM (TUNNEL WORK),NHIDCL,UTTARAKHAND,2018-03-01,,2022-07-01,2026-09-01,1383.78
N24000857,WIDENING AND UP-GRADATION TO 2- LANE WITH PAVED SHOULDER CONFIGURATION AND GEOMETRIC IMPROVEMENTS FRO,NHIDCL,MIZORAM,2017-04-01,,2023-04-01,2025-04-01,785.65
N24000858,WIDENING AND UP-GRADATION TO 2- LANE WITH PAVED SHOULDER CONFIGURATION AND GEOMETRIC IMPROVEMENTS FRO,NHIDCL,MIZORAM,2017-04-01,,2023-07-01,2024-05-01,1286.35
N24000861,WIDENING AND UP-GRADATION TO 2- LANE WITH PAVED SHOULDER CONFIGURATION AND GEOMETRIC IMPROVEMENTS FRO,NHIDCL,MIZORAM,2017-04-01,,2023-04-01,2025-04-01,688.25
N24000862,WIDENING AND UP-GRADATION TO 2- LANE WITH PAVED SHOULDER CONFIGURATION AND GEOMETRIC IMPROVEMENTS FRO,NHIDCL,MIZORAM,2017-04-01,,2023-04-01,2025-04-01,789.05
N24000863,WIDENING AND UP-GRADATION TO 2- LANE WITH PAVED SHOULDER CONFIGURATION AND GEOMETRIC IMPROVEMENTS FRO,NHIDCL,MIZORAM,2017-04-01,,2023-06-01,2025-05-01,906.76
N24000864,WIDENING AND UP-GRADATION TO 2- LANE WITH PAVED SHOULDER CONFIGURATION AND GEOMETRIC IMPROVEMENTS FRO,NHIDCL,MIZORAM,2017-04-01,,2024-04-01,2025-05-01,750.32
N24000865,WIDENING AND UP-GRADATION TO 2- LANE WITH PAVED SHOULDER CONFIGURATION AND GEOMETRIC IMPROVEMENTS FRO,NHIDCL,MIZORAM,2017-04-01,,2023-09-01,2025-05-01,746.39
N24000868,UP-GRADATION TO 4-LANE WITH PAVED SHOULDER OF JAMMU- AKHNOOR ROAD SECTION OF NH-144A FROM GANESH VIHA,NHIDCL,JAMMU AND KASHMIR,2018-03-01,,2021-07-01,2025-10-01,253.44
N24000874,CONSTRUCTION OF NEW ROAD AT THE MISSING LINK PORTION OF NH-81 ALONG THE APPROVED ALIGNMENT BETWEEN H,MoRTH,WEST BENGAL,2016-03-01,,2018-11-01,2025-09-01,291.2
N24000880,UPGRADATION OF NH-81 WITH A MINIMUM OF 2-LANE WITH PAVED SHOULDER CONFIGURATION STARTING FROM KM 19.,MoRTH,WEST BENGAL,2018-02-01,,2020-09-01,2025-02-01,426.18
N24000907,WIDENING AND PAVED SHOULDER OF TOHANA (IN HARYANA) PUNJAB/HARYANA BORDER TO MOONAK-JAKHAL-BUDHLADA,MoRTH,PUNJAB,2018-03-01,,2020-08-01,2025-06-01,315.0
N24000909,JALANDHAR-HOSHIARPUR SECTION OF NH-70 [NEW NH NO. 3] FROM EXISTING KM 11.400 TO KM 49.200,MoRTH,PUNJAB,2017-10-01,,2019-10-01,2025-12-01,1069.59
N24000910,REHABILITATION AND UP GRADATION TO 2 LANE WITH PAVED SHOULDER OF NH-703A FROM MAKHU (DESIGN CH 0 000,MoRTH,PUNJAB,2018-03-01,,2020-11-01,2026-06-01,150.0
N24000912,WIDENING TO 2LPS FROM 0/0 TO 119/0 OF NH-157 IN THE STATE OF ODISHA.,MoRTH,ODISHA,2016-08-01,,2017-02-01,2025-12-01,293.66
N24000914,WIDENING TO 2LPS FROM 239/9 TO 294/3 OF NH-57 (NAYAGARH TO KHURDA) IN THE STATE OF ODISHA,MoRTH,ODISHA,2016-12-01,,2018-08-01,2025-09-01,223.5
N24000917,WIDENING TO 2LPS FROM 269/30 TO 328/20 OF NH-49 IN THE STATE OF ODISHA,MoRTH,ODISHA,2018-03-01,,2018-08-01,2025-04-01,199.16
N24000925,CONSTRUCTION OF MISSING LINKS (SINGLE LANE) IN LAKHPAT GADULI HAJIPIR ODMA KHAVDA DHOLAVIRA MAUVANA,MoRTH,GUJARAT,2018-10-01,,2020-11-01,2024-09-01,394.44
N24000931,REHABILITATION AND UPGRADATION OF EXISTING NH-167 FROM KM 14.900 TO KM 70.00 (DESIGN CH.14.900 TO 69,MoRTH,ANDHRA PRADESH,2016-11-01,,2017-05-01,2024-11-01,236.16
N24000937,REHABILITATION AND UPGRADATION OF NEW NH-544DD FROM DESIGN CHAINAGE KM 56.00 TO 102.20 OF KALYANDURG,MoRTH,ANDHRA PRADESH,2018-03-01,,2018-08-01,2024-11-01,290.0
N24000943,CONSTRUCTION OF A NEW 4 LANE MAJOR BRIDGE ACROSS RIVER KOSI AT PHULAUT INCLUDING RHABILITATION AND,MoRTH,BIHAR,2018-09-01,,2024-06-01,2026-05-01,1478.4
N24000946,CONSTRUCTION OF 2-LANE ROAD WITH PAVED SHOULDERS FROM KM16.00 OF ROING-HUNLI SECTION TO KM 21.500 OF,NHIDCL,ARUNACHAL PRADESH,2017-03-01,,2022-03-01,2025-12-01,1718.59
N24000964,CONSTRUCTION OF TIMMAPURAM TO GURJANAPALLE SECTION FROM KM 26.150 TO 41.161 OF NH- 214(NH216)(KAKINAD,MoRTH,ANDHRA PRADESH,2016-08-01,,2017-01-01,2025-05-01,411.18
N24000969,CONSTRUCTION OF 2L+PS FROM PASARLAPUDI-DHINDI (105/700 TO 127.500 OF NH-214) OF NH-216,MoRTH,ANDHRA PRADESH,2017-01-01,,2017-09-01,2025-06-01,263.45
N24000979,TWO-LANING OF HAYULIANG? HAWAI BYPASS ROAD ON EPC BASIS FROM DESIGN KM. 51.825 TO KM. 63.131 EXISTI,NHIDCL,ARUNACHAL PRADESH,2017-01-01,,2023-05-01,2025-03-01,256.66
N24000980,WIDEINING TO TWO/FOUR LANE WITH PAVED SHOULDERS FROM EXISTING KM 182.120 TO KM 227.600 OF NH-167 ON,MoRTH,TELANGANA,2016-10-01,,2019-02-01,2019-02-01,298.32
N24000981,WIDEINING TO TWO/FOUR LANE WITH PAVED SHOULDERS FROM EXISTING KM 180.60 TO KM 223.00 OF NH-63 ON NIZ,MoRTH,TELANGANA,2016-10-01,,2019-03-01,2019-03-01,248.83
N24000982,WIDENING TO TWO LANE WITH PAVED SHOULDERS FROM KM 40/410 TO KM 84/037OF THIRUMALAGIRI TO SURYAPET SE,MoRTH,TELANGANA,2017-01-01,,2019-05-01,2019-05-01,244.54
N24000983,WIDENING TO TWO LANE WITH PAVED SHOULDERS FROM KM 0/970 TO KM 40/410 OF JANAGAON-THIRUMALAGIRI OF NH,MoRTH,TELANGANA,2017-01-01,,2019-10-01,2019-10-01,196.52
N24000984,WIDENING TO TWO LANE WITH PAVED SHOULDERS FROM KM 15.525 TO KM 62.880 OF JADCHERLA-KALWAKURTHY SECTI,MoRTH,TELANGANA,2017-01-01,,2019-12-01,2019-12-01,283.0
N24000986,WIDENING TO TWO LANE WITH PAVED SHOULDERS FROM KM 67.00 TO 114.425 OF KALWAKURTHY- MALLEPALLY SECTION,MoRTH,TELANGANA,2017-01-01,,2019-05-01,2019-05-01,300.0
N24000987,6 LANING FROM KM 9.90 TO KM 19.948 (ARAMGARH-SAMSHABAD SECTION) OF HYDERABAD-SAMSHABAD SECTION OF NH,MoRTH,TELANGANA,2018-01-01,,2020-05-01,2020-05-01,283.15
N24000988,WIDENING AND STRENGTHENING OF EXISTING 2-LANE TO 2-LANE WITH PAVED SHOULDERS FROM KM.159/0 TO 165/4,MoRTH,TELANGANA,2018-01-01,,2019-12-01,2019-12-01,230.03
N24000989,WIDENING AND STRENGTHENING OF EXISTING CARRIAGEWAY IN 2 LANE WITH PAVED SHOULDERS FROM KM.25/0 TO 59,MoRTH,TELANGANA,2018-02-01,,2020-06-01,2020-06-01,206.13
N24000990,REHABILITATION AND UPGRADATION OF NH-167 FROM DESIGN KM.113.900 TO 154.479 (MALLEPALLY - HALIYA SECT,MoRTH,TELANGANA,2018-02-01,,2019-11-01,2019-11-01,294.13
N24000993,REHABILITATION AND UPGRADATION OF NH-167 FROM DESIGN KM.187.723 TO 234.434 (MIRYALAGUDA TO KODAD SEC,MoRTH,TELANGANA,2018-03-01,,2020-09-01,2020-09-01,322.81
N24000994,CONSTRUCTION OF SIX LANE ELEVATED CORRIDOR FROM KM.7.950 (UPPAL) TO KM.14.200 OF NH-163 TO DE-CONGES,MoRTH,TELANGANA,2018-03-01,,2020-07-01,2026-02-01,626.76
N24000996,REHABILITATION AND UP-GRADATION TO TWO LANE WITH PAVED SHOULDERS FROM KM 0/0 TO 72/6 OF NH-365 (NAKR,MoRTH,TELANGANA,2017-01-01,,2019-10-01,2019-10-01,605.08
N24000997,REHABILITATION AND UP GRADATION FROM KM. 121/0 TO 154/0 OF NAKAREKAL ? MALLAMPALLY SECTION OF NH-365,MoRTH,TELANGANA,2018-03-01,,2019-07-01,2019-07-01,192.67
N24000998,WIDENING AND STRENGTHENING/ RECONSTRUCTION OF EXISTING PAVEMENT TO FOUR ALNE WITH PAVED SHOULDERS FR,MoRTH,TELANGANA,2019-01-01,,,,249.72
N24001002,SARSAM TO KOTHARI,MoRTH,MAHARASHTRA,2016-02-01,,2019-07-01,2023-12-01,545.64
N24001003,AKOLA TO AKOT,MoRTH,MAHARASHTRA,2017-01-01,,2019-06-01,2023-12-01,313.95
N24001008,AJANTHA TO BULDHANA,MoRTH,ANDAMAN AND NICOBAR ISLANDS,2017-02-01,,2019-07-01,2023-12-01,401.0
N24001013,DIGRAS DARWAH KARANJA,MoRTH,MAHARASHTRA,2017-01-01,,2019-06-01,2023-12-01,391.0
N24001017,DAHEGAON TO KUHI,MoRTH,MAHARASHTRA,2017-01-01,,2019-06-01,2023-12-01,229.0
N24001018,BHANDARA TO GHOTITOK,MoRTH,MAHARASHTRA,2017-01-01,,2019-06-01,2019-06-01,393.0
N24001021,AMDI TO SAONER,MoRTH,MAHARASHTRA,2017-01-01,,2019-06-01,2023-12-01,397.0
N24001022,WADI TO ASOLA,MoRTH,MAHARASHTRA,2017-01-01,,2019-09-01,2023-12-01,364.0
N24001046,RALEGAON TO RAMTIRTH,MoRTH,MAHARASHTRA,2017-01-01,,2019-07-01,2023-08-01,210.81
N24001050,VITA TO NAGAJ,MoRTH,MAHARASHTRA,2018-03-01,,2019-12-01,2023-12-01,305.0
N24001057,KARAD PATAN CHIPLUN GUHAGAR,MoRTH,MAHARASHTRA,2017-02-01,,2019-06-01,2019-06-01,407.0
N24001058,KARWANDI TO RAJURI,MoRTH,MAHARASHTRA,2018-03-01,,2019-12-01,2024-03-01,277.0
N24001060,PALPHATA TO PHULAMBARI,MoRTH,MAHARASHTRA,2018-03-01,,2019-12-01,2023-12-01,227.0
N24001069,NANDED TO JALKOT,MoRTH,MAHARASHTRA,2017-12-01,,2019-09-01,2019-09-01,457.0
N24001078,PUNE TO MALE VILLAGE,MoRTH,MAHARASHTRA,2018-03-01,,2019-12-01,2023-12-01,228.31
N24001079,ARDHAPUR TO HIMAYATNAGAR,MoRTH,MAHARASHTRA,2017-12-01,,2020-06-01,2023-12-01,426.0
N24001080,MALE VILLAGE TO PUNE RAIGARH DISTRICT BORDER,MoRTH,MAHARASHTRA,2018-03-01,,2019-12-01,2023-10-01,256.15
N24001082,PUNE RAIGARH DISTRICT BORDER TO MANGAON,MoRTH,MAHARASHTRA,2018-03-01,,2019-12-01,2023-12-01,223.46
N24001090,KOLDE TO KHETIYA,MoRTH,MAHARASHTRA,2017-01-01,,2019-07-01,2023-12-01,509.18
N24001092,SATARA TO MHASWAD,MoRTH,MAHARASHTRA,2017-01-01,,2019-07-01,2023-12-01,653.46
N24001099,MHASWAD TO TEMBHURNI,MoRTH,MAHARASHTRA,2017-01-01,,2019-07-01,2023-12-01,488.6
N24001101,KURUDWADI TO PANDHARPUR,MoRTH,MAHARASHTRA,2017-01-01,,2019-07-01,2023-11-01,307.63
N24001102,PANDHARPUR TO SANGOLA,MoRTH,MAHARASHTRA,2017-07-01,,2019-07-01,2023-12-01,218.38
N24001106,PEN TO KHOPOLI,MoRTH,MAHARASHTRA,2018-03-01,,2018-03-01,2024-01-01,302.0
N24001107,PANCHARAL TO MANDANGHAR,MoRTH,MAHARASHTRA,2018-07-01,,2020-05-01,2020-05-01,302.0
N24001112,NASRATPUR TO BARASGAON,MoRTH,MAHARASHTRA,2016-07-01,,2019-09-01,2019-09-01,407.0
N24001114,INDAPUR TO VADPALE,MoRTH,MAHARASHTRA,2017-01-01,,2019-12-01,2024-03-01,1656.94
N24001122,PAITHAN TO SHIRUR,MoRTH,MAHARASHTRA,2017-03-01,,2019-06-01,2024-03-01,341.8
N24001123,SHIRUR TO KHARDA,MoRTH,MAHARASHTRA,2017-02-01,,2019-06-01,2023-12-01,381.77
N24001124,AURANGABAD TO SILLOD,MoRTH,MAHARASHTRA,2017-02-01,,2019-06-01,2023-12-01,541.93
N24001125,SILLOD TO FARDAPUR,MoRTH,MAHARASHTRA,2017-02-01,,2019-06-01,2023-12-01,432.98
N24001130,RECONSTRUCTION WITH GEOMETRIC IMPROVMENT OF EXISTING INTERMEDIATE LANE TO 2 LANE WITH PAVED SHOULDER,MoRTH,UTTARAKHAND,2016-08-01,,2017-12-01,2017-12-01,234.88
N24001132,BHOGAN KHURD TO KASHEDI,MoRTH,MAHARASHTRA,2017-09-01,,2021-06-01,2023-12-01,743.0
N24001134,KANTE TO WAKED,MoRTH,MAHARASHTRA,2016-03-01,,2019-11-01,2024-12-01,1230.0
N24001138,PARLI PIMPLA DAHIGUDA,MoRTH,MAHARASHTRA,2017-02-01,,2019-06-01,2023-08-01,206.0
N24001156,WIDENING TO TWO LANE WITH PAVED SHOULDER FROM KM 544.200 TO KM 594.000 OF NH-150A HOSMANE CROSS ? PA,MoRTH,KARNATAKA,2017-01-01,,2017-09-01,2023-05-01,264.34
N24001157,IMPROVEMENTS AND RECONSTRUCTION TO TWO LANE WITH PAVED SHOULDERS FROM KM 243.20 TO KM 290.20 OF NH,MoRTH,KARNATAKA,2016-08-01,,2017-02-01,2024-07-01,241.6
N24001158,RECONSTRUCTION TO TWO LANE WITH PAVED SHOULDERS FROM DS. CH. 442+180 (EX. KM 448.00) TO DS. CH.485+2,MoRTH,KARNATAKA,2018-03-01,,2019-06-01,2023-12-01,242.61
N24001159,WIDENING TO TWO LANE WITH PAVED SHOULDERS FROM KM 20.150 TO KM 40.00 OF BC ROAD KOTTIGEHARA SECTION,MoRTH,KARNATAKA,2018-01-01,,2018-07-01,2022-03-01,159.7
N24001160,WIDENING TO TWO LANE WITH PAVED SHOULDER FROM KM 194.900 TO KM 243.200 OF NH-234 BANAVARA- HULIYAR,MoRTH,KARNATAKA,2017-09-01,,2018-10-01,2022-04-01,191.6
N24001161,WIDENING TO TWO LANE WITH PAVED SHOULDERS FROM 24.600 TO 70.063 OF MUDIGERE TO KADUR SECTION OF NH-,MoRTH,KARNATAKA,2017-12-01,,2019-01-01,2022-04-01,318.28
N24001162,IMPROVEMENT AND RECONSTRUCTION TO TWO LANE WITH PAVED SHOULDERS FROM KM 489.845 (NEW KM.58.125) AN,MoRTH,KARNATAKA,2018-03-01,,2018-10-01,2022-11-01,386.41
N24001164,WIDENING TO 2 LANE WITH PAVED SHOULDERS FROM KM 0 TO 54 OF NH- 50 UNDER EPC MODE IN THE STATE OF KARN,MoRTH,KARNATAKA,2016-10-01,,2017-03-01,2022-07-01,396.96
N24001165,WIDENING TO 2 LANE WITH PAVED SHOULDERS FROM KM 34.00 TO 70.900 OF NH-150 UNDER EPC MODE IN THE STAT,MoRTH,KARNATAKA,2016-11-01,,2017-03-01,2021-10-01,314.9
N24001166,WIDENING TWO LANE WITH PAVED SHOULDERS FROM FROM KM.56.00 TO 106.00 OF NH-218 (218-KNT-2014-15- 775),MoRTH,KARNATAKA,2015-03-01,,2016-01-01,2024-07-01,159.12
N24001168,ESTIMATE FOR WIDENING TWO LANE TO FOUR LANE FROM FROM KM.129.00 TO 144.00 OF NH-63 ANKOLA-GOOTY SECT,MoRTH,KARNATAKA,2018-05-01,,2018-05-01,2023-12-01,171.6
N24001172,WIDENING TO TWO LANE WITH PAVED SHOULDER FROM KM 4.40 TO KM 56.00 OF NH-218 BIJAPURA-HUBLI SECTION U,MoRTH,KARNATAKA,2017-01-01,,2017-08-01,2022-06-01,291.49
N24001173,CONSTRUCTION OF MAJOR BRIDGE AT KM 180.865 ACROSS RIVER KRISHNA ON NH-167 HAGARI ? JADERCELA SECTION,MoRTH,KARNATAKA,2017-02-01,,2019-05-01,2025-10-01,188.0
N24001179,CONSTRUCTION OF 2 LANE WITH PAVED SHOULDER FROM KM. 168 TO 183.783 (YESEMYONG TO UNGER) ON MOKOKCHUN,MoRTH,NAGALAND,2017-03-01,,2020-11-01,2023-02-01,217.35
N24001180,WIDENING OF EXISTING SINGLE/INTERMEDIATE LANE ROAD TO 2 LANE ROAD FROM KM. 83.00 TO KM 101.00 ON NH-,MoRTH,NAGALAND,2019-03-01,,2022-12-01,2023-01-01,237.51
N24001201,CONSTRUCTION OF A NEW 4 LANE BRIDGE PARALLEL TO EXISTING MG SETU WITH ITS APPROACHES FROM KM 0.00,MoRTH,BIHAR,2019-02-01,,2024-09-01,2026-09-01,2926.42
N24001216,WIDENING TO 2 LANE WITH PAVED SHOULDERS AND GEOMETRIC IMPROVEMENT OF NH-114A FROM KM 141 TO KM 184 I,MoRTH,JHARKHAND,2016-12-01,,2021-09-01,2024-12-01,196.0
N24001217,REHABILITATION AND UPGRADATION OF NH 43 KANKER TO BEDMA SECTION KM. 130 TO 180,MoRTH,CHHATTISGARH,2016-01-01,,2016-08-01,2025-06-01,572.66
N24001221,REHABILITATION AND UPGRADATION OF NH 78 FROM KM 373.505 TO 469.300 AMBIKAPUR TO PATHALGAON SECTION,MoRTH,CHHATTISGARH,2016-01-01,,2016-10-01,2025-03-01,731.5
N24001222,REHABILITATION AND UPGRADATION OF NH 78 FROM KM 469.000 TO 531.000 PATTHALGAON TO KUNKURI,MoRTH,CHHATTISGARH,2016-03-01,,2016-07-01,2025-12-01,435.61
N24001227,CONSTRUCTION OF 4 NOS GRADE SEPARATOR BETWEEN KM. 281.000 TO KM 307.600 KM. 286.400 KUMHARI KM. 299.,MoRTH,CHHATTISGARH,2018-03-01,,2019-01-01,2025-05-01,349.03
N24001228,UPGRADATION AND WIDENING OF BILASPUR TO MUNGELI SECTION NH- 130A,MoRTH,CHHATTISGARH,2017-11-01,,2019-05-01,2025-05-01,188.8
N24001244,CONSTRUCTION OF 2-LANING WITH HARD SHOULDERS OF ARROWA- KHUPA-HAYULIANG SECTION OF NH- 113 FROM CH.68.,NHIDCL,ARUNACHAL PRADESH,2020-08-01,,2022-04-01,2025-04-01,301.06
N24001246,4-LANING OF HAPACHARA - TULUNGIA SECTION,NHIDCL,ASSAM,2020-03-01,,2022-12-01,2024-06-01,220.2
N24001251,CONSTUCTION/UPGRADATION OF EXISTING HIGHWAY TO 2 LANE WITH PAVED SHOULDER FROM KM 0.00 TO KM 13.00 N,NHIDCL,SIKKIM,2019-03-01,,2022-04-01,2025-10-01,402.94
N24001252,CONSTUCTION/UPGRADATION OF EXISTING HIGHWAY TO 2 LANE WITH PAVED SHOULDER FROM KM 13.00 TO KM 25.600,NHIDCL,SIKKIM,2020-08-01,,2023-04-01,2025-10-01,295.97
N24001254,CONSTUCTION/UPGRADATION OF EXISTING HIGHWAY TO 2 LANE WITH PAVED SHOULDER FROM KM 26.10 TO KM 40.00,NHIDCL,SIKKIM,2020-03-01,,2022-06-01,2024-01-01,244.45
N24001255,CONSTRUCTION OF 2-LANE WITH PAVED SHOULDER OF KOHIMA- BYPASS ROAD FROM DESIGN KM10.500 TO 21.00KM [D,NHIDCL,NAGALAND,2020-09-01,,2022-10-01,2026-06-01,277.44
N24001256,CONSTRUCTION OF (I) CONNECTING ROAD FROM Z-MORH TUNNEL TO ZOJILA TUNNEL AND (II) 14.150 KM LONG BI-D,NHIDCL,JAMMU AND KASHMIR,2020-08-01,,2026-09-01,2026-09-01,6808.69
N24001257,CONSTRUCTION OF 2-LANE WITH PAVED SHOULDER OF KOHIMA- BYPASS ROAD FROM DESIGN KM21.0 TO KM32.0 [DESIG,NHIDCL,NAGALAND,2020-08-01,,2022-10-01,2025-12-01,342.29
N24001258,CONSTRUCTION OF 2-LANE WITH PAVED SHOULDER OF KOHIMA- BYPASS ROAD FROM DSIGN KM32.0 TO KM43.454 [DES,NHIDCL,NAGALAND,2020-08-01,,2022-04-01,2025-08-01,202.36
N24001259,UPGRADATION OF EXISTING ROAD TO 2-LANE WITH PAVED SHOULDER FROM KOHIMA TO MAO FROM KM 185.540 TO KM,NHIDCL,NAGALAND,2020-09-01,,2022-04-01,2024-05-01,315.63
N24001261,CONSTRUCTION AND UPGRADATION OFEXISTINGROAD TO 2-LANE WITH PAVED SHOULDER INCLUDING GEOMETRIC IMPROV,NHIDCL,SIKKIM,2020-08-01,,2023-04-01,2025-10-01,273.78
N24001262,CONSTRUCTION AND UPGRADATION OFEXISTINGROAD TO 2-LANE WITH PAVED SHOULDER INCLUDING GEOMETRIC IMPROV,NHIDCL,SIKKIM,2020-07-01,,2023-04-01,2025-10-01,395.59
N24001263,REHABILITATION AND UPGRADATION OF ROAD FROM KM 0.00 TO KM 18.600 OF KUMARGHAT-KAILASHAHAR SECTION,NHIDCL,TRIPURA,2020-06-01,,2022-01-01,2024-12-01,302.02
N24001264,UP-GRADATION TO 2-LANE WITH PAVED SHOULDER FROM KM 12.850 TO KM20.300 OF 7.450KM LENGTH ON GOHA-KHEL,NHIDCL,JAMMU AND KASHMIR,2020-07-01,,2022-04-01,2026-10-01,228.39
N24001266,UP-GRADATION TO 2-LANE WITH PAVED SHOULDER FROM KM 20.300 TO KM 29.030 OF 8.730 KM LENGTH ON GOHA-K,NHIDCL,JAMMU AND KASHMIR,2020-07-01,,2022-04-01,2025-08-01,210.79
N24001269,2-LANING OF CHURACHANDPUR TUIVAI SECTION OF NH-102B (PKG- IB),NHIDCL,ASSAM,2020-03-01,,2022-03-01,2025-08-01,241.52
N24001270,2-LANING OF CHURACHANDPUR TUIVAI SECTION OF NH-102B (PKG- 2A),NHIDCL,MANIPUR,2020-03-01,,2022-06-01,2025-09-01,292.24
N24001271,2-LANING OF CHURACHANDPUR TUIVAI SECTION OF NH-102B (PKG- 2B),NHIDCL,MANIPUR,2020-06-01,,2022-08-01,2025-10-01,365.53
N24001272,2-LANING OF CHURACHANDPUR TUIVAI SECTION OF NH-102B (PKG- 4A),NHIDCL,MANIPUR,2020-03-01,,2022-06-01,2025-06-01,204.12
N24001273,2-LANING OF CHURACHANDPUR TUIVAI SECTION OF NH-102B (PKG- 4B),NHIDCL,MANIPUR,2020-07-01,,2022-08-01,2025-06-01,177.76
N24001274,IMPROVEMENT/UPGRADATION OF EXISTING 2-LANE TO 4-LANE DIVIDED HIGHWAY FROM TAPHOU KUKI TO DAILI SECTI,NHIDCL,MANIPUR,2020-08-01,,2022-04-01,2025-12-01,379.39
N24001278,CONSTRUCTION OF TWO LANE WITH PAVED SHOULDER OF SELLING-DULTE SECTION OF NH-06 (PKG-I),NHIDCL,MIZORAM,2020-03-01,,2022-07-01,2024-06-01,219.33
N24001281,CONSTRUCTION OF TWO LANE WITH PAVED SHOULDER OF SELLING-DULTE SECTION OF NH-06 (PKG-III),NHIDCL,MIZORAM,2020-03-01,,2022-07-01,2024-10-01,331.17
N24001282,2 LANING OF KOHIMA - JESSAMI SECTION (PACKAGE II),NHIDCL,NAGALAND,2020-03-01,,2022-06-01,2026-01-01,355.79
N24001286,2-LANING OF CHANGTONGYA TO LONGLENG ROAD OF NH-702 (PKG-I),NHIDCL,NAGALAND,2020-03-01,,2022-06-01,2023-06-01,278.95
N24001287,2 LANING OF KOHIMA - JESSAMI SECTION (PACKAGE V),NHIDCL,NAGALAND,2020-04-01,,2021-12-01,2025-11-01,330.8
N24001288,CONSTRUCTION OF 2-LANE WITH PAVED SHOULDER OF KOHIMA- BYPASS ROAD FROM DESIGN KM 0.00 TO KM 10.500 [D,NHIDCL,NAGALAND,2020-08-01,,2022-04-01,2026-11-01,350.88
N24001297,CONSTRUCTION OF 2 LANE ROAD OF POTIN TO PANGIN SECTION OF NH 13 FROM KM 163.59 TO KM 206.66 (PACKAGE,MoRTH,ARUNACHAL PRADESH,2019-03-01,,2027-03-01,2027-03-01,450.65
N24001301,6-LANING OF VIJAYAWADA BYPASS FROM GOLLAPUDI (DESIGN CH. 30+000) TO CHINNAKAKANI (DESIGN CH. 47+881),NHAI,ANDHRA PRADESH,2019-11-01,,2024-01-01,2024-07-01,1601.1
N24001303,BALANCE WORK OF 4- LANING OF PATNA-GAYA-DOBHI SECTION (KM. 0.00 TO KM. 127.217) OF NH-83 IN THE STAT,NHAI,BIHAR,2013-10-01,,2020-12-01,2024-12-01,750.0
N24001304,BALANCE WORK OF 4- LANING OF PATNA-GAYA-DOBHI SECTION (KM. 39.00 TO KM. 83.00) OF NH-83 IN THE STATE,NHAI,BIHAR,2013-10-01,,2020-11-01,2024-12-01,598.48
N24001305,BALANCE WORK OF 4- L ANING OF PATNA-GAYA-DOBHI SECTION (KM.83.00 TO KM. 127.217) OF NH-83 IN THE STA,NHAI,BIHAR,2013-10-01,,2020-11-01,2024-12-01,605.53
N24001306,TWO / FOUR LANING OF RAEBARELI - JAGDISHPUR SECTION OF NH-330A FROM KM. 0.000 TO KM. 47.800 (DESIGN,NHAI,UTTAR PRADESH,2020-10-01,,2023-03-01,2025-08-01,724.6
N24001309,KAILASHAHAR TO KHOWAI PKG-4,NHIDCL,TRIPURA,2020-11-01,,2022-06-01,2024-11-01,171.5
N24001313,IMPROVEMENT/WIDENING TO 2-L WITH PAVED SHOULDER FROM (DESIGN KM 0.00 TO KM 10.670) / 4-LANING FROM (,NHIDCL,MEGHALAYA,2020-11-01,,2023-12-01,2025-10-01,351.12
N24001314,IMPROVEMENT/WIDENING TO 2-LANE WITH PAVED SHOULDER FROM (DESIGN KM 10.670 TO KM 37.550) BETWEEN SHIL,NHIDCL,MEGHALAYA,2020-11-01,,2023-12-01,2026-08-01,525.68
N24001317,2-LANING FROM JOLAIBARI - BELONIA,NHIDCL,TRIPURA,2020-06-01,,2022-01-01,2025-04-01,287.47
N24001322,CONSTRUCTION OF 2-LANE ROAD WITH PAVED SHOULDER (GREENFIELD ALIGNMENT) OF EXISTING STRETCH BETWEEN L,NHIDCL,SIKKIM,2020-09-01,,2022-05-01,2025-12-01,439.56
N24001323,KHELLANI-KHANABAL PKG-1,NHIDCL,JAMMU AND KASHMIR,2021-03-01,,2022-09-01,2024-11-01,486.45
N24001325,CONSTRUCTION OF 2-LANE SPECIFICATION ROAD WITH PAVED SHOULDER AS REALIGNMENT (GREENFIELD ALIGNMENT),NHIDCL,SIKKIM,2020-09-01,,2023-05-01,2025-12-01,414.2
N24001326,4-L DHUBRI PHULBARI BRIDGE WITH APPROACH ROAD,NHIDCL,ASSAM,2020-11-01,,2028-09-01,2028-09-01,4997.04
N24001327,REHABILITATION AND UPGRADATION OF EXISTING ROAD TO 2-LANE WITH PAVED SHOULDER INCLUDING GEOMETRIC IM,NHIDCL,SIKKIM,2020-08-01,,2022-05-01,2025-12-01,292.8
N24001331,2-LANING FROM YAINGANGPOKPI TO FINCH CORNER (PKG-I),NHIDCL,ASSAM,2020-03-01,,2022-06-01,2025-12-01,261.13
N24001332,2-LANING FROM YAINGANGPOKPI TO FINCH CORNER (PKG-II),NHIDCL,ASSAM,2020-03-01,,2022-06-01,2025-12-01,217.5
N24001334,IMPROVEMENT/WIDENING TO 2-LANE WITH PAVED SHOULDER FROM (DESIGN KM 45.760 TO KM 63.530) BETWEEN SHIL,NHIDCL,MEGHALAYA,2020-11-01,,2023-12-01,2026-04-01,445.51
N24001335,IMPROVEMENT/WIDENING TO 2-LANE WITH PAVED SHOULDER / 4-LANING FROM (DESIGN KM 63.530 TO KM 71.520) B,NHIDCL,MEGHALAYA,2020-11-01,,2023-12-01,2026-11-01,284.21
N24001336,CONSTRUCTION AND UPGRADATION OF EXISTING ROAD TO 2-LANE WITH PAVED SHOULDER FROM KM27.200 (END OF RO,NHIDCL,SIKKIM,2020-08-01,,2023-04-01,2026-03-01,244.91
N24001337,CONSTRUCTION AND UPGRADATION OF EXISTING ROAD TO 2-LANE WITH PAVED SHOULDER FROM NEW ROLEP BRIDGE AT,NHIDCL,SIKKIM,2020-10-01,,2023-11-01,2026-03-01,478.79
N24001338,CONSTRUCTION OF 2-LANE WITH PAVED SHOULDER OF NEW GREEN FIELD ALIGNMENT FROM CHOCHENPHERI AT KM 52.0,NHIDCL,SIKKIM,2020-10-01,,2023-12-01,2026-12-01,786.6
N24001339,RANIKOR-MAHESHKHOLA- BAGHMARA (RMB) PKG-4 (KANAI-RONGARA),NHIDCL,MEGHALAYA,2020-10-01,,2022-04-01,2025-02-01,146.92
N24001341,KHELLANI-KHANABAL PKG-3,NHIDCL,JAMMU AND KASHMIR,2021-03-01,,2022-12-01,2025-05-01,398.51
N24001343,KARGIL-ZANSKR PACKAGE-1,NHIDCL,LADAKH,2021-03-01,,2023-01-01,2025-11-01,384.23
N24001344,KARGIL-ZANSKR PACKAGE-2,NHIDCL,LADAKH,2021-03-01,,2023-01-01,2025-11-01,404.89
N24001345,KARGIL-ZANSKR PACKAGE-3,NHIDCL,LADAKH,2020-08-01,,2023-01-01,2025-08-01,381.01
N24001348,KARGIL-ZANSKR PACKAGE-8,NHIDCL,LADAKH,2021-03-01,,2023-01-01,2025-08-01,398.37
N24001349,MARIAM - PEREN PKG-1A,NHIDCL,MANIPUR,2021-02-01,,2022-12-01,2025-12-01,226.32
N24001350,MARIAM - PEREN (PKG 1B),NHIDCL,MANIPUR,2021-02-01,,2022-12-01,2025-09-01,188.36
N24001353,IMPHAL - KHONGSANG PKG-2,NHIDCL,MANIPUR,2021-03-01,,2022-12-01,2025-03-01,195.14
N24001354,TAMENGLONG - MAHUR PKG-3,NHIDCL,MANIPUR,2021-03-01,,2022-12-01,2025-11-01,234.08
N24001356,DULTE- KWALKULH - CHAMPAI PKG.2,NHIDCL,MIZORAM,2021-03-01,,2022-12-01,2024-04-01,233.25
N24001358,TLABUNG - LUNGLEI PKG-A,NHIDCL,MIZORAM,2021-03-01,,2022-12-01,2026-03-01,698.45
N24001359,TLABUNG - LUNGLEI PKG-B,NHIDCL,MIZORAM,2021-03-01,,2023-01-01,2026-03-01,740.58
N24001360,RANIKOR-MAHESHKHOLA- BAGHMARA (RMB) PKG-3,NHIDCL,MEGHALAYA,2021-03-01,,2022-12-01,2024-06-01,260.21
N24001361,RISHI BORDER- ROLEP- MENLA PKG- 2A,NHIDCL,SIKKIM,2021-01-01,,2023-09-01,2025-04-01,348.92
N24001362,RISHI BORDER- ROLEP- MENLA PKG- 3B,NHIDCL,SIKKIM,2020-12-01,,2024-02-01,2025-12-01,379.3
N24001363,MANU-SIMLUNG ( PKG 4),NHIDCL,TRIPURA,2021-03-01,,2022-12-01,2025-12-01,354.79
N24001366,DABOKA KATHKATI PACKAGE-5,NHIDCL,ASSAM,2021-03-01,,2023-01-01,2024-11-01,288.85
N24001368,TULUNGIA-JOGIGHOPA-PAIKAN ROAD PKG-7,NHIDCL,ASSAM,2021-03-01,,2024-01-01,2025-10-01,286.72
N24001369,WIDENING TO 2 LANES WITH PAVED SHOULDERS FROM KM.87/000 TO 133/720 (NATTUKAL TO THANAU JN. IN PALAKK,MoRTH,KERALA,2017-02-01,,2017-08-01,2024-08-01,296.53
N24001370,WIDENING TO 2-LANE WITH PAVED SHOULDERS FROM KM 119/017 TO KM 161/300 ON NH 85 (OLD NH 49),MoRTH,KERALA,2017-02-01,,2017-09-01,2024-08-01,372.87
N24001371,CONSTRUCTION OF 2 LANE BRIDGE ACROSS RIVER KOSI WITH APPROACH ROAD FROM BHEJA TO BAKAUR SECTION OF N,NHAI,BIHAR,2019-10-01,,2023-08-01,2026-04-01,1101.99
N24001375,4 LANING OF ITANAGAR TO BANDARDEWA SECTION OF NH-415 FROM KM 40+430 TO KM 51+735 (PACKAGE B) ON EPC,MoRTH,ARUNACHAL PRADESH,2020-06-01,,2027-03-01,2027-03-01,496.47
N24001381,REHABILITATION AND UPGRADATION TO 2-LANE/2-LANE WITH PAVED SHOULDERS/4-LANE CONFIGURATION OF PAONTA,MoRTH,HIMACHAL PRADESH,2020-08-01,,2021-04-01,2021-04-01,272.98
N24001382,REHABILITATION AND UPGRADATION TO 2-LANE CONFIGURATION OF HEWNA-ASHYARI SECTION (KM 25.000 TO KM 50.,MoRTH,HIMACHAL PRADESH,2020-08-01,,2021-03-01,2024-07-01,242.8
N24001383,REHABILITATION AND UPGRADATION TO INTERMEDIATE LANE CONFIGURATION OF SHRI KYARI- GUMMA SECTION (KM 75,MoRTH,HIMACHAL PRADESH,2020-08-01,,2021-04-01,2021-04-01,349.2
N24001386,REHABILITATION AND UPGRADATION TO 2-LANE WITH PAVED SHOULDERS CONFIGURATION OF PADERU- GONDIGUDA SECT,MoRTH,ANDHRA PRADESH,2020-08-01,,2021-03-01,2025-06-01,222.61
N24001387,WIDENING TO 2-LANE WIH PAVED SHOULDER FROM KM. 544.20 TO 594.00 (HOSAMANE CROSS TO PANDAVAPURA) SECT,MoRTH,KARNATAKA,2017-01-01,,2017-09-01,2023-05-01,264.34
N24001388,CONSTRUCTION OF MAJOR BRIDGE ACROSS SHARAVATHI BACKWATERS AND APPROCHES BETWEEN AMBARGODU AND KALASA,MoRTH,KARNATAKA,2019-03-01,,2019-12-01,2024-11-01,423.15
N24001389,CHANGTONGYA TO LONGLENG ROAD PKG-2,NHIDCL,NAGALAND,2020-03-01,,2022-06-01,2022-09-01,206.53
N24001390,JORAM ? KOLORIANG ROAD FROM EXISTING KM 50.050 TO KM 70.00 (PKG- 3),NHIDCL,ARUNACHAL PRADESH,2020-08-01,,2022-04-01,2024-09-01,228.71
N24001391,JORAM ? KOLORIANG ROAD FROM EXISTING KM 70.00 TO KM 88.700 (PKG-4),NHIDCL,ARUNACHAL PRADESH,2020-08-01,,2022-04-01,2024-02-01,294.04
N24001393,JORAM ? KOLORIANG ROAD FROM EXISTING KM122.600 TO KM138.00 (PKG-7),NHIDCL,ARUNACHAL PRADESH,2020-08-01,,2022-04-01,2025-07-01,184.88
N24001394,KHELLANI-KHANABAL PKG-2,NHIDCL,JAMMU AND KASHMIR,2021-07-01,,2023-02-01,2026-06-01,512.43
N24001395,KHELLANI-KHANABAL PKG-4,NHIDCL,JAMMU AND KASHMIR,2021-07-01,,2023-08-01,2026-06-01,859.67
N24001396,KHELLANI-KHANABAL PKG-5,NHIDCL,JAMMU AND KASHMIR,2021-07-01,,2023-02-01,2025-08-01,497.09
N24001397,GOHA-KHELLANI PKG-3,NHIDCL,JAMMU AND KASHMIR,2021-02-01,,2023-03-01,2025-03-01,433.08
N24001400,SENAPATI- IMPHAL PKG-5B,NHIDCL,MANIPUR,2021-03-01,,2023-01-01,2025-10-01,211.7
N24001401,IMPHAL - KHONGSANG PKG-3,NHIDCL,MANIPUR,2021-07-01,,2023-03-01,2025-10-01,467.0
N24001402,TAMENGLONG - MAHUR PKG-1,NHIDCL,MANIPUR,2021-07-01,,2023-03-01,2025-01-01,185.8
N24001403,TAMENGLONG - MAHUR PKG-2,NHIDCL,MANIPUR,2021-07-01,,2023-03-01,2025-12-01,483.87
N24001404,TAMENGLONG - MAHUR PKG-4,NHIDCL,MANIPUR,2021-07-01,,2023-03-01,2025-03-01,198.77
N24001405,CHURACHANPUR TUIVAI PKG-3,NHIDCL,MANIPUR,2021-07-01,,2023-10-01,2025-12-01,673.27
N24001406,PEREN-DIMAPUR SECTION PKG-2,NHIDCL,NAGALAND,2021-07-01,,2023-03-01,2025-09-01,258.52
N24001408,CONSTRUCTION OF 2-LANE MAJOR BRIDGE INCLUDING APPROACHESOVER BRAHMAPUTRA BETWEEN MAJULI ON NORTH BAN,MoRTH,ASSAM,2021-02-01,,2025-07-01,2025-07-01,1019.17
N24001411,4L+PS OF NH -58 FROM BEAWAR- GOMTI (OLD CH KM 58.245 TO KM. 108.600) PKG-I.,MoRTH,RAJASTHAN,2020-12-01,,2023-10-01,2025-12-01,379.23
N24001415,DELHI-AMRITSAR-KATRA EXPRESSWAY FROM JUNCTION WITH PATIALA-BATHINDA ROAD (NH-7) NEAR BHAWANIGARH TO,NHAI,PUNJAB,2020-12-01,,2024-04-01,2024-07-01,881.0
N24001416,DELHI-AMRITSAR-KATRA EXPRESSWAY FROM JUNCTION WITH LUDHIANA-MALERKOTLA ROAD (SH-11) NEAR BHOGIWAL VI,NHAI,PUNJAB,2020-12-01,,2024-01-01,2025-03-01,989.66
N24001417,DELHI-AMRITSAR-KATRA EXPRESSWAY FROM JUNCTION WITH LUDHIANA-MOGA ROAD (NH-5) NEAR MULLANPUR DAKHA TO,NHAI,PUNJAB,2020-12-01,,2024-04-01,2025-09-01,1234.4
N24001418,DELHI-AMRITSAR-KATRA EXPRESSWAY FROM CH.KM 303+900 TO KM 319+400 OF MAIN EXPRESSWAY) AND AMRITSAR CO,NHAI,PUNJAB,2020-12-01,,2024-04-01,2025-09-01,1094.46
N24001419,DELHI-AMRITSAR-KATRA EXPRESSWAY (PHASE-I PKG-XI) FROM JUNCTION WITH JALANDHAR - KAPURTHALA ROAD (NH-,NHAI,PUNJAB,2021-02-01,,2024-04-01,2024-11-01,1269.96
N24001420,DELHI-AMRITSAR-KATRA EXPRESSWAY (PHASE-I PKG-XII) FROM JUNCTION WITH AMRITSAR-MEHTA- SRIHARGOBINDPUR-,NHAI,PUNJAB,2021-02-01,,2024-04-01,2025-12-01,853.66
N24001421,CONSTRUCTION OF 6 LANE BRIDGE ON GANGA ON NH-96 AND ITS APPROACHES IN PHAPHAMAU ALLAHABAD ON EPC MOD,MoRTH,UTTAR PRADESH,2018-07-01,,2024-02-01,2025-08-01,1948.25
N24001422,REHABILITATION AND UPGRADATION TO 2-LANE CONFIGURATION OF ASHYARI-SHRI KYARI SECTION (KM 50.000 TO K,MoRTH,HIMACHAL PRADESH,2021-02-01,,2021-09-01,2024-07-01,345.89
N24001424,CONSTRUCTION OF FOUR-LANE ELEVATED VIADUCT FROM KM.4+634 TO KM.6+345 ON NH-24A INCLUDING RETAINING W,MoRTH,UTTAR PRADESH,2021-03-01,,2023-09-01,2025-01-01,269.81
N24001425,4L OF ADDAHOLE TO BANTWAL CROSS SECTION INCLUDING FLYOVER AT KALLADKA TOWN,NHAI,KARNATAKA,2021-03-01,,2021-11-01,2025-11-01,1687.31
N24001426,4L OF ADDAHOLE TO BANTWAL CROSS SECTION,NHAI,KARNATAKA,2021-03-01,,2021-10-01,2025-07-01,572.01
N24001427,CONSTRUCTION OF ROB WITH APPROACHES IN LIEU OF L C NO 165 OF AHMEDABAD PALANPUR BETWEEN RAILWAY STAT,MoRTH,GUJARAT,2020-06-01,,2023-04-01,2024-09-01,166.21
N24001428,FOUR LANING OF VILUPPURAM TO PUDHUCHERRY (DESIGN CH. KM. 00/000 TO KM. 29/000) SECTION OF NH-45A ON,NHAI,TAMIL NADU,2018-03-01,,2021-11-01,2024-12-01,1358.32
N24001429,FOUR LANING OF PUDUCHERRY (KM.29/000) TO POONDIYANKUPPAM (KM.67/000) SECTION OF NH-45A ON HAM UNDER,NHAI,TAMIL NADU,2018-03-01,,2021-11-01,2025-07-01,1588.4
N24001430,FOUR LANING OF POONDIYANKUPPAM (KM.67/000) TO SATTANATHAPOURAM (KM.123/800) SECTION OF NH- 45A ON HAM,NHAI,TAMIL NADU,2018-03-01,,2022-01-01,2024-12-01,2565.63
N24001431,FOUR LANING OF SATTANATHAPURAM (KM.123/800) TO NAGAPATTINAM (KM.179/555) SECTION OF NH-45A ON HAM UN,NHAI,TAMIL NADU,2018-03-01,,2020-10-01,2026-01-01,2899.77
N24001434,JOGIGHOPA BRIDGE,NHIDCL,ASSAM,2021-08-01,,2024-11-01,2026-12-01,746.76
N24001436,TAMENGLONG - MAHUR PKG-5,NHIDCL,MANIPUR,2021-08-01,,2023-05-01,2026-01-01,477.86
N24001437,TAMENGLONG - MAHUR PKG-6,NHIDCL,MANIPUR,2021-09-01,,2023-05-01,2025-12-01,311.18
N24001438,MERANGKONG-TAMLU-MON (MTM) PKG-5,NHIDCL,NAGALAND,2021-07-01,,2023-12-01,2025-09-01,161.73
N24001439,MARAM - PEREN PKG-3,NHIDCL,MANIPUR,2021-08-01,,2023-05-01,2025-02-01,467.41
N24001440,KEIFANG - TUVAI PKG-1,NHIDCL,MIZORAM,2021-09-01,,2023-05-01,2024-05-01,492.94
N24001441,REHABILITATION AND UPGRADATION OF NONGSTOIN TO WAHKAJI SECTION OF PROJECT ROAD KM 0.000 TO KM 43.06,MoRTH,MEGHALAYA,2020-08-01,,2022-02-01,2025-07-01,302.88
N24001442,CONSTRUCTION OF 2-LANE WITH PAVED SHOULDER GANGTOK BYPASS ROAD FROM RANIPOOL TO BURTUK (L=23.316KM),MoRTH,SIKKIM,2021-10-01,,2024-05-01,2026-03-01,385.15
N24001443,CONSTRUCTION OF FOUR LANE EXPRESSWAY FROM START OF SARDAR PATEL RING ROAD TO SINDHREJ VILLAGE (CH. 0,NHAI,GUJARAT,2020-05-01,,2024-03-01,2025-07-01,929.95
N24001444,CONSTRUCTION OF FOUR LANE EXPRESSWAY FROM START OF SINDHREJ VILLAGE (CH. 22.00 TO CH. 48.52) SECTION,NHAI,GUJARAT,2020-05-01,,2024-01-01,2025-07-01,1229.37
N24001445,CONSTRUCTION OF FOUR LANE EXPRESSWAY FROM START OF VEJALLKA VILLAGE TO START OF DSIR ZONE OF AHMEDAB,NHAI,GUJARAT,2020-05-01,,2023-07-01,2025-06-01,903.85
N24001446,CONSTRUCTION OF FOUR LANE EXPRESSWAY FROM START OF DSIR ZONE OF AHMEDABAD DISTRICT TO ADHELAI VILLAG,NHAI,GUJARAT,2020-05-01,,2023-12-01,2025-06-01,1261.58
N24001447,REHABILITATION AND UPGRADATION TO 2-LANE CONFIGURATION OF HAMIRPUR-KARNOHAL SECTION (KM 141.000 TO K,MoRTH,HIMACHAL PRADESH,2020-08-01,,2024-12-01,2024-12-01,371.93
N24001448,UPGRADATION OF ADHALGAON- JAMKHED SECTION OF NH-548 D FROM KM 132/600 TO KM 195/375 TO TWO LANE WITH,MoRTH,MAHARASHTRA,2021-11-01,,2022-02-01,2022-02-01,223.35
N24001450,DABOKA KATHKATI PACKAGE-6,NHIDCL,ASSAM,2021-09-01,,2024-07-01,2025-05-01,625.64
N24001453,IMPHAL - KHONGSANG PKG-4,NHIDCL,MANIPUR,2021-08-01,,2023-12-01,2025-12-01,579.63
N24001455,CONSTRUCTION OF 4 LANE WITH PAVED SHOULDERS THIRUVAYARU BYPASS IN BETWEEN EXISTING KM.55/926 TO 62/6,MoRTH,TAMIL NADU,2022-02-01,,2022-08-01,2025-03-01,207.97
N24001456,REHABILITATION AND UPGRADATION TO 2 LANE WITH PS OF RADHAITA TO PILIBHIT SECTION OF 46.130 KM,MoRTH,UTTAR PRADESH,2020-04-01,,2024-02-01,2025-01-01,212.96
N24001457,REHABILITATION AND UPGRADATION TO 2 LANE WITH PS OF MIRANPUR KATRA TO RADHAITA SECTION OF NH- 730C F,MoRTH,UTTAR PRADESH,2020-04-01,,2024-07-01,2025-09-01,169.56
N24001461,2-LANE WITH PS OF BEWAR TO NEAR KARRI VILLAGE SECTION OF NH-92 FROM KM.0.00 TO 30.00 UNDER GNHCP,MoRTH,UTTAR PRADESH,2020-04-01,,2024-03-01,2025-08-01,236.47
N24001462,2-LANE WITH PS OF NEAR KARRI VILLAGE TO ETAWAH SECTION OF NH- 92 FROM KM.30.000 TO 57.346 UNDER GNHCP,MoRTH,UTTAR PRADESH,2020-04-01,,2024-07-01,2025-08-01,211.09
N24001464,PROJECTS- REHABILITATION AND UPGRADATION OF NH-731A FROM KM 0.00 TO KM.35.00,MoRTH,UTTAR PRADESH,2021-03-01,,2023-08-01,2025-08-01,264.86
N24001465,WIDENING OF EXISTING SINGLE LANE / INTERMEDIATE LANE ROAD TO 2 LANE FROM KM 101 TO KM 125 OF NH 61 I,MoRTH,NAGALAND,2020-06-01,,2024-09-01,2026-06-01,252.19
N24001466,WIDENING TO EXISTING SINGLE LANE /INTERMEDIATE LANE TO 2 LANE FROM KM185.00 TO KM 220.00 OF NH- 61 (N,MoRTH,NAGALAND,2021-03-01,,2024-07-01,2025-12-01,297.24
N24001467,WIDENING TO EXISTING SINGRE/INTERMEDIATE RANE TO 2 LANE FROM KM 135 TO KM 147 AND FROM KM 156.00 TO,MoRTH,NAGALAND,2021-03-01,,2024-02-01,2025-03-01,226.44
N24001468,REPANPALLI TO SIRONCHA,MoRTH,MAHARASHTRA,2022-03-01,,2022-06-01,2024-06-01,282.07
N24001469,IMPROVEMENT AND UPGRADATION TO TWO LANE WITH PAVED SHOULDER CONFIGURATION FROM EXISTING KM 55.00 TO,MoRTH,UTTAR PRADESH,2021-11-01,,2024-05-01,2025-07-01,307.11
N24001470,REHABILITATION AND UPGRADATION TO 2-LANE CONFIGURATION OF KALWAHAN-MANDI SECTION (KM 208.950 TO KM 2,MoRTH,HIMACHAL PRADESH,2020-08-01,,2025-04-01,2025-04-01,314.32
N24001471,R/U TO 2-LANE WITH PS OF BEWAR TO ALLAHGANJ SECTION OF NH-730C FROM KM.0.00 TO 52.770 UNDER GNHCP,MoRTH,UTTAR PRADESH,2020-04-01,,2024-11-01,2025-07-01,340.16
N24001472,BALANCE WORKS OF FOUR LANING FROM RAMBAN KM 151.00 TO BANIHAL KM 187.00 OF NH-1A (NOW NH-44) WITH VA,NHAI,JAMMU AND KASHMIR,2021-09-01,,2023-12-01,2024-06-01,811.19
N24001473,CONSTRUCTION OF 2-LANING WITH HARD SHOULDER ROAD OF UKHRUL - TOLOI - TADUBI SECTION OF NH-102A FROM,NHIDCL,MANIPUR,2021-09-01,,2024-02-01,2025-07-01,310.76
N24001474,REHABITITATION AND UP GRADATION OF NONGSTOIN-RAMBRAI-KYRSHAI ROAD UP TO MEGHALAYA-ASSAM BORDER FROM,NHIDCL,MEGHALAYA,2021-09-01,,2024-05-01,2026-05-01,359.86
N24001475,CONSTRUCTION OF 2 LANE WITH HARD SHOULDER FROM DESIGN CHAINAGE KM 283.000 TO KM 325.440 (5- LEGGED J,NHIDCL,NAGALAND,2022-03-01,,2024-12-01,2025-01-01,605.36
N24001476,CONSTRUCTION OF 4 LANE ACCESS CONTROLLED NEW GREENFIELD HIGHWAY SECTION OF NH 365BG FROM RECHARLA VI,NHAI,ANDHRA PRADESH,2021-09-01,,2022-09-01,2025-07-01,655.06
N24001477,CONSTRUCTION OF 4 LANE ACCESS CONTROLLED NEW GREENFIELD HIGHWAY SECTION OF NH-365BG (KHAMMAM-DEVARAP,NHAI,ANDHRA PRADESH,2021-09-01,,2022-09-01,2025-06-01,817.91
N24001479,WIDENING AND UPGRADATION TO FOUR LANE CONFIGURATION FROM KM.34.900 (BHADOHI) TO KM.73.134 (JAUNPUR),MoRTH,UTTAR PRADESH,2021-03-01,,2024-05-01,2025-08-01,392.03
N24001480,WIDENING AND STRENGTHENING FROM KM 0.00 TO KM 15.089 OF NH- 334A (PURKAJI-LAKSAR-HARIDWAR ROAD) TO TW,MoRTH,UTTAR PRADESH,2021-10-01,,2024-04-01,2025-03-01,227.06
N24001482,KHAMMAM-DEVARAPALLE PKG I [4L ACCESS CONTROLLED (GREENFIELD) FROM THALLAMPADU VILLAGE TO SOMAVARAM,NHAI,TELANGANA,2022-08-01,,2024-10-01,2025-12-01,772.11
N24001483,KHAMMAM DEVARAPALLE PKG II 4L ACCESS CONTROLLED (GREENFIELD) FROM SOMAVARAM VILLAGE TO CHINTAGUDEM V,NHAI,TELANGANA,2022-02-01,,2024-09-01,2025-09-01,637.11
N24001484,KHAMMAM-DEVARAPALLE PKG III [4L ACCESS CONTROLLED (GREENFIELD) FROM CHINTAGUDEM VILLAGE TO RECHERLA,NHAI,TELANGANA,2022-09-01,,2024-02-01,2025-09-01,804.69
N24001486,TUNNEL AT KHAMBATAKI GHAT SECTION AND ITS APPROACHES FROM EXISTING KM. 771.730 TO EXISTING KM. 782.0,NHAI,MAHARASHTRA,2019-02-01,,2022-02-01,2025-08-01,493.0
N24001488,DHARAMPURI-LONAND FROM KM. 117.00 TO 166.40 (PKG-IV) ON MOHOL- ALANDI SECTION,NHAI,MAHARASHTRA,2021-09-01,,2023-09-01,2025-08-01,618.45
N24001493,6L OF KAGAL-SATARA SECTION FROM KM 658.000 TO KM 725.000 OF NH-48 (PKG-II),NHAI,MAHARASHTRA,2022-12-01,,2024-12-01,2025-11-01,1749.86
N24001495,4L OF RATNAGIRI - KOLHAPUR SECTION OF NH-166 FROM KM 0.000 TO KM 19.769 AND KM 31.000 TO KM 67.140 (,NHAI,MAHARASHTRA,2022-11-01,,2024-11-01,2025-09-01,930.0
N24001502,4L OF BARAMATI TO INDAPUR (PKG-II) FROM KM. 41.400 TO KM. 84.550 OF NH- 965G (SAINT TUKARAM MARG),NHAI,MAHARASHTRA,2021-09-01,,2023-09-01,2025-08-01,580.15
N24001503,4L OF INDAPUR TO TONDLE (PKG-III) FROM KM.84.550 TO KM. 131.00 OF NH- 965G (SAINT TUKARAM MARG),NHAI,MAHARASHTRA,2021-09-01,,2023-09-01,2025-03-01,666.21
N24001504,VADODARA MUMBAI EXPRESSWAY (PHASE II - PKG XI) [KM. 77.000 TO KM. 103.400] (GANJAD - TALSARI),NHAI,MAHARASHTRA,2022-05-01,,2024-05-01,2025-06-01,1260.0
N24001505,VADODARA MUMBAI EXPRESSWAY (PHASE II - PKG XII) [KM. 50.700 TO KM. 77.000] (MASVAN - GANJAD),NHAI,MAHARASHTRA,2022-03-01,,2024-03-01,2025-06-01,1549.02
N24001506,VADODARA MUMBAI EXPRESSWAY (PHASE II - PKG XIII) [KM. 26.582 TO KM. 50.700] (SHIRSAD - MASVAN),NHAI,MAHARASHTRA,2022-02-01,,2024-02-01,2025-06-01,2747.0
N24001507,VADODARA MUMBAI EXPRESSWAY (PHASE II - PKG XIV) [KM. 3.000 TO KM. 20.200 OF SPUR] (SHIRSAD - AKLOLI),NHAI,MAHARASHTRA,2022-11-01,,2024-05-01,2025-06-01,1124.0
N24001508,VADODARA MUMBAI EXPRESSWAY (PHASE II - PKG XVI) [KM. 43.000 TO KM. 69.800 OF SPUR] (AMNE - BHOJ),NHAI,MAHARASHTRA,2022-11-01,,2024-10-01,2025-06-01,1450.0
N24001511,CONSTRUCTION OF FOUR LANE RINGROAD BYPASS SRINAGAR CITY,NHAI,JAMMU AND KASHMIR,2021-03-01,,2024-02-01,2025-10-01,2919.96
N24001515,DELHI VADODARA GREENFIELD ALIGNMENT SECTION OF NH 148N PACKAGE 26,NHAI,GUJARAT,2020-09-01,,2024-02-01,2026-03-01,1542.02
N24001516,DELHI VADODARA GREENFIELD ALIGNMENT SECTION OF NH 148N PACKAGE 27,NHAI,GUJARAT,2020-09-01,,2024-02-01,2025-08-01,1185.69
N24001518,DELHI VADODARA GREENFIELD ALIGNMENT SECTION OF NH 148N PACKAGE 30,NHAI,GUJARAT,2019-11-01,,2023-09-01,2025-08-01,1669.56
N24001519,DELHI VADODARA GREENFIELD ALIGNMENT SECTION OF NH 148N PACKAGE 28,NHAI,GUJARAT,2020-09-01,,2023-11-01,2025-07-01,1198.55
N24001520,DELHI VADODARA GREENFIELD ALIGNMENT SECTION OF NH 148N PACKAGE 31,NHAI,GUJARAT,2019-11-01,,2024-05-01,2025-08-01,1604.06
N24001521,VADODARA MUMBAI EXPRESSWAY (PHASE II - PKG XV) [KM. 20.200 TO KM. 43.000 OF SPUR] (AKLOLI - AMNE),NHAI,MAHARASHTRA,2022-11-01,,2024-10-01,2025-07-01,990.0
N24001522,4L OF KODAD (DESIGN KM 0.00/EXISTING KM 185.00 OF NH-65) TO KHAMMAM (DESIGN KM 31.800/EXISTING KM 29,NHAI,TELANGANA,2021-01-01,,2024-01-01,2025-07-01,1307.95
N24001523,6L ACCESS-CONTROLLED HIGHWAY FROM (GANESHPUR) TO(NEAR MOHAND) OF GANESHPUR ? DEHRADUN SECTION FROM K,NHAI,UTTAR PRADESH,2021-03-01,,2023-10-01,2025-07-01,836.24
N24001524,6L OF ACCESS-CONTROLLED HIGHWAY FROM MOHAND TO DAAT KALI TUNNEL OF GANESHPUR ? DEHRADUN SECTION FROM,NHAI,UTTAR PRADESH,2021-03-01,,2023-10-01,2025-07-01,990.28
N24001525,6L ACCESS-CONTROLLED HIGHWAY OF DAAT KALI TUNNEL - DEHRADUN OF GANESHPUR ? DEHRADUN SECTION FROM KM.,NHAI,UTTARAKHAND,2021-03-01,,2024-03-01,2025-05-01,169.08
N24001526,UPGRADATION AND 4L OF HARIDWAR BYPASS FROM KM 0.000 (KM 188.100 OF NH-58) TO KM. 15.100 (KM 5.100 OF,NHAI,UTTARAKHAND,2021-08-01,,2024-10-01,2025-08-01,1384.11
N24001527,2L+PS FOR WORK OF NH-325 (BALOTRA TO SANDERAO VIA JALORE) BY CONSTRUCTION OF BYPASSES:(1) ASOTRA- BR,MoRTH,RAJASTHAN,2021-12-01,,2024-05-01,2025-12-01,411.4
N24001528,WIDENING OF PACHPADRA-BAGUNDI SECTION TO 4 LANE FROM KM 73/60 TO 95/70 OF NH-25 ON EPC MODE IN THE,MoRTH,RAJASTHAN,2022-01-01,,2024-12-01,2025-08-01,194.88
N24001529,44 LANE DIVIDED CARRIAGEWAY OF BARMER BYPASS OF NH-15 (NEW NH- 68) IN THE STATE OF RAJASTHAN ON EPC M,MoRTH,RAJASTHAN,2021-12-01,,2024-08-01,2025-05-01,451.66
N24001530,UPGRADATION TO TWO LANE PAVED SHOULDER OF KOTHUN-LALSOT- KAROLI-DHOLPUR ROAD NH-23 (OLD NH-11B) IN TH,MoRTH,RAJASTHAN,2021-12-01,,2024-09-01,2025-08-01,150.11
N24001532,"CONSTRUCTION OF 4-LANE NH- 344P-PACKAGE-4 (FROM KM 0+000 TO KM 29+600, 29.6KM), STARTING FROM BAWANA",NHAI,HARYANA,2021-11-01,,2023-11-01,2024-01-01,1918.0
N24001533,CONSTRUCTION OF 4-LANE GREEN FIELD DELHI-AMRITSAR- KATRA EXPRESSWAY (NE-05) FROM JUSSUR KHERI ON KMP,NHAI,HARYANA,2020-11-01,,2023-12-01,2025-05-01,2010.17
N24001534,CONSTRUCTION OF FOUR-LANE GREENFIELD DELHI-AMRITSAR- KATRA EXPRESSWAY FROM JUNCTION WITH ROHTAK-PANIP,NHAI,HARYANA,2020-12-01,,2024-01-01,2024-04-01,1334.0
N24001535,4-LANING OF GOHANA-SONIPAT (PKG- 2) SECTION FROM KM 40.601 TO KM 78.837 (LENGTH = 38.236KM) OF NH-352,NHAI,HARYANA,2020-07-01,,2022-07-01,2025-08-01,1882.46
N24001536,FOUR LANING OF JIND GOHANA GREENFIELD ALIGNMENT PACKAGE 1 IN THE STATE OF HARYANA UNDER HYBRID ANNUI,NHAI,HARYANA,2020-07-01,,2022-07-01,2025-06-01,1605.0
N24001537,DABOKA KATHKATI PACKAGE-7,NHIDCL,ASSAM,2021-11-01,,2024-07-01,2025-07-01,204.1
N24001538,IMPHAL - KHONGSANG PKG-5,NHIDCL,MANIPUR,2021-12-01,,2024-05-01,2026-03-01,410.68
N24001539,IMPHAL - KHONGSANG PKG-6,NHIDCL,MANIPUR,2021-12-01,,2025-02-01,2025-12-01,504.76
N24001540,AKASH BRIDGE - JESSAMI SECTION PKG-2,NHIDCL,MANIPUR,2022-03-01,,2025-02-01,2025-03-01,152.11
N24001541,RANIKOR- MAHESHKHOLA- BAGHMARA PKG-2,NHIDCL,MEGHALAYA,2021-11-01,,2024-06-01,2025-05-01,283.5
N24001542,2 LANING FROM MANU-SIMLUNG PKG-2,NHIDCL,TRIPURA,2022-02-01,,2025-01-01,2025-05-01,456.88
N24001543,FOUR LANING OF JAMMU-AKHNOOR PKG-1,NHIDCL,JAMMU AND KASHMIR,2022-07-01,,2025-01-01,2025-10-01,245.34
N24001544,FOUR LANING OF SRIRAMPUR-DHUBRI PKG-2,NHIDCL,ASSAM,2022-03-01,,2025-01-01,2025-06-01,909.02
N24001545,"6L STANDALONE FLYOVERS AT RAHA, DEMOW, BORGHAT, KATHIATALI JUNCTIONS AND ROB AT JAGIROAD ON STRETCHE",NHAI,ASSAM,2022-08-01,,2022-12-01,2024-06-01,175.0
N24001546,6L OF KAGAL-SATARA SECTION FROM KM 592.240 TO KM 658.000 OF NH-48 (PKG-I),NHAI,MAHARASHTRA,2023-01-01,,2025-01-01,2025-01-01,1025.2
N24001547,BALANCE WORK OF 4L OF NARIMBANGLO?JATINGA JUNCTION- HARANGAJO ROAD SECTION FROM KM 0.000 TO KM 49.23,NHAI,ASSAM,2022-03-01,,2026-01-01,2026-01-01,1909.98
N24001548,"6L STANDALONE FLYOVERS AT BONGAIGAON, CHAPAGURI, PATHSALA, SIMLAGURI CHOWK AND BAIHATA BYPASS JUNCTI",NHAI,ASSAM,2022-03-01,,2024-06-01,2025-05-01,457.72
N24001550,DELHI-AMRITSAR-KATRA EXPRESSWAY (PHASE-II PKG-XVI) EXISTING JAKH (VIJAYPUR)-KUNJWANI SECTION OF NH-4,NHAI,JAMMU AND KASHMIR,2021-09-01,,2024-09-01,2025-12-01,1917.32
N24001551,DELHI-AMRITSAR-KATRA EXPRESSWAY (PHASE-II PKG-XIV) FROM JUNCTION WITH PATHANKOT- GURDASPUR ROAD (NH-5,NHAI,JAMMU AND KASHMIR,2021-10-01,,2024-09-01,2025-12-01,3044.02
N24001552,DELHI-AMRITSAR-KATRA EXPRESSWAY (PHASE-II PKG-XV) [JUNCTION WITH HIRANAGAR ROAD NEAR VILLAGE GURHA B,NHAI,JAMMU AND KASHMIR,2021-10-01,,2024-09-01,2026-02-01,2714.95
N24001553,4L MEDINIPUR TO BALLUPUR FROM KM. 458.65 TO KM. 487.65 OF NH- 07(PKG-2),NHAI,UTTARAKHAND,2022-03-01,,2025-02-01,2025-11-01,1092.9
N24001555,"6 LANING OF EXISTING 4-LANE STRETCH FROM KALKALLU AT KM.454+000 TO GUNDLA POCHAMPALLY AT KM.471+000,",NHAI,TELANGANA,2022-03-01,,2025-01-01,2025-01-01,955.49
N24001556,6L OF EXISTING 4L FROM GUNDLAPOCHAMPALLY TO BOWENPALLY FROM KM 471.300 TO KM 481.331 OF NH-44,NHAI,TELANGANA,2021-12-01,,2024-07-01,2024-07-01,521.53
N24001557,4L GREENFIELD SPUR FROM DELHI- VADODARA GREENFIELD EXPRESSWAY NEAR BANDIKUI TO JAIPUR,NHAI,RAJASTHAN,2022-03-01,,2024-11-01,2025-08-01,1636.15
N24001558,4L OF KARWAR (KM. 281.980 OF NH-62 NAGAUR ROAD) TO DANGIYAVAS OF JODHPUR RING ROAD (PKG-II),NHAI,RAJASTHAN,2021-11-01,,2024-08-01,2025-07-01,736.75
N24001559,2L PS SRIGANGANAGAR TO RAISINGHNAGAR (DESIGN CHAINAGE - 0.500 KM TO DESIGN CHAINAGE 101.000 KM) (PACK,NHAI,RAJASTHAN,2021-09-01,,2024-06-01,2025-04-01,672.35
N24001563,DEOGARH (NEAR DHANDHANIYA)- RAJASTHAN/GUJARAT BORDER (PHASE-I) (AJ/DRGB-PACKAGE-6),NHAI,RAJASTHAN,2019-10-01,,2023-08-01,2025-07-01,846.59
N24001564,DEOGARH (NEAR DHANDHANIYA)- RAJASTHAN/GUJARAT BORDER (PHASE-I) (AJ/DRGB-PACKAGE-7),NHAI,RAJASTHAN,2019-10-01,,2023-07-01,2025-07-01,662.08
N24001567,DELHI-VADODARA GREENFIELD ALIGNMENT (NH-148N) (PKG-10) (CH. 292.950 TO CH. 319.400) [END OF INTERCHA,NHAI,RAJASTHAN,2019-11-01,,2022-10-01,2025-08-01,1272.97
N24001568,DELHI-VADODARA GREENFIELD ALIGNMENT (NH-148N) (PKG-14) (CH. 388.420 TO CH. 419.000) [JUNCTION WITH N,NHAI,RAJASTHAN,2019-11-01,,2023-05-01,2025-07-01,1119.35
N24001573,DELHI-VADODARA GREENFIELD ALIGNMENT (NH-148N) (PKG-09) (CH. 247.310 TO CH. 292.950) [JUNCTION WITH M,NHAI,RAJASTHAN,2019-11-01,,2022-12-01,2025-07-01,1658.06
N24001587,WIDENING AND STRENGTHENING OF SECTION FROM BHARTHANA CHOWK TO KODARKOOT (KM. 0.00 TO KM. 40.00) OF,MoRTH,UTTAR PRADESH,2020-03-01,,2024-09-01,2025-08-01,343.77
N24001588,DEVELOPMENT OF SIX LANE SARGI- BASANWAHI OF NH 130 CD FROM KM.42+800 TO 99+500 UNDER RAIPUR VISAKHAPA,NHAI,CHHATTISGARH,2021-12-01,,2025-01-01,2025-12-01,1470.73
N24001589,HARIHARGANJ TO PARWA MODE SECTION FROM KM 23.284 TO KM 57.049 OF NH-98,NHAI,JHARKHAND,2020-09-01,,2024-03-01,2025-04-01,1039.0
N24001590,4L FROM KM 196.87 (SANKHA) TO KM 219.6 (KHAJURI) ON NH-75 [REHLA / GARHWA BYPASS],NHAI,JHARKHAND,2020-09-01,,2023-10-01,2025-01-01,903.0
N24001593,DEVELOPMENT OF SIX LANE JHANKI SARGI OF NH 130 CD FROM KM.0+000 TO 42+800 UNDER RAIPUR VISAKHAPATTNA,NHAI,CHHATTISGARH,2021-11-01,,2024-09-01,2026-04-01,1368.19
N24001594,ELEVATED CORRIDOR IN RANCHI CITY FROM KM 0.00 TO KM 3.260 OF NH-75 INCLUDING DOWN RAMP ON NH-23 FROM,NHAI,JHARKHAND,2022-02-01,,2025-01-01,2025-03-01,534.73
N24001595,4L OF PALMA TO GUMLA SECTION OF NH23 FROM KM. 26.00 TO KM. 89.170 ON HAM MODE IN THE STATE OF JHARKH,NHAI,JHARKHAND,2020-08-01,,2024-03-01,2025-09-01,1879.55
N24001596,4L OF MIRZA CHAUKI TO FARKKA SECTION OF NH80 FROM KM 215.00 TO KM 260.00 ON HAM MODE IN THE STATE OF,NHAI,JHARKHAND,2021-11-01,,2023-07-01,2025-12-01,1504.8
N24001598,6L FROM SANKESHWAR BYPASS TO MH KNT BORDER FROM KM. 555.017 TO KM. 592.853 OF NH-48 (PKG II),NHAI,KARNATAKA,2022-01-01,,2025-04-01,2026-05-01,1388.7
N24001599,BELAKERI PORT TO KUMTA - SIRSI ROAD FROM KM 0.00 - KM 4.265 OF BELEKERI PORT ROAD LINK RD. AND KM 4.,NHAI,KARNATAKA,2018-03-01,,2022-12-01,2025-12-01,440.16
N24001600,BALANCE WORK 2-LANE WITH PAVED SHOULDERS OF NAGAPATTINAM - THANJAVUR SECTION OF NH-67 (NEW NH- 83),NHAI,TAMIL NADU,2020-10-01,,2023-05-01,2025-06-01,434.12
N24001601,4-LANING OF KAMALAPURAM - ODDANCHATRAM SECTION OF NH-209,NHAI,TAMIL NADU,2019-01-01,,2023-01-01,2025-11-01,1051.69
N24001602,4-LANING OF MADATHUKULAM - POLLACHI SECTION OF NH-209 (NEW NH-83),NHAI,TAMIL NADU,2019-01-01,,2022-12-01,2025-11-01,1409.38
N24001603,4-LANING OF ODDANCHATRAM - MADATHUKULAM SECTION OF NH-209 (NEW NH-83),NHAI,TAMIL NADU,2019-01-01,,2022-10-01,2025-06-01,1607.54
N24001605,"4-LANING OF MELUR - PILLAYARPATTI - KARAIKUDI SECTION OF NH-338, NH- 36, NH-383",NHAI,TAMIL NADU,2018-06-01,,2022-03-01,2025-08-01,1103.86
N24001606,4-LANING OF VADIPPATTI - THAMARAIPATTI SECTION OF NH-744A (MADURAI RING ROAD),NHAI,TAMIL NADU,2018-12-01,,2022-03-01,2025-09-01,854.94
N24001607,BALANCE WORKS OF 4L PANVEL- INDAPUR SECTION OF NH-66 (OLD NH- 17) FROM KM 42.300 (KASU) TO KM 84.600 (,NHAI,MAHARASHTRA,2022-10-01,,2024-05-01,2025-12-01,332.0
N24001608,VADODARA MUMBAI EXPRESSWAY (PHASE II - PKG XVII) [KM. 69.800 TO KM. 79.783 OF SPUR] (BHOJ - MORBE),NHAI,MAHARASHTRA,2021-09-01,,2025-07-01,2025-07-01,2208.68
N24001609,BALANCE WORK OF 4 LANING OF PANVEL TO INDAPUR SECTION OF NH- 66(OLD NH- 17) FROM KM 0.000 (PANVEL) TO,NHAI,MAHARASHTRA,2023-01-01,,2023-12-01,2025-09-01,151.26
N24001610,4L OF EXISTING 2/4L STRETCH FROM LONAND TO DIVE GHAT (KM 166.400 TO KM 220.900 ) OF MOHOL ? ALANDI S,NHAI,MAHARASHTRA,2022-01-01,,2024-05-01,2025-08-01,1833.73
N24001611,4 LANE OF BILASPUR TO URGA PROJECT (KM 0.00 TO KM 70.2) OF NH- 130A,NHAI,CHHATTISGARH,2020-04-01,,2024-03-01,2025-12-01,2523.86
N24001612,DELHI-VADODARA GREENFIELD ALIGNMENT (NH-148N) (PKG-15) (CH. 419.000 TO CH.427.300) [JUNCTION WITH NH,NHAI,RAJASTHAN,2020-07-01,,2024-01-01,2025-12-01,1788.69
N24001614,4LBERKHEDI TO GODPEHRA NH-44,NHAI,MADHYA PRADESH,2022-02-01,,2024-11-01,2025-12-01,524.84
N24001615,4L OF SAGAR - MOHARI FROM KM.8 TO KM.50 (PKG-I),NHAI,MADHYA PRADESH,2021-03-01,,2024-04-01,2025-06-01,790.78
N24001616,2L PS OF SATNA - MAIHAR SECTION OF NH-135BG FROM KM 80.800 TO KM 120.125,NHAI,MADHYA PRADESH,2021-01-01,,2023-10-01,2025-02-01,428.04
N24001618,KATNI BYPASS FROM KM. 359.50 TO KM. 378.50,NHAI,MADHYA PRADESH,2019-09-01,,2022-09-01,2025-02-01,235.0
N24001619,CORRIDOR EFFICIENCY IMPROVEMENT INCLUDING REMOVAL OF BLACK SPOTS IN LAKHANPUR - SAMBA SECTION OF NH-,NHAI,JAMMU AND KASHMIR,2022-08-01,,2024-06-01,2025-06-01,200.05
N24001620,CONSTRUCTION OF TUNNELS/VIADUCTS AT IDENTIFIED SLIDING/SLIP ZONES AT KM 130.550 TO KM.130.750; KM.,NHAI,JAMMU AND KASHMIR,2021-09-01,,2023-10-01,2025-12-01,442.14
N24001621,"4L OF KM.165.092 TO KM.171.855 (NORTH BOUND) AND FROM KM.166.895 TO KM.173.638 (SOUTH BOUND), EXCL.",NHAI,JAMMU AND KASHMIR,2021-07-01,,2024-08-01,2025-07-01,614.48
N24001622,4L TWIN TUBE TUNNEL INCLUDING APPROACHES FROM DIGDOL TO KHUNI NALLAH (NORTH BOUND CONNECTING WITH EX,NHAI,JAMMU AND KASHMIR,2021-07-01,,2024-06-01,2025-07-01,1401.87
N24001623,BANIHAL BYPASS (DELINKED FROM SRINAGAR - BANIHAL) FROM KM. 187.00 TO KM. 189.350,NHAI,JAMMU AND KASHMIR,2020-01-01,,2024-01-01,2025-02-01,336.01
N24001624,CONSTRUCTION OF EMERGENCY LANDING FACILITY FROM KM. 246.60 TO KM. 249.70 ON SRINAGAR - BANIHAL SECTI,NHAI,JAMMU AND KASHMIR,2019-07-01,,2020-10-01,2024-09-01,157.05
N24001625,6L ACCESS CONTROLLED GREENFIELD HIGHWAY OF JULEKAL VILLAGE TO DINNEDEVARAPADU VILLAGE FROM KM 242.20,NHAI,TELANGANA,2022-01-01,,2025-01-01,2025-07-01,1227.57
N24001626,6L ACCESS CONTROLLED GREENFIELD HIGHWAY OF NANDINNE VILLAGE TO JULEKAL VILLAGE FROM KM 202.900 TO KM,NHAI,TELANGANA,2022-02-01,,2025-01-01,2025-01-01,972.06
N24001627,4L OF TWIN TUBE TUNNEL CONFIGURATION INCLUDING APPROACHES FROM MAROG TO DIGDOL (FROM KM.154.210 TO K,NHAI,JAMMU AND KASHMIR,2021-07-01,,2025-02-01,2026-05-01,1912.17
N24001628,4/6L OF SPUR TO HARIDWAR (GREENFIELD) FROM KM. 0.000 TO KM. 49.000,NHAI,MULTI STATE,2021-11-01,,2025-02-01,2025-08-01,2155.95
N24001629,6L WITH ACCESS CONTROL PROVISION SAHARANPUR BYPASS TO GANESHPUR SECTION FROM 13.89 KM TO 41.820 KM O,NHAI,MULTI STATE,2022-04-01,,2024-11-01,2025-07-01,796.65
N24001630,4/6L GREENFIELD LUDHIANA RUPNAGAR HIGHWAY FROM JUNCTION WITH NE 05 VILLAGR NEAR TO MANEWAL (LUDHIANA,NHAI,PUNJAB,2021-07-01,,2025-02-01,2025-02-01,1501.02
N24001631,6L OF IT CITY CHOWK TO KURALI CHANDIGARH ROAD,NHAI,PUNJAB,2021-03-01,,2024-10-01,2024-10-01,1525.31
N24001632,CONSTRUCTION OF FOUR LANE GREENFIELD PROJECT OF DELHI- AMRITSAR-KATRA EXPRESSWAY (PHASE-I PKG-V) FROM,NHAI,PUNJAB,2021-01-01,,2024-05-01,2025-08-01,2281.02
N24001633,CONSTRUCTION OF FOUR LANE GREENFIELD PROJECT OF DELHI- AMRITSAR-KATRA EXPRESSWAY (PHASE-I PKG-III) F,NHAI,HARYANA,2020-12-01,,2023-12-01,2025-07-01,1813.91
N24001634,CONSTRUCTION OF FOUR LANE GREENFIELD PROJECT OF DELHI- AMRITSAR-KATRA EXPRESSWAY (PHASE-I PKG-IV) FRO,NHAI,HARYANA,2021-01-01,,2023-12-01,2025-07-01,1564.14
N24001635,4 LANING OF JAGADHRI TAJEWALA ROAD SECTION OF NH 907 (OLD NH 73A) UNDER NH(O) (PKG 1) IN THE STATE O,NHAI,HARYANA,2022-03-01,,2025-02-01,2025-02-01,1269.5
N24001636,CONSTRUCTION OF FOUR/SIX LANE GREENFIELD LUDHIANA ? RUPNAGAR NATIONAL HIGHWAY NO. NH-205K UNDER BHAR,NHAI,PUNJAB,2021-05-01,,2024-12-01,2026-10-01,1368.91
N24001637,DEVELOPMENT OF 6 LANE JALANDHAR BYPASS FROM KAHLWAN NATIONAL HIGHWAY 03 DESIGN KM 0.00 ENDING AT K,NHAI,PUNJAB,2021-03-01,,2025-01-01,2025-01-01,1754.84
N24001638,4L GREENFIELD A. MALOUT BYPASS FROM CH. KM 44.500 TO CH. KM 35.500 ON NH-07 AND CH. KM 0.000 TO KM 6,NHAI,PUNJAB,2021-11-01,,2024-07-01,2025-08-01,646.42
N24001639,FOUR LANING OF MOGA TO BAJAKHANA LAMBWALI SECTION OF 105B GREENFIELD ALIGNMENT FROM DESIGN CHAINAGE,NHAI,PUNJAB,2020-05-01,,2024-12-01,2025-08-01,864.23
N24001640,6L AMRITSAR BATHINDA GREENFIELD SECTION FROM VILLAGE TIBA ON NE 5A TO JN. WITH MOGA JALANDHAR ROAD N,NHAI,PUNJAB,2021-03-01,,2024-11-01,2024-11-01,1229.38
N24001641,DELHI AMRITSAR KATRA EXPRESSWAY PHASE I SPUR III FROM JUNCTION WITH AMRITSAR JALANDHAR ROAD NH3 NEAR,NHAI,PUNJAB,2021-03-01,,2024-10-01,2025-12-01,1641.75
N24001642,FOUR LANING OF AMRITSAR BYPASS FROM NEW TARN TARAN ROAD TO AJNALA ROAD FROM DESIGN KM. 0.750 TO DESI,NHAI,PUNJAB,2021-02-01,,2024-08-01,2025-12-01,1474.77
N24001643,4L OF AMRITSAR GHOMAN TANDA UNA SECTION FROM KM 8.270 TO KM 54.000 OF NH 503A PACKAGE I,NHAI,PUNJAB,2020-12-01,,2024-06-01,2025-06-01,857.91
N24001644,AMRITSAR AIRPORT JUNCTION RAMDAS FROM KM. 100.835 TO KM. 139.813 PKG IV,NHAI,PUNJAB,2020-12-01,,2023-09-01,2025-09-01,416.58
N24001647,BALANCE WORK OF PANIKOILI RIMULI SECTION OF NEW NH-20 FROM KM 0.00 TO KM. 163.000,NHAI,ODISHA,2020-08-01,,2022-03-01,2025-07-01,154.73
N24001648,CONSTRUCTION OF 6 LANE ELEVATED CORRIDOR ALONG WITH DEVELOPMENT OF EXISTING 4 LANE ROAD AT GROUND LE,NHAI,KERALA,2022-08-01,,2026-01-01,2026-01-01,2429.52
N24001649,SIX LANING OF PARAVOOR(DESIGN KM. 417+000) TO KOTTUKULANGARA(DESIGN KM. 454+500) SECTION OF NEW NH-6,NHAI,KERALA,2021-12-01,,2025-02-01,2026-01-01,3273.61
N24001650,SIX LANING OF KADAMBATTUKONAM TO KAZHAKKOOTTAM SECTION OF NH- 66(OLD NH-47) FROM KM. 517+250 TO KM.54,NHAI,KERALA,2021-12-01,,2025-01-01,2026-04-01,3635.64
N24001651,SIX LANING OF THURAVOOR (DESIGN KM. 378+612) TO PARAVOOR (DESIGN KM.417+000) SECTION OF NEW NH-66 (O,NHAI,KERALA,2021-09-01,,2024-09-01,2024-09-01,2878.97
N24001652,6L MINOR BRIDGE (PALOLI PALAM) AT KM. 203.160 and MAJOR BRIDGE (MORAD) AT KM. 204.895 AND ALLIED WOR,NHAI,KERALA,2020-03-01,,2022-06-01,2024-06-01,216.94
N24001653,SIX LANING FROM KODUNGALLUR TO EDAPALLY SECTION OF NH ?66 (OLD NH-17) FROM DESIGN CHAINAGE 397+750 (,NHAI,KERALA,2021-11-01,,2025-04-01,2025-04-01,3064.11
N24001654,SIX LANING OF START OF KOLLAM BYPASS (KM.486+000) KADAMBATTUKONAM (KM.517+250) SECTION OF NEW NH-66,NHAI,KERALA,2021-06-01,,2025-03-01,2026-02-01,2641.37
N24001655,SIX LANING FROM KAPPIRIKKAD TO THALIKULAM SECTION OF NH ? 66 (OLD NH-17) FROM DESIGN CH. 335+850 (EX,NHAI,KERALA,2021-06-01,,2025-02-01,2025-11-01,3946.56
N24001656,SIX LANING FROM THALIKULAM TO KODUNGALLUR SECTION OF NH ? 66 (OLD NH-17) FROM DESIGN CH.369+015 (EX.,NHAI,KERALA,2021-06-01,,2025-03-01,2025-12-01,4009.57
N24001657,SIX LANING OF KOTTUKULANGARA (DESIGN KM. 454+500) TO START OF KOLLAM BYPASS (DESIGN KM. 486+000) SEC,NHAI,KERALA,2021-06-01,,2024-10-01,2025-12-01,2842.14
N24001658,SIX LANING OF RAMANATTUKARA JUNCTION TO START OF VALANCHERY BYPASS SECTION OF NH-66 (OLD NH- 17) FROM,NHAI,KERALA,2021-01-01,,2024-07-01,2025-03-01,4728.4
N24001659,SIX LANING FROM START OF VALANCHERY BYPASS TO KAPPIRIKKAD-SECTION OF NH-66(OLD NH-17) FROM DESIGN CH,NHAI,KERALA,2021-02-01,,2024-07-01,2025-03-01,3824.07
N24001660,SIX LANING OF THALIPARAMBHA- MUZHAPILANGAD SECTION FROM KM 137.900 TO KM. 170.600 OF NH-17 (NEW NH,NHAI,KERALA,2020-08-01,,2024-02-01,2026-03-01,3557.65
N24001661,6L OF AZHIYUR-VENGALAM FROM KM. 189.200 TO KM. 230.400 OF NH-66,NHAI,KERALA,2020-10-01,,2024-04-01,2026-03-01,3898.46
N24001662,SIX LANING OF KT/KL BORDER (THALAPPDY) TO CHENGALA SECTION OF NH17 (NEW NH-66) FROM CH. 17.200 TO CH,NHAI,KERALA,2020-05-01,,2024-05-01,2025-07-01,2651.79
N24001663,SIX LANING OF NEELESHWARAM TO THALIPARAMBHA SECTION FROM CH. 94+540 (EXISTING KM 96+450) TO CH. 134+,NHAI,KERALA,2020-06-01,,2024-04-01,2026-03-01,3867.66
N24001664,SIX LANING OF CHENGALA TO NEELESHWARAM SECTION OF NH-17 (NEW NH-66) FROM CH. 56+200 (EXISTING KM 57+,NHAI,KERALA,2020-06-01,,2024-04-01,2026-03-01,2538.06
N24001665,6L GREENFIELD KANDILI - ALURU SECTION OF NH-130-CD ROAD FROM KM 342+500 TO KM 365+033 (PACKAGE- OD-8,NHAI,ODISHA,2021-12-01,,2024-10-01,2025-12-01,1592.0
N24001666,6L GREENFIELD BARAJA - KANDILI SECTION OF NH- 130-CD ROAD FROM KM 338+500 TO KM 342+500 (PACKAGE- OD,NHAI,ODISHA,2021-12-01,,2024-09-01,2025-08-01,714.0
N24001667,6L GREENFIELD KALIAGURA ? BAUNSAGUAR SECTION OF NH-130-CD ROAD FROM KM 249+000 TO KM 293+000 (PACKAG,NHAI,ODISHA,2021-09-01,,2024-05-01,2025-12-01,1734.0
N24001668,6L OF BADAKUMARI - KARKI SECTION FROM KM 179.000 TO KM 226.500 OF NH-130-CD (PACKAGE ? OD-3),NHAI,ODISHA,2021-03-01,,2024-04-01,2025-11-01,1249.0
N24001669,6L OF DHANARA - HATIBENA SECTION FROM KM 124.611 TO KM 146.50 OF NH- 130-CD (PACKAGE ? OD-1),NHAI,ODISHA,2021-02-01,,2024-03-01,2025-07-01,586.0
N24001670,6L OF KARKI ? KALIAGURA SECTION FROM KM 226.500 TO KM 249.000 OF NH-130-CD (PACKAGE ? OD-4),NHAI,ODISHA,2021-02-01,,2024-03-01,2025-07-01,593.0
N24001671,6L OF HATIBENA - BADAKUMARI SECTION FROM KM 146.50 TO KM 179.00 OF NH-130-CD (PACKAGE ? OD- 2),NHAI,ODISHA,2021-02-01,,2024-03-01,2025-07-01,925.0
N24001673,4- LANING OF ROHTAK-JIND SECTION FROM KM. 307+000 TO KM. 347+800 OF NH-71 AND CONNECTING LINK FROM K,NHAI,HARYANA,2020-03-01,,2023-03-01,2025-07-01,510.97
N24001674,BANGALORE/TN BORDER TO HOSKOTE,NHAI,KARNATAKA,2023-02-01,,2025-02-01,2025-09-01,1181.68
N24001676,6L OF MH/KN BORDER (NIMBAL VILLAGE) TO KN/TS BORDER (SINGNODI VILLAGE) FROM KM. 26.000 TO KM. 97.000,NHAI,KARNATAKA,2022-12-01,,2025-06-01,2025-06-01,2718.46
N24001677,BALANCE WORK OF 2L PS FROM KM 30.800 TO 70.800 AND 2L WITH RIGID CARRIAGEWAY FROM 70.800 TO KM 84.12,NHAI,KARNATAKA,2022-11-01,,2024-05-01,2025-04-01,226.76
N24001678,6L GREENFIELD BAUNSAGUAR - BARAJA SECTION OF NH-130-CD ROAD FROM KM 293+000 TO KM 338+500 (PACKAGE ?,NHAI,ODISHA,2021-08-01,,2024-06-01,2025-12-01,1460.0
N24001679,6L FROM BELGAUM TO SANKESHWAR BYPASS FROM KM 515.000 TO KM 555.017 OF NH 48,NHAI,KARNATAKA,2022-10-01,,2025-04-01,2025-12-01,1479.3
N24001680,4L OF SANNUR TO BIKARNAKATTE SECTION FROM KARKALA TO MANGALORE,NHAI,KARNATAKA,2021-03-01,,2024-10-01,2026-06-01,1808.12
N24001681,TUMKUR - NELAMANGALA(6L),NHAI,KARNATAKA,2022-08-01,,2025-08-01,2026-03-01,2032.15
N24001682,UPGRADATION 2/4 LANE NH CONNECTIVITY UNDER SAGARMALA SCHEME SH 2 HAVERI YEKAMBI SH 69 YEKAMBI KUMTA,NHAI,KARNATAKA,2021-11-01,,2024-03-01,2026-12-01,309.9
N24001684,4L OF CHANNARAYAPATNA BYPASS AND HASSAN BYPASS WITH STRUCTURES IN DEVIHALLI -HASSAN SECTION,NHAI,KARNATAKA,2020-09-01,,2023-01-01,2025-05-01,602.09
N24001687,FOUR LANING OF BETTADAHALLI TO SRIRAMPURA SECTION FROM KM. 166+100 (DESIGN KM. 170+415) TO KM. 217+0,NHAI,KARNATAKA,2021-10-01,,2023-10-01,2025-12-01,2082.98
N24001692,BALANCE WORKS OF FOUR LANE FROM KM 43+950 (THIRUVALLUR BYPASS) TO KM 61+470 (VEPPAMPATTU BYPASS) PAS,NHAI,TAMIL NADU,2022-01-01,,2024-09-01,2025-08-01,468.0
N24001693,FOUR LANING OF NERALURU TO THORAPALLI AGRAHARAM SECTION OF NH-844 (PKG-I) FROM KM.0+000 TO KM.23+350,NHAI,TAMIL NADU,2021-09-01,,2024-10-01,2024-10-01,1757.27
N24001694,FOUR LANING OF THORAPALLI AGRAHARAM TO JITTANDAHALLI SECTION OF NH-844 (PKG-II) FROM KM.23+350 TO KM,NHAI,TAMIL NADU,2019-02-01,,2023-12-01,2024-12-01,1243.57
N24001696,FOUR LANING OF JITTANDAHALLI TO DHARMAPURI SECTION OF NH-844 (PKG-III) FROM KM.60+100 TO KM.94+460,NHAI,TAMIL NADU,2019-02-01,,2023-08-01,2024-12-01,1291.37
N24001697,4L GREENFIELD ALIGNMENT FROM KALYANAPUR TO TAL DASHRAHA OF NH-119D (PKG-III),NHAI,BIHAR,2023-02-01,,2025-02-01,2025-12-01,1358.0
N24001698,FOUR LANING OF MUNGER TO MIRZACHAUKI (NH-80) SECTION FROM NEAR RASULPUR TO MIRZACHAUKI (DESIGN CH,NHAI,BIHAR,2022-08-01,,2024-08-01,2025-12-01,1198.02
N24001699,CONSTRUCTION OF 4 LANE ELEVATED SECTION AND AT- GRADE IMPROVEMENTS AT BEGUSARAI TOWN SECTION OF NH-3,NHAI,BIHAR,2022-03-01,,2024-12-01,2025-12-01,312.58
N24001700,SIX LANNING OF AURANGABAD TO BIHAR/JHARKHAND BORDER SECTION OF NH-19 (OLD NH-2) FROM KM. 209.827 TO,NHAI,BIHAR,2021-12-01,,2024-03-01,2024-12-01,553.0
N24001701,FOUR LANING OF MUNGER TO MIRZACHAUKI (NH-80) SECTION FROM START OF EXISTING BHAGALPUR BYPASS TO RASU,NHAI,BIHAR,2022-04-01,,2024-04-01,2025-09-01,1769.5
N24001702,CONSTRUCTION OF 4 LANE ELEVATED HIGHWAY AND AT-GRADE IMPROVEMENTS AT GOPALGANJ TOWN FROM DESIGN CH:,NHAI,BIHAR,2021-12-01,,2024-09-01,2025-06-01,185.0
N24001703,6 L OF AURANGABAD TO BIHAR- JHARKHAND BORDER (CHORDAHA) SECTION FROM KM. 180.000 TO KM. 209.827 OF N,NHAI,BIHAR,2022-02-01,,2025-05-01,2025-05-01,787.0
N24001704,FOUR LANING OF MUNGER TO MIRZACHAUKI (NH-80) SECTION FROM KHARIA VILLAGE JUNCTION TO START OF EXISTI,NHAI,BIHAR,2021-03-01,,2024-03-01,2025-09-01,1020.84
N24001705,FOUR LANING OF MUNGER TO MIRZACHAUKI (NH-80) SECTION FROM MUNGER TO KHARIA VILLAGE JUNCTION DESIGN C,NHAI,BIHAR,2022-03-01,,2024-03-01,2025-12-01,1485.66
N24001708,BAKHTIYARPUR RAJAULI PKG-III FROM KM 101.630 TO KM 152.520 NH20,NHAI,BIHAR,2020-09-01,,2024-06-01,2024-12-01,2156.22
N24001709,BAKHTIYARPUR RAJAULI PKG-II FROM KM 54.405 TO KM 101.630 NH20,NHAI,BIHAR,2020-09-01,,2023-04-01,2024-12-01,1090.0
N24001711,6L OF KANHAULI RAMNAGAR PATNA RING ROAD PKG I FROM KM 0.000 TO KM 39.160 OF SH78 NEW NH131G,NHAI,BIHAR,2020-09-01,,2023-03-01,2024-12-01,939.43
N24001712,FOUR LANING OF PARARIA TO MOHANIA SECTION OF NH 319 (OLD NH 30) FROM KM. 54+530 (DESIGN CHAINAGE) TO,NHAI,BIHAR,2020-08-01,,2023-07-01,2025-05-01,690.0
N24001715,BALANCE WORK OF TWO LANING WITH PAVED SHOULDER OF PIPRAKOTHI?MOTIHARI- RAXAUL SECTION OF NH-28A FRO,NHAI,BIHAR,2018-12-01,,2020-10-01,2024-01-01,466.59
N24001716,THOPPUR METTUR BHAVANI ERODE SECTION OF NH 544H FOR A LENGTH OF 85 KM,NHAI,TAMIL NADU,2022-07-01,,2023-08-01,2024-12-01,242.4
N24001717,BANGALORE CHENNAI EXPRESSWAY PHASE-III PACKAGE III (ARAKKONAM TO KANCHEEPURAM) FROM KM 204.500 TO K,NHAI,TAMIL NADU,2020-11-01,,2024-08-01,2026-03-01,1525.1
N24001718,BANGALORE CHENNAI EXPRESSWAY PHASE-III PACKAGE II (WALAJAHPET TO ARAKKONAM) FROM KM 180.000 TO KM 2,NHAI,TAMIL NADU,2020-12-01,,2024-07-01,2025-10-01,1077.4
N24001719,4L BANGALORE-CHENNAI EXPRESSWAY FROM KM. 230.000 TO KM. 261.705 OF KANCHEPURAM TO SRIPERUMBUDUR SECT,NHAI,TAMIL NADU,2021-02-01,,2024-07-01,2025-12-01,3605.73
N24001720,BANGALORE CHENNAI EXPRESSWAY PHASE-III ? PACKAGE I (GUDIPALA TO WALAJAJHPET) FROM KM 156.000 TO KM 1,NHAI,TAMIL NADU,2020-10-01,,2024-05-01,2025-10-01,1438.62
N24001721,FOUR LANING OF MAMALLAPURAM TO MUGAIYUR SECTION OF NH332A FROM KM 0.000 TO KM 31.000,NHAI,TAMIL NADU,2019-02-01,,2024-05-01,2026-03-01,1360.53
N24001722,6L OF MADURAVOYAL TO SRIPERUMBUDUR SECTION FROM KM. 13.800 TO KM. 37.000 OF NH-4 THROUGH STATE HIGH,NHAI,TAMIL NADU,2021-11-01,,2023-02-01,2024-12-01,463.07
N24001723,KARAIPETTAI TO WALAJAPET FROM KM 71.015 TO 107.091,NHAI,TAMIL NADU,2018-10-01,,2021-02-01,2025-08-01,766.51
N24001725,6L OF SRIPERUMBUDUR TO KARAIPETTAI FROM KM 37.000 TO KM 71.015 OF NH 48,NHAI,TAMIL NADU,2019-01-01,,2021-05-01,2025-01-01,1314.82
N24001726,4L SPUR OF SHAMLI-MUZZAFARNAGAR CONNECTING NH-709AD (PANIPAT- SHAMLI-MUZAFFARNAGAR) AND NH-58 (MEERUT,NHAI,UTTAR PRADESH,2023-01-01,,2024-08-01,2024-08-01,391.26
N24001727,"IMPROVEMENT AND UP-GRADATION OF EXISTING ROAD TO 2/4L PS FROM KM 40.000 TO 88.750, START OF KHUTAR B",NHAI,UTTAR PRADESH,2022-03-01,,2025-02-01,2025-09-01,838.68
N24001729,4L SPUR OF PANIPAT - SHAMLI CONNECTING NH-709AD (PANIPAT ? SHAMLI ? MUZAFFARNAGAR) AND NH- 709A (KARN,NHAI,UTTAR PRADESH,2022-08-01,,2024-04-01,2025-07-01,329.79
N24001730,4L FROM GAJU VILLAGE AT KM 32.982 TO DEVINAGAR BYPASS (END) AT KM 208.000 OF NH 530B (PKG 1C),NHAI,UTTAR PRADESH,2021-12-01,,2025-01-01,2025-03-01,1384.79
N24001731,6L GREENFIELD KANPUR - LUCKNOW (EXPRESSWAY) PKG II FROM KM. 28.500 TO KM. 73.744,NHAI,UTTAR PRADESH,2021-12-01,,2025-05-01,2025-09-01,2335.0
N24001732,"IMPROVEMENT AND UP-GRADATION OF EXISTING ROAD TO 4L PS FROM KM 229.070 TO 260.800, END OF HARDOI DIS",NHAI,UTTAR PRADESH,2021-12-01,,2024-10-01,2025-09-01,540.97
N24001733,6L ACCESS CONTROLLED GREENFIELD HIGHWAY OF JUNCTION OF EPE (VILL.-MAVIKALAN) TO VILL.- LOHADDA FROM K,NHAI,UTTAR PRADESH,2022-03-01,,2024-08-01,2025-07-01,1602.48
N24001734,6L ACCESS CONTROL GREENFIELD HIGHWAY OF VILL-LOHADDA TO VILL- KARAUNDA MAHAJAN FROM KM. 27.000 TO KM.,NHAI,UTTAR PRADESH,2022-03-01,,2024-08-01,2025-07-01,1335.45
N24001735,6L ACCESS CONTROL GREENFIELD HIGHWAY OF VILL-KHYAWARI TO VILL- LATIFPUR AT SAHARANPUR BYPASS FROM KM,NHAI,UTTAR PRADESH,2022-03-01,,2024-08-01,2025-07-01,1428.19
N24001736,6L ACCESS CONTROL GREENFIELD HIGHWAY OF VILL-KARAUNDA MAHAJAN TO VILL-KHYAWARI FROM KM. 56.500 TO K,NHAI,UTTAR PRADESH,2022-01-01,,2024-08-01,2025-07-01,1159.96
N24001737,"4LPS OF MUZAFFARNAGAR TO MIRANPUR SECTION OF NH-709AD, PKG-III",NHAI,UTTAR PRADESH,2021-11-01,,2024-04-01,2024-04-01,923.15
N24001738,"2LPS OF BIJNOR TO KOTAWALI SECTION OF NH-709AD, PKG-IV",NHAI,UTTAR PRADESH,2021-09-01,,2023-10-01,2024-12-01,300.79
N24001739,REHABILITATION and UPGRADATION FROM 2 LANE TO 4 LANE OF NH STRETCH UNDER BHARATMALA PARIYOJANA FOR U,NHAI,UTTAR PRADESH,2019-10-01,,2023-11-01,2024-12-01,2200.0
N24001744,"4L OF SHAMLI BYAPSS- SAHARANPUR FROM KM 92.2 TO KM 155.025 SECTION OF NH-709B, PKG-II",NHAI,UTTAR PRADESH,2019-05-01,,2022-11-01,2025-07-01,779.17
N24001745,KANPUR LUCKNOW EXPRESSWAY PKG- 1 CONSTRUCTION OF 6-LANE TO EIGHT LANE OF KANPUR LUCKNOW EXPRESSWAY (N,NHAI,UTTAR PRADESH,2021-12-01,,2025-07-01,2025-07-01,1936.0
N24001746,2-LANE EXISTING RAMPUR BYPASS OF RAMPUR TO BE DEVELOPED TO 4- LANE ON EPC MODE IN THE STATE OF UTTAR,NHAI,UTTAR PRADESH,2021-03-01,,2024-04-01,2025-07-01,364.47
N24001747,SIX LANE OF PALSIT TO DANKUNI SECTION FROM 588.870 TO KM. 652.700,NHAI,WEST BENGAL,2020-03-01,,2024-09-01,2024-09-01,2314.0
N24001748,SIX LANING OF NATIONAL CORRIDOR NH19 FROM PANAGARH TO PALSIT IN THE STATE OF WEST BENGAL UNDER BHARA,NHAI,WEST BENGAL,2021-03-01,,2024-09-01,2025-12-01,2622.05
N24001749,FOUR LANING OF PURULIYA BYPASS SECTION OF NH 32 IN THE STATE OF WEST BENGAL ON EPC MODE,NHAI,WEST BENGAL,2021-08-01,,2023-08-01,2025-09-01,567.31
N24001750,CONSTRUCTION OF NEW 4 LANE BRIDGE OVER RIVER GANGA AT DOWNSTREAM OF FARAKKA BARRAGE INCLUDING APPROA,NHAI,WEST BENGAL,2018-08-01,,2021-12-01,2025-08-01,622.04
N24001753,4 LANING OF NAJIBABAD BYPASS OF NH-119 FROM KM. 105.423 TO KM. 118.373 (EXCLUDING 2.45 KM. OF NH-74,NHAI,UTTAR PRADESH,2022-02-01,,2024-06-01,2025-06-01,570.98
N24001754,SPUR OF MEERUT-GARH- MUKTESHWAR SECTION(NH-709A) CONNECTING NH-119 AND NH-58 BYPASSING MEERUT TOWN,NHAI,UTTAR PRADESH,2022-01-01,,2024-10-01,2024-10-01,953.79
N24001755,4-LANING OF MEERUT NAJIBABAD SECTION FROM KM. 11.500 TO KM 39.250 AND KM 86.590 TO KM. 112.545.IN TH,NHAI,UTTAR PRADESH,2019-10-01,,2023-03-01,2024-12-01,2458.03
N24001759,4L OF CHANDESARA TO KHEDAKHAJURIYA FROM KM. 0.000 TO (-) 750 AND KM 0.000 TO KM 41.400 OF NH-752D,NHAI,MADHYA PRADESH,2020-01-01,,2024-06-01,2025-12-01,909.84
N24001762,INDORE - HARDA (PKG-III) [NANASA TO PIDGAON SECTION FROM KM 95.000 TO KM 142.445],NHAI,MADHYA PRADESH,2021-10-01,,2024-01-01,2025-12-01,1146.22
N24001765,"ADDITIONAL WORKS (2VUPS, MR-10 JUNCTION FLYOVER AND UNDERPASS) IN SIX LANE INDORE-DEWAS SECTION OF N",NHAI,MADHYA PRADESH,2022-08-01,,2024-07-01,2025-12-01,207.77
N24001766,INDORE - HARDA (PKG-I) [INDORE TO RAGHAV GARH FROM KM. 0.25 TO KM. 26.903],NHAI,MADHYA PRADESH,2022-01-01,,2024-10-01,2025-12-01,1011.29
N24001767,4L OF INDORE - BOREGAON (PKG-III) [BALWARA TO DHANGAON] FROM KM. 42.260 TO KM. 82.660 OF NH347BG AND,NHAI,MADHYA PRADESH,2021-01-01,,2024-04-01,2025-12-01,1001.69
N24001768,BALANCE WORK OF 4L OF INDORE-GUJARAT/MP BORDER FROM KM 106.210 TO KM 115.250 (START AND END POINT OF,NHAI,MADHYA PRADESH,2019-08-01,,2023-04-01,2023-11-01,323.51
N24001770,4L OF OBEDULLGANJ - BUDNI SECTION FROM KM. 8.400 TO KM. 20.700 IN RATANPANI WILDLIFE AREA OF NH - 69,NHAI,MADHYA PRADESH,2022-02-01,,2024-03-01,2025-07-01,417.51
N24001771,SIX LANE ACCESS CONTROLLED OF DELHI SAHARANPUR HIGHWAY FROM AKSHARDHAM NH 9 JUNCTION TO DELHI UP BOR,NHAI,DELHI,2020-06-01,,2024-12-01,2024-12-01,1479.22
N24001772,4 LANE CONNECTOR FROM DELHI MEERUT EXPRESSWAY KM 50.000 TO KM 8.520 OF NH 235 IN THE STATE OF UTTAR,NHAI,UTTAR PRADESH,2021-08-01,,2024-03-01,2024-12-01,1147.26
N24001773,6L ACCESS CONTROLLED HIGHWAY FROM DND MAHARANI BAGH JN. WITH JAITPUR PUSHTA ROAD OF NH 148NA FROM,NHAI,DELHI,2020-05-01,,2024-07-01,2025-09-01,1942.89
N24001774,CONSTRUCTION OF GURGAON - PATAUDI - REWARI SECTION OF NH- 352W (DESIGN LENGTH 46.11 KM) AS FEEDER ROU,NHAI,HARYANA,2020-12-01,,2023-11-01,2024-06-01,1524.03
N24001775,CONSTRUCTION OF PROPOSED REWARI BYPASS (DESIGN LENGTH 14.4 KM) NH-11 AS A FEEDER ROUTE IN THE STATE,NHAI,HARYANA,2020-02-01,,2023-01-01,2024-12-01,958.0
N24001777,DEVELOPMENT OF 6L UER-II (PACKAGE-I) (NH-1 NEAR BAKOLI TILL KARALA KANJHAWALA ROAD) FROM KM. (-)0.70,NHAI,DELHI,2020-07-01,,2023-10-01,2025-06-01,2171.8
N24001779,DWARKA EXPRESSWAY FROM KM - 0.600 TO KM 5.300 - PKG-I (SHIVMURTI CHOWK-RUB NEAR DWARKA SECTOR 21),NHAI,DELHI,2018-03-01,,2022-09-01,2025-09-01,3030.73
N24001781,8L OF DWARKA EXPRESSWAY PKG-II (RUB NEAR DWARKA SECTOR 21- DL/HR BORDER) FROM 5.300 KM.TO 9.500 KM. O,NHAI,DELHI,2018-01-01,,2021-10-01,2025-08-01,2160.0
N24001785,UP-GRADATION TO 4-LANE WITH PAVED SHOULDER OF BHIMASAR JUNCTION OF NH-41 TO ANJAR BHUJ UPTO AIRPORT,NHAI,GUJARAT,2022-03-01,,2025-06-01,2025-06-01,1085.0
N24001786,CONSTRUCTION OF EIGHT LANE ACCESS CONTROLLED EXPRESSWAY FROM KM 103.400 TO KM 128.000 OF VADODARA MU,NHAI,GUJARAT,2021-03-01,,2024-03-01,2026-03-01,2652.24
N24001788,CONSTRUCTION OF EIGHT LANE ACCESS CONTROLLED EXPRESSWAY FROM KM 217.500 TO KM 254.430 OF VADODARA MU,NHAI,GUJARAT,2020-07-01,,2023-12-01,2025-05-01,3372.97
N24001789,CONSTRUCTION OF EIGHT LANE EXPRESSWAY FROM KM 190.000 TO KM 217.500 GANDEVA TO ENA SECTION OF VADODA,NHAI,GUJARAT,2020-07-01,,2023-08-01,2025-07-01,2665.08
N24001790,SANCHORE - SANTALPUR FROM KM 67.000- KM 99.000 OF NH-754K (AJ- RGBS-PACKAGE-3),NHAI,GUJARAT,2020-02-01,,2023-08-01,2024-12-01,766.2
N24001792,4L OF BAL WORKS OF TALAJA - MAHUVA FROM 54.990 KM. TO 100.450 KM. OF OLD NH-8E (PACKAGE-II),NHAI,GUJARAT,2021-03-01,,2022-09-01,2025-01-01,536.03
N24001793,4L OF BAL WORKS OF MAHUVA TO KAGVADAR FROM 100.450 KM. TO 140.470 KM. OF NH-8E (PKG- III),NHAI,GUJARAT,2021-03-01,,2022-09-01,2025-05-01,485.75
N24001794,SANCHORE - SANTALPUR FROM KM 99.000- KM 130.073 OF NH-754K (AJ- RGBS-PACKAGE-4),NHAI,GUJARAT,2020-02-01,,2023-03-01,2024-12-01,785.67
N24001795,FOUR LANING OF AURANGABAD- PAITHAN SECTION OF NH-752E ON EPC MODE IN THE STATE OF MAHARASHTRA .,NHAI,MAHARASHTRA,2022-10-01,,2024-07-01,2024-12-01,289.0
N24001796,4L OF RAJURA-KORPANA-ADILABAD ROAD UPTO M.S. BORDER FROM KM 32.910 TO KM 89.090 OF NH-353B,NHAI,MAHARASHTRA,2022-03-01,,2024-10-01,2025-04-01,1013.33
N24001797,6L OF WAINGANGA BRIDGE - BHANDARA (INCLUDING BHANDARA BYPASS) SECTION FROM KM 485.000 TO KM 499.800,NHAI,MAHARASHTRA,2021-10-01,,2024-01-01,2025-05-01,815.77
N24001798,4L MITIGATION MEASURE STRUCTURES ON CH/MH BORDER TO WAINGANGA BRIDGE SECTION OF NH- 53,NHAI,MAHARASHTRA,2021-02-01,,2023-11-01,2025-05-01,540.21
N24001799,4L OF NAGPUR-KATOL SECTION FROM KM. 13.00 TO KM. 62.900 OF NH-353J,NHAI,MAHARASHTRA,2021-02-01,,2023-10-01,2025-12-01,1251.0
N24001804,BAL. WORKS OF FAGNE (KM. 510.000) TO MAHARASHTRA/GUJARAT BORDER (KM. 650.794),NHAI,MAHARASHTRA,2019-12-01,,2022-09-01,2025-12-01,980.0
N24001808,REHABILITATION AND UPGRADING FROM 2 L TO 4 L FROM BHANGBAR(NEAR RANITAL) TO KANGRA BYPASS SECTION OF,NHAI,HIMACHAL PRADESH,2021-03-01,,2024-12-01,2024-12-01,1442.47
N24001809,CONVERSION OF PARTIALLY EXCAVATED ESCAPE TUNNEL TO UNIDIRECTIONAL TWO LANE TUNNEL (INCLUDING CONSTRU,NHAI,HIMACHAL PRADESH,2022-05-01,,2024-03-01,2024-12-01,280.0
N24001810,4L SUNDER NAGAR BYPASS FROM KM173.900 TO KM 179.600 OF NH-21 IN THE STATE OF HP,NHAI,HIMACHAL PRADESH,2022-02-01,,2024-06-01,2024-06-01,163.0
N24001811,4L OF MO - SIHUNI FROM KM. 42.00 TO KM. 51.00 OF OLD NH-20 (NEW NH-154) (PACKAGE-IB),NHAI,HIMACHAL PRADESH,2021-04-01,,2024-06-01,2025-05-01,770.0
N24001812,4L OF HP/PUNJAB BO4L OF HP/PUNJAB BORDER - MO FROM KM. 11.00 TO KM. 42.00 OF OLD NH-20 (NEW NH-154),NHAI,HIMACHAL PRADESH,2021-03-01,,2024-05-01,2025-12-01,1361.79
N24001813,4L OF END OF PINJORE BYPASS - BADDI - NALAGARH SECTION (KM. 4.200 TO KM. 35.370) OF NH21A,NHAI,HIMACHAL PRADESH,2021-07-01,,2024-09-01,2024-09-01,1692.05
N24001815,"4L BYPASSES FOR JAGATPUR, B4ABUGANJ, UNCHAHAR, ALAPUR BYPASS, AND SAI RIVER BRIDGE OF RAEBARELI- PRA",NHAI,UTTAR PRADESH,2022-12-01,,2024-11-01,2024-11-01,1078.0
N24001817,6L OF CHILKARARUPET BYPASS FROM KM. 357.400 TO KM. 371.920 OF NH-16,NHAI,ANDHRA PRADESH,2019-02-01,,2023-03-01,2024-10-01,757.45
N24001818,6L OF PONDAVAKKAM TO KANNIGAIPAIR FROM KM 96.040 TO KM 116.100 OF NH 716B (PKG-IV),NHAI,ANDHRA PRADESH,2021-02-01,,2025-01-01,2025-01-01,1105.0
N24001819,6L OF VEERA KAVERI RAJA PURAM TO PONDAVAKKAM FROM KM 61.380 TO KM 96.040 OF NH 716B (PKG-III),NHAI,ANDHRA PRADESH,2021-03-01,,2025-01-01,2025-01-01,1303.0
N24001820,6L OF VARADHARAJULA TO KUMARAJAPET FROM KM 0.000 TO KM 43.800 OF NH-716B (PKG-I),NHAI,ANDHRA PRADESH,2021-02-01,,2024-12-01,2024-12-01,1768.0
N24001821,BANGALORE CHENNAI EXPRESSWAY (PHASE-II PKG-III) FROM KM.127.000 TO KM 156.000 (BANGARUPALEM TO GUDIP,NHAI,ANDHRA PRADESH,2020-11-01,,2024-10-01,2024-10-01,1289.0
N24001822,BANGALORE CHENNAI EXPRESSWAY (PHASE-II PKG-I) FROM KM.71.000 TO KM 96.000 (BETHAMANGALA IN THE STATE,NHAI,ANDHRA PRADESH,2020-12-01,,2024-10-01,2024-10-01,1307.0
N24001823,4L OF MADANAPALLE TO PILERU SECTION FROM KM 0.000 TO KM 55.900 OF NH-71(PACKAGE-I) - N/05060/01002/A,NHAI,ANDHRA PRADESH,2022-01-01,,2025-01-01,2025-01-01,1787.0
N24001824,RENIGUNTA - POYYA - NAIDUPETA KM 124.60 TO KM 183.4 OF NH 71 - N/04027/06001/AP,NHAI,ANDHRA PRADESH,2020-03-01,,2024-01-01,2024-12-01,2238.0
N24001825,DEVELOPMENT OF 6L UER II [PACKAGE - II] (KARALA KANJHAWALA ROAD TILL NANGLOI - NAJAFGARH ROAD) FROM,NHAI,DELHI,2020-07-01,,2023-10-01,2025-08-01,1894.96
N24001826,VARANASI RING ROAD (PKG-II) CONNECTING SANDAHA VILLAGE (KM 11.70 / NH-29) WITH REVASA VILLAGE (KM 81,NHAI,UTTAR PRADESH,2019-02-01,,2022-02-01,2025-12-01,1603.0
N24001827,4L KODINAR - VERAVAL (PACKAGE VI) FROM KM. 222.400 TO KM. 230.00 (KODINAR BYPASS) OF NH-8E (NH 51 NE,NHAI,GUJARAT,2022-03-01,,2023-03-01,2025-04-01,162.73
N24001828,CONSTRUCTION OF BYPASS TO GUDIYATHAM TOWN IN KM 23/100 ? 29/250 INCLUDING LA AND SHIFTING OF NH-234,MoRTH,TAMIL NADU,2022-01-01,,2024-11-01,2025-05-01,243.95
N24001829,FOUR LANING OF OTTANCHATRAM TO PALANI SECTION FROM KM 30/700 TO KM 55/000 OF NH 209(NEW NH-83) INCLU,MoRTH,TAMIL NADU,2022-10-01,,2024-11-01,2025-05-01,172.15
N24001830,SIX LANE ACCESS CONTROLLED OF DELHI SAHARANPUR HIGHWAY FROM DELHI UP BORDER TO EPE JUNCTION CH.14.75,NHAI,UTTAR PRADESH,2020-06-01,,2023-11-01,2024-12-01,2002.79
N24001831,SRIRAMPUR - DHUBRI PKG-1,NHIDCL,ASSAM,2022-03-01,,2025-02-01,2026-11-01,613.89
N24001832,DIBRUGARH-LAHOAL-CHABUA BYPASS PACKAGE-3,NHIDCL,ASSAM,2023-01-01,,2025-05-01,2025-11-01,458.59
N24001833,JAMMU - AKHNOOR SECTION OF NH 144A PKG-3B,NHIDCL,JAMMU AND KASHMIR,2022-07-01,,2025-03-01,2025-08-01,198.28
N24001834,4L OF RATNAGIRI - KOLHAPUR SECTION FROM KM 67.140 TO KM 112.340 OF NH-166 (PKG ? II),NHAI,MAHARASHTRA,2023-05-01,,2025-05-01,2025-05-01,839.0
N24001835,4L OF RATNAGIRI - KOLHAPUR SECTION FROM KM 112.340 TO KM 145.300 OF NH-166 (PKG?III),NHAI,MAHARASHTRA,2023-05-01,,2025-05-01,2025-05-01,986.0
N24001836,6L KANTAKAPALLE ? SABBAVARAM SECTION OF NH-130CD ROAD FROM KM 445.100 TO KM 464.662 (PKG-4),NHAI,ANDHRA PRADESH,2021-02-01,,2024-10-01,2026-03-01,924.0
N24001837,6L JAKKUVA ? KORLAM SECTION OF NH-130CD ROAD FROM KM 396.800 TO KM 421.100 (PKG 2),NHAI,ANDHRA PRADESH,2021-02-01,,2024-03-01,2025-12-01,768.0
N24001838,6L ALURU - JAKKUVA SECTION OF NH- 130CD ROAD FROM KM 365.033 TO KM 396.800 (PKG. 1),NHAI,ANDHRA PRADESH,2021-02-01,,2024-03-01,2025-12-01,1128.68
N24001840,CONSTRUCTION OF MANGALDOI BYPASS (NH-15) STARTING AT CH 26+400 AND TERMINATING AT CH 41+505 UNDER RA,MoRTH,ASSAM,2022-03-01,,2025-04-01,2026-03-01,535.03
N24001841,6L ACCESS CONTROLLED GREENFIELD HIGHWAY FROM KODUR 0.000 KMS TO VANAVOLU 24.300 KMS OF NH 544G PACKA,NHAI,ANDHRA PRADESH,2022-12-01,,2025-09-01,2026-02-01,912.94
N24001842,6L ACCESS CONTROLLED GREENFIELD HIGHWAY FROM VANAVOLU 24.300 KM. TO VANKARAKUNTA 45.700 KM. OF NH 5,NHAI,ANDHRA PRADESH,2022-12-01,,2025-11-01,2025-11-01,750.81
N24001843,6L ACCESS CONTROLLED GREENFIELD HIGHWAY FROM VANKARAKUNTA 45.700 KM. TO ODULAPALLE 72.000 KM. OF NH,NHAI,ANDHRA PRADESH,2022-12-01,,2025-11-01,2025-11-01,992.89
N24001844,6L ACCESS CONTROLLED GREENFIELD HIGHWAY FROM ODULAPALLE 72.000 KM. TO NALLACHERUVUPALLI 96.300 KM.,NHAI,ANDHRA PRADESH,2022-12-01,,2025-10-01,2025-10-01,1058.9
N24001845,6L ACCESS CONTROLLED GREENFIELD HIGHWAY FROM NALLACHERUVU PALLI 96.300 KM. TO YERRAGUDIPADU 129.000,NHAI,ANDHRA PRADESH,2023-02-01,,2025-10-01,2025-10-01,1253.24
N24001846,6L ACCESS CONTROLLED GREENFIELD HIGHWAY FROM YERRAGUDIPADU 129.000 KM. TO AUDIREDDIPALLE 160.000 KM.,NHAI,ANDHRA PRADESH,2023-02-01,,2025-10-01,2025-10-01,1200.42
N24001847,6L ACCESS CONTROLLED GREENFIELD HIGHWAY FROM AUDIREDDIPALLE 160.000 KM. TO MALLAPALLE 176.000 KM. PA,NHAI,ANDHRA PRADESH,2023-01-01,,2025-11-01,2025-11-01,956.14
N24001848,6L ACCESS CONTROLLED GREENFIELD HIGHWAY FROM MALLAPALLE 176.000 KM. TO KAVULAKUNTLA 196.000 KM. PACK,NHAI,ANDHRA PRADESH,2023-02-01,,2025-10-01,2025-10-01,909.02
N24001849,4L PS MYDUKUR BADVEL FROM KM 585.820 TO KM 630.960 SECTION OF NH 67,NHAI,ANDHRA PRADESH,2022-05-01,,2025-07-01,2025-09-01,1063.72
N24001850,DEVELOPMENT TO 4/6-LANNING OF NH- 31 (NEW NH-10) WITH BOTH SIDE SERVICE ROADS FROM KM 569.258 TO KM 5,MoRTH,WEST BENGAL,2022-03-01,,2025-09-01,2025-09-01,995.04
N24001851,4L FROM MATHURA BYPASS (START) AT EXISTING KM. 154.20 OF NH-44 TO GAJU VILLAGE AT KM 32.982 OF NH-53,NHAI,UTTAR PRADESH,2022-01-01,,2025-03-01,2025-03-01,1738.2
N24001852,6L OF AGRA BYPASS (NORTHERN) CONNECTING KM. 174.500 OF NH-2 (NEW NH-19) TO KM. 141.000 OF YAMUNA EXP,NHAI,UTTAR PRADESH,2021-10-01,,2025-02-01,2025-02-01,957.62
N24001853,CONSTRUCTION OF LEFT OUT PORTION OF AGRA INNER RING ROAD CONNECTING VILLAGE DEORI TO NH- 44 VILLAGE B,NHAI,UTTAR PRADESH,2021-10-01,,2024-09-01,2025-03-01,772.05
N24001854,FOUR LANING WITH PAVED SHOULDER OF SECTION FROM KM 53.600 (GOLA ON NH-320) TO KM 81.446 (ORMANJHI ON,NHAI,JHARKHAND,2023-06-01,,2025-06-01,2025-06-01,1324.95
N24001855,WIDENING OF EXISTING SINGLE LANE ROAD TO INTERMEDIATE LANE ROAD FROM MOKOKCHUNG TO CHARE VIA DIKHU I,MoRTH,NAGALAND,2021-02-01,,2025-06-01,2025-09-01,192.93
N24001856,CONSTRUCTION OF 4-LANE HIGHWAY FROM SAMARLAKOTA TO ACHAMPETA JUNCTION (FROM KM. 0.000 TO KM. 12.250,NHAI,ANDHRA PRADESH,2023-05-01,,2025-08-01,2025-08-01,648.75
N24001857,CONSTRUCTION OF ROAD FROM KM 0/0 TO 72/0 OF NH-26 SUCH AS 4 LANE FROM KM 0/0 TO 21/0 (BARGARH TO BAR,MoRTH,ODISHA,2020-06-01,,2023-12-01,2025-08-01,414.24
N24001858,WIDENING AND STRENGTHENING TO 2L+PS INCLUDING LA OF KANDARPUR- BALIKUDA FROM KM 277/500 TO 318/970 OF,MoRTH,ODISHA,2022-03-01,,2025-06-01,2025-12-01,499.79
N24001859,CONSTRUCTION OF BYPASS ON NH-59 FROM KM 336/350 TO 349/910 (13.56 KM) NEAR BERHAMPUR TOWN INCLUDING,MoRTH,ODISHA,2021-03-01,,2024-03-01,2025-08-01,196.94
N24001860,CONSTRUCTION OF BYPASS TO NAYAGARH TOWN FROM KM 235.469 TO 252.482 OF NH-57 INCLUDING LAND ACQUISITI,MoRTH,ODISHA,2022-01-01,,2025-04-01,2025-08-01,300.33
N24001861,CONSTRUCTION OF BYPASS TO KHORDHA TOWN FROM KM 294/000 TO 300/300 ON NH-57 INCLUDING LA IN THE STATE,MoRTH,ODISHA,2022-02-01,,2024-11-01,2025-08-01,157.49
N24001862,CONSTRUCTION OF BYPASS ROAD TO BALANGIR TOWN FROM KM 72/400 (DESING KM 0/0) TO KM 79/800 (DESIGN KM,MoRTH,ODISHA,2022-02-01,,2025-10-01,2025-11-01,238.78
N24001863,"CONSTRUCTION OF 5 HL BRIDGES AT KM 379/000 (PANGAM), KM 439/400 (POTTERU), KM 444/237 (KONGURUKONDA)",MoRTH,ODISHA,2021-03-01,,2024-06-01,2025-05-01,154.05
N24001864,CONSTRUCTION OF FOUR LANE ROB AND ITS APPROACHES IN LIEU OF EXISTING LEVEL CROSSING NO. RV-71 AT KM,MoRTH,ODISHA,2021-11-01,,2025-06-01,2025-10-01,154.49
N24001865,CONSTRUCTION OF 4 LANE ROB WITH APPROACHES IN LIEU OF LC NO. RV- 172 AT KM 176.00 OF NH-201 (PRESENT,MoRTH,ODISHA,2021-12-01,,2025-05-01,2025-10-01,324.09
N24001866,"CONSTRUCTION OF TWO LANE WITH PAVED SHOULDER FOR FATEHPUR BYPASS, MANDAWA BYPASS AND JHUNJHUNU BYPAS",MoRTH,RAJASTHAN,2022-03-01,,2024-08-01,2025-06-01,186.29
N24001867,UPGRADATION OF TWO LANE PAVED SHOULDER FROM SHAHPURA TO THANAGAZI OF NH-248A ON EPC MODE IN THE STAT,MoRTH,RAJASTHAN,2022-03-01,,2024-07-01,2025-08-01,174.34
N24001868,Sagwara Bypass and Garhi- Partapur Bypass of NH-927A in the State of Rajasthan.,MoRTH,RAJASTHAN,2022-03-01,,2025-08-01,2025-08-01,187.65
N24001869,UPGRADATION AND REHABILITATION TO TWO LANE WITH PAVED SHOULDER OF GHAGARIYA- MUNABAO SECTION FROM KM,MoRTH,RAJASTHAN,2022-12-01,,2025-08-01,2025-08-01,235.15
N24001870,IMPROVEMENT TO TWO LANE WITH PAVED SHOULDERS OF NH 122B FROM KM 29.730 TO KM 72.348 IN STATE OF BIH,MoRTH,BIHAR,2022-02-01,,2024-11-01,2025-11-01,624.43
N24001875,WIDENING AND STRENTHENING FROM KM 70.15 TO KM 121.025 OF NH-80,MoRTH,BIHAR,2021-03-01,,2025-01-01,2025-07-01,477.54
N24001876,WIDENING and STRENTHENING FROM KM132.895 TO KM 190.15 NH-80,MoRTH,BIHAR,2021-03-01,,2024-03-01,2025-09-01,566.15
N24001877,CONSTRUCTION OF NEW 4-LANE BRIDGE (PARALLEL TO EXISTING VIKRAMASHILA SETU)FROM KM 8+920 TO KM 13+375,MoRTH,BIHAR,2020-07-01,,2027-05-01,2027-05-01,1110.23
N24001878,IMPROVEMENT TO TWO LANE WITH PAVED SHOULDERS OF NH-319A FROM KM 0 TO KM 45 IN STATE OF BIHAR UNDER,MoRTH,BIHAR,2022-02-01,,2024-12-01,2025-07-01,427.29
N24001879,CONSTRUCTION OF PROPOSED 4_LANE REVELGUNJ BYPASS NH-19 IN THE STATE OF BIHAR ON EPC MODE CONNECTING,MoRTH,BIHAR,2022-03-01,,2025-07-01,2025-10-01,295.24
N24001880,REHABILITATION AND UP-GRADATION TO 4 LANE ROAD WITH PAVED SHOULDER CONFIGURATION OF SECTION FROM UND,MoRTH,MAHARASHTRA,2022-03-01,,2025-07-01,2025-07-01,778.18
N24001882,CONSTRUCTION OF NEW FOUR LANE BYPASS TO PARBHANI CITY (PARWA TO ASOLA) KM 463/265 TO KM 481/180 (DES,MoRTH,MAHARASHTRA,2022-03-01,,2024-10-01,2024-10-01,496.64
N24001883,CONSTRUCTION OF 4 LANE FLYOVER AT NAGPUR RTO CHOWK TO NAGPUR UNIVERSITY CAMPUS FROM CH 2/250 TO 5/10,MoRTH,MAHARASHTRA,2021-03-01,,2024-03-01,2024-04-01,478.83
N24001884,REHABILITATION AND UPGRADATION OF SATANA TO MANGRUL (CHANDWAD) SECTION OF NH752 G DESIGN CH: KM 64.0,MoRTH,MAHARASHTRA,2023-03-01,,2025-05-01,2025-05-01,428.8
N24001885,REHABILITATION AND UP-GRADATION OF JINTUR- SHIRAD SHAHAPUR SECTION KM 258.300 TO KM 306.300 [DESIGN,MoRTH,MAHARASHTRA,2023-02-01,,2024-12-01,2024-12-01,414.81
N24001886,DEVELOPMENT/WIDENING OF TALEGAON ? CHAKAN ? SHIKRAPUR ? NHAVARA SECTION OF NH 548DG (NHAVARA TO CHOU,MoRTH,MAHARASHTRA,2022-10-01,,2024-08-01,2024-08-01,304.68
N24001887,REHABILITATION AND UPGRADATION OF BHOKARDAN TO KUMBHARI FATA DESIGN CH. (KM 13+500 TO 17+00) AND RAJ,MoRTH,MAHARASHTRA,2022-08-01,,2024-06-01,2024-06-01,291.37
N24001888,"UP-GRADATION OF TIRORA-GONDIA, STATE HIGHWAY FROM EXISTING KM 163+213 (ON SH-335, TIRORA) TO KM 191+",MoRTH,MAHARASHTRA,2021-08-01,,2023-04-01,2024-05-01,288.14
N24001889,2 LANE + PS PIMPLNER TO SATANA - [DESIGN CHAINAGE KM 21.427 TO 64.00 ] OF NH-752G],MoRTH,MAHARASHTRA,2019-09-01,,2021-07-01,2023-12-01,277.81
N24001890,REHABILITATION AND UPGRADATION OF PARLI TO SIRSALA SECTION OF NH- 361F (KM 136+700 TO 115+000) (LENGT,MoRTH,MAHARASHTRA,2023-02-01,,2024-12-01,2024-12-01,261.82
N24001891,BALANCE WORK OF REHABILITATION AND UP-GRADATION TO NH-166F FROM MAHAD JUNCTION (AT KM 123/400 ON NH-,MoRTH,MAHARASHTRA,2021-07-01,,2023-11-01,2024-03-01,256.54
N24001892,REHABILITATION AND UPGRADATION OF SHIRAPUR JUNCTION TO SHIVAJI CHOWK (DESIGN CHAINAGE KM. 130+00 TO,MoRTH,MAHARASHTRA,2023-02-01,,2024-12-01,2024-12-01,245.61
N24001894,2 LANE + PS ASTHAMODE - TIVATYAL [DESIGN CH. KM 24.300 - 62.00] [KM 134.98- 172.95 OF NH-63],MoRTH,MAHARASHTRA,2019-09-01,,2021-07-01,2023-12-01,228.82
N24001895,REHABILATION AND UPGRADATION TO TWO LANES WITH PAVED SHOULDER CONFIGURATION FROM WATUR TO CHARTHANA,MoRTH,MAHARASHTRA,2021-11-01,,2023-09-01,2023-12-01,228.01
N24001896,UPGRADATIOBN AND REHABILITATION OF SECTION OF NH 361 F FROM PARLI (00/000) TO GANGAKHED (30/400) TO,MoRTH,MAHARASHTRA,2021-11-01,,2023-09-01,2024-04-01,224.44
N24001897,REHABILITATION AND UPGRADATION TO 2 LANE WITH PAVED SHOULDER FROM EXISTING CHAINAGE KM 102 TO KM 13,BRO,JAMMU AND KASHMIR,2021-03-01,,2024-07-01,2024-03-01,642.24
N24001898,REHABILITATION AND UPGRADATION TO 2 LANE WITH PAVED SHOULDER FROM EXISTING CHAINAGE KM 30.000 TO K,BRO,JAMMU AND KASHMIR,2020-07-01,,2024-11-01,2024-11-01,272.49
N24001899,REHABILITATION AND UPGRADATION TO 2 LANE WITH PAVED SHOULDER FROM EXISTING CHAINAGE KM 134.95 TO KM,BRO,JAMMU AND KASHMIR,2021-02-01,,2024-07-01,2025-03-01,395.25
N24001900,REHABILITATION AND UPGRADATION TO 2 LANE WITH PAVED SHOULDER FROM EXISTING CHAINAGE KM 49.150 TO KM,BRO,JAMMU AND KASHMIR,2020-03-01,,2024-08-01,2025-03-01,796.97
N24001901,REHABILITATION AND UPGRADATION TO 2 LANE WITH PAVED SHOULDER FROM EXISTING CHAINAGE KM 64.535 TO K,BRO,JAMMU AND KASHMIR,2020-03-01,,2023-09-01,2025-03-01,152.93
N24001902,REHABILITATION AND UP-GRADATION OF SABALKHED TO ASHTI SECTION FROM KM 37+900 TO KM 55+100 AND CHINCH,MoRTH,MAHARASHTRA,2022-12-01,,2024-09-01,2024-09-01,213.32
N24001903,REHABILITATION AND UP-GRADATION OF MUDKHED TO NANDED SECTION FROM KM. 372+000 TO KM 388+400 OF NH 16,MoRTH,MAHARASHTRA,2022-08-01,,2025-04-01,2025-04-01,206.54
N24001904,KOPARGAON TO SAVALI VIHIR SECTION,MoRTH,MAHARASHTRA,2022-09-01,,2024-07-01,2024-07-01,195.38
N24001905,"CONSTRUCTION OF MAJOR BRIDGE ACROSS MANJRA RIVER NEAR YESGI VILLAGE @ KM, 166/500 ON NH 63 TQ BILOLI",MoRTH,MAHARASHTRA,2021-10-01,,2023-08-01,2023-12-01,188.69
N24001906,UP-GRADATION TO 4 LANING OF DAULTABAD T-POINT TO MALIWADA [FROM DESIGN KM.0.000 TO KM 4.000] AND UPG,MoRTH,MAHARASHTRA,2022-08-01,,2024-03-01,2024-03-01,185.59
N24001907,"CONSTRUCTION OF SIX LANE FLYOVER AT KATRAJ JUNCTION AT KM, 3/880 OF NH 548-DD (VADGAON - KATRAJ - KO",MoRTH,MAHARASHTRA,2021-06-01,,2024-02-01,2024-03-01,169.15
N24001908,UPGRADATION OF EXHISTING 2 LANE FLEXIBLE PAVEMENT TO 2 LANE PAVED SHOULDERS RIGID PAVEMENT FROM DESI,MoRTH,MAHARASHTRA,2021-12-01,,2024-05-01,2024-05-01,167.97
N24001909,"STRENGTHING AND WIDINING OF EXISTING CARRIAGEWAY TO 10 M IN KM, 156/160 TO 229/160 (TEMBHURNI - KUSL",MoRTH,MAHARASHTRA,2021-11-01,,2024-06-01,2024-06-01,157.72
N24001910,REHABILITATION AND UPGRADATION OF JAMKHED TO SAUTADA SECTION OF NH548 D (FROM KM 195.375 TO KM 208.7,MoRTH,MAHARASHTRA,2022-09-01,,2024-07-01,2024-07-01,157.62
N24001911,PANGAON TO DHARMAPURI AND PARALI TO INJEGAON 2L+PS,MoRTH,MAHARASHTRA,2018-03-01,,2024-07-01,2023-12-01,152.03
N24001912,PEREN-DIMAPUR PKG-3,NHIDCL,NAGALAND,2021-02-01,,2025-06-01,2025-12-01,199.02
N24001914,IMPROVEMENT AND WIDENING TO 2- LANE WITH EARTHEN PAVED SHOULDER FROM UDAIPUR TO SRIMANTAPUR,NHIDCL,TRIPURA,2023-05-01,,2024-11-01,2025-12-01,195.95
N24001915,IMPROVEMENT/CONSTRUCTION OF EXISTING CLASS-5 ROAD TO NH INTERMEDIATE LANE SPECIFICATION WITH HARD SH,BRO,HIMACHAL PRADESH,2021-03-01,,2026-06-01,2026-06-01,230.54
N24001916,IMPROVEMENT/CONSTRUCTION OF EXISTING CLASS 5 ROAD TO NH INTERMEDIATE LANE SPECIFICATION WITH HARD SH,BRO,HIMACHAL PRADESH,2021-03-01,,2026-05-01,2026-05-01,314.67
N24001917,UP GRADATION OF NH 930 SHERPAR TO KOHKA FROM KM 67.880 TO KM 114.860 TO TWO LANE WITH PAVED SHOULDER,MoRTH,CHHATTISGARH,2020-03-01,,2024-05-01,2025-06-01,278.97
N24001919,UP GRADATION OF NH 130C ABHANPUR TO PAUND FROM NK KM 0.000 TO KM. 40.380 TO TWO LANE WITH PAVED SHOU,MoRTH,CHHATTISGARH,2020-12-01,,2023-09-01,2025-06-01,193.16
N24001920,UPGRADATION OF NH 130A MUNGELI TO PONDI FROM NH KM. 51.600 TO KM. 77.870 KM. 80.970 TO 96.970 TO 2,MoRTH,CHHATTISGARH,2021-03-01,,2024-09-01,2025-05-01,218.57
N24001921,2- LANE WITH PAVED SHOULDERS OF HINOTIYA TO MEHULWA FROM DESIGN KM 27+000 9OF EXISTING SH-19 KM 26+5,NHAI,MADHYA PRADESH,2021-08-01,,2025-09-01,2025-09-01,592.03
N24001922,WIDENING TO 2-LANE WITH PAVED SHOULDER FROM KM 0.00 TO 44.00 (KURU-GHAGHRA SECTION) OF NH- 143A INCLU,MoRTH,JHARKHAND,2020-02-01,,2023-08-01,2024-12-01,153.01
N24001923,WIDENING AND STRENGTHENING OF EXISTING PAVEEMNT TO TWO LANE WITH PAVED SHOULDERS FROM KM 116.00 TO K,MoRTH,JHARKHAND,2022-01-01,,2024-07-01,2024-12-01,315.21
N24001924,WIDENING AND STRENGTHENING TO TWO LANE WITH PAVED SHOULDER/TWO LANE+ PAVED SHOULDER WITH SERVICE ROA,MoRTH,JHARKHAND,2022-03-01,,2025-08-01,2025-08-01,514.22
N24001925,WIDENING AND STRENGTHENING/RECONSTRUCTION TO TWO LANE WITH PAVED SHOULDER/ TWO LANE WITH PAVED SHOUL,MoRTH,JHARKHAND,2022-03-01,,2025-08-01,2025-08-01,423.18
N24001926,CONSTRUCTION OF TWIN TUBE TUNNELS ON JAMMU KASHMIR RING ROAD (NH-244A) BETWEEN DESIGN CH. 50+600 TO,NHAI,JAMMU AND KASHMIR,2023-03-01,,2025-06-01,2026-03-01,939.86
N24001927,UP-GRADATION TO 2 LANE WITH PAVED SHOULDER FROM CHARBHUJA AT DESIGN KM 0.00 (EXISTING KM 150.00) TO,MoRTH,RAJASTHAN,2022-02-01,,2025-09-01,2025-09-01,838.43
N24001928,CONSTRUCTION OF 2 LANE WITH PAVED SHOULDER NORTHERN BYPASS PHASE-II OF KOTA CITY FROM DESIGN CHAINAG,MoRTH,RAJASTHAN,2022-03-01,,2025-04-01,2025-12-01,317.74
N24001929,CONSTRUCTION OF 4-LANE GREEN FIELD HIGHWAY FROM KM. 35.000 TO KM. 49.155 OF NH-731A WITH PAVED SHOUL,MoRTH,UTTAR PRADESH,2022-01-01,,2025-10-01,2025-10-01,697.66
N24001932,2L+PS FROM KM. 0+000 TO KM. 32+000 (MUDIGUBBA TO PUTTAPARTHI) OF NH- 342,MoRTH,ANDHRA PRADESH,2022-03-01,,2024-09-01,2025-06-01,401.72
N24001934,NH440 RAYACHOTY TOVEMPALLI 2LPS,MoRTH,ANDHRA PRADESH,2021-12-01,,2024-05-01,2025-07-01,439.82
N24001935,4 LANE WITH PAVED SHOULDER FROM KM 0.000 TO KM 51.119 OF TADIPATRI TO MUDDANUR OF NH67,MoRTH,ANDHRA PRADESH,2022-03-01,,2025-08-01,2025-08-01,724.17
N24001936,BALANCE WORK OF CONTSRUCTION OF TWO/FOUR LANE WITH PAVED SHOULDER FROM KM. 54.370 TO KM. 101.400 (BI,MoRTH,KARNATAKA,2021-03-01,,2023-03-01,2024-07-01,344.79
N24001937,BALANCE WORK OF REHABILITATION AND UPGRADING TO 2LANE/2LANE WITH PAVED SHOULDER CONFIGURATION AND ST,MoRTH,KARNATAKA,2023-02-01,,2024-02-01,2025-02-01,398.48
N24001938,"CONSTRUCTION OF ELEVATED CORRIDOR FROM KM. 135.650 TO 136.300 ON 63, FROM KM. 249 TO KM. 250.050 ON",MoRTH,KARNATAKA,2021-06-01,,2024-06-01,2025-06-01,298.0
N24001939,NH165 FROM KM 0.000 TO KM 64.020 PAMARRU TO AKIVEEDU SECTION TO TWO LANE WITH PAVED SHOULDERS,MoRTH,ANDHRA PRADESH,2020-03-01,,2023-09-01,2026-12-01,529.24
N24001940,WIDENING TO 2 LANE WITH PAVED SHOULDERS FROM DESIGN KM 103.200 (EXISTING KM 103.200) TO DESIGN KM 11,MoRTH,KARNATAKA,2023-01-01,,2026-01-01,2025-09-01,166.58
N24001941,WIDENING TO 4 LANE FROM KM. 133.00 TO 158.04 (DESIGN CHAINAGE KM. 130.88 TO 155.145) (SHIRUR CROSS T,MoRTH,KARNATAKA,2023-01-01,,2025-01-01,2025-01-01,350.69
N24001942,2LPS FROM KM36.400 TO KM. 107.224 OF NH167BG FROM DUTTALUR TO KAVALI SECTION,MoRTH,ANDHRA PRADESH,2021-03-01,,2024-07-01,2026-06-01,423.67
N24001943,WIDENING TO TWO LANE WITH PAVED SHOULDERS FROM KM. 33.13 TO KM. 40.23 AND KM. 52.00 TO KM. 71.00 (EX,MoRTH,KARNATAKA,2022-09-01,,2024-03-01,2025-01-01,172.98
N24001944,WIDENING TO INTERMEDIATE/TWO LANE TO 2 LANE WITH PAVED SHOULDER FROM EXISTING CHANAGES KM 112.750 TO,MoRTH,KARNATAKA,2023-01-01,,2024-06-01,2024-07-01,255.88
N24001945,WIDENING TO 2 LANE WITH PAVED SHOULDERS FROM KM 116.800 TO 149.070(DESIGN CHANGES) ON HOSADURGA HOL,MoRTH,KARNATAKA,2022-08-01,,2024-02-01,2024-12-01,170.34
N24001946,"WIDENING TO 2 LANES WITH PAVED SHOULDERS FROM KM 24.400 TO 27.270, 40.500 TO 41.900, 84.300 TO 88.20",MoRTH,KARNATAKA,2022-11-01,,2024-11-01,2024-11-01,218.93
N24001947,WIDENING TO EXISTING 2 LANE WITH PAVED SHOULDER TO 4 LANE WITH PAVED SHOULDER FROM DESIGN KM 153.00,MoRTH,KARNATAKA,2023-02-01,,2025-02-01,2025-02-01,177.94
N24001948,WIDENING TO 4 LANE FROM KM 51.60 TO 76.20 (HEBRI TO PARKALA) AND FROM KM 85.20 TO 88.90 (KARAVALI JU,MoRTH,KARNATAKA,2022-10-01,,2024-10-01,2024-12-01,355.72
N24001951,NH167AD FROM MACHERLA TO DACHEPALLI FROM KM.0.000 TO 43.659 TO 2LPS,MoRTH,ANDHRA PRADESH,2022-01-01,,2025-01-01,2025-01-01,403.22
N24001952,NH 167 B KADAPA NELLORE BORDER TO CSPURAM I.E. FROM KM 58.635 TO KM 99.409,MoRTH,ANDHRA PRADESH,2022-03-01,,2025-08-01,2025-08-01,285.5
N24001953,NH-30-BHADRACHALAM TO KONTA SECTION 2LPS,MoRTH,ANDHRA PRADESH,2021-12-01,,2024-09-01,2025-09-01,388.71
N24001954,WIDENING TO 2LPS OF RAMPACHODAVARAM - KOYYURU SECTION OF NH516E FROM KM.43.700 TO KM 113.820,MoRTH,ANDHRA PRADESH,2022-03-01,,2025-01-01,2025-01-01,568.12
N24001955,GUDIWADA TOWN 2 LANE ROB AND ROAD IMPROVEMENT OF NH165 IN REPLACEMENT OF LC NO 3ESPL3 AT KM 231.700,MoRTH,ANDHRA PRADESH,2022-03-01,,2025-05-01,2025-05-01,317.22
N24001956,2LPS FROM GONDIGUDA TO ARAKU BHALLAGUDA KM 27.480 TO KM 51.772 SECTION OF NH 516E,MoRTH,ANDHRA PRADESH,2020-08-01,,2023-09-01,2024-12-01,296.66
N24001957,2LPS OF KOYYURU TO CHAPRATHIPALEM SECTION OF NH 516E,MoRTH,ANDHRA PRADESH,2020-08-01,,2024-07-01,2024-07-01,349.29
N24001958,2LPS OF CHAPRATHIPALEM TO LAMBASINGI SECTION OF NH 516E,MoRTH,ANDHRA PRADESH,2020-08-01,,2024-10-01,2025-06-01,311.22
N24001959,4 LANE FROM KM 56.400 TO KM 120.300 FROM B.KOTHAPALLI JUNCTION TO GORANTLA OF NH 716G,MoRTH,ANDHRA PRADESH,2022-03-01,,2025-09-01,2025-09-01,839.98
N24001960,UP-GRADATION TO TWO LANE WITH PAVED SHOULDER CONFIGURATION OF NH-354 SECTION ARIFKES- FEROZEPUR-MUKTS,MoRTH,PUNJAB,2021-03-01,,2023-10-01,2025-10-01,220.0
N24001961,WORK OF WIDENING/UPGRADATION OF 2-LANE WITH PAVED SHOULDER OF SRI MUKTSAR SAHIB TO MALOUT ROAD FROM,MoRTH,PUNJAB,2022-03-01,,2023-10-01,2025-07-01,152.58
N24001962,"CONSTRUCTION OF MIHONA BYPASS, LAHAR BYPASS, DABOH BYPASS and BHANDER BYPASS (TOTAL LENGTH 20.60 KM)",MoRTH,MADHYA PRADESH,2022-03-01,,2024-12-01,2025-03-01,179.19
N24001963,UPGRADATION OF NASRULLAGANI- REHTI-BUDHNI SCCTION TO 2-LANE WITH PAVED SHOULDER FROM KM 0+150 TO KM,MoRTH,MADHYA PRADESH,2021-12-01,,2024-10-01,2025-09-01,305.12
N24001964,UPGRADATION and WIDENING OF JHARKHEDA- BERASIA - DHOLKHEDI FROM DESIGN KM 0+000 TO KM 87+900 (DESIGN,MoRTH,MADHYA PRADESH,2022-03-01,,2025-05-01,2025-05-01,365.21
N24001965,"REHABILITATION AND UPGRADATION OF KURWAI?MUNGAOLI?CHANDERI ROAD SECTION OF NH-346, FROM DESIGN CHAIN",MoRTH,MADHYA PRADESH,2022-03-01,,2025-02-01,2025-12-01,386.49
N24001966,BALANCE WORK FOR REHABILITATION AND UP-GRADATION OF SIDHI-SINGRAULI FROM KM 82.400 TO KM 187.993 SEC,MoRTH,MADHYA PRADESH,2020-12-01,,2023-04-01,2025-06-01,529.44
N24001967,4L GREENFIELD RUDHI TO DESHGAON (PKG V OF BETUL- KHANDWA/DESHGAON) - N/04015/06003/MP,NHAI,MADHYA PRADESH,2018-11-01,,2025-10-01,2025-10-01,521.21
N24001968,CONSTRUCTION OF STRR (WEST SIDE)-NH948A-BALAGONDAPALLI (TAMIL NADU) TO KARNATAKA/TAMIL NADU BORDER F,NHAI,TAMIL NADU,2022-04-01,,2025-05-01,2025-05-01,1260.74
N24001969,WIDENING AND UPGRADATION TO TWO LANES WITH PAVED SHOULDERS ROAD FROM TAMENGLONG TO MAHUR (NH-137) I,NHIDCL,ASSAM,2023-03-01,,2025-08-01,2025-08-01,904.04
N24001970,WIDENING AND UPGRADATION TO TWO LANES WITH PAVED SHOULDERS ROAD FROM TAMENGLONG TO MAHUR (NH-137) IN,NHIDCL,ASSAM,2023-03-01,,2025-08-01,2025-08-01,860.37
N24001971,WIDENING AND UPGRADATION TO TWO LANES WITH PAVED SHOULDERS ROAD FROM TAMENGLONG TO MAHUR (NH-137) IN,NHIDCL,ASSAM,2023-03-01,,2025-08-01,2025-08-01,890.33
N24001972,WIDENING/IMPROVEMENT TO 4-LANE WITH PAVED SHOULDER FROM KM 0+800 (KANDULIJAN GAON) TO KM 27+701 (SI,NHIDCL,ASSAM,2023-03-01,,2026-04-01,2026-04-01,609.16
N24001973,WIDENING/IMPROVEMENT TO 4-LANE WITH PAVED SHOULDER FROM KM 27+701 (SIMEN CHAPORI) TO KM 55+000 (NAG,NHIDCL,ASSAM,2023-03-01,,2026-02-01,2026-02-01,562.05
N24001974,CONSTRUCTION OF 2-LANING WITH HARD SHOULDER ROAD OF UKHRUL - TOLOI - TADUBI SECTION OF NH-102A FROM,NHIDCL,MANIPUR,2021-09-01,,2025-01-01,2025-08-01,315.56
N24001975,UP-GRADATION TO 2-LANE WITH PAVED SHOULDERS OF NGOPA - PAWLRANG SECTION OF NH 102B OF AIZAWL - IMPHA,NHIDCL,MIZORAM,2021-09-01,,2025-02-01,2025-12-01,523.78
N24001976,WIDENING TO 2 LANE WITH HARD SHOULDER OF AKEGWO-AVANGKHU SECTION OF NH-202K FOR PACKAGE-I (DESIGN CH,NHIDCL,NAGALAND,2022-12-01,,2026-02-01,2026-02-01,430.24
N24001977,WIDENING TO 2 LANE WITH HARD SHOULDER OF AKEGWO-AVANGKHU SECTION OF NH-202K FOR PACKAGE-II (DESIGN C,NHIDCL,NAGALAND,2022-12-01,,2026-02-01,2026-02-01,442.54
N24001978,WIDENING TO 2 LANE WITH HARD SHOULDER OF AKEGWO-AVANGKHU SECTION OF NH-202K FOR PACKAGE-III (DESIGN,NHIDCL,NAGALAND,2022-12-01,,2026-02-01,2026-02-01,497.18
N24001979,4L GREENFIELD ROAD CONNECTING NORTH AND SOUTH INDUSTRIAL CLUSTER OF KHANDALERU CREEK NEAR KRISHNAPAT,NHAI,ANDHRA PRADESH,2022-08-01,,2025-09-01,2025-09-01,609.43
N24001980,4 LANING OF NH 544D FROM EXISTING KM 346.300 OF NH 44 (DESIGN CHAINAGE KM 0.000) TO KM 39.380 (DESIG,NHAI,ANDHRA PRADESH,2022-10-01,,2025-07-01,2025-07-01,907.76
N24001981,CONSTRUCTION OF SIX LANING OF NAIDUPETA JUNCTION - TURPUKANUPUR SECTION FROM KM.57+046 TO KM.91+927,NHAI,ANDHRA PRADESH,2022-07-01,,2025-10-01,2025-10-01,1398.84
N24001982,4L PS FROM KURNOOL (EXISTING KM. 5.400 OF NH-40/DESIGN KM.0.000) TO MANDLEM (EXISTING KM.38.000/DESI,NHAI,ANDHRA PRADESH,2023-03-01,,2025-10-01,2025-10-01,827.39
N24001983,4 LANING FROM EXISTING KM 39.380 (DESIGN CH. 37.000) TO KM 74.450 (DESIGN CH. 69.000) OF MUCHUKOTA ?,NHAI,ANDHRA PRADESH,2022-10-01,,2025-08-01,2025-08-01,1055.23
N24001984,4L PS FROM MANDLEM (EXISTING KM. 38.000/DESIGN KM.30.600) TO ATMAKUR (EXISTING KM.73.000/DESIGN KM 6,NHAI,ANDHRA PRADESH,2023-03-01,,2025-10-01,2025-10-01,887.28
N24001985,BANGALORE CHENNAI EXPRESSWAY (PHASE-II PKG-II) FROM KM.96.000 TO KM 127.000 (BAIREDDYPALLE TO BANGAR,NHAI,ANDHRA PRADESH,2021-03-01,,2025-06-01,2025-06-01,2171.0
N24001986,4L OF PILERU TO KALUR SECTION FROM KM 55.900 TO KM 92.800 AND KM 94.500 TO KM 95.717,NHAI,ANDHRA PRADESH,2023-10-01,,2025-04-01,2025-04-01,1047.32
N24001987,"CONSTRUCTION OF 1 NOS ROB, 2 NOS VUPS, SERVICE ROADS, PROVISION OF LIGHTING AND CONSTRUCTION OF OTHE",NHAI,ANDHRA PRADESH,2023-06-01,,2024-12-01,2024-12-01,152.05
N24001988,6L OF CHITTOOR TO THATCHUR FROM KUMARAJAPET TO VEERA KAVERI RAJA PURAM FROM KM 43.800 TO KM 61.380 O,NHAI,ANDHRA PRADESH,2021-02-01,,2025-10-01,2025-10-01,703.0
N24001989,FOUR LANING OF LEFT OVER WORKS OF HOSPET BELLARY KARNATAKA/ AP BORDER FROM KM.280.080 TO KM. 375.450,NHAI,KARNATAKA,2023-03-01,,2025-05-01,2025-05-01,830.28
N24001990,4L POANTA SAHEB?MEDNIPUR FROM KM. 435.65 TO KM. 458.65 OF NH- 07(PKG-1),NHAI,UTTARAKHAND,2022-06-01,,2025-05-01,2025-10-01,683.26
N24001991,ACCESS ROAD/BRIDGE CONNECTIVITY FROM NH-09 AT KM.40 NEAR JAGBUDA BRIDGE (INDIA) TO BOUNDARY PILLAR,NHAI,UTTARAKHAND,2022-05-01,,2024-09-01,2026-11-01,314.31
N24001992,BALANCE WORKS OF 4-LANNING OF RAMPUR-KATHGODAM SECTION OF NH-87 (NEW NH NO. 09) FROM KM. 0.000 (KM 1,NHAI,UTTAR PRADESH,2022-08-01,,2024-02-01,2025-07-01,244.26
N24001993,DEVELOPMENT OF 6 LANE ACCESS CONTROLLED GREENFIELD HIGHWAY FROM KM. 97.000 TO KM. 162.500 MARADGI S,NHAI,KARNATAKA,2022-12-01,,2025-10-01,2025-10-01,1589.0
N24001994,4/6L OF BANGALORE - PUNE SECTION OF BYPASS CONNECTING DHARWAD - HUBLI FROM KM. 403.80 TO KM. 433.20,NHAI,KARNATAKA,2022-05-01,,2023-03-01,2025-09-01,1135.39
N24001996,CONSTRUCTION OF TWO LANE WITH PAVED SHOULDER HIGHWAY FROM DESIGN CH.0.000 TO CH.49.2OO OF NH- 731B ON,MoRTH,UTTAR PRADESH,2022-03-01,,2025-11-01,2025-11-01,602.76
N24001997,CONSTRUCTION OF SHOHRATGARH BYPASS ON NH-730 UNDER EPC MODE IN THE STATE OF UTTAR PRADESH,MoRTH,UTTAR PRADESH,2022-10-01,,2025-05-01,2026-02-01,189.31
N24001998,"CONSTRUCTION OF 4 LANE WITH PAVED SHOULDER FROM (DESIGN CH. 14+200 TO 24+400), (DESIGN CH. 35+300 TO",BRO,JAMMU AND KASHMIR,2022-06-01,,2025-08-01,2025-08-01,823.46
N24001999,CONSTRUCTION OF REALIGNMENT BETWEEN PANDRASS- PASHKYUN (TOTAL LENGTH 27.10 KM) ON ROAD ZOZILA-KARGIL,BRO,LADAKH,2021-11-01,,2025-06-01,2025-06-01,426.14
N24002000,WIDENING AND STRENGTHENING OF EXISTING 2 LANE WITH PAVED SHOULDER TO 4 LANE WITH PAVED SHOULDER FRO,MoRTH,TELANGANA,2021-03-01,,2024-07-01,2024-07-01,317.19
N24002001,WIDENING TO 2 LANE WITH PAVED SHOULDERS OF MEDAK - SIDDIPET SECTION FROM KM 0/0 TO KM 69/978 OF NH-,MoRTH,TELANGANA,2022-01-01,,2025-01-01,2025-01-01,882.18
N24002002,WIDENING AND IMPROVEMENT OF EXISTING CARRIAGE WAY TO 2 LANE WITH PAVED SHOULDERS FROM KM. 86/160 TO,MoRTH,TELANGANA,2022-01-01,,2024-12-01,2024-12-01,423.48
N24002003,REHABILITATION AND UP-GRADATION OF VALIGONDA TO THORRUR SECTION TO TWO LANE WITH PAVED SHOULDERS FRO,MoRTH,TELANGANA,2022-01-01,,2024-12-01,2024-12-01,549.28
N24002004,REHABILITATION AND UPGRADATION OF LB-NAGAR TO MALKAPUR SECTION TO 6-LANE MAIN CARRIAGEWAY WITH SERVI,MoRTH,TELANGANA,2021-03-01,,2024-07-01,2024-07-01,545.11
N24002005,WIDENING TO TWO LANE WITH PAVED SHOULDERS OF 'BODHAN BASAR BHAINSA ' SECTION FROM KM 38/900 TO 95/3,MoRTH,TELANGANA,2022-03-01,,2025-03-01,2025-03-01,644.45
N24002006,"ONSTRUCTION OF 4-LANE FLYOVER AT AMBERPET-X ROAD, HYDERABAD ON NH-202 IN THE STATE OF TELANGANA",MoRTH,TELANGANA,2017-10-01,,2023-06-01,2023-06-01,186.71
N24002007,WIDENING TO TWO LANE WITH PAVED SHOULDERS FROM KM 0/000 TO KM 79/300 OF KALWAKURTHY - KOLLAPUR SECTI,MoRTH,TELANGANA,2022-03-01,,2025-07-01,2025-07-01,886.69
N24002008,WIDENING TO 2 LANE WITH PAVED SHOULDERS OF SIDDIPET- ELKATHURTHY SECTION FROM KM 69/978 TO KM 133/6,MoRTH,TELANGANA,2022-01-01,,2024-12-01,2024-12-01,578.85
N24002009,WIDENING AND STRENGTHENING TO 2/4 LANE WITH PAVED SHOULDERS OF MAHABUBNAGAR ? CHINCHOLI SECTION FROM,MoRTH,TELANGANA,2022-01-01,,2025-01-01,2025-07-01,703.68
N24002010,WIDENING AND STRENGTHENING TO 4 LANE / 2-LANE WITH PAVED SHOULDERS OF MAHABUBNAGAR- CHINCHOLI SECTION,MoRTH,TELANGANA,2022-03-01,,2024-03-01,2025-10-01,631.49
N24002011,BALANCE WORK OF CONSTRUCTION OF TWO/FOUR LANE WITH PAVED SHOULDER FROM KM 422.000 TO 523.600 ( CHITR,MoRTH,KARNATAKA,2021-12-01,,2024-06-01,2024-12-01,516.96
N24002012,WIDENING TO TWO LANE WITH PAVED SHOULDERS FROM KM 40.00 TO KM 75.00 (EXISTING CHAINAGES) OF MANGALOR,MoRTH,KARNATAKA,2023-03-01,,2025-03-01,2025-03-01,718.52
N24002013,CONSTRUCTION OF TWO LANE WITH PAVED SHOULDER FROM KM.0 TO KM. 80 ON NH 548B (VIJAYAPURA- SANKESWAR SE,MoRTH,KARNATAKA,2021-03-01,,2022-02-01,2024-10-01,766.64
N24002014,UPGRADATION AND STRENGTHENING TO 2 LANE PS FROM KM 95/500 TO KM 129/775 OF NH 168 G IDAR BHILODA SA,MoRTH,GUJARAT,2022-09-01,,2023-12-01,2025-12-01,237.28
N24002015,IMPROVEMENT AND UPGRADATION TO TWO LANE WITH PAVED SHOULDER CONFIGURATION FROM EXISTING KM 90.00 TO,MoRTH,UTTAR PRADESH,2021-11-01,,2025-06-01,2025-08-01,328.49
N24002016,CONSTRUCTION OF PRATAPGARH BYPASS (EXTENSION) CONNECTING NH-31 TO NH-330,MoRTH,UTTAR PRADESH,2022-10-01,,2025-06-01,2025-08-01,225.17
N24002017,DEVELOPMENT OF SIX LANE BASANWAHI-MARANGPURI OF NH 130 CD FROM KM.99+500 TO 124+661 UNDER RAIPUR VIS,NHAI,CHHATTISGARH,2022-03-01,,2025-10-01,2026-09-01,1307.16
N24002018,REHABILITATION AND UPGRADATION TO 2-LANE WITH PAVED SHOULDER CONFIGURATION OF JIRAPUR- SUSNER-MP-RJ B,MoRTH,MADHYA PRADESH,2022-01-01,,2025-03-01,2025-03-01,232.22
N24002019,UPGRADATION OF DINDORI- SAGARTOLA-KABICHABUTRA (MP-CG BORDER) SECTION OF NH -45 FROM KM 0+00(DESIGN),MoRTH,MADHYA PRADESH,2022-01-01,,2025-09-01,2025-09-01,319.09
N24002020,"CONSTRUCTION OF KAITHI-PADARIA KALA BYPASS, PATNA-TAMOLI BYPASS, JASO BYPASS , NAGOD BYPASS (TOTAL L",MoRTH,MADHYA PRADESH,2022-03-01,,2025-10-01,2025-10-01,158.0
N24002021,BILASIPURA-GUWAHATI ROAD PKG-8,NHIDCL,ASSAM,2023-03-01,,2026-12-01,2026-12-01,1457.59
N24002022,BILASIPURA-GUWAHATI ROAD PKG-9,NHIDCL,ASSAM,2023-03-01,,2026-06-01,2026-06-01,1000.27
N24002023,BILASIPURA-GUWAHATI ROAD PKG-10,NHIDCL,ASSAM,2023-03-01,,2026-06-01,2026-06-01,1264.9
N24002024,DABOKA BYPASS OF DABOKA - PAROKHAOWA PKG -1,NHIDCL,ASSAM,2023-01-01,,2025-11-01,2025-11-01,516.88
N24002025,2 LANE WITH PAVED SHOULDER FROM KM 16+900 (BOGAPANI) TO KM 27+150 (GOLAI GAON) ON EXISTING DIBRUGARH,NHIDCL,ASSAM,2023-01-01,,2025-12-01,2026-12-01,356.65
N24002026,2 LANE WITH PAVED SHOULDER FROM KM 27+150 (GOLAI GAON) TO KM 47+682 (LEDO) ON EXISTING DIBRUGARH TO,NHIDCL,ASSAM,2023-03-01,,2025-12-01,2026-12-01,643.42
N24002027,KEIFANG - TUVAI PKG-3,NHIDCL,MIZORAM,2021-12-01,,2025-02-01,2025-12-01,500.88
N24002028,LMPHAL TO JIRIBAM PKG-7,NHIDCL,MANIPUR,2023-01-01,,2025-12-01,2026-03-01,760.16
N24002029,WIDENING TO FOUR LANE WITH PAVED SHOULDER FROM DESIGN KM.49.200 TO KM.89.285 OF NH-731B ON EPC MODE,MoRTH,UTTAR PRADESH,2022-03-01,,2026-01-01,2026-01-01,956.3
N24002030,DEVELOPMENT OF EXTERNAL TRUNK CONNECTIVITY AND INTERNAL INFRASTRUCTURE WORKS AT MULTI MODEL LOGISTIC,NHIDCL,ASSAM,2020-02-01,,2022-03-01,2024-09-01,592.06
N24002031,CONSTRUCTION OF TWO LANE WITH PAVED SHOULDER FROM EXISTING KM.0.000 TO KM.55.610 (DESIGN KM. 0.000 T,MoRTH,UTTAR PRADESH,2021-12-01,,2026-02-01,2026-02-01,773.58
N24002032,CONSTRUCTION OF 4-LANE HIGHWAY WITH PAVED SHOULDERS FROM KM 49.155 TO KM 74.700 OF NH-731A ON HYBRID,MoRTH,UTTAR PRADESH,2022-01-01,,2026-01-01,2026-01-01,1156.72
N24002033,CONSTRUCTION OF 4 LANE ACCESS CONTROLLED HIGHWAY FROM CHILLAKURU CROSS ROAD TO TURPUKANUPUR KM 0+000,NHAI,ANDHRA PRADESH,2022-07-01,,2025-12-01,2025-12-01,909.47
N24002034,UPGRADATION TO 4L PS DIVIDED CARRIAGEWAY FROM PATAN (NEAR RAJPUR) TO GOJARIYA FROM KM 52.000 TO KM 1,NHAI,GUJARAT,2021-12-01,,2025-03-01,2025-03-01,1181.0
N24002035,WIDENING TO 6L OF EXISTING 4L JETPUR - GONDAL - RAJKOT SECTION FROM KM. 117.600 TO KM. 185.00 ON NH-,NHAI,GUJARAT,2023-09-01,,2025-09-01,2025-09-01,2070.44
N24002036,DEVELOPMENT OF SIX-LANE ACCESS CONTROLLED HIGHWAY FROM GOGWAN JALALPUR (SHAMLI DISTRICT) TO RANIPUR,NHAI,UTTAR PRADESH,2022-04-01,,2025-05-01,2025-05-01,1843.59
N24002037,UPGRADATION OF EXISTING 4 LANE ISMAILABAD-AMBALA SECTION (KM. 0+000 TO KM 42+500) (PART OF AMBALA-KO,NHAI,HARYANA,2023-01-01,,2025-12-01,2026-03-01,609.0
N24002038,CONSTRUCTION OF 6-LANE GREENFIELD KARNAL RING ROAD STARTING FROM NH-44 NEAR VILLAGE SHAMGARH (DESIGN,NHAI,HARYANA,2022-11-01,,2025-08-01,2025-08-01,1998.0
N24002039,CONSTRUCTION OF 6-LANE GREENFIELD AMBALA RING ROAD STARTING FROM JUNCTION WITH SHAMLI-AMBALA SECTION,NHAI,HARYANA,2023-02-01,,2025-10-01,2025-10-01,1178.0
N24002040,DEVELOPMENT OF SIX-LANE ACCESS CONTROLLED HIGHWAY FROM RANIPUR BARSI (SAHARANPUR DISTRICT) TO ADHOYA,NHAI,HARYANA,2022-04-01,,2025-05-01,2028-05-01,1554.21
N24002041,DEVELOPMENT OF SIX-LANE ACCESS CONTROLLED HIGHWAY FROM ADHOYA MUSALMANA (AMBALA DISTRICT) TO SADOPUR,NHAI,HARYANA,2022-04-01,,2025-05-01,2025-05-01,1491.71
N24002042,CONSTRUCTION OF 4-LANING OF BHIWANI HANSI ROAD SECTION OF NH 148B (DESIGN LENGTH 42.934 KM) UNDER BH,NHAI,HARYANA,2022-11-01,,2025-12-01,2025-12-01,1322.13
N24002043,CONSTRUCTION OF 4-LANE GREENFIELD JALBEHRA - SHAHBAD SECTION OF NH ? 152G FROM KM 0+000 TO KM 22+850,NHAI,HARYANA,2022-03-01,,2025-06-01,2025-10-01,1173.66
N24002044,4L AMBALA - KALAAMB FROM KM. - 0.800 TO KM. 33.015 OF OLD NH-72,NHAI,HARYANA,2023-06-01,,2025-06-01,2025-06-01,629.16
N24002045,CONSTRUCTION OF 6 LANE DURG RAIPUR ARANG BYPASS PKG 1 SECTION OF NH 53 FROM CH 0.000 TO CH 44.50,NHAI,CHHATTISGARH,2022-06-01,,2025-07-01,2025-07-01,1828.0
N24002046,CONSTRUCTION OF 6 LANE DURG RAIPUR ARANG BYPASS PKG 2 SECTION OF NH 53 FROM CH 44+500 TO CH.92+230 I,NHAI,CHHATTISGARH,2022-06-01,,2025-05-01,2025-05-01,1959.0
N24002048,CONSTRUCTION OF GREENFIELD CONNECTIVITY TO JEWAR INTERNATIONAL AIRPORT FROM DND FARIDABAD BALLABHGAR,NHAI,HARYANA,2022-07-01,,2025-06-01,2026-03-01,2898.0
N24002049,PKG NAME: 4L OF KATHLIGHAT TO SHAKRAL VILLAGE FROM KM 128.835 TO KM 146.300 OF NH- 5 (SHIMLA BYPASS,NHAI,HIMACHAL PRADESH,2022-03-01,,2026-04-01,2026-04-01,2278.0
N24002050,REHABILITATION AND UPGRADATION TO 4L CONFIGURATION and STRENGTHENING OF SIHUNI TO RAJOL FROM KM 51.0,NHAI,HIMACHAL PRADESH,2022-02-01,,2025-09-01,2025-09-01,698.46
N24002051,CONSTRUCTION OF NEW 2 LANE WITH PAVED SHOULDER OF HAMIRPUR BYPASS (PACKAGE IVA) OF NH-88 (NEW NH-103,NHAI,HIMACHAL PRADESH,2022-07-01,,2025-10-01,2025-10-01,739.39
N24002052,REHABILITATION AND UP-GRADATION OF EXISTING ROAD TO 2L PS FROM END OF HAMIRPUR BYPASS (NEAR CHILBAHA,NHAI,HIMACHAL PRADESH,2022-02-01,,2025-04-01,2025-04-01,1146.19
N24002053,FOUR LANING OF KHAJURI TO WYNDHAMGANJ FROM KM 219.600 TO KM 260.483 ON NH-75 PKG SEC-V ON HAM,NHAI,JHARKHAND,2022-04-01,,2025-09-01,2025-09-01,1343.0
N24002054,FOUR LANING OF BHOGU TO SANKHA FROM KM 147.450 TO KM 196.870 ON NH-75 PKG SEC-III,NHAI,JHARKHAND,2022-10-01,,2025-11-01,2025-11-01,1391.0
N24002055,FOUR LANING OF BASUKINATH- DEOGHAR SECTION OF NH-114A FROM KM 85.081 TO KM 130.240 UNDER NHDP PHASE-I,NHAI,JHARKHAND,2023-03-01,,2025-12-01,2025-12-01,1444.94
N24002056,BHARATMALA PARIYOJANA OF BOKARO JAINA MORE - GOLA SECTION OF NH-320 FROM KM. 21.110 TO KM. 53.600 IN,NHAI,JHARKHAND,2020-06-01,,2025-06-01,2025-06-01,964.64
N24002057,FOUR LANING OF MEHGAMA HANSDIHA SECTION OF NH-33 FROM EXISTING KM 41.900 TO 93.000 IN THE STATE OF J,NHAI,JHARKHAND,2022-12-01,,2025-05-01,2025-05-01,1443.77
N24002058,ADDITIONAL STRUCTURES ON 6LGURGAON-JAIPUR SECTION OF NH- 48 BETWEEN KM 42.700 TO KM 273.00,NHAI,RAJASTHAN,2022-08-01,,2024-06-01,2025-07-01,409.64
N24002059,2L NH-1 FROM KM 8.660 TO KM 33.775 (SUMBAL TO WAYUL) TO 4L DUAL CARRIAGEWAY NH STANDARD AS PART OF S,NHAI,JAMMU AND KASHMIR,2022-09-01,,2026-06-01,2026-12-01,1183.6
N24002060,DELHI AMRITSAR KATRA EXPRESSWAY (PHASE-II PKG XVIII) DEVELOPMENT AND UPGRADATION OF FOUR LANE ACCESS,NHAI,JAMMU AND KASHMIR,2023-03-01,,2025-11-01,2026-03-01,975.38
N24002061,4/6L ACCESS CONTROL EXPRESSWAY FROM DESIGN CHAINAGE KM 515.000 TO 528.300 (KUNJWANI TO SIDHRA SECTIO,NHAI,JAMMU AND KASHMIR,2022-08-01,,2025-06-01,2026-02-01,2894.74
N24002062,CONSTRUCTION OF 6- LANE BRIDGE AND ITS APPROACHES ACROSS RIVER GANGA AS PART OF PATNA RING ROAD (NH-,NHAI,BIHAR,2023-03-01,,2027-09-01,2028-09-01,3012.27
N24002063,BALANCE WORK - WB-10 (GANDAK BRIDGE) KM 402.00 TO KM 440.00 (DEVANPUR - KOTWA),NHAI,BIHAR,2021-12-01,,2024-01-01,2026-03-01,210.05
N24002064,PERMANENT RECTIFICATION OF 3 NOS. OF BLACK SPOTS IN PROJECT HIGHWAY NH-27 OF U.P BORDER - DEWAPUR -,NHAI,BIHAR,2022-12-01,,2025-12-01,2025-12-01,381.8
N24002065,4L GREENFIELD ALIGNMENT OF AMAS TO SHIVRAMPUR FROM 0.000 KM. TO 55.002 KM. OF NH 119 D (PKG-I),NHAI,BIHAR,2022-02-01,,2025-03-01,2025-03-01,1390.92
N24002066,4L GREENFIELD ALIGNMENT OF SHIVRAMPUR TO RAMNAGAR FROM KM. 55.002 TO KM. 109.300 OF NH 119 D (PKG-I,NHAI,BIHAR,2022-02-01,,2025-07-01,2025-07-01,1494.31
N24002067,BALANCE WORK OF 4L OF NAURADEHI SANCTUARY DE-SCOPED STRETCH OF HIRAN RIVER TO SINDOOR RIVER FROM KM.,NHAI,MADHYA PRADESH,2021-01-01,,2023-07-01,2025-04-01,178.18
N24002068,CONSTRUCTION OF 4-LANE FROM BARELA TO MANEGAON SECTION OF NH-30 FROM DESIGN CH. 2.900 TO DESIGN CH.,NHAI,MADHYA PRADESH,2022-12-01,,2025-03-01,2025-12-01,652.33
N24002069,CONSTRUCTION OF ADDITIONAL 3 LANE WITH PAVED SHOULDER (DESIGN LENGTH 8.87 KM) AS REALIGNMENT OF BAKA,NHAI,MADHYA PRADESH,2022-07-01,,2024-12-01,2024-12-01,209.29
N24002070,INDORE - EDLABAD (PKG-II) [TEJAJINAGAR TO BALWARA],NHAI,MADHYA PRADESH,2022-01-01,,2025-01-01,2026-01-01,1162.8
N24002071,4L OF INDORA CHOWK TO PACHPAOLI AND AGRASEN CHOWK - ASHOKA CHOWK,NHAI,MAHARASHTRA,2023-03-01,,2026-06-01,2026-06-01,998.27
N24002072,IMPROVEMENT OF EXISTING ALIGNMENT OF PANDHARPUR TOWN PART BYPASSED SECTION FROM WAKHARI TO LORD VITT,NHAI,MAHARASHTRA,2022-07-01,,2025-10-01,2025-10-01,150.21
N24002073,GARHMUKTESHWAR (KM. 83.200 OF NH-24) TO MEERUT (KM. 9.860 OF NH- 235) INCLUDING CONNECTOR TO NH- 119,NHAI,UTTAR PRADESH,2019-10-01,,2023-10-01,2025-06-01,2171.0
N24002074,WIDENING/DEVELOPMENT OF EXISTING NH-85 FROM KM 0.000 TO KM 124.636 SECTION TO 2L/@L+PS SECTION IN TH,NHAI,KERALA,2022-08-01,,2025-06-01,2025-06-01,1231.74
N24002075,6L OF JODHPUR ROMANA (BATHINDA) - MANDI DABWALI (PUNJAB HARYANA BORDER) SECTION OF NH-54 FROM KM. 0.,NHAI,PUNJAB,2020-12-01,,2025-08-01,2025-08-01,757.0
N24002076,6L AMRITSAR-BATHINDA GREENFIELD SECTION FROM JN. WITH BHAGTA BHAI KA-BHADAUR ROAD NEAR DYALPURA BHAI,NHAI,PUNJAB,2021-03-01,,2025-10-01,2026-06-01,2029.0
N24002077,CONSTRUCTION OF (I) 4-LANE HIGHWAY FROM VIDISHA TO HINOTIYA FROM KM. 0.000 TO KM. 27.000 (LENGTH=27,NHAI,MADHYA PRADESH,2022-09-01,,2025-12-01,2025-12-01,1000.63
N24002078,REHABILITATION AND UP GRADATION FROM 4 TO 8 LANING OF CHANDIKHOLE PARADIP SECTION OF NH 53 FROM KM.,NHAI,ODISHA,2023-12-01,,2025-12-01,2026-03-01,711.0
N24002079,REHABILITATION AND UP GRADATION FROM 4 TO 8 LANING OF CHANDIKHOLE PARADIP SECTION OF NH 53 FROM KM,NHAI,ODISHA,2023-12-01,,2025-12-01,2026-03-01,742.25
N24002080,REHABILITATION AND UP GRADATION FROM 4 TO 8 LANING OF CHANDIKHOLE PARADIP SECTION OF NH 53 FROM KM,NHAI,ODISHA,2023-12-01,,2025-12-01,2026-03-01,762.75
N24002081,3L MAJOR BRIDGE OVER RIVER BRAHMANI AT KM. 401.250 (DUBURI CHANDIKHOLE SECTION) OF NH 200 (NEW NH 5,NHAI,ODISHA,2022-08-01,,2025-01-01,2026-12-01,153.61
N24002082,IMPROVEMENT OF GEOMETRICS OF THONDUPALLY TO KOTHUR FROM KM 22.300 TO KM 34.14 OF NH-44-RCW,NHAI,TELANGANA,2022-02-01,,2024-09-01,2026-01-01,541.58
N24002083,FOUR LANING OF KARIMNAGAR- WARANGAL SECTION OF NH-563 FROM DESIGN CH.48.860 KM NEAR SH-1 CH.170.400 K,NHAI,TELANGANA,2022-03-01,,2025-07-01,2025-07-01,2413.0
N24002084,4L OF THIRUMANGALAM TO VADUGAPATTI SECTION FROM KM 0.000 TO KM 36.000 OF NH-744,NHAI,TAMIL NADU,2022-03-01,,2025-02-01,2025-09-01,1076.97
N24002085,WIDENING OF RAEBARELI TO PRAYAGRAJ SECTION FROM KM. 82.650 TO KM. 161.450 OF NH-30 AND LINK ROAD FRO,NHAI,UTTAR PRADESH,2023-11-01,,2025-03-01,2025-03-01,1470.93
N24002086,CONSTRUCTION OF FOUR LANE HIGHWAY FORM GHAZIPUR BALLIA UP BIHAR STATE BORDER (GREENFIELD) SECTION OF,NHAI,UTTAR PRADESH,2022-10-01,,2025-07-01,2025-07-01,1706.47
N24002087,CONSTRUCTION OF FOUR LANE HIGHWAY FROM GHAZIPUR BALLIA UP BIHAR STATE BORDER (GREENFIELD) SECTION OF,NHAI,UTTAR PRADESH,2022-10-01,,2025-10-01,2025-10-01,1493.14
N24002088,CONSTRUCTION OF FOUR LANE HIGHWAY FROM GHAZIPUR BALLIA UP BIHAR STATE BORDER (GREENFIELD) SECTION OF,NHAI,UTTAR PRADESH,2022-10-01,,2025-08-01,2025-08-01,1493.5
N24002089,CONSTRUCTION OF FOUR LANE HIGHWAY FROM GHAZIPUR BALLIA UP BIHAR STATE BORDER GREENFIELD SECTION OF N,NHAI,UTTAR PRADESH,2022-10-01,,2025-06-01,2025-06-01,617.88
N24002090,CONSTRUCTION OF FOUR-LANE ?WESTERN SIDE SPUR OF RAMPUR- RUDRAPUR SECTION CONNECTING NH-24 TO NH-87 BY,NHAI,UTTAR PRADESH,2021-03-01,,2024-11-01,2025-12-01,646.27
N24002091,6L ACCESS CONTROLLED LUDHIANA- BATHINDA GREENFIELD HIGHWAY FROM JN. WITH AMRITSAR-BATHANDA GREENFIELD,NHAI,PUNJAB,2021-06-01,,2025-09-01,2026-03-01,906.51
N24002092,6-LANE AMRITSAR-BATHINDA GREENFIELD SECTION OF NH-754A FROM JUNCTION WITH MOGA JALANDHAR ROAD (NH-70,NHAI,PUNJAB,2021-03-01,,2025-10-01,2025-10-01,1801.37
N24002093,"IMPROVEMENT , UP-GRADATION OF NH-734 SECTION OF MORADABAD - THAKURDWARA - KASHIPUR: ?PACKAGE-I: MORA",NHAI,UTTAR PRADESH,2022-10-01,,2025-09-01,2026-02-01,1841.92
N24002094,"IMPROVEMENT AND UP-GRADATION OF EXISTING ROAD TO 4L PS FROM KM 123.650 TO 175.080, FROM START OF SHA",NHAI,UTTAR PRADESH,2022-09-01,,2025-11-01,2025-11-01,1212.26
N24002095,FOUR LANING OF SONAULI GORAKHPUR SECTION OF NH 29E (NEW NH 24) FROM DESIGN CH. 0.000 TO DESIGN CH. 7,NHAI,UTTAR PRADESH,2021-12-01,,2025-03-01,2025-03-01,2555.5
N24002096,CONSTRUCTION OF 4 LANE GREEN FIELD NORTHERN EAST SIDE GORAKHPUR BYPASS (26.616 KMS) STARTING FROM NH,NHAI,UTTAR PRADESH,2023-02-01,,2026-01-01,2026-01-01,1973.98
N24002097,STRENGTHENING OF EXISTING 4L AYODHYA BYPASS SECTION FROM DESIGN KM.121.600 TO KM. 144.020 OF NH 28 (,NHAI,UTTAR PRADESH,2023-02-01,,2025-09-01,2025-08-01,526.45
N24002098,6L OF AMBALA-CHANDIGARH GREENFIELD SECTION FROM KM. 0.000 TO KM. 25.000 WITH 4L SPUR TO LALRU FROM K,NHAI,PUNJAB,2022-03-01,,2025-10-01,2025-10-01,1641.66
N24002100,4L OF EXISTING BEAS ? BABA BAKALA - DERA BABA NANAK SECTION FROM START OF BATALA BYPASS TILL INTERSE,NHAI,PUNJAB,2021-10-01,,2025-06-01,2025-12-01,1003.38
N24002101,4L OF BEAS-MEHTA-BATALA-DERA BABA NANAK FROM INTERSECTION WITH JALANDHAR-AMRITSAR HIGHWAY (NH-3) NEA,NHAI,PUNJAB,2021-08-01,,2025-06-01,2025-12-01,809.51
N24002102,DELHI-AMRITSAR-KATRA EXPRESSWAY (PHASE-I SPUR-I) FROM JN. WITH KAPURTHALA - SULTANPUR LODHI ROAD (NH,NHAI,PUNJAB,2020-01-01,,2026-04-01,2027-04-01,2165.23
N24002103,COMPLETION OF BALANCE WORKS PENDING IN BIT AND PIECES (INCOMPLETE STRETCH AT 7 LOCATIONS) AND LISTED,NHAI,ANDHRA PRADESH,2022-09-01,,2025-01-01,2025-06-01,166.52
N24002104,CONSTRUCTION OF RING ROAD AROUND KANPUR FROM KM.000 TO KM. 23.325 (CHACHENDI SACHENDI I TO MAHARAJPU,NHAI,UTTAR PRADESH,2023-01-01,,2026-06-01,2026-06-01,1754.0
N24002105,CONSTRUCTION OF NEW 4 LANE PRAYAGRAJ SOUTHERN BYPASS (PHASE-I) FROM DESIGN KM 43+200 (AT MAHUWARI VI,NHAI,UTTAR PRADESH,2023-08-01,,2026-06-01,2026-06-01,739.0
N24002106,CONSTRUCTION OF NEW 4 LANE PRAYAGRAJ SOUTHERN BYPASS FROM DESIGN KM 50.860 (NABABA URF NIBI KALA UPA,NHAI,UTTAR PRADESH,2023-08-01,,2025-03-01,2025-10-01,349.48
N24002107,CONSTRUCTION OF NEW DOUBLE TIER 4 LANE ELEVATED CORRIDOR FROM CHENNAI PORT TO MADURAVOYAL IN CHENNAI,NHAI,TAMIL NADU,2023-03-01,,2026-05-01,2026-05-01,1382.0
N24002108,CONSTRUCTION OF NEW DOUBLE TIER 4L ELEVATED CORRIDOR FROM CHENNAI PORT TO MADURAVOYAL IN CHENNAI DIS,NHAI,TAMIL NADU,2023-03-01,,2026-05-01,2026-05-01,1618.96
N24002109,CONSTRUCTION OF NEW DOUBLE TIER 4L ELEVATED CORRIDOR FROM CHENNAI PORT TO MADURAVOYAL IN CHENNAI DIS,NHAI,TAMIL NADU,2023-03-01,,2026-05-01,2026-05-01,1301.37
N24002110,CONSTRUCTION OF NEW DOUBLE TIER 4L ELEVATED CORRIDOR FROM CHENNAI PORT TO MADURAVOYAL IN CHENNAI DIS,NHAI,TAMIL NADU,2023-03-01,,2026-05-01,2026-05-01,1207.4
N24002111,FOUR LANING OF MUGAIYUR TO MARAKKANAM SECTION OF NH-332A FROM KM 31.000 TO KM 62.000,NHAI,TAMIL NADU,2019-02-01,,2025-12-01,2026-05-01,1116.13
N24002112,SIX LANING OF TUTICORIN PORT ROAD SECTION OF NH-7A (NEW NH- 138) FROM KM 0.000 TO KM 6.140 [EFFECTIVE,NHAI,TAMIL NADU,2023-03-01,,2024-07-01,2025-07-01,200.3
N24002113,4L OF LEFT-OVER WORKS INCLUDING ADDITIONAL STRUCTURES FROM KERALA/TAMIL NADU BORDER TO KANYAKUMARI S,NHAI,TAMIL NADU,2023-03-01,,2025-08-01,2025-08-01,1141.78
N24002114,4L OF VADUGAPATTI TO THERKUVENGANALLUR (RAJAPALYAM) SECTION FROM KM 36.000 TO KM 71.600 OF NH744 UND,NHAI,TAMIL NADU,2022-02-01,,2025-04-01,2025-10-01,1317.06
N24002115,CONSTRUCTION OF MARIAHU BYPASS WITH FOUR LANE PAVED SHOULDER CONFIGURATION (KM.53.540 TO KM.59.200),MoRTH,UTTAR PRADESH,2023-03-01,,2025-08-01,2026-02-01,362.39
N24002116,REHABILITATION AND UPGRADATION FROM KM 51.600 TO KM 75.700 OF NH- 321G (NUHKHAS TO ETAH SECTION) TO T,MoRTH,UTTAR PRADESH,2022-01-01,,2025-08-01,2025-08-01,343.54
N24002117,UPGRADATION OF DHORAJI JAMKANDORNA KALAVAD SECTION OF NH 927D FROM DESIGN CHAINAGE KM 00 TO KM 58.11,MoRTH,GUJARAT,2022-10-01,,2024-02-01,2026-02-01,291.0
N24002118,UPGRADATION TO TWO LANE WITH PAVED SHULDER CONFIGUARATION FROM KM 00 TO 47 OF NH 351 MAHUVA TO BADHA,MoRTH,GUJARAT,2022-12-01,,2024-02-01,2025-08-01,219.0
N24002119,REHABILITATION AND UPGRADATION TO 2 LANE WITH PAVED SHOULDER FROM DESIGN CHAINAGE KM 162.800 TO KM,BRO,JAMMU AND KASHMIR,2022-10-01,,2026-01-01,2026-01-01,562.45
N24002120,CONSTRUCTION OF JASRA BYPASS WITH FOUR LANE PAVED SHOULDER CONFIGURATION FROM KM. 379.670 ON NH-76 (,MoRTH,UTTAR PRADESH,2023-02-01,,2025-09-01,2025-09-01,274.06
N24002121,IMPROVEMENT AND UP-GRADATION TO TWO LANE WITH PAVED SHOULDER CONFIGURATION FROM EXISTING KM. 420.00,MoRTH,UTTAR PRADESH,2022-01-01,,2025-09-01,2026-02-01,509.65
N24002122,6L ACCESS CONTROLLED GREENFIELD HIGHWAY FROM NARAYANMPET (CH. 203+500) TO CHANDRASEKHARPURAM (CH. 22,NHAI,ANDHRA PRADESH,2024-02-01,,2026-02-01,2026-02-01,813.66
N24002123,6L ACCESS CONTROLLED GREENFIELD HIGHWAY FROM CHANDRASEKHARAPURAM (CH. 228+000) TO POLAVARAM (CH. 260,NHAI,ANDHRA PRADESH,2024-02-01,,2026-02-01,2026-02-01,1292.65
N24002124,6L ACCESS CONTROLLED GREENFIELD HIGHWAY FROM POLAVARAM (CH. 260+000) TO MARRIPUDI (CH. 285+500) OF [,NHAI,ANDHRA PRADESH,2024-02-01,,2026-02-01,2026-02-01,747.29
N24002125,6L ACCESS CONTROLLED GREENFIELD HIGHWAY FROM MARRIPUDI (CH. 285+500) TO SOMAVARAPPADU (CH. 314+600),NHAI,ANDHRA PRADESH,2024-02-01,,2026-02-01,2026-02-01,976.4
N24002126,6L ACCESS CONTROLLED GREENFIELD HIGHWAY FROM SOMAVARAPPADU (CH.314.600) TO MUPPAVARAM (CH.343+240) O,NHAI,ANDHRA PRADESH,2024-02-01,,2026-02-01,2026-02-01,1103.89
N24002127,SILCHAR VAIRENGTE SAIRANG ROAD PKG-1,NHIDCL,ASSAM,2023-02-01,,2026-07-01,2026-07-01,1256.9
N24002128,SILCHAR VAIRENGTE SAIRANG ROAD PKG-2,NHIDCL,ASSAM,2023-03-01,,2026-08-01,2026-08-01,1716.21
N24002129,FOUR LANNING OF BADARPUR BYPASS FROM DESIGN CHAINAGE KM 27+300 AT CROSSING WITH NH-6,NHIDCL,ASSAM,2023-02-01,,2026-08-01,2026-08-01,574.26
N24002130,TAMENGLONG- MAHUR ROAD PKG-7,NHIDCL,ASSAM,2023-12-01,,2026-03-01,2026-03-01,846.82
N24002131,UKHRUL TOLOI TADUBI PKG-2,NHIDCL,MANIPUR,2023-03-01,,2026-02-01,2026-03-01,578.98
N24002132,4 LANE WITH PAVED SHOULDER AGARTALA BYPASS (WESTERN SIDE) CONNECTING NH-8,NHIDCL,TRIPURA,2023-03-01,,2027-03-01,2027-03-01,2026.05
N24002133,IMPROVEMENT OF 2 LANE WITH PAVED SHOULDER OF STRETCH FROM BIKRAMGANJ DAWATH MELAYABAGH NAWANAGR -DUM,MoRTH,BIHAR,2021-03-01,,2025-03-01,2025-08-01,178.63
N24002134,REHABILITATION AND UP-GRADATION FROM KM. 0.000 TO KM. 40.390 OF NH- 730S (MAHARAJGANJ ? NICHLOUL ? TH,MoRTH,UTTAR PRADESH,2023-03-01,,2025-12-01,2025-12-01,809.25
N24002135,WIDENING AND STRENGTHENLNG TO 2L+PS FROM KM 0.000 TO 40.000 (DHAUGAON- PODAMARI SECTION) OF NH 326 I,MoRTH,ODISHA,2022-03-01,,2026-02-01,2026-02-01,186.52
N24002136,WIDENING AND STRENGTHENING TO 4L+PS/2L+PS FROM KM 0.000 TO 35.800 (KUAKHIA - MANGALPUR SECTION) OF N,MoRTH,ODISHA,2022-03-01,,2026-02-01,2026-02-01,636.1
N24002137,STRENGTHENING OF 6-LANE PIMPALGAON- NASHIK-GONDE (KM. 380 - KM. 440) SECTION OF NH-3 IN MAHARASHTRA U,NHAI,MAHARASHTRA,2024-02-01,,2025-03-01,2025-03-01,206.49
N24002138,CONSTRUCTION OF FOUR LANE HIGHWAY WITH PAVED SHOULDER FROM KM.74.700 TO KM.112.950 OF NH- 731A (I/C Y,MoRTH,UTTAR PRADESH,2022-03-01,,2026-06-01,2026-06-01,1141.67
N24002139,4-LANE WITH PAVED SHOULDERS FROM KM 32/0 TO KM 79/650 (DESIGN CHAINAGE KM 32+000 TO KM 78+760) PUTTA,MoRTH,ANDHRA PRADESH,2023-03-01,,2025-12-01,2025-11-01,1318.57
N24002140,SOMAYAJULAPALLI ? DHONE SECTION OF NH ? 340B FROM KM.0/0 TO 56/200 [DESIGN CH. KM 0/00 TO KM 53/33],MoRTH,ANDHRA PRADESH,2023-04-01,,2025-12-01,2025-12-01,629.73
N24002142,2-LANE WITH PAVED SHOULDER CONFIGURATION OF LAMBASINGI TO PADERU SECTION (KM 205+000 TO KM 253+974),MoRTH,ANDHRA PRADESH,2023-08-01,,2025-11-01,2025-11-01,361.24
N24002143,BYPASS ROAD TO ADONI TOWN CONNECTING NH-167 (HAGARI - JADCHARLA ROAD) FROM KM.62/700 TO 71/400 IN KU,MoRTH,ANDHRA PRADESH,2023-08-01,,2026-02-01,2026-02-01,361.24
N24002144,VODAREVU-CHILAKALURIPET SECTION (DESIGN CHAINAGE 0+00 TO 47+000) OF NH-167A (PACKAGE-I),MoRTH,ANDHRA PRADESH,2023-08-01,,2026-02-01,2026-02-01,1064.24
N24002145,TADIPATRI BYPASS (KM 0+000 TO KM 6+285) OF 4-LANE ON NH-67 IN ANANTAPURAMU,MoRTH,ANDHRA PRADESH,2023-11-01,,2026-03-01,2026-03-01,159.66
N24002146,KURNOOL/KADAPA BORDER- JAMMALAMADUGU SECTION OF NH- 167K I.E. DESIGN CH. KM 248+010 TO KM 269+900,MoRTH,ANDHRA PRADESH,2023-11-01,,2025-11-01,2025-11-01,292.63
N24002147,DORNALA TO KUNTA JUNCTION FROM DESIGN CHAINAGE KM 244+000 TO 267+990 SECTION OF NH-765 (PACKAGE-2),MoRTH,ANDHRA PRADESH,2022-12-01,,2024-01-01,2026-03-01,244.83
N24002148,PADERU BYPASS (KM 0+000 TO KM 13+000) OF 2- LANE WITH PAVED SHOULDER ON NH-516E,MoRTH,ANDHRA PRADESH,2023-03-01,,2024-03-01,2026-02-01,244.43
N24002149,DAVUALAPALLY TO MALLAPALEM SECTION {DESIGN CH. KM 133+922 TO KM 154+216 (EXISTING CH. KM 133+922 TO,MoRTH,ANDHRA PRADESH,2024-01-01,,2024-02-01,2026-02-01,393.61
N24002150,CONSTRUCTION OF BALRAMPUR BYPASS WITH 2L FLEXIBLE PAVEMENT CONFIGURATION FROM KM.223.000 OF NH-330 T,MoRTH,UTTAR PRADESH,2022-12-01,,2026-02-01,2026-02-01,515.69
N24002151,WIDENING TO 4L/4L+PS AND STRENGTHENING IN SELECTED STRETCHES FROM KM 0/8 TO 50/570 OF NH 532 INCLUD,MoRTH,TAMIL NADU,2022-03-01,,2024-01-01,2025-07-01,294.7
N24002152,WIDENING FROM 2L+PS TO 4L/4L+PS AND IMPROVEMENTS THE SELECTED STRETHCES FROM KM 26/5 - 81/2 INCLU,MoRTH,TAMIL NADU,2023-03-01,,2023-11-01,2025-11-01,274.84
N24002153,"STRENGTHENING OF 2L+PS FROM KM 17/8 ? 18/2, CONSTRUCTION OF 2L+PS FROM KM 18/2 TO KM 20/0 AND CONSTR",MoRTH,TAMIL NADU,2023-03-01,,2024-02-01,2025-08-01,169.68
N24002154,CONSTRUCTION OF 4-LANE PANCHGRAM BYPASS FROM DESIGN CHAINAGE KM 15+500 ON NH-37 (OLD NH-53) AT KALIN,NHIDCL,ASSAM,2023-03-01,,2027-02-01,2027-02-01,728.97
N24002155,WIDENING/IMPROVEMENT TO 4-LANE WITH PAVED SHOULDER FROM KM 55+000 (NAGABANG GAMSUK) TO KM 82+514 (OY,NHIDCL,ASSAM,2023-03-01,,2027-03-01,2027-03-01,665.47
N24002156,CONSTRUCTION OF 2-LANE WITH PAVED SHOULDER OF SHILLONG WESTERN BYPASS STARTING FROM NH-06 NEAR LADUM,NHIDCL,MEGHALAYA,2023-03-01,,2026-09-01,2026-09-01,620.3
N24002157,SHILLONG WESTERN BYPASS PACKAGE-2,NHIDCL,MEGHALAYA,2023-03-01,,2026-09-01,2026-09-01,686.0
N24002158,CONSTRUCTION OF 2-LANE WITH PAVED SHOULDERS OF SHILLONG WESTERN BYPASS STARTING FROM NH-06 NEAR LADU,NHIDCL,MEGHALAYA,2023-03-01,,2026-09-01,2026-09-01,562.48
N24002159,REHABILITATION AND UP-GRADATION OF ROAD FROM DESIGN KM 25.250 TO KM 36.460 (TOTAL LENGH: 11.210 KM),NHIDCL,TRIPURA,2020-02-01,,2026-03-01,2026-03-01,174.43
N24002160,IMPROVEMENT AND WIDENING TO 2- LANE WITH PAVED SHOULDER OF ROAD FROM KM 101.300 TO KM 127.319 (TOTAL,NHIDCL,TRIPURA,2024-01-01,,2026-07-01,2026-07-01,431.78
N24002161,KHOWAI ?TELIAMURA-AMARPUR- HARINA-SABROOM PACKAGE-2,NHIDCL,TRIPURA,2024-01-01,,2026-09-01,2026-09-01,657.21
N24002162,KHOWAI ?TELIAMURA-AMARPUR- HARINA-SABROOM PACKAGE-3,NHIDCL,TRIPURA,2024-01-01,,2026-09-01,2026-09-01,670.9
N24002163,CONSTRUCTION FOR MITIGATION MEASURES KM 368.00-UTTARAKHAND- TO KM 433.00 ON NH-07-PKG-1,NHIDCL,UTTARAKHAND,2023-12-01,,2025-12-01,2025-12-01,216.88
N24002164,CONSTRUCTION FOR MITIGATION MEASURES KM 450.00-UTTARAKHAND- TO KM 468.00 ON NH-07-PKG-3,NHIDCL,UTTARAKHAND,2023-12-01,,2025-12-01,2025-12-01,250.33
N24002165,CONSTRUCTION OF BYPASS TO MADURAI - ACHAMBATHU - VIRATIPATHU IN KM 6/850 - 10/382 OF NH 49 EXTN. (NE,MoRTH,TAMIL NADU,2022-03-01,,2026-08-01,2026-08-01,260.07
N24002166,FOUR LANING OF RAGHOGARH (DESIGN CH.29.300/EXISTING CH. 29.555) TO NANASA (DESIGN CH.92.971/EXISTING,NHAI,MADHYA PRADESH,2024-03-01,,2026-03-01,2026-03-01,799.2
N24002167,UPGRADATION TO 2 LANE WITH PAVED SHOULDER OF HANUMANGARH TO KENCHIYAN OF NH 54 ON EPC MODE IN THE ST,MoRTH,RAJASTHAN,2024-03-01,,2026-10-01,2026-10-01,334.64
N24002168,UPGRADATION TO 2 LANE WITH PAVED SHOULDER FROM NEECHLI ODEN (NATHDWARA) AT DESIGN KM 88.800 TO BHATE,MoRTH,RAJASTHAN,2023-03-01,,2026-10-01,2026-10-01,606.61
N24002169,REHABILITATION/UPGRADATION OF EXISTING HIGHWAY TO 2L+PS/4 LANE OF DHAWALI TO RAJOLI FROM DESIGN KM.1,MoRTH,MAHARASHTRA,2022-03-01,,2025-09-01,2025-09-01,316.44
N24002170,REHABILITATION/ UPGRADATION OF EXISTING HIGHWAY TO FOUR LANE STANDARDS IN KURKHEDA TOWN FROM (KM.413,MoRTH,MAHARASHTRA,2022-03-01,,2025-05-01,2025-05-01,163.86
N24002171,REHABILITATION AND UP-GRADATION FOR TALERE A?? GAGANBAWDAA?? KOLHAPUR ROAD (NH-166G) STRETCHES START,MoRTH,MAHARASHTRA,2023-02-01,,2025-04-01,2025-04-01,249.13
N24002172,"UP-GRADATION TO 4 LANE CONFIGURATION FOR THE WORK OF PETH NAKA TO SANGLI ROAD, NH- 166H, FROM KM 0+00",MoRTH,MAHARASHTRA,2023-02-01,,2025-12-01,2025-12-01,856.82
N24002173,REHABILITATION AND UP-GRADATION TO 2 LANE WITH PAVED SHOULDER CONFIGURATION OF MAHUD SANGOLA ROAD NH,MoRTH,MAHARASHTRA,2023-02-01,,2025-04-01,2025-04-01,253.78
N24002174,UP-GRADATION TO FOUR LANE/ TWO LANE WITH PAVED SHOULDERS CONFIGURATION OF KALYAN - MURBAD - MALSHEJ,MoRTH,MAHARASHTRA,2023-02-01,,2026-08-01,2026-08-01,984.07
N24002175,CONSTRUCTION OF FOUR-LANE CONCRETE ROAD FROM POLICE HEADQUARTER GONDIA CITY TO RAWANWADI VILLAGE (BI,MoRTH,MAHARASHTRA,2023-02-01,,2025-08-01,2025-08-01,328.11
N24002176,REHABILITATION/UP GRADATION OF KARANJA ? KHERDA - MURTIZAPUR SECTION TO 4LANE+PAVED SHOULDER STANDA,MoRTH,MAHARASHTRA,2023-03-01,,2026-02-01,2026-02-01,594.44
N24002177,REHABILITATION / UPGRADATION TO 4 LANE WITH PAVED SHOULDER OF EXISTING SECTION IN SILLOD TOWN WITH D,MoRTH,MAHARASHTRA,2023-03-01,,2025-07-01,2025-07-01,153.79
N24002178,"REHABILITATION, UPGRADATION AND WIDENING OF EXISTING HIGHWAY TO RIGID PAVEMENT 2 LANE WITH PAVED SHO",MoRTH,MAHARASHTRA,2023-02-01,,2026-07-01,2026-07-01,723.13
N24002179,CONSTRUCTION OF 4 LANE WITH PAVED SHOULDER (PATTAN BYPASS) GREENFIELD BYPASS FROM EXISTING CH. KM 24,BRO,JAMMU AND KASHMIR,2023-03-01,,2026-07-01,2026-07-01,980.21
N24002180,REHABILITATION AND UPGRADATION TO 2 LANE WITH PAVED SHOULDER FROM EXISTING CHAINAGE KM 166.100 TO KM,BRO,JAMMU AND KASHMIR,2021-09-01,,2026-07-01,2026-07-01,734.64
N24002181,CONSTRUCTION OF SIX LANE ELEVATED CORRIDOR FROM KM. 508.000 TO KM. 513.150 INCLUDING APPROACHES ON N,MoRTH,GOA,2023-04-01,,2026-04-01,2026-04-01,641.46
N24002182,WORK OF DEVELOPMENT AND CONSTRUCTION OF ELEVATED CORRIDORFROM KM 38/660 TO KM 42/690 (ISCON JUNCTION,MoRTH,GUJARAT,2023-03-01,,2026-03-01,2026-03-01,530.2
N24002183,"WIDENING 2 LANE TO 4-LANE FROM KM 92/320 TO KM 115/320 (VAV CHOKDI- SATLASANA TO TO VRUNDAVAN CHOKDI,",MoRTH,GUJARAT,2022-03-01,,2026-03-01,2026-03-01,171.0
N24002184,CONSTRUCTION OR 4 LANE RANIGANJ BYPASS OF LENGTH 5 261 KM ON NH 60 NEW NH 14 FROM KM 273 00 OF NH,MoRTH,WEST BENGAL,2023-03-01,,2026-03-01,2026-03-01,410.83
N24002185,CONSTRUCTION OF 2 LANE WITH PAVED SHOULDERS (BARAMULLA BYPASS) GREENFIELD BYPASS FROM EXISTING CH. K,BRO,JAMMU AND KASHMIR,2023-03-01,,2026-09-01,2026-09-01,992.43
N24002186,WIDENING TO 2 LANE WITH PAVED SHOULDERS FROM DESIGN KM 103.200 (EXISTING KM 103.200) TO DESIGN KM 11,MoRTH,KARNATAKA,2024-03-01,,2025-09-01,2025-09-01,166.58
N24002187,CONSTRUCTION OF 2 LANE WITH PAVED SHOULDER FROM KM 55.6 TO KM 90.7 (EXISTING CHAINAGES) OF NH- 766C (,MoRTH,KARNATAKA,2024-02-01,,2026-02-01,2026-02-01,313.56
N24002188,WIDENING TO 2L+PS FROM KM 71.00 TO 104.00 (EXISTING CHAINAGES) (SARJAPUR TO PATTADKALLU) ON BHANAPUR,MoRTH,KARNATAKA,2024-03-01,,2026-03-01,2026-03-01,445.62
N24002189,WIDENING TO TWO LANE WITH PAVED SHOULDERS FROM KM 0.00 (DESIGN CHAINAGE 0.00) TO KM 23.338 (DESIGN C,MoRTH,KARNATAKA,2024-09-01,,2026-03-01,2026-03-01,196.05
N24002190,CONSTRUCTION OF 4-LANE ACCESS CONTROLLED GREENFIELD HIGHWAY SECTION ON NH-163G (KHAMMAM- VIJAYAWADA),NHAI,TELANGANA,2023-03-01,,2026-08-01,2026-08-01,983.0
N24002191,CONSTRUCTION OF ROB AND ITS APPROACHES IN LIEU OF LEVEL CROSSING NO 10 B T AT KM 307 050 OF NH 60 B,MoRTH,WEST BENGAL,2016-03-01,,2025-08-01,2025-08-01,155.87
N24002192,REHABILITATION AND UP-GRADATION TO 4L CONFIGURATION AND STRENGTHENING OF THANPURI TO PAROR SECTION F,NHAI,HIMACHAL PRADESH,2022-06-01,,2025-12-01,2025-12-01,815.69
N24002193,CONSTRUCTION OF 4 LANE ROB AND ITS APPROACHES AT THE LEVEL OF CROSSING (L C NO. 29-B) OF KM 29 (EKAN,MoRTH,BIHAR,2023-03-01,,2026-07-01,2026-07-01,201.08
N24002194,CONSTRUCTION OF 6-LANE ELEVATED / EXTRA DOSE CABLE BRIDGE ON RIVER GANGA PARALLEL TO AND WESTERN SID,MoRTH,BIHAR,2024-01-01,,2027-11-01,2027-11-01,3064.45
N24002195,ESTIMATE FOR IMPROVEMENT TO TWO LANE WITH PAVED SHOULDER FROM RAMNAGAR TO ROSEDA FROM (KM 3.500 TO 4,MoRTH,BIHAR,2022-01-01,,2026-04-01,2026-04-01,495.16
N24002196,CONSTRUCTION OF BHABHUA BYPASS FROM CH. 10+800(DESIGN CH. 10+800) TO CH. 19+860 (DESIGN CH. 18+150),MoRTH,BIHAR,2022-02-01,,2026-03-01,2026-07-01,179.86
N24002197,IMPROVEMENT TO TWO LANE WITH PAVED SHOULDER FROM JUNCTION OF NH-22 NEAR HAJIPUR TO JUNCTION OF NH-12,MoRTH,BIHAR,2024-02-01,,2026-02-01,2026-02-01,226.15
N24002198,IMPROVEMENT TO TWO LANE WITH PAVED SHOULDERS OF BH/WBBORDER-AMDABAD-MANIHARI SECTION FROM DESIGN KM,MoRTH,BIHAR,2022-01-01,,2026-03-01,2026-03-01,353.27
N24002199,WIDENING TO 4L RIGID PAVEMENT CONFIGURATION FROM KM 90.00 TO KM 100.800 OF NH-96 (KM 42.O TO KM 53.3,MoRTH,UTTAR PRADESH,2022-12-01,,2026-11-01,2026-11-01,309.63
N24002200,BALANCE WORKS OF 4 LANE DIVIDED CARRIAGEWAY OF MISSING LINK SECTION OF NH-39 (REWA BYPASS) FROM JUNC,NHAI,MADHYA PRADESH,2024-04-01,,2026-04-01,2026-04-01,355.36
N24002201,IMPROVEMENT AND UP-GRADATION TO TWO LANE WITH PAVED SHOULDER/FOUR LANE CONFIGURATION FROM EXISTING K,MoRTH,UTTAR PRADESH,2022-01-01,,2027-05-01,2027-05-01,974.19
N24002202,MARREM KHULLEN TO JESSAMI SECTION IMPHAL- UKHRUL - JESSAMI PKG-6 (DESIGN CHAINAGE KM 95.700 TO KM 14,NHIDCL,MANIPUR,2023-03-01,,2026-12-01,2026-12-01,554.66
N24002203,IMPHAL-KOHIMA ROAD PKG-4B,NHIDCL,MANIPUR,2020-09-01,,2026-06-01,2026-06-01,268.98
N24002204,ZORINPUI- HMAWNGBU-LONGMASU (NH-502A),NHIDCL,MIZORAM,2023-02-01,,2026-12-01,2026-12-01,781.85
N24002205,CHAMPAK NAGAR TO KHAYERPUR SECTION (DESIGN KM 242+500 TO KM 261+610),NHIDCL,TRIPURA,2023-12-01,,2026-09-01,2026-09-01,920.66
N24002206,CONSTRUCTION FOR MITIGATION MEASURES PKG-2,NHIDCL,UTTARAKHAND,2023-12-01,,2026-06-01,2026-06-01,259.64
N24002207,MAJOR BRIDGE OVER MIDDLE STRAIT CREEK,NHIDCL,ANDAMAN AND NICOBAR ISLANDS,2024-12-01,,2026-02-01,2026-02-01,207.99
N24002208,PACKAGE-3A,NHIDCL,ANDAMAN AND NICOBAR ISLANDS,2018-02-01,,2025-09-01,2025-09-01,154.01
N24002209,PACKAGE-3B,NHIDCL,ANDAMAN AND NICOBAR ISLANDS,2018-02-01,,2025-11-01,2025-11-01,183.47
N24002210,WIDENING AND STRENGTHENING OF RAFIABAD-KUPWARA-CHOWKIBAL- TANGDHAR-CHAMKOT (NH-701) ROAD FROM DESIGN,BRO,JAMMU AND KASHMIR,2024-03-01,,2027-05-01,2027-05-01,1404.94
N24002211,REHABILITATION AND UPGRADATION TO FOUR LANE ROAD FROM KM 70.500 TO KM 78.600 OF NH-92 UNDER EPC MODE,MoRTH,UTTAR PRADESH,2022-01-01,,2027-01-01,2027-01-01,296.02
N24002212,WIDENING AND STRENGTHENING FROM DESIGN KM. 67.280 TO KM. 88.622 OF NH-727A (SALEMPUR- MAIRWA ROAD) TO,MoRTH,UTTAR PRADESH,2023-03-01,,2026-07-01,2026-07-01,371.89
N24002213,REHABILITATION and UP-GRADATION TO 2L+PS FROM KM. 0.0 TO KM. 7.80 AND KM. 35.400 TO KM. 52.345 (DESI,MoRTH,UTTAR PRADESH,2023-03-01,,2026-07-01,2026-07-01,701.02
N24002214,CONSTRUCTION OF AMETHI BYPASS (PART-II) AT KM.30.050 OF NH-931 UNDER EPC MODE IN THE STATE OF UTTAR,MoRTH,UTTAR PRADESH,2022-12-01,,2027-02-01,2027-02-01,283.86
N24002215,DEVELOPMENT OF SIX LANE ACCESS CONTROLLED GREEN FIELD HIGHWAY FROM KAVULAKUNTLA (KM.196+000) TO NARA,NHAI,ANDHRA PRADESH,2023-02-01,,2027-02-01,2027-02-01,1092.18
N24002216,ACCESS CONTROLLED HIGHWAY OF 4 LANE WITH PAVED SHOULDERS FROM TIRUVALLUR (DESIGN CHAINAGE KM 17+56),NHAI,TAMIL NADU,2024-12-01,,2026-12-01,2026-12-01,1376.1
N24002217,ACCESS CONTROLLED HIGHWAY OF 4 LANE WITH PAVED SHOULDERS FROM TN/AP BORDER (DESIGN CHAINAGE KM 61+51,NHAI,ANDHRA PRADESH,2024-12-01,,2026-12-01,2026-12-01,1346.82
N24002219,REHABILITATION AND UP GRADATION FROM 4 TO 8 LANING OF CHANDIKHOLE ? PARADIP SECTION OF NH-53 (OLD NH,NHAI,ODISHA,2024-03-01,,2026-10-01,2026-10-01,882.45
N24002220,PERMANENT RECTIFICATION OF 4 NOS. OF BLACKSPOTS ON NH 27 OF KOTWA MEHSI MUZAFFARPUR SECTION FROM,NHAI,BIHAR,2022-12-01,,2026-11-01,2026-11-01,410.75
N24002221,4L OF GREENFIELD ALIGNMENT FROM KM. 47.000 TO KM. 89.210 OF BALBHADARPUR TO BELA NAWDA SECTION OF NH,NHAI,BIHAR,2022-02-01,,2026-03-01,2026-03-01,2185.75
N24002222,HUNLI TO HAYULIANG PKG-1,NHIDCL,ARUNACHAL PRADESH,2024-02-01,,2028-02-01,2028-02-01,1262.43
N24002223,HUNLI TO ITHUN BRIDGE SECTION,NHIDCL,ARUNACHAL PRADESH,2024-02-01,,2027-01-01,2027-01-01,275.5
N24002224,PANGO TO JORGING ROAD PKG-1,NHIDCL,ARUNACHAL PRADESH,2024-01-01,,2027-07-01,2027-07-01,898.19
N24002225,BILASIPURA- GUWAHATI ROAD PKG-1,NHIDCL,ASSAM,2024-02-01,,2027-08-01,2027-08-01,1081.15
N24002226,SILCHAR-JIRIBAM PKG-1,NHIDCL,ASSAM,2024-01-01,,2028-01-01,2028-01-01,957.95
N24002227,JESSAMI TO LAYNEN BRIDGE UKHRUL - JESSAMI PKG-7,NHIDCL,MANIPUR,2023-03-01,,2026-06-01,2026-06-01,164.89
N24002228,KHOWAI ?TELIAMURA-AMARPUR- HARINA-SABROOM SECTION PKG-4,NHIDCL,TRIPURA,2024-01-01,,2026-12-01,2026-12-01,726.9
N24002229,BILASIPURA- GUWAHATI ROAD PKG-2,NHIDCL,ASSAM,2023-11-01,,2027-06-01,2027-06-01,1338.61
N24002230,BADARPUR ? CHURAIBARI PKG-6,NHIDCL,ASSAM,2024-03-01,,2027-03-01,2027-03-01,870.0
N24002231,KARIMGANI - SUTARKANDI SECTION ON SILCHAR-CHURAIBARI PKG-7,NHIDCL,ASSAM,2024-02-01,,2027-02-01,2027-02-01,791.79
N24002232,IMPHAL-KOHIMA ROAD PKG-5A,NHIDCL,MANIPUR,2020-09-01,,2026-08-01,2026-08-01,228.97
N24002233,DAINADUBI-DARUGIRI PKG-1B,NHIDCL,MEGHALAYA,2023-03-01,,2027-03-01,2027-03-01,705.83
N24002234,WIDENING TO 4L FROM KM.108.50 TO 139.00 OF NH-135A PKG-II (JAUNPUR TO AKBARPUR SECTION) ON HAM IN TH,MoRTH,UTTAR PRADESH,2023-03-01,,2027-03-01,2027-03-01,1511.57
N24002235,CONSTRUCTION OF RAEBARELI RING ROAD (PHASE-2) WITH FOUR LANE CONFIGURATION FOR RAEBARELI CITY IN THE,MoRTH,UTTAR PRADESH,2022-03-01,,2027-05-01,2027-05-01,1273.72
N24002236,CONSTRUCTION OF 4-LANE ACCESS CONTROLLED GREENFIELD HIGHWAY SECTION ON NH-163G (KHAMMAM - VIJAYAWADA,NHAI,TELANGANA,2023-03-01,,2025-03-01,2027-03-01,832.62
N24002237,CONSTRUCTION OF 4 LANE GAURIPUR BYPASS ON NH-17 IN THE STATE OF ASSAM,MoRTH,ASSAM,2024-03-01,,2026-10-01,2026-10-01,421.15
N24002238,CONSTRUCTION OF 2 LANE BARPETA BYPASS FROM KM 77+900(BARADI) TO KM 86+150( DEURIKUCHI) (LENGTH=8.25K,MoRTH,ASSAM,2023-03-01,,2026-08-01,2026-08-01,173.65
N24002239,IMPROVEMENT AND WIDENING TWO LANNIG WITH PAVED SHOULDER OF NATIONAL HIGHWAY 127B FROM KM 31.500 (GOE,MoRTH,MEGHALAYA,2023-12-01,,2027-05-01,2027-05-01,504.0
N24002240,"IMPROVEMENT AND UP-GRADATION OF NH-227B (84 KOSI PARIKRAMA MARG) PACKAGE ?I, FROM KM 228.920 (JAGARN",MoRTH,UTTAR PRADESH,2022-03-01,,2026-11-01,2026-11-01,912.5
N24002241,"IMPROVEMENT AND UP-GRADATION OF NH-227B (84 KOSI PARIKRAMA MARG) PACKAGE ?III, FROM KM.47.800 (GOSAI",MoRTH,UTTAR PRADESH,2022-03-01,,2026-11-01,2026-11-01,587.97
N24002242,CHOITHAR TO MARREM KHULLEN SECTION IMPHAL- UKHRUL - JESSAMI PKG-5,NHIDCL,MANIPUR,2023-03-01,,2027-03-01,2027-03-01,564.05
N24002243,SILCHAR- CHURAIBARI PKG-5,NHIDCL,ASSAM,2024-02-01,,2027-10-01,2027-10-01,1258.13
N24002244,IMPHAL - KHONGSANG - JIRIBAM PKG- 2,NHIDCL,MANIPUR,2021-03-01,,2026-03-01,2026-03-01,195.14
N24002245,CONSTRUCTION OF BASTI RING ROAD (PHASE-I) WITH 4L CONFIGURATION FOR BASTI CITY IN THE STATE OF UTTAR,MoRTH,UTTAR PRADESH,2022-12-01,,2027-06-01,2027-06-01,1138.72
N25000072,JAL MARG VIKAS PROJECT,IWAI,MULTI STATE,2018-01-01,,2023-03-01,2025-12-01,5061.15
N26000114,PHASE-I OF CONSOLIDATION OF EXISTING CDR DATA CENTERS AND NIB-P3 DATA CENTERS WITH STATE OF THE ART,BSNL,MULTI STATE,2020-03-01,,2021-06-01,2025-12-01,461.42
N26000115,SUPER EDGE ROUTERS FOR BSNL INTERNET PROTOCOL - MULTI PROTOCOL LEBEL SWITCHING (IPMPLS) NETWORK and,BSNL,MULTI STATE,2023-03-01,,2024-03-01,2025-03-01,239.6
N26000116,MPLS-IP BASED ACCESS AND AGGREGATION NETWORK (MAAN) IN BSNL ALONG WITH TEST AND MEASURING EQUIPMENT,BSNL,MULTI STATE,2023-05-01,,2024-08-01,2025-06-01,645.13
N26000117,PLANNIN ENGINEERING SUPPLY INSTALLATION TESTING COMMISSIONING INTEGARTION and ANNUAL MAINTENANCE OF,BSNL,MULTI STATE,2023-06-01,,2025-06-01,2025-06-01,24544.55
N26000118,OPTICAL TRANSPORT NETWORK (OTN) PH-4 IN BSNL,BSNL,MULTI STATE,2024-02-01,,2025-08-01,2025-08-01,810.99
N28000056,DELHI MRTS PHASE-III,DMRC,DELHI,2011-09-01,,2016-03-01,2021-08-01,43095.35
N28000058,BANGALORE METRO RAIL PROJECT PHASE-2,BMRCL,KARNATAKA,2014-02-01,,2021-02-01,2025-03-01,26405.14
N28000067,2000 BOYS HOSTEL(1000 DOUBLE BEDDED ROOM) AT ISM DHANBAD,CPWD EDUCATION,JHARKHAND,2012-09-01,,2016-03-01,2016-03-01,171.86
N28000071,ESTABLISHMENT OF CENTRAL ARMED POLICE FORCE INSTITUTE OF MEDICAL SCIENCES(CAPFIMS) AT NEW DELHI,CPWD FOR MHA,DELHI,2013-10-01,,2019-10-01,2024-09-01,2091.53
N28000086,MUMBAI METRO LINE 3 (COLABA- BANDRA-SEEPZ),MMRCL,MAHARASHTRA,2013-07-01,,2020-03-01,2025-07-01,37276.0
N28000098,ESTABLISHMENT OF NATIONAL ANIMAL RESOURCE FACILITY FOR BIOMEDICAL RESEARCH AT HYDERABAD,CPWD FOR HEALTH,TELANGANA,2016-10-01,,2020-03-01,2025-01-01,281.05
N28000100,CONSTRUCTION OF ACADEMIC AND RESIDENTIAL COMPLEX UNDER PHASE-II FOR THE CAMPUS OF IIT PATNA,CPWD EDUCATION,BIHAR,2016-02-01,,2017-06-01,2024-01-01,496.0
N28000104,NSG AT KOLKATA,CPWD FOR MHA,WEST BENGAL,2014-10-01,,2018-04-01,2025-08-01,210.83
N28000105,REDEVELOPMENT OF GPRA COLONY AT NAUROJI NAGAR,NBCC,DELHI,2016-07-01,,,2024-10-01,2694.0
N28000109,CONSTRUCTION OF 726 Nos RESIDENTIAL QUARTERS CHENNAI,CPWD FOR FINANC,TAMIL NADU,2017-11-01,,2021-11-01,2022-11-01,348.77
N28000112,C/O NEW HOSPITAL BLOCK FOR SREE CHITRA TIRUNAL INSTITIUTE OF MEDICAL SCIENCE AND TECHNOLOGY (SCTIMST,CPWD FOR HEALTH,KERALA,2017-09-01,,2020-03-01,2024-05-01,162.0
N28000115,SETTING UP PHYSICAL INFRASTRUCTURE FOR THE NATIONAL INSTITUTE OF COMMUNICATION FINANCE(NICF) AT GHIT,CPWD FOR TELECO,DELHI,2014-10-01,,2018-03-01,2025-10-01,248.2
N28000117,"CONSTRUCTION OF IITB RESEARCH PARK AT IIT BOMBAY, POWAI, MUMBAI",CPWD EDUCATION,MAHARASHTRA,2018-01-01,,2020-07-01,2024-02-01,275.0
N28000121,PUNE METRO RAIL PROJECT (PHASE 1),MMRC,MAHARASHTRA,2016-12-01,,2021-11-01,2024-09-01,13656.22
N28000122,AHMEDABAD METRO RAIL PROJECT PHASE 1,AMR,GUJARAT,2014-11-01,,2018-12-01,2025-08-01,12924.55
N28000124,BHOPAL METRO RAIL,MPMRCL,MADHYA PRADESH,2018-11-01,,2023-02-01,2028-06-01,6941.4
N28000125,INDORE METRO RAIL,MPMRCL,MADHYA PRADESH,2018-11-01,,2023-02-01,2028-12-01,7500.8
N28000126,INDIAN INSTITUTE OF SCIENCE EDUCATION AND RESEARCH BERHAMPUR,CPWD EDUCATION,ODISHA,2019-01-01,,2022-03-01,2025-10-01,790.79
N28000128,REDEVELOPMENT OF GENERAL POOL RESIDENTIAL COLONY AT SRINIWASPURI NEW DELHI PHASE-I,CPWD,DELHI,2016-10-01,,2021-07-01,2024-06-01,1100.8
N28000129,REDEVELOPMENT OF GPRA AT KASTURBA NAGAR PHASE I,CPWD,DELHI,2016-10-01,,2022-03-01,2024-06-01,1128.0
N28000130,CONSTRUCTION OF PERMANENT CAMPUS OF IIM JAMMU (PHASE 1),CPWD EDUCATION,JAMMU AND KASHMIR,2019-03-01,,2022-07-01,2025-01-01,500.91
N28000131,CONSTRUCTION OF PERMANENT CAMPUS IIT JAMMU (PHASE 1C),CPWD EDUCATION,JAMMU AND KASHMIR,2018-01-01,,2023-04-01,2025-04-01,1144.68
N28000134,DELHI GHAZIABAD MEERUT RRTS CORRIDOR,NCRTC,MULTI STATE,2019-03-01,,2025-06-01,2025-06-01,30274.0
N28000135,DELHI METRO PHASE IV THREE PRIORITY CORRIDORS,DMRC,DELHI,2019-07-01,,2025-03-01,2026-03-01,24948.65
N28000137,AHMEDABAD METRO RAIL PROJECT PHASE II,AMR,GUJARAT,2019-03-01,,2024-03-01,2025-12-01,5384.17
N28000138,SURAT METRO RAIL PROJECT,AMR,GUJARAT,2019-03-01,,2024-03-01,2026-06-01,12020.32
N28000140,"C/O PERMANENT CAMPUS OF IIT PALAKKAD PHASE IA AT PUDESSERY VILLAGE,KANJIKODE WEST, DISTRICT PALAKKA",CPWD EDUCATION,KERALA,2019-07-01,,2021-03-01,2025-11-01,753.63
N28000141,"C/O PERMANENT CAMPUS OF IIT BHILAI AT KUTHELABHATA, DURG CHHATTISGARH, STAGE I PHASE I.",CPWD EDUCATION,CHHATTISGARH,2020-03-01,,2022-07-01,2024-03-01,879.22
N28000142,"CONSTRUCTION OF PERMANENT CAMPUS OF INDIAN INSTITUTE OF MANAGEMENT (IIM) AMRITSAR, PUNJAB.",CPWD EDUCATION,PUNJAB,2019-10-01,,2022-05-01,2025-08-01,348.24
N28000144,KANPUR METRO RAIL PROJECT,LMRCL,UTTAR PRADESH,2019-05-01,,2024-03-01,2027-03-01,11076.48
N28000145,AGRA METRO RAIL PROJECT,LMRCL,UTTAR PRADESH,2019-05-01,,2024-03-01,2027-06-01,8379.62
N28000146,CONSTRUCTION OF TWO NOS GIRLS HOSTELS AND ONE NO BOYS HOSTEL OF 500 CAPACITY EACH G PLUS 8 STOREYED,CPWD EDUCATION,WEST BENGAL,2020-03-01,,2020-06-01,2024-03-01,193.83
N28000147,"C/o separate family accommodation (Phase-I) on EPC basis for SSB at Faridabad (Haryana)""",CPWD FOR MHA,HARYANA,2020-01-01,,2023-10-01,2025-08-01,170.23
N28000148,PATNA METRO RAIL CORPORATION LIMITED,PATNA METRO RAI,BIHAR,2019-02-01,,2024-06-01,2024-06-01,13925.5
N28000149,CONSTRUCTION729 QUARTERS (TYPE II-180 TYPE III-364 TYPE IV-112 TYPE V- 68 TYPE-VI-5 SHOPS COMMUNI,CPWD,CHHATTISGARH,2019-05-01,,2020-09-01,2024-10-01,299.97
N28000150,C/O AIIMS AT AWANTIPORA (KASHMIR) JAMMU AND KASHMIR,CPWD FOR HEALTH,JAMMU AND KASHMIR,2019-03-01,,2025-09-01,2025-11-01,1577.0
N28000151,BANGALORE METRO RAIL PROJECT LIMITED. PHASE. 2A AND 2B,BMRCL,KARNATAKA,2021-06-01,,2026-06-01,2026-06-01,14788.1
N28000153,"CONSTRUCTION OF 184 MULTI STORIED FLATS FOR HON'BLE MPS AT BKS MARG, NEW DELHI",CPWD,DELHI,2022-01-01,,2024-11-01,2025-08-01,646.52
N28000154,CONSTRUCTION OF PERMANENT CAMPUS OF CENTRAL UNIVERSITY OF HIMACHAL PRADESH AT DEHRA AND JADRANGAL (D,CPWD,HIMACHAL PRADESH,2022-04-01,,2024-11-01,2024-11-01,512.34
N28000155,NAGPUR METRO RAIL PROJECT PHASE II,NMRCL,MAHARASHTRA,2022-12-01,,2027-12-01,2027-12-01,6708.0
N28000156,REDEVELOPMENT OF GPRA AT NETAJI NAGAR NEW DELHI PACKAGE 2,NBCC,DELHI,2016-10-01,,2024-03-01,2025-03-01,1536.72
N28000157,PCMC NIGDI PROJECT EXTENSION OF CORRIDOR 1 OF PUNE METRO PHASE 1,MMRC,MAHARASHTRA,2023-10-01,,2027-01-01,2027-01-01,910.18
N28000158,KOCHI METRO RAIL PROJECT PHASE II FROM JLN STADIUM TO INFOPARK VIA KAKKANAD,KMRCL,KERALA,2018-07-01,,2026-11-01,2026-11-01,1957.05
N28000159,KOCHI METRO RAIL PROJECT PHASE IB SECTION FROM S N JUNCTION TO THRIPUNITHURA,KMRCL,KERALA,2019-06-01,,2023-09-01,2023-09-01,448.0
N28000160,PUNE METRO PHASE-1 EXTENSION FROM SWARGATE TO KATRAJ,MMRC,MAHARASHTRA,2024-09-01,,2029-03-01,2029-03-01,2954.53
N30000002,POLAVARAM IRRIGATION PROJECT,PPA,ANDHRA PRADESH,2009-02-01,,2020-03-01,2027-12-01,55548.87
N30000014,CONSTRUCTION OF 564 MLD 124 MGD WASTE WATER TREATMENT PLANT WITH EFFLUENT STANDARDS OF BOD ? 10MG/L,DJB,DELHI,2017-03-01,,2022-12-01,2025-03-01,665.78
N30000021,INTERCEPTION AND DIVERSION WORKS AND STP AT MUZAFFARNAGAR UTTAR PRADESH,UPJalNigam,UTTAR PRADESH,2019-01-01,,2021-12-01,2025-03-01,234.03
N30000024,SEWERAGE SCHEME INTERCEPTION AND DIVERSION WITH STP WORKS AT MEERUT UTTAR PRADESH,UPJalNigam,UTTAR PRADESH,2019-02-01,,2022-06-01,2025-12-01,690.71
N30000026,SEWER NETWORK SPS AND STP BEGUSARAI,BUIDCO,BIHAR,2018-03-01,,2021-07-01,2025-04-01,230.06
N30000027,I AND D AND STP WORKS FOR BHAGALPUR,BUIDCO,BIHAR,2017-10-01,,2020-09-01,2025-09-01,413.29
N30000032,INTERCEPTION AND DIVERSION WITH STP AT MAHESHTALA,KMDA,WEST BENGAL,2018-05-01,,2022-02-01,2025-08-01,224.69
N30000034,INTERCEPTION DIVERSION TREATMENT WORKS AT TOLLYS NULLAH ADI GANGA,KMDA,WEST BENGAL,2017-08-01,,2022-09-01,2026-12-01,653.67
N30000035,SEWER NETWORKS SPS AND STP HAJIPUR,BUIDCO,BIHAR,2018-03-01,,2021-08-01,2025-09-01,305.19
N30000036,"SEWER NETWORKS, SPS AND STP, MUNGER",BUIDCO,BIHAR,2018-03-01,,2021-10-01,2024-06-01,350.79
N30000039,SAIDPUR SEWER NETWORK PATNA,BUIDCO,BIHAR,2015-04-01,,2021-01-01,2022-06-01,493.85
N30000042,INTERCEPTION AND DIVERSION WITH STP AT HUGHLY-CHINSURAH,KMDA,WEST BENGAL,2018-05-01,,2022-02-01,2025-03-01,154.73
N30000044,SEWERAGE SYSTEM WITH SEWER NETWORK PATNA KARMALICHAK,BUIDCO,BIHAR,2017-03-01,,2021-05-01,2023-02-01,253.98
N30000050,SEWERAGE SYSTEM AND STP FOR KANKARBAG ZONE PATNA,BUIDCO,BIHAR,2017-08-01,,2022-06-01,2025-12-01,453.83
N30000051,"SEWERAGE SYSTEM AND STP FOR DIGHA ZONE, PATNA",BUIDCO,BIHAR,2017-08-01,,2022-06-01,2025-12-01,734.09
N38000001,CENTRE FOR DISABILITY SPORTS,CPWD,MADHYA PRADESH,2019-02-01,,2024-03-01,2024-03-01,170.99
N40000001,NATIONAL INDUSTRIAL CORRIDOR PROJECT,DMIC FOR DPIIT,MULTI STATE,2011-09-01,,2027-03-01,2032-03-01,26684.0
N40000002,INDIA INTERNATIONAL CONVENTION AND EXPO CENTRE,IICC FOR DPIIT,DELHI,2017-11-01,,2019-12-01,2024-04-01,5401.0
N42000001,CONSTRUCTION AND DEVELOPMENT OF NATINAL INSTITUTE OF TECHNOLOGY MEGHALAYA PERMANENT CAMPUS AT SOHRA,RITES OF HIGHER,MEGHALAYA,2013-09-01,,2014-09-01,2025-07-01,429.7
N42000002,"CONSTRUCTION OF PERMANENT CAMPUS FOR NATIONAL INSTITUTE OF TECHNOLOGY GOA AT CUNCOLIM, GOA.",CPWD EDUCATION,GOA,2019-05-01,,2021-08-01,2024-12-01,390.4
N42000005,CONSTRUCTION OF PERMANENT CAMPUS FOR INDIAN INSTITUTE OF TECHNOLOGY TIRUPATI AT MERLAPAKA VILLAGE YE,CPWD EDUCATION,ANDHRA PRADESH,2019-02-01,,2020-06-01,2020-06-01,655.34
N42000006,"CONSTRUCTION OF PERMANENT CAMPUS FOR INDIAN INSTITUTE OF TECHNOLOGY, DHARWAD (PHASE 1A)",CPWD EDUCATION,KARNATAKA,2019-07-01,,2022-03-01,2025-11-01,851.0
N42000007,"CONSTRUCTION OF PERMANENT CAMPUS FOR IISER AT JANGALAPALLI VILLAGE, YERPEDU MANDAL, CHITTOOR DISTRIC",CPWD EDUCATION,ANDHRA PRADESH,2019-09-01,,2022-09-01,2024-06-01,656.39
N42000008,ESTABLISHMENT OF PERMANENT CAMPUS PHASE 1 OF IIM SIRMAUR,CPWD EDUCATION,HIMACHAL PRADESH,2018-09-01,,2022-06-01,2025-08-01,446.43
N42000009,PERMANENT CAMPUS FOR IIM BODH GAYA,CPWD EDUCATION,BIHAR,2018-09-01,,2020-09-01,2025-03-01,375.0
N42000010,ADDITIONAL INFRASTRUCTURE AT IISC BANGALORE SH RCC MONOLITHIC FOR MEN WOMEN HOSTEL,CPWD,KARNATAKA,2021-08-01,,2024-02-01,2024-11-01,316.25
N42000011,CONSTRUCTION OF PERMANENT CAMPUSES OF CENTRAL UNIVERSITY OF HIMACHAL PRADESH AT DEHRA AND DHARAMSHAL,CPWD,HIMACHAL PRADESH,2021-03-01,,2024-11-01,2025-07-01,300.45
N44000002,"CONSTRUCTION OF SIKKIM UNIVERSITY CAMPUS PHASE-I, PACKAGE -II AT YANGANG SOUTH SIKKIM",Sikkim Universi,SIKKIM,2020-08-01,,2025-01-01,2025-01-01,303.55
N45000002,CONSTRUCTION OF HEADQUARTER BUILDING OF CRPF AT LODHI ROAD NEW DELHI,CPWD FOR MHA,DELHI,2019-06-01,,2022-07-01,2025-09-01,277.35
N45000003,CONSTRUCTION OF 683 VARIOUS TYPE FAMILY QUARTERS AT GROUP CENTRE CRPF CHANDAULI,CPWD FOR MHA,UTTAR PRADESH,2019-05-01,,2022-01-01,2023-03-01,199.31
