project_code,prediction_timestamp,schedule_delay_probability,cost_overrun_probability,overall_risk_score,risk_level,risk_trajectory,risk_delta,anomaly_status,intervention_priority,intervention_index,top_risk_driver
400005,2026-04-01,0.9954,0.4778,81.5,CRITICAL,STABLE,0.0,REQUIRES_VERIFICATION,HIGH,72.3,schedule_progress_gap_pct
400006,2026-04-01,0.9873,0.0345,55.7,HIGH,STABLE,0.0,NORMAL,MEDIUM,53.3,schedule_progress_gap_pct
400006,2026-05-01,0.9877,0.1036,58.1,HIGH,STABLE,2.4,NORMAL,HIGH,56.9,schedule_progress_gap_pct
400006,2026-06-01,0.9878,0.1833,60.9,HIGH,STABLE,2.8,NORMAL,HIGH,58.7,schedule_progress_gap_pct
400006,2026-07-01,0.9885,0.1746,60.7,HIGH,STABLE,-0.2,NORMAL,HIGH,55.6,schedule_progress_gap_pct
400010,2026-04-01,0.9951,0.9755,88.9,CRITICAL,STABLE,0.0,NORMAL,HIGH,68.1,schedule_progress_gap_pct
400010,2026-05-01,0.9952,0.9931,89.6,CRITICAL,STABLE,0.7,NORMAL,HIGH,69.1,schedule_progress_gap_pct
400010,2026-06-01,0.9955,0.9924,89.6,CRITICAL,STABLE,0.0,NORMAL,HIGH,68.4,schedule_progress_gap_pct
400010,2026-07-01,0.9958,0.994,89.6,CRITICAL,STABLE,0.0,NORMAL,HIGH,68.4,schedule_progress_gap_pct
400012,2026-04-01,0.9958,0.011,65.2,HIGH,STABLE,0.0,REQUIRES_VERIFICATION,HIGH,67.0,schedule_progress_gap_pct
400012,2026-05-01,0.9959,0.011,65.2,HIGH,STABLE,0.0,REQUIRES_VERIFICATION,HIGH,67.0,schedule_progress_gap_pct
400012,2026-06-01,0.996,0.011,65.2,HIGH,STABLE,0.0,REQUIRES_VERIFICATION,HIGH,67.0,schedule_progress_gap_pct
400012,2026-07-01,0.9969,0.0083,58.5,HIGH,DE_ESCALATING,-6.7,UNUSUAL,HIGH,56.9,schedule_progress_gap_pct
400013,2026-04-01,0.9723,0.0124,57.6,HIGH,STABLE,0.0,UNUSUAL,HIGH,66.5,schedule_progress_gap_pct
400013,2026-05-01,0.9749,0.0026,57.4,HIGH,STABLE,-0.2,UNUSUAL,HIGH,66.2,schedule_progress_gap_pct
400013,2026-06-01,0.9711,0.0028,57.2,HIGH,STABLE,-0.2,UNUSUAL,HIGH,66.1,schedule_progress_gap_pct
400013,2026-07-01,0.9729,0.0035,64.0,HIGH,MODERATE_RISE,6.8,REQUIRES_VERIFICATION,CRITICAL_INTERVENTION,76.5,schedule_progress_gap_pct
400019,2026-04-01,0.9842,0.9091,86.2,CRITICAL,STABLE,0.0,NORMAL,HIGH,66.8,schedule_progress_gap_pct
400019,2026-05-01,0.9843,0.9207,86.6,CRITICAL,STABLE,0.4,NORMAL,HIGH,67.4,schedule_progress_gap_pct
400019,2026-06-01,0.987,0.9684,87.9,CRITICAL,STABLE,1.3,NORMAL,HIGH,69.0,schedule_progress_gap_pct
400022,2026-04-01,0.0184,0.0204,7.7,LOW,STABLE,0.0,UNUSUAL,MEDIUM,33.7,schedule_progress_gap_pct
400022,2026-05-01,0.0188,0.2766,13.7,LOW,MODERATE_RISE,6.0,NORMAL,MEDIUM,42.7,schedule_progress_gap_pct
400022,2026-06-01,0.0212,0.3381,13.9,LOW,STABLE,0.2,NORMAL,MEDIUM,37.0,schedule_progress_gap_pct
400022,2026-07-01,0.0211,0.0476,2.5,LOW,DE_ESCALATING,-11.4,NORMAL,LOW,23.1,schedule_progress_gap_pct
400023,2026-04-01,0.0124,0.0012,4.7,LOW,STABLE,0.0,NORMAL,LOW,27.5,schedule_progress_gap_pct
400023,2026-05-01,0.971,0.0016,44.2,MEDIUM,RAPID_ESCALATION,39.5,NORMAL,HIGH,57.3,schedule_progress_gap_pct
400023,2026-06-01,0.9713,0.0161,45.7,MEDIUM,STABLE,1.5,NORMAL,MEDIUM,49.5,schedule_progress_gap_pct
400023,2026-07-01,0.9715,0.0161,46.7,MEDIUM,STABLE,1.0,NORMAL,MEDIUM,49.5,schedule_progress_gap_pct
400035,2026-04-01,0.9936,0.0215,46.8,MEDIUM,STABLE,0.0,NORMAL,MEDIUM,48.1,schedule_progress_gap_pct
400035,2026-05-01,0.9937,0.0069,46.8,MEDIUM,STABLE,0.0,NORMAL,MEDIUM,48.1,schedule_progress_gap_pct
400043,2026-04-01,0.0408,0.0023,8.3,LOW,STABLE,0.0,NORMAL,LOW,29.7,schedule_progress_gap_pct
400043,2026-05-01,0.9908,0.0014,46.3,MEDIUM,RAPID_ESCALATION,38.0,NORMAL,HIGH,58.7,schedule_progress_gap_pct
400043,2026-06-01,0.991,0.0011,46.4,MEDIUM,STABLE,0.1,NORMAL,MEDIUM,48.9,schedule_progress_gap_pct
400043,2026-07-01,0.9916,0.0031,46.6,MEDIUM,STABLE,0.2,NORMAL,MEDIUM,49.1,schedule_progress_gap_pct
400045,2026-04-01,0.0555,0.0368,18.5,LOW,STABLE,0.0,NORMAL,LOW,29.2,schedule_progress_gap_pct
400045,2026-05-01,0.0557,0.0368,18.5,LOW,STABLE,0.0,NORMAL,LOW,29.2,schedule_progress_gap_pct
400045,2026-06-01,0.056,0.0368,18.5,LOW,STABLE,0.0,NORMAL,LOW,29.2,schedule_progress_gap_pct
400045,2026-07-01,0.0563,0.0368,18.5,LOW,STABLE,0.0,NORMAL,LOW,29.2,schedule_progress_gap_pct
400047,2026-04-01,0.9904,0.0208,55.3,HIGH,STABLE,0.0,NORMAL,MEDIUM,48.4,schedule_progress_gap_pct
400047,2026-05-01,0.9904,0.0188,55.3,HIGH,STABLE,0.0,NORMAL,MEDIUM,48.4,schedule_progress_gap_pct
400047,2026-06-01,0.9906,0.0245,55.5,HIGH,STABLE,0.2,NORMAL,MEDIUM,48.7,schedule_progress_gap_pct
400047,2026-07-01,0.9907,0.0332,55.8,HIGH,STABLE,0.3,NORMAL,MEDIUM,48.9,schedule_progress_gap_pct
400048,2026-04-01,0.9945,0.0194,55.5,HIGH,STABLE,0.0,NORMAL,MEDIUM,48.0,schedule_progress_gap_pct
400048,2026-05-01,0.9946,0.015,55.3,HIGH,STABLE,-0.2,NORMAL,MEDIUM,47.7,schedule_progress_gap_pct
400048,2026-06-01,0.9946,0.015,55.3,HIGH,STABLE,0.0,NORMAL,MEDIUM,47.9,schedule_progress_gap_pct
400048,2026-07-01,0.9946,0.0191,55.5,HIGH,STABLE,0.2,NORMAL,MEDIUM,48.2,schedule_progress_gap_pct
400078,2026-04-01,0.9929,0.0038,54.8,HIGH,STABLE,0.0,NORMAL,HIGH,61.4,schedule_progress_gap_pct
400078,2026-05-01,0.9933,0.0041,61.5,HIGH,MODERATE_RISE,6.7,ANOMALOUS,HIGH,71.4,schedule_progress_gap_pct
400078,2026-06-01,0.9935,0.0041,54.9,HIGH,DE_ESCALATING,-6.6,NORMAL,MEDIUM,54.8,schedule_progress_gap_pct
400081,2026-04-01,0.9946,0.0176,55.4,HIGH,STABLE,0.0,NORMAL,MEDIUM,53.6,schedule_progress_gap_pct
400081,2026-05-01,0.9947,0.0239,55.6,HIGH,STABLE,0.2,NORMAL,MEDIUM,53.9,schedule_progress_gap_pct
400081,2026-06-01,0.9948,0.0262,55.7,HIGH,STABLE,0.1,NORMAL,MEDIUM,53.8,schedule_progress_gap_pct
400081,2026-07-01,0.9948,0.0262,55.7,HIGH,STABLE,0.0,NORMAL,MEDIUM,53.7,schedule_progress_gap_pct
400087,2026-04-01,0.0552,0.9676,36.1,MEDIUM,STABLE,0.0,NORMAL,MEDIUM,43.8,schedule_progress_gap_pct
400087,2026-05-01,0.0569,0.9778,36.5,MEDIUM,STABLE,0.4,NORMAL,MEDIUM,44.4,schedule_progress_gap_pct
400087,2026-06-01,0.0614,0.9757,36.6,MEDIUM,STABLE,0.1,NORMAL,MEDIUM,44.2,schedule_progress_gap_pct
400093,2026-04-01,0.989,0.0178,61.8,HIGH,STABLE,0.0,ANOMALOUS,HIGH,58.9,schedule_progress_gap_pct
400095,2026-04-01,0.9958,0.0169,58.7,HIGH,STABLE,0.0,UNUSUAL,MEDIUM,54.5,schedule_progress_gap_pct
400096,2026-04-01,0.9953,0.0052,58.3,HIGH,STABLE,0.0,UNUSUAL,MEDIUM,53.8,schedule_progress_gap_pct
400097,2026-04-01,0.9975,0.3262,69.6,HIGH,STABLE,0.0,UNUSUAL,HIGH,66.7,schedule_progress_gap_pct
400100,2026-04-01,0.9972,0.9954,89.6,CRITICAL,STABLE,0.0,NORMAL,HIGH,67.4,schedule_progress_gap_pct
400100,2026-05-01,0.9972,0.9954,89.7,CRITICAL,STABLE,0.1,NORMAL,HIGH,67.5,schedule_progress_gap_pct
400100,2026-06-01,0.9972,0.9955,89.7,CRITICAL,STABLE,0.0,NORMAL,HIGH,67.4,schedule_progress_gap_pct
400100,2026-07-01,0.9972,0.9954,89.7,CRITICAL,STABLE,0.0,NORMAL,HIGH,67.4,schedule_progress_gap_pct
400101,2026-04-01,0.9974,0.9885,88.0,CRITICAL,STABLE,0.0,NORMAL,HIGH,67.0,schedule_progress_gap_pct
400101,2026-05-01,0.9974,0.992,88.2,CRITICAL,STABLE,0.2,NORMAL,HIGH,67.3,schedule_progress_gap_pct
400101,2026-06-01,0.9974,0.9885,88.3,CRITICAL,STABLE,0.1,NORMAL,HIGH,67.2,schedule_progress_gap_pct
400101,2026-07-01,0.9974,0.9885,88.5,CRITICAL,STABLE,0.2,NORMAL,HIGH,67.4,schedule_progress_gap_pct
400102,2026-04-01,0.9963,0.995,88.5,CRITICAL,STABLE,0.0,NORMAL,HIGH,69.4,schedule_progress_gap_pct
400102,2026-05-01,0.9963,0.995,88.7,CRITICAL,STABLE,0.2,NORMAL,HIGH,69.7,schedule_progress_gap_pct
400102,2026-06-01,0.9963,0.995,88.9,CRITICAL,STABLE,0.2,NORMAL,HIGH,69.8,schedule_progress_gap_pct
400102,2026-07-01,0.9964,0.995,89.0,CRITICAL,STABLE,0.1,NORMAL,HIGH,69.7,schedule_progress_gap_pct
400103,2026-04-01,0.9974,0.9966,93.1,CRITICAL,STABLE,0.0,UNUSUAL,HIGH,73.8,schedule_progress_gap_pct
400103,2026-05-01,0.9974,0.9966,93.1,CRITICAL,STABLE,0.0,UNUSUAL,HIGH,73.8,schedule_progress_gap_pct
400103,2026-06-01,0.9975,0.9966,93.1,CRITICAL,STABLE,0.0,UNUSUAL,HIGH,73.8,schedule_progress_gap_pct
400103,2026-07-01,0.9975,0.9933,93.0,CRITICAL,STABLE,-0.1,UNUSUAL,HIGH,73.6,schedule_progress_gap_pct
400105,2026-04-01,0.9959,0.9895,89.5,CRITICAL,STABLE,0.0,NORMAL,HIGH,69.1,schedule_progress_gap_pct
400107,2026-04-01,0.9959,0.993,89.6,CRITICAL,STABLE,0.0,NORMAL,HIGH,74.1,schedule_progress_gap_pct
400109,2026-04-01,0.9964,0.0273,59.1,HIGH,STABLE,0.0,UNUSUAL,HIGH,55.2,schedule_progress_gap_pct
400111,2026-04-01,0.996,0.9915,89.5,CRITICAL,STABLE,0.0,NORMAL,HIGH,68.2,schedule_progress_gap_pct
400111,2026-05-01,0.996,0.9915,89.5,CRITICAL,STABLE,0.0,NORMAL,HIGH,68.2,schedule_progress_gap_pct
400111,2026-06-01,0.9961,0.9917,89.6,CRITICAL,STABLE,0.1,NORMAL,HIGH,68.4,schedule_progress_gap_pct
400111,2026-07-01,0.9961,0.9915,89.5,CRITICAL,STABLE,-0.1,NORMAL,HIGH,68.1,schedule_progress_gap_pct
400115,2026-04-01,0.9961,0.9949,89.7,CRITICAL,STABLE,0.0,NORMAL,HIGH,70.1,schedule_progress_gap_pct
400115,2026-05-01,0.9961,0.9949,89.7,CRITICAL,STABLE,0.0,NORMAL,HIGH,70.1,schedule_progress_gap_pct
400115,2026-06-01,0.9961,0.9949,89.7,CRITICAL,STABLE,0.0,NORMAL,HIGH,70.1,schedule_progress_gap_pct
400115,2026-07-01,0.9962,0.9949,89.7,CRITICAL,STABLE,0.0,NORMAL,HIGH,70.1,schedule_progress_gap_pct
400116,2026-04-01,0.997,0.9997,93.2,CRITICAL,STABLE,0.0,UNUSUAL,HIGH,73.5,schedule_progress_gap_pct
400116,2026-05-01,0.997,0.9997,93.2,CRITICAL,STABLE,0.0,UNUSUAL,HIGH,73.5,schedule_progress_gap_pct
400116,2026-06-01,0.997,0.9995,89.9,CRITICAL,STABLE,-3.3,NORMAL,HIGH,68.6,schedule_progress_gap_pct
400116,2026-07-01,0.9971,0.9972,89.8,CRITICAL,STABLE,-0.1,NORMAL,HIGH,71.7,schedule_progress_gap_pct
400119,2026-04-01,0.9976,0.2535,70.4,HIGH,STABLE,0.0,ANOMALOUS,HIGH,65.5,schedule_progress_gap_pct
400119,2026-05-01,0.9977,0.2535,70.4,HIGH,STABLE,0.0,ANOMALOUS,HIGH,65.5,schedule_progress_gap_pct
400119,2026-06-01,0.9977,0.2535,70.4,HIGH,STABLE,0.0,ANOMALOUS,HIGH,65.5,schedule_progress_gap_pct
400119,2026-07-01,0.9977,0.2535,70.4,HIGH,STABLE,0.0,ANOMALOUS,HIGH,65.5,schedule_progress_gap_pct
400120,2026-04-01,0.9984,0.1509,70.2,HIGH,STABLE,0.0,REQUIRES_VERIFICATION,HIGH,73.7,schedule_progress_gap_pct
400120,2026-05-01,0.9984,0.1398,69.8,HIGH,STABLE,-0.4,REQUIRES_VERIFICATION,HIGH,73.1,schedule_progress_gap_pct
400120,2026-06-01,0.9984,0.2164,72.5,HIGH,STABLE,2.7,REQUIRES_VERIFICATION,CRITICAL_INTERVENTION,77.6,schedule_progress_gap_pct
400120,2026-07-01,0.9985,0.2412,73.4,HIGH,STABLE,0.9,REQUIRES_VERIFICATION,CRITICAL_INTERVENTION,76.2,schedule_progress_gap_pct
400141,2026-04-01,0.9965,0.9962,89.7,CRITICAL,STABLE,0.0,NORMAL,CRITICAL_INTERVENTION,76.0,schedule_progress_gap_pct
400141,2026-05-01,0.9966,0.9996,89.8,CRITICAL,STABLE,0.1,NORMAL,CRITICAL_INTERVENTION,76.2,schedule_progress_gap_pct
400141,2026-06-01,0.9966,0.9996,93.2,CRITICAL,STABLE,3.4,UNUSUAL,CRITICAL_INTERVENTION,81.2,schedule_progress_gap_pct
400141,2026-07-01,0.9967,0.9994,93.1,CRITICAL,STABLE,-0.1,UNUSUAL,CRITICAL_INTERVENTION,77.6,schedule_progress_gap_pct
400148,2026-04-01,0.9957,0.0114,55.2,HIGH,STABLE,0.0,NORMAL,MEDIUM,53.3,schedule_progress_gap_pct
400148,2026-05-01,0.9957,0.0114,55.2,HIGH,STABLE,0.0,NORMAL,MEDIUM,53.3,schedule_progress_gap_pct
400148,2026-06-01,0.9959,0.001,54.9,HIGH,STABLE,-0.3,NORMAL,MEDIUM,52.9,schedule_progress_gap_pct
400148,2026-07-01,0.9959,0.0007,54.9,HIGH,STABLE,0.0,NORMAL,MEDIUM,53.2,schedule_progress_gap_pct
400160,2026-04-01,0.998,0.0779,57.6,HIGH,STABLE,0.0,NORMAL,MEDIUM,52.7,schedule_progress_gap_pct
400160,2026-05-01,0.998,0.0631,57.1,HIGH,STABLE,-0.5,NORMAL,MEDIUM,51.9,schedule_progress_gap_pct
400160,2026-06-01,0.998,0.0986,58.4,HIGH,STABLE,1.3,NORMAL,MEDIUM,54.4,schedule_progress_gap_pct
400160,2026-07-01,0.998,0.0875,58.0,HIGH,STABLE,-0.4,NORMAL,MEDIUM,52.5,schedule_progress_gap_pct
400162,2026-04-01,0.9923,0.0156,55.2,HIGH,STABLE,0.0,NORMAL,MEDIUM,53.8,schedule_progress_gap_pct
400162,2026-05-01,0.9924,0.0179,55.3,HIGH,STABLE,0.1,NORMAL,MEDIUM,54.0,schedule_progress_gap_pct
400162,2026-06-01,0.9927,0.0412,62.8,HIGH,MODERATE_RISE,7.5,ANOMALOUS,HIGH,65.1,schedule_progress_gap_pct
400162,2026-07-01,0.9927,0.0142,55.2,HIGH,DE_ESCALATING,-7.6,NORMAL,MEDIUM,46.2,schedule_progress_gap_pct
400167,2026-04-01,0.9938,0.6937,65.5,HIGH,STABLE,0.0,NORMAL,HIGH,59.5,schedule_progress_gap_pct
400167,2026-05-01,0.9938,0.1741,47.6,MEDIUM,DE_ESCALATING,-17.9,NORMAL,MEDIUM,42.5,schedule_progress_gap_pct
400167,2026-06-01,0.9939,0.2544,50.5,HIGH,STABLE,2.9,NORMAL,MEDIUM,54.9,schedule_progress_gap_pct
400167,2026-07-01,0.9939,0.1896,48.5,MEDIUM,STABLE,-2.0,NORMAL,MEDIUM,49.0,schedule_progress_gap_pct
400168,2026-04-01,0.9952,0.108,57.2,HIGH,STABLE,0.0,UNUSUAL,HIGH,62.5,schedule_progress_gap_pct
400168,2026-05-01,0.9954,0.1403,58.8,HIGH,STABLE,1.6,UNUSUAL,HIGH,64.9,schedule_progress_gap_pct
400168,2026-06-01,0.9958,0.6147,79.2,CRITICAL,RAPID_ESCALATION,20.4,ANOMALOUS,CRITICAL_INTERVENTION,83.5,schedule_progress_gap_pct
400168,2026-07-01,0.9962,0.9884,89.5,CRITICAL,RAPID_ESCALATION,10.3,UNUSUAL,CRITICAL_INTERVENTION,88.6,schedule_progress_gap_pct
400169,2026-04-01,0.9943,0.2314,59.2,HIGH,STABLE,0.0,NORMAL,MEDIUM,54.2,schedule_progress_gap_pct
400169,2026-05-01,0.9944,0.3979,65.3,HIGH,MODERATE_RISE,6.1,NORMAL,HIGH,63.3,schedule_progress_gap_pct
400169,2026-06-01,0.9944,0.3819,65.1,HIGH,STABLE,-0.2,NORMAL,HIGH,56.9,schedule_progress_gap_pct
400169,2026-07-01,0.9948,0.5203,70.1,HIGH,MODERATE_RISE,5.0,NORMAL,HIGH,64.6,schedule_progress_gap_pct
400171,2026-04-01,0.9959,0.0591,60.2,HIGH,STABLE,0.0,UNUSUAL,HIGH,57.6,schedule_progress_gap_pct
400171,2026-05-01,0.9959,0.0487,56.5,HIGH,STABLE,-3.7,NORMAL,MEDIUM,52.0,schedule_progress_gap_pct
400171,2026-06-01,0.9957,0.1433,59.8,HIGH,STABLE,3.3,NORMAL,HIGH,60.7,schedule_progress_gap_pct
400171,2026-07-01,0.996,0.1531,60.2,HIGH,STABLE,0.4,NORMAL,HIGH,58.0,schedule_progress_gap_pct
400172,2026-04-01,0.989,0.0018,54.1,HIGH,STABLE,0.0,NORMAL,MEDIUM,50.9,schedule_progress_gap_pct
400172,2026-05-01,0.9891,0.0018,54.4,HIGH,STABLE,0.3,NORMAL,MEDIUM,51.4,schedule_progress_gap_pct
400172,2026-06-01,0.9894,0.0087,54.9,HIGH,STABLE,0.5,NORMAL,MEDIUM,51.8,schedule_progress_gap_pct
400172,2026-07-01,0.9894,0.0105,54.9,HIGH,STABLE,0.0,NORMAL,MEDIUM,51.3,schedule_progress_gap_pct
400173,2026-04-01,0.9868,0.0104,54.8,HIGH,STABLE,0.0,NORMAL,MEDIUM,53.2,schedule_progress_gap_pct
400173,2026-05-01,0.9868,0.0104,54.8,HIGH,STABLE,0.0,NORMAL,MEDIUM,53.2,schedule_progress_gap_pct
400173,2026-06-01,0.9871,0.0093,54.8,HIGH,STABLE,0.0,NORMAL,MEDIUM,53.2,schedule_progress_gap_pct
400173,2026-07-01,0.987,0.0136,55.0,HIGH,STABLE,0.2,NORMAL,MEDIUM,53.5,schedule_progress_gap_pct
400174,2026-04-01,0.997,0.3111,75.8,CRITICAL,STABLE,0.0,REQUIRES_VERIFICATION,HIGH,64.2,schedule_progress_gap_pct
400174,2026-05-01,0.9972,0.4634,81.1,CRITICAL,MODERATE_RISE,5.3,REQUIRES_VERIFICATION,HIGH,72.2,schedule_progress_gap_pct
400174,2026-06-01,0.0335,0.6577,31.9,MEDIUM,DE_ESCALATING,-49.2,NORMAL,MEDIUM,34.3,schedule_progress_gap_pct
400174,2026-07-01,0.0339,0.7718,36.0,MEDIUM,STABLE,4.1,NORMAL,MEDIUM,48.4,schedule_progress_gap_pct
400177,2026-04-01,0.9932,0.0682,51.3,HIGH,STABLE,0.0,NORMAL,MEDIUM,50.7,schedule_progress_gap_pct
400177,2026-05-01,0.9932,0.0628,51.3,HIGH,STABLE,0.0,NORMAL,MEDIUM,50.7,schedule_progress_gap_pct
400177,2026-06-01,0.9941,0.0517,51.3,HIGH,STABLE,0.0,NORMAL,MEDIUM,50.7,schedule_progress_gap_pct
400177,2026-07-01,0.9941,0.056,51.7,HIGH,STABLE,0.4,NORMAL,MEDIUM,51.3,schedule_progress_gap_pct
400180,2026-04-01,0.9844,0.0378,55.7,HIGH,STABLE,0.0,NORMAL,MEDIUM,52.1,schedule_progress_gap_pct
400180,2026-05-01,0.9844,0.0058,54.6,HIGH,STABLE,-1.1,NORMAL,MEDIUM,50.4,schedule_progress_gap_pct
400180,2026-06-01,0.9845,0.0097,54.7,HIGH,STABLE,0.1,NORMAL,MEDIUM,51.7,schedule_progress_gap_pct
400180,2026-07-01,0.9846,0.0097,54.7,HIGH,STABLE,0.0,NORMAL,MEDIUM,51.6,schedule_progress_gap_pct
400182,2026-04-01,0.9805,0.014,54.7,HIGH,STABLE,0.0,NORMAL,MEDIUM,51.4,schedule_progress_gap_pct
400188,2026-04-01,0.0056,0.0006,15.2,LOW,STABLE,0.0,NORMAL,MEDIUM,46.1,schedule_progress_gap_pct
400188,2026-05-01,0.0059,0.0004,21.9,LOW,MODERATE_RISE,6.7,ANOMALOUS,HIGH,56.2,schedule_progress_gap_pct
400188,2026-06-01,0.006,0.0074,15.5,LOW,DE_ESCALATING,-6.4,NORMAL,MEDIUM,39.9,schedule_progress_gap_pct
400188,2026-07-01,0.006,0.0072,15.5,LOW,STABLE,0.0,NORMAL,MEDIUM,46.3,schedule_progress_gap_pct
400192,2026-04-01,0.0236,0.0053,16.1,LOW,STABLE,0.0,NORMAL,MEDIUM,35.9,schedule_progress_gap_pct
400192,2026-05-01,0.0237,0.0053,16.1,LOW,STABLE,0.0,NORMAL,MEDIUM,35.9,schedule_progress_gap_pct
400192,2026-06-01,0.024,0.0221,16.7,LOW,STABLE,0.6,NORMAL,MEDIUM,36.8,schedule_progress_gap_pct
400192,2026-07-01,0.9835,0.0232,55.2,HIGH,RAPID_ESCALATION,38.5,NORMAL,HIGH,65.4,schedule_progress_gap_pct
400203,2026-04-01,0.0248,0.0172,16.5,LOW,STABLE,0.0,NORMAL,MEDIUM,36.3,schedule_progress_gap_pct
400203,2026-05-01,0.0249,0.0053,16.2,LOW,STABLE,-0.3,NORMAL,MEDIUM,35.9,schedule_progress_gap_pct
400203,2026-06-01,0.0256,0.0217,20.1,LOW,STABLE,3.9,UNUSUAL,MEDIUM,42.0,schedule_progress_gap_pct
400203,2026-07-01,0.0257,0.0087,16.3,LOW,STABLE,-3.8,NORMAL,MEDIUM,32.4,schedule_progress_gap_pct
400204,2026-04-01,0.0095,0.0219,22.7,LOW,STABLE,0.0,ANOMALOUS,MEDIUM,43.2,schedule_progress_gap_pct
400204,2026-05-01,0.0101,0.0156,16.0,LOW,DE_ESCALATING,-6.7,NORMAL,MEDIUM,33.1,schedule_progress_gap_pct
400204,2026-06-01,0.0102,0.0163,19.3,LOW,STABLE,3.3,UNUSUAL,MEDIUM,44.8,schedule_progress_gap_pct
400204,2026-07-01,0.0114,0.0137,17.5,LOW,STABLE,-1.8,REQUIRES_VERIFICATION,MEDIUM,38.8,schedule_progress_gap_pct
400205,2026-04-01,0.0133,0.0245,19.7,LOW,STABLE,0.0,UNUSUAL,MEDIUM,37.0,schedule_progress_gap_pct
400205,2026-05-01,0.0135,0.0197,19.5,LOW,STABLE,-0.2,UNUSUAL,MEDIUM,36.7,schedule_progress_gap_pct
400205,2026-06-01,0.0136,0.0197,19.5,LOW,STABLE,0.0,UNUSUAL,MEDIUM,36.9,schedule_progress_gap_pct
400205,2026-07-01,0.0135,0.0354,17.6,LOW,STABLE,-1.9,ANOMALOUS,MEDIUM,34.1,schedule_progress_gap_pct
400220,2026-04-01,0.9978,0.0161,58.8,HIGH,STABLE,0.0,UNUSUAL,HIGH,59.5,schedule_progress_gap_pct
400220,2026-05-01,0.9978,0.0144,62.0,HIGH,STABLE,3.2,ANOMALOUS,HIGH,64.3,schedule_progress_gap_pct
400220,2026-06-01,0.9979,0.047,56.6,HIGH,DE_ESCALATING,-5.4,NORMAL,MEDIUM,53.0,schedule_progress_gap_pct
400220,2026-07-01,0.9979,0.0378,56.2,HIGH,STABLE,-0.4,NORMAL,HIGH,57.8,schedule_progress_gap_pct
400223,2026-04-01,0.9885,0.0602,44.3,MEDIUM,STABLE,0.0,NORMAL,MEDIUM,47.2,schedule_progress_gap_pct
400223,2026-05-01,0.9886,0.0671,44.8,MEDIUM,STABLE,0.5,NORMAL,MEDIUM,47.9,schedule_progress_gap_pct
400223,2026-06-01,0.9888,0.1424,47.5,MEDIUM,STABLE,2.7,NORMAL,MEDIUM,51.5,schedule_progress_gap_pct
400223,2026-07-01,0.9905,0.9341,85.2,CRITICAL,RAPID_ESCALATION,37.7,UNUSUAL,CRITICAL_INTERVENTION,77.6,schedule_progress_gap_pct
400232,2026-04-01,0.0307,0.1457,18.0,LOW,STABLE,0.0,NORMAL,MEDIUM,30.9,schedule_progress_gap_pct
400232,2026-05-01,0.0305,0.1388,18.2,LOW,STABLE,0.2,NORMAL,MEDIUM,31.2,schedule_progress_gap_pct
400232,2026-06-01,0.0362,0.098,13.6,LOW,STABLE,-4.6,NORMAL,LOW,24.1,schedule_progress_gap_pct
400232,2026-07-01,0.0297,0.001,10.3,LOW,STABLE,-3.3,NORMAL,LOW,23.8,schedule_progress_gap_pct
400247,2026-04-01,0.9893,0.9966,80.9,CRITICAL,STABLE,0.0,NORMAL,HIGH,66.7,schedule_progress_gap_pct
400247,2026-05-01,0.9896,0.9946,80.5,CRITICAL,STABLE,-0.4,NORMAL,HIGH,66.1,schedule_progress_gap_pct
400247,2026-06-01,0.9896,0.9983,80.8,CRITICAL,STABLE,0.3,NORMAL,HIGH,66.9,schedule_progress_gap_pct
400247,2026-07-01,0.9847,0.2412,62.3,HIGH,DE_ESCALATING,-18.5,NORMAL,MEDIUM,49.4,schedule_progress_gap_pct
400253,2026-04-01,0.9945,0.9996,76.8,CRITICAL,STABLE,0.0,NORMAL,HIGH,70.1,schedule_progress_gap_pct
400253,2026-05-01,0.9947,0.9996,76.7,CRITICAL,STABLE,-0.1,NORMAL,HIGH,70.0,schedule_progress_gap_pct
400253,2026-06-01,0.9948,0.9996,76.7,CRITICAL,STABLE,0.0,NORMAL,HIGH,70.1,schedule_progress_gap_pct
400254,2026-04-01,0.9917,0.0554,47.8,MEDIUM,STABLE,0.0,NORMAL,MEDIUM,49.0,schedule_progress_gap_pct
400254,2026-05-01,0.9917,0.0554,47.9,MEDIUM,STABLE,0.1,NORMAL,MEDIUM,49.2,schedule_progress_gap_pct
400254,2026-06-01,0.9918,0.0554,48.0,MEDIUM,STABLE,0.1,NORMAL,MEDIUM,49.2,schedule_progress_gap_pct
400254,2026-07-01,0.9939,0.0374,55.4,HIGH,MODERATE_RISE,7.4,NORMAL,HIGH,60.2,schedule_progress_gap_pct
400259,2026-04-01,0.9987,0.9995,99.9,CRITICAL,STABLE,0.0,REQUIRES_VERIFICATION,CRITICAL_INTERVENTION,86.2,schedule_progress_gap_pct
400261,2026-04-01,0.9969,0.98,99.2,CRITICAL,STABLE,0.0,REQUIRES_VERIFICATION,CRITICAL_INTERVENTION,86.1,schedule_progress_gap_pct
400261,2026-05-01,0.9971,0.9917,99.6,CRITICAL,STABLE,0.4,REQUIRES_VERIFICATION,CRITICAL_INTERVENTION,86.7,schedule_progress_gap_pct
400261,2026-06-01,0.9972,0.9913,99.6,CRITICAL,STABLE,0.0,REQUIRES_VERIFICATION,CRITICAL_INTERVENTION,86.3,schedule_progress_gap_pct
400261,2026-07-01,0.9975,0.997,99.8,CRITICAL,STABLE,0.2,REQUIRES_VERIFICATION,CRITICAL_INTERVENTION,86.6,schedule_progress_gap_pct
400271,2026-04-01,0.9897,0.0741,57.2,HIGH,STABLE,0.0,NORMAL,HIGH,59.2,schedule_progress_gap_pct
400271,2026-05-01,0.9897,0.0741,57.2,HIGH,STABLE,0.0,NORMAL,HIGH,59.2,schedule_progress_gap_pct
400271,2026-06-01,0.9898,0.0741,57.2,HIGH,STABLE,0.0,NORMAL,HIGH,59.2,schedule_progress_gap_pct
400273,2026-04-01,0.997,0.9989,93.1,CRITICAL,STABLE,0.0,UNUSUAL,HIGH,73.4,schedule_progress_gap_pct
400273,2026-05-01,0.9971,0.9983,89.8,CRITICAL,STABLE,-3.3,NORMAL,HIGH,68.4,schedule_progress_gap_pct
400273,2026-06-01,0.9971,0.9983,89.8,CRITICAL,STABLE,0.0,NORMAL,HIGH,71.7,schedule_progress_gap_pct
400273,2026-07-01,0.9962,0.9913,89.5,CRITICAL,STABLE,-0.3,NORMAL,HIGH,71.3,schedule_progress_gap_pct
400275,2026-04-01,0.9738,0.0637,59.5,HIGH,STABLE,0.0,UNUSUAL,HIGH,60.5,schedule_progress_gap_pct
400275,2026-05-01,0.9741,0.0637,59.5,HIGH,STABLE,0.0,UNUSUAL,HIGH,60.5,schedule_progress_gap_pct
400275,2026-06-01,0.9744,0.0637,59.5,HIGH,STABLE,0.0,UNUSUAL,HIGH,60.5,schedule_progress_gap_pct
400275,2026-07-01,0.9934,0.0293,55.8,HIGH,STABLE,-3.7,NORMAL,HIGH,55.0,schedule_progress_gap_pct
400277,2026-04-01,0.9933,0.1252,48.8,MEDIUM,STABLE,0.0,NORMAL,HIGH,58.3,schedule_progress_gap_pct
400277,2026-05-01,0.9935,0.332,62.7,HIGH,RAPID_ESCALATION,13.9,ANOMALOUS,CRITICAL_INTERVENTION,75.3,schedule_progress_gap_pct
400277,2026-06-01,0.9937,0.991,79.4,CRITICAL,RAPID_ESCALATION,16.7,NORMAL,CRITICAL_INTERVENTION,83.6,schedule_progress_gap_pct
400280,2026-04-01,0.9925,0.0796,43.9,MEDIUM,STABLE,0.0,NORMAL,MEDIUM,47.1,schedule_progress_gap_pct
400280,2026-05-01,0.9925,0.0715,43.7,MEDIUM,STABLE,-0.2,NORMAL,MEDIUM,46.8,schedule_progress_gap_pct
400280,2026-06-01,0.9925,0.0715,43.9,MEDIUM,STABLE,0.2,NORMAL,MEDIUM,47.3,schedule_progress_gap_pct
400280,2026-07-01,0.9926,0.0715,44.0,MEDIUM,STABLE,0.1,NORMAL,MEDIUM,47.2,schedule_progress_gap_pct
400291,2026-04-01,0.9974,0.9907,92.9,CRITICAL,STABLE,0.0,UNUSUAL,HIGH,74.3,schedule_progress_gap_pct
400291,2026-05-01,0.9974,0.9782,89.1,CRITICAL,STABLE,-3.8,NORMAL,HIGH,68.6,schedule_progress_gap_pct
400291,2026-06-01,0.9974,0.9945,89.7,CRITICAL,STABLE,0.6,NORMAL,HIGH,73.3,schedule_progress_gap_pct
400291,2026-07-01,0.9971,0.0045,55.0,HIGH,DE_ESCALATING,-34.7,NORMAL,MEDIUM,47.3,schedule_progress_gap_pct
400298,2026-04-01,0.9879,0.9985,88.1,CRITICAL,STABLE,0.0,UNUSUAL,HIGH,73.2,schedule_progress_gap_pct
400298,2026-05-01,0.988,0.9985,88.4,CRITICAL,STABLE,0.3,UNUSUAL,HIGH,73.7,schedule_progress_gap_pct
400298,2026-06-01,0.988,0.9983,85.3,CRITICAL,STABLE,-3.1,NORMAL,HIGH,68.7,schedule_progress_gap_pct
400298,2026-07-01,0.9743,0.9651,91.0,CRITICAL,MODERATE_RISE,5.7,UNUSUAL,CRITICAL_INTERVENTION,80.4,schedule_progress_gap_pct
400299,2026-04-01,0.989,0.0134,55.0,HIGH,STABLE,0.0,NORMAL,MEDIUM,54.9,schedule_progress_gap_pct
400299,2026-05-01,0.9895,0.0224,55.4,HIGH,STABLE,0.4,NORMAL,HIGH,55.5,schedule_progress_gap_pct
400299,2026-06-01,0.9895,0.0136,55.1,HIGH,STABLE,-0.3,NORMAL,MEDIUM,54.6,schedule_progress_gap_pct
400299,2026-07-01,0.9896,0.0178,55.2,HIGH,STABLE,0.1,NORMAL,HIGH,55.1,schedule_progress_gap_pct
400301,2026-04-01,0.9978,0.9916,96.2,CRITICAL,STABLE,0.0,ANOMALOUS,HIGH,72.9,schedule_progress_gap_pct
400301,2026-05-01,0.9978,0.9916,96.2,CRITICAL,STABLE,0.0,ANOMALOUS,HIGH,72.9,schedule_progress_gap_pct
400301,2026-06-01,0.9979,0.9916,96.2,CRITICAL,STABLE,0.0,ANOMALOUS,HIGH,72.9,schedule_progress_gap_pct
400301,2026-07-01,0.998,0.9887,96.1,CRITICAL,STABLE,-0.1,ANOMALOUS,HIGH,72.8,schedule_progress_gap_pct
400321,2026-04-01,0.9902,0.0177,55.2,HIGH,STABLE,0.0,NORMAL,HIGH,55.7,schedule_progress_gap_pct
400321,2026-05-01,0.9909,0.0188,55.3,HIGH,STABLE,0.1,NORMAL,HIGH,55.9,schedule_progress_gap_pct
400321,2026-06-01,0.991,0.0128,55.1,HIGH,STABLE,-0.2,NORMAL,HIGH,55.5,schedule_progress_gap_pct
400321,2026-07-01,0.9911,0.0128,55.1,HIGH,STABLE,0.0,NORMAL,HIGH,55.7,schedule_progress_gap_pct
400369,2026-04-01,0.9947,0.9121,86.7,CRITICAL,STABLE,0.0,NORMAL,HIGH,68.9,schedule_progress_gap_pct
400369,2026-05-01,0.9948,0.858,84.8,CRITICAL,STABLE,-1.9,NORMAL,HIGH,66.1,schedule_progress_gap_pct
400369,2026-06-01,0.995,0.9938,89.6,CRITICAL,STABLE,4.8,NORMAL,CRITICAL_INTERVENTION,75.2,schedule_progress_gap_pct
400369,2026-07-01,0.995,0.9937,89.6,CRITICAL,STABLE,0.0,NORMAL,HIGH,70.4,schedule_progress_gap_pct
400416,2026-04-01,0.9913,0.2292,62.7,HIGH,STABLE,0.0,NORMAL,HIGH,59.6,schedule_progress_gap_pct
400416,2026-05-01,0.992,0.2031,61.8,HIGH,STABLE,-0.9,NORMAL,HIGH,58.3,schedule_progress_gap_pct
400416,2026-06-01,0.992,0.2007,61.7,HIGH,STABLE,-0.1,NORMAL,HIGH,59.0,schedule_progress_gap_pct
400416,2026-07-01,0.9922,0.7862,82.2,CRITICAL,RAPID_ESCALATION,20.5,NORMAL,CRITICAL_INTERVENTION,79.4,schedule_progress_gap_pct
400424,2026-04-01,0.9923,0.0168,55.3,HIGH,STABLE,0.0,NORMAL,HIGH,62.6,schedule_progress_gap_pct
400424,2026-05-01,0.9924,0.0111,55.1,HIGH,STABLE,-0.2,NORMAL,HIGH,62.3,schedule_progress_gap_pct
400424,2026-06-01,0.9926,0.0064,54.9,HIGH,STABLE,-0.2,NORMAL,HIGH,62.2,schedule_progress_gap_pct
400424,2026-07-01,0.9933,0.0073,58.3,HIGH,STABLE,3.4,UNUSUAL,HIGH,67.5,schedule_progress_gap_pct
400425,2026-04-01,0.9969,0.0086,58.5,HIGH,STABLE,0.0,UNUSUAL,HIGH,56.2,schedule_progress_gap_pct
400425,2026-05-01,0.997,0.0086,58.5,HIGH,STABLE,0.0,UNUSUAL,HIGH,56.2,schedule_progress_gap_pct
400425,2026-06-01,0.9971,0.0212,55.6,HIGH,STABLE,-2.9,NORMAL,MEDIUM,51.8,schedule_progress_gap_pct
400425,2026-07-01,0.9971,0.0011,54.9,HIGH,STABLE,-0.7,NORMAL,MEDIUM,53.7,schedule_progress_gap_pct
400426,2026-04-01,0.997,0.014,55.4,HIGH,STABLE,0.0,NORMAL,HIGH,56.1,schedule_progress_gap_pct
400426,2026-05-01,0.9929,0.0336,55.9,HIGH,STABLE,0.5,NORMAL,HIGH,56.8,schedule_progress_gap_pct
400426,2026-06-01,0.9932,0.0407,56.2,HIGH,STABLE,0.3,NORMAL,HIGH,56.8,schedule_progress_gap_pct
400426,2026-07-01,0.9935,0.0307,55.8,HIGH,STABLE,-0.4,NORMAL,HIGH,55.9,schedule_progress_gap_pct
602096,2026-04-01,0.9999,0.9985,99.9,CRITICAL,STABLE,0.0,REQUIRES_VERIFICATION,CRITICAL_INTERVENTION,82.6,schedule_progress_gap_pct
602096,2026-05-01,0.9999,0.9985,99.9,CRITICAL,STABLE,0.0,REQUIRES_VERIFICATION,CRITICAL_INTERVENTION,82.6,schedule_progress_gap_pct
602096,2026-06-01,0.9999,0.9985,99.9,CRITICAL,STABLE,0.0,REQUIRES_VERIFICATION,CRITICAL_INTERVENTION,82.6,schedule_progress_gap_pct
602096,2026-07-01,0.9999,0.9985,99.9,CRITICAL,STABLE,0.0,REQUIRES_VERIFICATION,CRITICAL_INTERVENTION,82.6,schedule_progress_gap_pct
602098,2026-04-01,0.9953,0.993,89.6,CRITICAL,STABLE,0.0,NORMAL,HIGH,68.0,schedule_progress_gap_pct
602098,2026-05-01,0.9953,0.993,89.6,CRITICAL,STABLE,0.0,NORMAL,HIGH,68.0,schedule_progress_gap_pct
602098,2026-06-01,0.9953,0.993,89.6,CRITICAL,STABLE,0.0,NORMAL,HIGH,68.0,schedule_progress_gap_pct
602098,2026-07-01,0.9954,0.993,89.6,CRITICAL,STABLE,0.0,NORMAL,HIGH,68.0,schedule_progress_gap_pct
602099,2026-04-01,0.9951,0.032,55.9,HIGH,STABLE,0.0,NORMAL,MEDIUM,50.9,schedule_progress_gap_pct
602099,2026-05-01,0.9952,0.051,56.6,HIGH,STABLE,0.7,NORMAL,MEDIUM,51.9,schedule_progress_gap_pct
602099,2026-06-01,0.9952,0.0415,56.3,HIGH,STABLE,-0.3,NORMAL,MEDIUM,50.8,schedule_progress_gap_pct
602099,2026-07-01,0.9954,0.0465,56.4,HIGH,STABLE,0.1,NORMAL,MEDIUM,51.2,schedule_progress_gap_pct
602181,2026-04-01,0.9929,0.0242,58.9,HIGH,STABLE,0.0,UNUSUAL,HIGH,61.8,schedule_progress_gap_pct
602181,2026-05-01,0.9931,0.0171,58.6,HIGH,STABLE,-0.3,UNUSUAL,HIGH,61.4,schedule_progress_gap_pct
602181,2026-06-01,0.9932,0.0241,58.9,HIGH,STABLE,0.3,UNUSUAL,HIGH,62.1,schedule_progress_gap_pct
602181,2026-07-01,0.9942,0.0216,58.8,HIGH,STABLE,-0.1,UNUSUAL,HIGH,61.7,schedule_progress_gap_pct
602182,2026-04-01,0.0009,0.0034,15.5,LOW,STABLE,0.0,REQUIRES_VERIFICATION,MEDIUM,46.2,schedule_progress_gap_pct
602182,2026-05-01,0.0009,0.0012,15.6,LOW,STABLE,0.1,REQUIRES_VERIFICATION,MEDIUM,46.3,schedule_progress_gap_pct
602182,2026-06-01,0.001,0.0009,15.8,LOW,STABLE,0.2,REQUIRES_VERIFICATION,MEDIUM,46.5,schedule_progress_gap_pct
602182,2026-07-01,0.001,0.0009,16.1,LOW,STABLE,0.3,REQUIRES_VERIFICATION,MEDIUM,46.8,schedule_progress_gap_pct
602184,2026-04-01,0.9963,0.9994,93.1,CRITICAL,STABLE,0.0,UNUSUAL,HIGH,73.9,schedule_progress_gap_pct
602184,2026-05-01,0.9964,0.9994,89.8,CRITICAL,STABLE,-3.3,NORMAL,HIGH,69.0,schedule_progress_gap_pct
602184,2026-06-01,0.9965,0.9994,93.1,CRITICAL,STABLE,3.3,UNUSUAL,CRITICAL_INTERVENTION,77.2,schedule_progress_gap_pct
602184,2026-07-01,0.9967,0.9994,96.4,CRITICAL,STABLE,3.3,ANOMALOUS,CRITICAL_INTERVENTION,78.9,schedule_progress_gap_pct
602185,2026-04-01,0.9994,0.9994,100.0,CRITICAL,STABLE,0.0,REQUIRES_VERIFICATION,CRITICAL_INTERVENTION,80.1,schedule_progress_gap_pct
602185,2026-05-01,0.9994,0.9992,99.9,CRITICAL,STABLE,-0.1,REQUIRES_VERIFICATION,CRITICAL_INTERVENTION,79.9,schedule_progress_gap_pct
602185,2026-06-01,0.9994,0.9995,100.0,CRITICAL,STABLE,0.1,REQUIRES_VERIFICATION,CRITICAL_INTERVENTION,80.2,schedule_progress_gap_pct
602185,2026-07-01,0.9994,0.9996,100.0,CRITICAL,STABLE,0.0,REQUIRES_VERIFICATION,CRITICAL_INTERVENTION,80.1,schedule_progress_gap_pct
602195,2026-04-01,0.9956,0.9976,89.7,CRITICAL,STABLE,0.0,NORMAL,CRITICAL_INTERVENTION,75.8,schedule_progress_gap_pct
602195,2026-05-01,0.9959,0.9987,93.1,CRITICAL,STABLE,3.4,UNUSUAL,CRITICAL_INTERVENTION,80.9,schedule_progress_gap_pct
602195,2026-06-01,0.996,0.9992,93.1,CRITICAL,STABLE,0.0,UNUSUAL,CRITICAL_INTERVENTION,77.5,schedule_progress_gap_pct
602195,2026-07-01,0.9961,0.9992,93.1,CRITICAL,STABLE,0.0,UNUSUAL,CRITICAL_INTERVENTION,77.5,schedule_progress_gap_pct
602223,2026-04-01,0.998,0.9989,99.9,CRITICAL,STABLE,0.0,REQUIRES_VERIFICATION,CRITICAL_INTERVENTION,81.7,schedule_progress_gap_pct
602223,2026-05-01,0.998,0.9989,99.9,CRITICAL,STABLE,0.0,REQUIRES_VERIFICATION,CRITICAL_INTERVENTION,81.7,schedule_progress_gap_pct
602223,2026-06-01,0.998,0.9989,99.9,CRITICAL,STABLE,0.0,REQUIRES_VERIFICATION,CRITICAL_INTERVENTION,81.7,schedule_progress_gap_pct
602223,2026-07-01,0.998,0.9989,99.9,CRITICAL,STABLE,0.0,REQUIRES_VERIFICATION,CRITICAL_INTERVENTION,81.7,schedule_progress_gap_pct
602525,2026-04-01,0.9972,0.9654,98.7,CRITICAL,STABLE,0.0,REQUIRES_VERIFICATION,CRITICAL_INTERVENTION,82.9,schedule_progress_gap_pct
602525,2026-05-01,0.9974,0.96,98.5,CRITICAL,STABLE,-0.2,REQUIRES_VERIFICATION,CRITICAL_INTERVENTION,82.6,schedule_progress_gap_pct
602525,2026-06-01,0.9974,0.9697,98.8,CRITICAL,STABLE,0.3,REQUIRES_VERIFICATION,CRITICAL_INTERVENTION,83.3,schedule_progress_gap_pct
602525,2026-07-01,0.9974,0.9697,98.8,CRITICAL,STABLE,0.0,REQUIRES_VERIFICATION,CRITICAL_INTERVENTION,83.0,schedule_progress_gap_pct
602532,2026-04-01,0.9946,0.0113,55.2,HIGH,STABLE,0.0,NORMAL,HIGH,58.9,schedule_progress_gap_pct
602532,2026-05-01,0.9949,0.0816,60.9,HIGH,MODERATE_RISE,5.7,UNUSUAL,HIGH,67.5,schedule_progress_gap_pct
602532,2026-06-01,0.995,0.1208,62.3,HIGH,STABLE,1.4,UNUSUAL,HIGH,63.9,schedule_progress_gap_pct
602532,2026-07-01,0.9951,0.0773,57.5,HIGH,STABLE,-4.8,NORMAL,HIGH,55.3,schedule_progress_gap_pct
602535,2026-04-01,0.9801,0.0012,54.2,HIGH,STABLE,0.0,NORMAL,HIGH,59.2,schedule_progress_gap_pct
602535,2026-05-01,0.9805,0.0033,57.6,HIGH,STABLE,3.4,UNUSUAL,HIGH,64.3,schedule_progress_gap_pct
602535,2026-06-01,0.9808,0.001,54.3,HIGH,STABLE,-3.3,NORMAL,HIGH,55.9,schedule_progress_gap_pct
602535,2026-07-01,0.981,0.0015,54.3,HIGH,STABLE,0.0,NORMAL,HIGH,59.2,schedule_progress_gap_pct
602538,2026-04-01,0.9953,0.993,89.6,CRITICAL,STABLE,0.0,NORMAL,HIGH,71.1,schedule_progress_gap_pct
602538,2026-05-01,0.9954,0.9862,89.3,CRITICAL,STABLE,-0.3,NORMAL,HIGH,70.7,schedule_progress_gap_pct
602538,2026-06-01,0.9954,0.993,89.6,CRITICAL,STABLE,0.3,NORMAL,HIGH,71.4,schedule_progress_gap_pct
602538,2026-07-01,0.9955,0.993,89.6,CRITICAL,STABLE,0.0,NORMAL,HIGH,71.1,schedule_progress_gap_pct
602579,2026-04-01,0.9972,0.9846,96.0,CRITICAL,STABLE,0.0,ANOMALOUS,CRITICAL_INTERVENTION,82.5,schedule_progress_gap_pct
602579,2026-05-01,0.9973,0.9827,95.9,CRITICAL,STABLE,-0.1,ANOMALOUS,CRITICAL_INTERVENTION,82.3,schedule_progress_gap_pct
602579,2026-06-01,0.9974,0.9759,95.7,CRITICAL,STABLE,-0.2,ANOMALOUS,CRITICAL_INTERVENTION,82.1,schedule_progress_gap_pct
602579,2026-07-01,0.9974,0.9669,95.3,CRITICAL,STABLE,-0.4,ANOMALOUS,CRITICAL_INTERVENTION,81.7,schedule_progress_gap_pct
602582,2026-04-01,0.9923,0.9971,84.1,CRITICAL,STABLE,0.0,NORMAL,HIGH,66.9,schedule_progress_gap_pct
602582,2026-05-01,0.9924,0.9971,84.5,CRITICAL,STABLE,0.4,NORMAL,HIGH,67.5,schedule_progress_gap_pct
602582,2026-06-01,0.9927,0.9967,84.6,CRITICAL,STABLE,0.1,NORMAL,HIGH,67.3,schedule_progress_gap_pct
602582,2026-07-01,0.9929,0.9945,88.0,CRITICAL,STABLE,3.4,UNUSUAL,HIGH,72.3,schedule_progress_gap_pct
602593,2026-04-01,0.9909,0.9953,89.5,CRITICAL,STABLE,0.0,NORMAL,HIGH,73.1,schedule_progress_gap_pct
602593,2026-05-01,0.991,0.9952,89.5,CRITICAL,STABLE,0.0,NORMAL,HIGH,73.1,schedule_progress_gap_pct
602593,2026-06-01,0.9911,0.9954,89.5,CRITICAL,STABLE,0.0,NORMAL,HIGH,73.1,schedule_progress_gap_pct
602593,2026-07-01,0.9913,0.9958,89.5,CRITICAL,STABLE,0.0,NORMAL,HIGH,73.1,schedule_progress_gap_pct
602792,2026-04-01,0.9932,0.0134,49.5,MEDIUM,STABLE,0.0,NORMAL,MEDIUM,51.5,schedule_progress_gap_pct
602792,2026-05-01,0.9933,0.0175,50.3,HIGH,STABLE,0.8,NORMAL,MEDIUM,52.7,schedule_progress_gap_pct
602792,2026-06-01,0.9933,0.0146,50.8,HIGH,STABLE,0.5,NORMAL,MEDIUM,52.7,schedule_progress_gap_pct
602792,2026-07-01,0.9933,0.0172,51.6,HIGH,STABLE,0.8,NORMAL,MEDIUM,53.4,schedule_progress_gap_pct
602797,2026-04-01,0.0203,0.0222,16.6,LOW,STABLE,0.0,NORMAL,MEDIUM,31.8,schedule_progress_gap_pct
602797,2026-05-01,0.0207,0.0076,16.1,LOW,STABLE,-0.5,NORMAL,MEDIUM,31.0,schedule_progress_gap_pct
602797,2026-06-01,0.0208,0.0077,16.1,LOW,STABLE,0.0,NORMAL,MEDIUM,31.5,schedule_progress_gap_pct
602797,2026-07-01,0.0156,0.0237,16.5,LOW,STABLE,0.4,NORMAL,MEDIUM,32.1,schedule_progress_gap_pct
602961,2026-04-01,0.9813,0.0062,54.1,HIGH,STABLE,0.0,ANOMALOUS,HIGH,62.0,schedule_progress_gap_pct
602961,2026-05-01,0.9823,0.0113,54.4,HIGH,STABLE,0.3,ANOMALOUS,HIGH,62.4,schedule_progress_gap_pct
602961,2026-06-01,0.9832,0.0156,54.5,HIGH,STABLE,0.1,ANOMALOUS,HIGH,62.3,schedule_progress_gap_pct
602961,2026-07-01,0.9841,0.0068,54.3,HIGH,STABLE,-0.2,ANOMALOUS,HIGH,61.9,schedule_progress_gap_pct
603293,2026-04-01,0.0044,0.2462,8.8,LOW,STABLE,0.0,NORMAL,LOW,28.2,schedule_progress_gap_pct
603293,2026-05-01,0.0044,0.0917,3.4,LOW,DE_ESCALATING,-5.4,NORMAL,LOW,20.1,schedule_progress_gap_pct
603293,2026-06-01,0.0044,0.0918,3.4,LOW,STABLE,0.0,NORMAL,LOW,25.5,schedule_progress_gap_pct
603293,2026-07-01,0.0045,0.0918,3.4,LOW,STABLE,0.0,NORMAL,LOW,25.5,schedule_progress_gap_pct
603945,2026-04-01,0.9959,0.9739,95.5,CRITICAL,STABLE,0.0,ANOMALOUS,HIGH,72.0,schedule_progress_gap_pct
603945,2026-05-01,0.9959,0.9739,95.5,CRITICAL,STABLE,0.0,ANOMALOUS,HIGH,72.0,schedule_progress_gap_pct
603945,2026-06-01,0.9959,0.9738,95.5,CRITICAL,STABLE,0.0,ANOMALOUS,HIGH,72.0,schedule_progress_gap_pct
603945,2026-07-01,0.996,0.9751,95.6,CRITICAL,STABLE,0.1,ANOMALOUS,HIGH,72.1,schedule_progress_gap_pct
604791,2026-04-01,0.998,0.998,99.8,CRITICAL,STABLE,0.0,REQUIRES_VERIFICATION,CRITICAL_INTERVENTION,85.0,schedule_progress_gap_pct
604791,2026-05-01,0.9981,0.9937,99.7,CRITICAL,STABLE,-0.1,REQUIRES_VERIFICATION,CRITICAL_INTERVENTION,84.8,schedule_progress_gap_pct
604791,2026-06-01,0.9982,0.9866,99.5,CRITICAL,STABLE,-0.2,REQUIRES_VERIFICATION,CRITICAL_INTERVENTION,84.6,schedule_progress_gap_pct
604791,2026-07-01,0.9984,0.9864,99.5,CRITICAL,STABLE,0.0,REQUIRES_VERIFICATION,CRITICAL_INTERVENTION,84.8,schedule_progress_gap_pct
604795,2026-04-01,0.75,0.0006,48.3,MEDIUM,STABLE,0.0,UNUSUAL,HIGH,62.5,schedule_progress_gap_pct
604795,2026-05-01,0.7511,0.0183,49.0,MEDIUM,STABLE,0.7,UNUSUAL,HIGH,63.6,schedule_progress_gap_pct
604795,2026-06-01,0.7523,0.0004,48.4,MEDIUM,STABLE,-0.6,UNUSUAL,HIGH,62.0,schedule_progress_gap_pct
604833,2026-04-01,0.9931,0.2308,57.4,HIGH,STABLE,0.0,NORMAL,MEDIUM,50.5,schedule_progress_gap_pct
604833,2026-05-01,0.9933,0.7185,74.4,HIGH,RAPID_ESCALATION,17.0,NORMAL,HIGH,69.0,schedule_progress_gap_pct
604833,2026-06-01,0.9935,0.7221,74.2,HIGH,STABLE,-0.2,NORMAL,HIGH,58.7,schedule_progress_gap_pct
604833,2026-07-01,0.9947,0.8609,78.5,CRITICAL,STABLE,4.3,NORMAL,HIGH,65.3,schedule_progress_gap_pct
604852,2026-04-01,0.043,0.029,6.0,LOW,STABLE,0.0,NORMAL,LOW,29.1,schedule_progress_gap_pct
604852,2026-05-01,0.044,0.0293,6.3,LOW,STABLE,0.3,NORMAL,LOW,29.6,schedule_progress_gap_pct
604852,2026-06-01,0.0443,0.0095,6.1,LOW,STABLE,-0.2,NORMAL,LOW,29.0,schedule_progress_gap_pct
604853,2026-04-01,0.9929,0.0163,55.3,HIGH,STABLE,0.0,NORMAL,HIGH,56.8,schedule_progress_gap_pct
604853,2026-05-01,0.9934,0.018,62.0,HIGH,MODERATE_RISE,6.7,ANOMALOUS,HIGH,66.8,schedule_progress_gap_pct
604853,2026-06-01,0.9934,0.018,55.4,HIGH,DE_ESCALATING,-6.6,NORMAL,MEDIUM,50.2,schedule_progress_gap_pct
604853,2026-07-01,0.9939,0.0236,55.6,HIGH,STABLE,0.2,NORMAL,HIGH,57.1,schedule_progress_gap_pct
604859,2026-04-01,0.9928,0.035,62.5,HIGH,STABLE,0.0,ANOMALOUS,HIGH,66.7,schedule_progress_gap_pct
604859,2026-05-01,1.0,0.7022,89.6,CRITICAL,RAPID_ESCALATION,27.1,REQUIRES_VERIFICATION,CRITICAL_INTERVENTION,90.3,schedule_progress_gap_pct
604859,2026-06-01,1.0,0.8444,94.6,CRITICAL,MODERATE_RISE,5.0,REQUIRES_VERIFICATION,CRITICAL_INTERVENTION,87.8,schedule_progress_gap_pct
604859,2026-07-01,0.9938,0.0347,56.0,HIGH,DE_ESCALATING,-38.6,NORMAL,HIGH,55.5,schedule_progress_gap_pct
604863,2026-04-01,0.9971,0.0531,60.0,HIGH,STABLE,0.0,UNUSUAL,MEDIUM,54.9,schedule_progress_gap_pct
604863,2026-05-01,0.9971,0.0495,59.9,HIGH,STABLE,-0.1,UNUSUAL,MEDIUM,54.7,schedule_progress_gap_pct
604863,2026-06-01,0.9971,0.0589,60.2,HIGH,STABLE,0.3,UNUSUAL,HIGH,55.3,schedule_progress_gap_pct
604863,2026-07-01,0.9975,0.0579,60.2,HIGH,STABLE,0.0,UNUSUAL,HIGH,55.0,schedule_progress_gap_pct
605155,2026-04-01,0.9799,0.0056,54.4,HIGH,STABLE,0.0,NORMAL,HIGH,58.7,schedule_progress_gap_pct
605155,2026-05-01,0.9804,0.0013,54.3,HIGH,STABLE,-0.1,NORMAL,HIGH,58.6,schedule_progress_gap_pct
605155,2026-06-01,0.981,0.0011,54.3,HIGH,STABLE,0.0,NORMAL,HIGH,58.7,schedule_progress_gap_pct
605155,2026-07-01,0.9811,0.0015,54.3,HIGH,STABLE,0.0,NORMAL,HIGH,58.7,schedule_progress_gap_pct
605156,2026-04-01,0.995,0.9856,89.3,CRITICAL,STABLE,0.0,NORMAL,HIGH,70.6,schedule_progress_gap_pct
605156,2026-05-01,0.9954,0.9935,96.2,CRITICAL,MODERATE_RISE,6.9,ANOMALOUS,CRITICAL_INTERVENTION,81.0,schedule_progress_gap_pct
605156,2026-06-01,0.9955,0.9935,92.9,CRITICAL,STABLE,-3.3,UNUSUAL,HIGH,69.1,schedule_progress_gap_pct
605156,2026-07-01,0.9955,0.9936,96.2,CRITICAL,STABLE,3.3,ANOMALOUS,CRITICAL_INTERVENTION,77.4,schedule_progress_gap_pct
605292,2026-04-01,0.9953,0.0562,56.8,HIGH,STABLE,0.0,NORMAL,MEDIUM,50.9,schedule_progress_gap_pct
605292,2026-05-01,0.9954,0.0599,56.9,HIGH,STABLE,0.1,NORMAL,MEDIUM,51.1,schedule_progress_gap_pct
605292,2026-06-01,0.9954,0.0512,56.6,HIGH,STABLE,-0.3,NORMAL,MEDIUM,50.5,schedule_progress_gap_pct
605292,2026-07-01,0.9954,0.074,57.4,HIGH,STABLE,0.8,NORMAL,MEDIUM,52.0,schedule_progress_gap_pct
606013,2026-04-01,0.9953,0.088,57.9,HIGH,STABLE,0.0,NORMAL,MEDIUM,52.7,schedule_progress_gap_pct
606013,2026-05-01,0.9953,0.0778,57.5,HIGH,STABLE,-0.4,NORMAL,MEDIUM,52.1,schedule_progress_gap_pct
606013,2026-06-01,0.9954,0.0784,57.6,HIGH,STABLE,0.1,NORMAL,MEDIUM,52.7,schedule_progress_gap_pct
606013,2026-07-01,0.9954,0.0784,57.6,HIGH,STABLE,0.0,NORMAL,MEDIUM,52.6,schedule_progress_gap_pct
606112,2026-04-01,0.9953,0.1283,59.3,HIGH,STABLE,0.0,NORMAL,MEDIUM,49.3,schedule_progress_gap_pct
606112,2026-05-01,0.9953,0.1283,59.3,HIGH,STABLE,0.0,NORMAL,MEDIUM,49.3,schedule_progress_gap_pct
606112,2026-06-01,0.9953,0.1611,60.5,HIGH,STABLE,1.2,NORMAL,MEDIUM,51.1,schedule_progress_gap_pct
606112,2026-07-01,0.9954,0.9204,93.6,CRITICAL,RAPID_ESCALATION,33.1,ANOMALOUS,CRITICAL_INTERVENTION,76.4,schedule_progress_gap_pct
606431,2026-04-01,0.9951,0.0062,55.0,HIGH,STABLE,0.0,NORMAL,MEDIUM,53.7,schedule_progress_gap_pct
606431,2026-05-01,0.9952,0.0058,55.0,HIGH,STABLE,0.0,NORMAL,MEDIUM,53.7,schedule_progress_gap_pct
606431,2026-06-01,0.9952,0.0054,55.0,HIGH,STABLE,0.0,NORMAL,MEDIUM,53.7,schedule_progress_gap_pct
606431,2026-07-01,0.9953,0.0009,54.8,HIGH,STABLE,-0.2,NORMAL,MEDIUM,53.4,schedule_progress_gap_pct
606479,2026-04-01,0.9966,0.0739,57.4,HIGH,STABLE,0.0,NORMAL,MEDIUM,50.0,schedule_progress_gap_pct
606479,2026-05-01,0.9966,0.0723,57.4,HIGH,STABLE,0.0,NORMAL,MEDIUM,50.0,schedule_progress_gap_pct
606479,2026-06-01,0.9966,0.1247,59.2,HIGH,STABLE,1.8,NORMAL,MEDIUM,52.7,schedule_progress_gap_pct
606479,2026-07-01,0.997,0.0949,58.2,HIGH,STABLE,-1.0,NORMAL,MEDIUM,49.4,schedule_progress_gap_pct
607653,2026-05-01,0.9953,0.0482,56.5,HIGH,STABLE,0.0,NORMAL,MEDIUM,49.4,schedule_progress_gap_pct
607653,2026-06-01,0.9953,0.0485,56.5,HIGH,STABLE,0.0,NORMAL,MEDIUM,49.4,schedule_progress_gap_pct
607653,2026-07-01,0.9953,0.0527,56.7,HIGH,STABLE,0.2,NORMAL,MEDIUM,49.7,schedule_progress_gap_pct
607701,2026-04-01,0.9951,0.9874,89.4,CRITICAL,STABLE,0.0,NORMAL,HIGH,67.8,schedule_progress_gap_pct
607709,2026-04-01,0.9977,0.9977,96.4,CRITICAL,STABLE,0.0,ANOMALOUS,CRITICAL_INTERVENTION,80.2,schedule_progress_gap_pct
607709,2026-05-01,0.9977,0.9787,95.8,CRITICAL,STABLE,-0.6,ANOMALOUS,CRITICAL_INTERVENTION,79.3,schedule_progress_gap_pct
607709,2026-06-01,0.9977,0.9787,95.8,CRITICAL,STABLE,0.0,ANOMALOUS,CRITICAL_INTERVENTION,79.9,schedule_progress_gap_pct
607709,2026-07-01,0.9978,0.9787,95.8,CRITICAL,STABLE,0.0,ANOMALOUS,CRITICAL_INTERVENTION,79.9,schedule_progress_gap_pct
609019,2026-04-01,0.9956,0.0566,56.8,HIGH,STABLE,0.0,NORMAL,MEDIUM,52.2,schedule_progress_gap_pct
609019,2026-05-01,0.9957,0.0449,56.4,HIGH,STABLE,-0.4,NORMAL,MEDIUM,51.6,schedule_progress_gap_pct
609019,2026-06-01,0.9957,0.0402,56.2,HIGH,STABLE,-0.2,NORMAL,MEDIUM,51.7,schedule_progress_gap_pct
609019,2026-07-01,0.996,0.0389,56.2,HIGH,STABLE,0.0,NORMAL,MEDIUM,51.9,schedule_progress_gap_pct
609424,2026-04-01,0.9877,0.0396,53.7,HIGH,STABLE,0.0,REQUIRES_VERIFICATION,HIGH,58.2,schedule_progress_gap_pct
609424,2026-05-01,0.988,0.0296,44.2,MEDIUM,DE_ESCALATING,-9.5,NORMAL,MEDIUM,45.4,schedule_progress_gap_pct
609424,2026-06-01,0.9882,0.0312,45.1,MEDIUM,STABLE,0.9,NORMAL,MEDIUM,54.8,schedule_progress_gap_pct
609424,2026-07-01,0.9886,0.0118,45.3,MEDIUM,STABLE,0.2,NORMAL,MEDIUM,54.2,schedule_progress_gap_pct
609736,2026-04-01,0.9939,0.0901,56.9,HIGH,STABLE,0.0,NORMAL,MEDIUM,50.6,schedule_progress_gap_pct
609736,2026-05-01,0.9939,0.0721,56.9,HIGH,STABLE,0.0,NORMAL,MEDIUM,50.6,schedule_progress_gap_pct
609736,2026-06-01,0.994,0.1081,58.5,HIGH,STABLE,1.6,NORMAL,MEDIUM,53.0,schedule_progress_gap_pct
609736,2026-07-01,0.9943,0.1036,58.4,HIGH,STABLE,-0.1,NORMAL,MEDIUM,51.2,schedule_progress_gap_pct
609996,2026-04-01,0.994,0.0156,55.3,HIGH,STABLE,0.0,NORMAL,MEDIUM,49.1,schedule_progress_gap_pct
609996,2026-05-01,0.9942,0.0111,55.2,HIGH,STABLE,-0.1,NORMAL,MEDIUM,49.0,schedule_progress_gap_pct
609996,2026-06-01,0.9942,0.0164,55.3,HIGH,STABLE,0.1,NORMAL,MEDIUM,49.2,schedule_progress_gap_pct
609996,2026-07-01,0.9943,0.0344,56.0,HIGH,STABLE,0.7,NORMAL,MEDIUM,50.2,schedule_progress_gap_pct
610315,2026-04-01,0.997,0.0011,61.5,HIGH,STABLE,0.0,ANOMALOUS,HIGH,57.7,schedule_progress_gap_pct
610315,2026-05-01,0.9971,0.0011,61.5,HIGH,STABLE,0.0,ANOMALOUS,HIGH,57.7,schedule_progress_gap_pct
610315,2026-06-01,0.9971,0.0061,61.7,HIGH,STABLE,0.2,ANOMALOUS,HIGH,58.0,schedule_progress_gap_pct
610315,2026-07-01,0.9971,0.0061,61.7,HIGH,STABLE,0.0,ANOMALOUS,HIGH,57.8,schedule_progress_gap_pct
610984,2026-04-01,0.9925,0.0658,57.0,HIGH,STABLE,0.0,NORMAL,MEDIUM,51.8,schedule_progress_gap_pct
610984,2026-05-01,0.9927,0.0774,57.4,HIGH,STABLE,0.4,NORMAL,MEDIUM,52.4,schedule_progress_gap_pct
610984,2026-06-01,0.9928,0.0881,57.8,HIGH,STABLE,0.4,NORMAL,MEDIUM,52.6,schedule_progress_gap_pct
610984,2026-07-01,0.9929,0.0788,57.5,HIGH,STABLE,-0.3,NORMAL,MEDIUM,51.7,schedule_progress_gap_pct
611016,2026-04-01,0.9969,0.1234,69.2,HIGH,STABLE,0.0,REQUIRES_VERIFICATION,HIGH,57.5,schedule_progress_gap_pct
611017,2026-04-01,0.9961,0.0244,62.3,HIGH,STABLE,0.0,ANOMALOUS,MEDIUM,53.5,schedule_progress_gap_pct
611047,2026-04-01,0.9865,0.0057,52.2,HIGH,STABLE,0.0,NORMAL,MEDIUM,51.8,schedule_progress_gap_pct
611047,2026-05-01,0.9868,0.0012,52.6,HIGH,STABLE,0.4,NORMAL,MEDIUM,52.4,schedule_progress_gap_pct
611047,2026-06-01,0.9874,0.0042,53.0,HIGH,STABLE,0.4,NORMAL,MEDIUM,52.6,schedule_progress_gap_pct
611047,2026-07-01,0.988,0.0013,53.0,HIGH,STABLE,0.0,NORMAL,MEDIUM,52.2,schedule_progress_gap_pct
611452,2026-04-01,0.9929,0.0072,45.7,MEDIUM,STABLE,0.0,NORMAL,MEDIUM,45.0,schedule_progress_gap_pct
611452,2026-05-01,0.9929,0.0072,46.6,MEDIUM,STABLE,0.9,NORMAL,MEDIUM,46.3,schedule_progress_gap_pct
611452,2026-06-01,0.9929,0.0081,47.5,MEDIUM,STABLE,0.9,NORMAL,MEDIUM,46.8,schedule_progress_gap_pct
611495,2026-04-01,0.0224,0.0133,10.0,LOW,STABLE,0.0,NORMAL,MEDIUM,32.8,schedule_progress_gap_pct
611495,2026-05-01,0.0233,0.006,10.1,LOW,STABLE,0.1,NORMAL,MEDIUM,32.9,schedule_progress_gap_pct
611495,2026-06-01,0.0244,0.0076,10.4,LOW,STABLE,0.3,NORMAL,MEDIUM,33.3,schedule_progress_gap_pct
611495,2026-07-01,0.0209,0.0061,14.7,LOW,STABLE,4.3,NORMAL,MEDIUM,39.4,schedule_progress_gap_pct
611570,2026-04-01,0.991,0.0029,52.3,HIGH,STABLE,0.0,NORMAL,MEDIUM,49.9,schedule_progress_gap_pct
611570,2026-05-01,0.9911,0.0133,53.2,HIGH,STABLE,0.9,NORMAL,MEDIUM,51.3,schedule_progress_gap_pct
611570,2026-06-01,0.9913,0.019,54.0,HIGH,STABLE,0.8,NORMAL,MEDIUM,51.6,schedule_progress_gap_pct
611570,2026-07-01,0.9914,0.0064,54.4,HIGH,STABLE,0.4,NORMAL,MEDIUM,51.4,schedule_progress_gap_pct
611586,2026-04-01,0.9807,0.0015,47.6,MEDIUM,STABLE,0.0,NORMAL,MEDIUM,53.4,schedule_progress_gap_pct
611586,2026-05-01,0.9809,0.0013,48.0,MEDIUM,STABLE,0.4,NORMAL,MEDIUM,54.0,schedule_progress_gap_pct
611586,2026-06-01,0.9811,0.0016,51.7,HIGH,STABLE,3.7,UNUSUAL,HIGH,59.2,schedule_progress_gap_pct
611586,2026-07-01,0.9813,0.0016,52.2,HIGH,STABLE,0.5,UNUSUAL,HIGH,56.2,schedule_progress_gap_pct
611602,2026-04-01,0.9839,0.0002,54.4,HIGH,STABLE,0.0,NORMAL,MEDIUM,54.1,schedule_progress_gap_pct
611602,2026-05-01,0.9846,0.0024,54.5,HIGH,STABLE,0.1,NORMAL,MEDIUM,54.2,schedule_progress_gap_pct
611602,2026-06-01,0.9852,0.0069,54.7,HIGH,STABLE,0.2,NORMAL,MEDIUM,54.4,schedule_progress_gap_pct
611602,2026-07-01,0.9859,0.0024,54.5,HIGH,STABLE,-0.2,NORMAL,MEDIUM,53.9,schedule_progress_gap_pct
611669,2026-04-01,0.9789,0.0271,55.1,HIGH,STABLE,0.0,NORMAL,MEDIUM,50.4,schedule_progress_gap_pct
611669,2026-05-01,0.979,0.0271,55.1,HIGH,STABLE,0.0,NORMAL,MEDIUM,50.4,schedule_progress_gap_pct
611669,2026-06-01,0.9806,0.021,55.0,HIGH,STABLE,-0.1,NORMAL,MEDIUM,50.2,schedule_progress_gap_pct
611669,2026-07-01,0.9807,0.0329,55.4,HIGH,STABLE,0.4,NORMAL,MEDIUM,50.9,schedule_progress_gap_pct
611735,2026-04-01,0.9885,0.0212,55.3,HIGH,STABLE,0.0,NORMAL,MEDIUM,50.0,schedule_progress_gap_pct
611735,2026-05-01,0.9892,0.0135,55.0,HIGH,STABLE,-0.3,NORMAL,MEDIUM,49.5,schedule_progress_gap_pct
611735,2026-06-01,0.9902,0.0288,55.6,HIGH,STABLE,0.6,NORMAL,MEDIUM,50.7,schedule_progress_gap_pct
611735,2026-07-01,0.9905,0.015,55.1,HIGH,STABLE,-0.5,NORMAL,MEDIUM,49.4,schedule_progress_gap_pct
611752,2026-04-01,0.0166,0.151,27.5,MEDIUM,STABLE,0.0,ANOMALOUS,MEDIUM,36.3,schedule_progress_gap_pct
611752,2026-05-01,0.0167,0.5332,40.9,MEDIUM,RAPID_ESCALATION,13.4,ANOMALOUS,MEDIUM,53.0,schedule_progress_gap_pct
611752,2026-07-01,0.0163,0.0039,15.8,LOW,DE_ESCALATING,-25.1,NORMAL,LOW,22.4,schedule_progress_gap_pct
611861,2026-04-01,0.0379,0.0287,2.8,LOW,STABLE,0.0,NORMAL,LOW,23.9,schedule_progress_gap_pct
611861,2026-05-01,0.042,0.19,8.3,LOW,MODERATE_RISE,5.5,NORMAL,MEDIUM,32.2,schedule_progress_gap_pct
611861,2026-06-01,0.0422,0.2487,10.4,LOW,STABLE,2.1,NORMAL,LOW,29.8,schedule_progress_gap_pct
611884,2026-04-01,0.036,0.116,5.5,LOW,STABLE,0.0,NORMAL,LOW,26.3,schedule_progress_gap_pct
611884,2026-05-01,0.0367,0.0757,4.1,LOW,STABLE,-1.4,NORMAL,LOW,24.2,schedule_progress_gap_pct
611884,2026-06-01,0.0369,0.116,5.5,LOW,STABLE,1.4,NORMAL,LOW,27.7,schedule_progress_gap_pct
611884,2026-07-01,0.9907,0.0318,41.0,MEDIUM,RAPID_ESCALATION,35.5,NORMAL,MEDIUM,54.1,schedule_progress_gap_pct
611917,2026-04-01,0.9936,0.9529,88.1,CRITICAL,STABLE,0.0,NORMAL,HIGH,71.6,schedule_progress_gap_pct
611917,2026-05-01,0.9939,0.9888,92.7,CRITICAL,STABLE,4.6,UNUSUAL,CRITICAL_INTERVENTION,78.5,schedule_progress_gap_pct
611917,2026-06-01,0.9941,0.9877,89.3,CRITICAL,STABLE,-3.4,NORMAL,HIGH,68.8,schedule_progress_gap_pct
611917,2026-07-01,0.9941,0.9745,88.9,CRITICAL,STABLE,-0.4,NORMAL,HIGH,71.6,schedule_progress_gap_pct
611930,2026-04-01,0.9498,0.0024,56.0,HIGH,STABLE,0.0,REQUIRES_VERIFICATION,HIGH,63.9,schedule_progress_gap_pct
611930,2026-05-01,0.9531,0.0024,56.1,HIGH,STABLE,0.1,REQUIRES_VERIFICATION,HIGH,64.0,schedule_progress_gap_pct
611930,2026-06-01,0.9558,0.0024,56.2,HIGH,STABLE,0.1,REQUIRES_VERIFICATION,HIGH,64.1,schedule_progress_gap_pct
611930,2026-07-01,0.9577,0.0024,56.4,HIGH,STABLE,0.2,REQUIRES_VERIFICATION,HIGH,64.3,schedule_progress_gap_pct
611943,2026-04-01,0.9739,0.0068,54.2,HIGH,STABLE,0.0,NORMAL,MEDIUM,50.2,schedule_progress_gap_pct
611943,2026-05-01,0.974,0.0068,54.2,HIGH,STABLE,0.0,NORMAL,MEDIUM,50.2,schedule_progress_gap_pct
611943,2026-06-01,0.9741,0.0092,54.3,HIGH,STABLE,0.1,NORMAL,MEDIUM,50.3,schedule_progress_gap_pct
611943,2026-07-01,0.9743,0.0062,46.9,MEDIUM,DE_ESCALATING,-7.4,NORMAL,MEDIUM,39.1,schedule_progress_gap_pct
611945,2026-04-01,0.0162,0.0016,10.3,LOW,STABLE,0.0,NORMAL,LOW,27.2,schedule_progress_gap_pct
611945,2026-05-01,0.0163,0.0036,10.7,LOW,STABLE,0.4,NORMAL,LOW,27.8,schedule_progress_gap_pct
611945,2026-06-01,0.0164,0.0036,11.0,LOW,STABLE,0.3,NORMAL,LOW,27.9,schedule_progress_gap_pct
611945,2026-07-01,0.0204,0.0294,6.4,LOW,STABLE,-4.6,UNUSUAL,LOW,20.7,schedule_progress_gap_pct
611947,2026-04-01,0.9938,0.0848,57.7,HIGH,STABLE,0.0,NORMAL,MEDIUM,52.1,schedule_progress_gap_pct
611948,2026-04-01,0.9941,0.0541,56.7,HIGH,STABLE,0.0,NORMAL,HIGH,56.8,schedule_progress_gap_pct
611948,2026-05-01,0.9942,0.0572,56.8,HIGH,STABLE,0.1,NORMAL,HIGH,57.0,schedule_progress_gap_pct
611949,2026-04-01,0.994,0.2382,63.1,HIGH,STABLE,0.0,NORMAL,HIGH,58.3,schedule_progress_gap_pct
611949,2026-05-01,0.9941,0.2382,63.1,HIGH,STABLE,0.0,NORMAL,HIGH,58.3,schedule_progress_gap_pct
611949,2026-06-01,0.9942,0.3555,67.2,HIGH,STABLE,4.1,NORMAL,HIGH,64.4,schedule_progress_gap_pct
611949,2026-07-01,0.9943,0.3436,66.8,HIGH,STABLE,-0.4,NORMAL,HIGH,59.7,schedule_progress_gap_pct
611966,2026-04-01,0.9944,0.0689,57.2,HIGH,STABLE,0.0,NORMAL,MEDIUM,49.6,schedule_progress_gap_pct
611966,2026-05-01,0.9949,0.0907,58.0,HIGH,STABLE,0.8,NORMAL,MEDIUM,50.8,schedule_progress_gap_pct
611966,2026-06-01,0.9949,0.6673,78.2,CRITICAL,RAPID_ESCALATION,20.2,NORMAL,HIGH,70.1,schedule_progress_gap_pct
611967,2026-04-01,0.9939,0.0375,50.3,HIGH,STABLE,0.0,NORMAL,MEDIUM,50.7,schedule_progress_gap_pct
611967,2026-05-01,0.994,0.0413,51.6,HIGH,STABLE,1.3,NORMAL,MEDIUM,52.6,schedule_progress_gap_pct
611970,2026-04-01,0.0148,0.0063,10.6,LOW,STABLE,0.0,NORMAL,MEDIUM,30.1,schedule_progress_gap_pct
611970,2026-05-01,0.0149,0.0063,11.0,LOW,STABLE,0.4,NORMAL,MEDIUM,30.7,schedule_progress_gap_pct
611970,2026-06-01,0.0149,0.0088,11.4,LOW,STABLE,0.4,NORMAL,MEDIUM,30.9,schedule_progress_gap_pct
611970,2026-07-01,0.0185,0.003,7.8,LOW,STABLE,-3.6,UNUSUAL,LOW,25.1,schedule_progress_gap_pct
611971,2026-04-01,0.0198,0.0016,6.6,LOW,STABLE,0.0,NORMAL,LOW,25.8,schedule_progress_gap_pct
611971,2026-05-01,0.0199,0.0016,6.9,LOW,STABLE,0.3,NORMAL,LOW,26.3,schedule_progress_gap_pct
611971,2026-06-01,0.02,0.0024,7.2,LOW,STABLE,0.3,NORMAL,LOW,26.4,schedule_progress_gap_pct
611971,2026-07-01,0.0232,0.078,3.7,LOW,STABLE,-3.5,NORMAL,LOW,20.9,schedule_progress_gap_pct
611974,2026-04-01,0.9847,0.0068,53.1,HIGH,STABLE,0.0,NORMAL,MEDIUM,54.0,schedule_progress_gap_pct
611974,2026-05-01,0.9869,0.0064,50.9,HIGH,STABLE,-2.2,NORMAL,MEDIUM,50.7,schedule_progress_gap_pct
611974,2026-06-01,0.987,0.0149,52.0,HIGH,STABLE,1.1,NORMAL,MEDIUM,54.6,schedule_progress_gap_pct
611974,2026-07-01,0.9883,0.0146,50.3,HIGH,STABLE,-1.7,NORMAL,MEDIUM,50.9,schedule_progress_gap_pct
611979,2026-04-01,0.9939,0.0338,55.9,HIGH,STABLE,0.0,NORMAL,MEDIUM,49.3,schedule_progress_gap_pct
611979,2026-05-01,0.994,0.0286,55.8,HIGH,STABLE,-0.1,NORMAL,MEDIUM,49.1,schedule_progress_gap_pct
611979,2026-06-01,0.994,0.0312,55.9,HIGH,STABLE,0.1,NORMAL,MEDIUM,49.4,schedule_progress_gap_pct
612072,2026-04-01,0.9825,0.0117,54.7,HIGH,STABLE,0.0,NORMAL,MEDIUM,53.4,schedule_progress_gap_pct
612072,2026-05-01,0.9829,0.0118,54.7,HIGH,STABLE,0.0,NORMAL,MEDIUM,53.4,schedule_progress_gap_pct
612072,2026-06-01,0.983,0.0143,54.8,HIGH,STABLE,0.1,NORMAL,MEDIUM,53.6,schedule_progress_gap_pct
612072,2026-07-01,0.9833,0.0151,54.9,HIGH,STABLE,0.1,NORMAL,MEDIUM,53.6,schedule_progress_gap_pct
612096,2026-04-01,0.0154,0.0117,16.0,LOW,STABLE,0.0,NORMAL,MEDIUM,34.9,schedule_progress_gap_pct
612096,2026-05-01,0.0157,0.0265,16.6,LOW,STABLE,0.6,NORMAL,MEDIUM,35.8,schedule_progress_gap_pct
612096,2026-06-01,0.0161,0.0447,17.2,LOW,STABLE,0.6,NORMAL,MEDIUM,36.1,schedule_progress_gap_pct
612096,2026-07-01,0.0161,0.0067,15.9,LOW,STABLE,-1.3,NORMAL,MEDIUM,33.5,schedule_progress_gap_pct
612128,2026-04-01,0.9918,0.0137,46.8,MEDIUM,STABLE,0.0,NORMAL,MEDIUM,43.3,schedule_progress_gap_pct
612128,2026-05-01,0.9921,0.0128,47.4,MEDIUM,STABLE,0.6,NORMAL,MEDIUM,44.2,schedule_progress_gap_pct
612128,2026-06-01,0.9921,0.0129,48.7,MEDIUM,STABLE,1.3,NORMAL,MEDIUM,45.6,schedule_progress_gap_pct
612128,2026-07-01,0.9932,0.0162,47.4,MEDIUM,STABLE,-1.3,NORMAL,MEDIUM,42.3,schedule_progress_gap_pct
612132,2026-04-01,0.9919,0.0245,58.8,HIGH,STABLE,0.0,UNUSUAL,HIGH,58.7,schedule_progress_gap_pct
612132,2026-05-01,0.9923,0.0076,55.0,HIGH,STABLE,-3.8,NORMAL,MEDIUM,53.0,schedule_progress_gap_pct
612132,2026-06-01,0.9927,0.1702,64.0,HIGH,MODERATE_RISE,9.0,UNUSUAL,HIGH,70.3,schedule_progress_gap_pct
612132,2026-07-01,0.9932,0.1388,59.6,HIGH,STABLE,-4.4,NORMAL,MEDIUM,54.7,schedule_progress_gap_pct
612133,2026-04-01,0.9898,0.0181,60.1,HIGH,STABLE,0.0,ANOMALOUS,HIGH,60.4,schedule_progress_gap_pct
612133,2026-05-01,0.99,0.0142,54.4,HIGH,DE_ESCALATING,-5.7,NORMAL,MEDIUM,51.9,schedule_progress_gap_pct
612133,2026-06-01,0.9901,0.0119,55.0,HIGH,STABLE,0.6,NORMAL,HIGH,58.5,schedule_progress_gap_pct
612133,2026-07-01,0.9904,0.0137,55.1,HIGH,STABLE,0.1,NORMAL,HIGH,58.0,schedule_progress_gap_pct
612134,2026-04-01,0.9903,0.0139,60.0,HIGH,STABLE,0.0,ANOMALOUS,HIGH,61.7,schedule_progress_gap_pct
612134,2026-05-01,0.9907,0.0168,53.9,HIGH,DE_ESCALATING,-6.1,NORMAL,MEDIUM,52.5,schedule_progress_gap_pct
612134,2026-06-01,0.9913,0.0207,57.9,HIGH,STABLE,4.0,UNUSUAL,HIGH,64.6,schedule_progress_gap_pct
612134,2026-07-01,0.9918,0.0204,55.3,HIGH,STABLE,-2.6,NORMAL,HIGH,56.7,schedule_progress_gap_pct
612138,2026-04-01,0.9916,0.0293,46.3,MEDIUM,STABLE,0.0,NORMAL,MEDIUM,50.5,schedule_progress_gap_pct
612138,2026-05-01,0.9918,0.034,47.4,MEDIUM,STABLE,1.1,NORMAL,MEDIUM,52.1,schedule_progress_gap_pct
612138,2026-06-01,0.9923,0.0938,49.8,MEDIUM,STABLE,2.4,NORMAL,MEDIUM,54.6,schedule_progress_gap_pct
612138,2026-07-01,0.9927,0.1858,53.3,HIGH,STABLE,3.5,NORMAL,HIGH,57.5,schedule_progress_gap_pct
612139,2026-04-01,0.9887,0.0121,58.3,HIGH,STABLE,0.0,UNUSUAL,HIGH,60.4,schedule_progress_gap_pct
612139,2026-05-01,0.9894,0.0297,55.6,HIGH,STABLE,-2.7,NORMAL,HIGH,56.4,schedule_progress_gap_pct
612139,2026-06-01,0.9909,0.0171,61.8,HIGH,MODERATE_RISE,6.2,ANOMALOUS,HIGH,68.4,schedule_progress_gap_pct
612139,2026-07-01,0.9911,0.0338,55.8,HIGH,DE_ESCALATING,-6.0,NORMAL,MEDIUM,53.2,schedule_progress_gap_pct
612140,2026-04-01,0.9925,0.0154,59.4,HIGH,STABLE,0.0,REQUIRES_VERIFICATION,HIGH,61.2,schedule_progress_gap_pct
612140,2026-05-01,0.9928,0.0064,49.7,MEDIUM,DE_ESCALATING,-9.7,NORMAL,MEDIUM,48.3,schedule_progress_gap_pct
612140,2026-06-01,0.9934,0.0185,53.4,HIGH,STABLE,3.7,UNUSUAL,HIGH,61.9,schedule_progress_gap_pct
612140,2026-07-01,0.9939,0.1123,53.6,HIGH,STABLE,0.2,NORMAL,HIGH,58.5,schedule_progress_gap_pct
612142,2026-05-01,0.9225,0.0123,41.9,MEDIUM,STABLE,0.0,NORMAL,HIGH,57.2,schedule_progress_gap_pct
612142,2026-06-01,0.9266,0.0091,51.6,HIGH,MODERATE_RISE,9.7,REQUIRES_VERIFICATION,HIGH,71.7,schedule_progress_gap_pct
612142,2026-07-01,0.9296,0.0145,52.0,HIGH,STABLE,0.4,REQUIRES_VERIFICATION,HIGH,62.6,schedule_progress_gap_pct
612167,2026-04-01,0.9931,0.0138,49.8,MEDIUM,STABLE,0.0,NORMAL,MEDIUM,47.7,schedule_progress_gap_pct
612167,2026-05-01,0.9933,0.0178,50.9,HIGH,STABLE,1.1,NORMAL,MEDIUM,49.4,schedule_progress_gap_pct
612167,2026-06-01,0.9938,0.0132,50.0,HIGH,STABLE,-0.9,NORMAL,MEDIUM,46.9,schedule_progress_gap_pct
612167,2026-07-01,0.9941,0.0196,50.9,HIGH,STABLE,0.9,NORMAL,MEDIUM,49.2,schedule_progress_gap_pct
612186,2026-04-01,0.9828,0.0032,54.4,HIGH,STABLE,0.0,NORMAL,MEDIUM,51.4,schedule_progress_gap_pct
612186,2026-05-01,0.983,0.0032,54.4,HIGH,STABLE,0.0,NORMAL,MEDIUM,51.4,schedule_progress_gap_pct
612186,2026-06-01,0.9831,0.0034,54.4,HIGH,STABLE,0.0,NORMAL,MEDIUM,51.4,schedule_progress_gap_pct
612186,2026-07-01,0.9846,0.003,54.5,HIGH,STABLE,0.1,NORMAL,MEDIUM,51.5,schedule_progress_gap_pct
612188,2026-04-01,0.993,0.0439,54.8,HIGH,STABLE,0.0,NORMAL,MEDIUM,50.6,schedule_progress_gap_pct
612194,2026-04-01,0.9897,0.0198,47.0,MEDIUM,STABLE,0.0,NORMAL,MEDIUM,49.4,schedule_progress_gap_pct
612194,2026-05-01,0.9901,0.0079,47.0,MEDIUM,STABLE,0.0,NORMAL,MEDIUM,49.4,schedule_progress_gap_pct
612194,2026-06-01,0.9905,0.0072,47.7,MEDIUM,STABLE,0.7,NORMAL,MEDIUM,50.4,schedule_progress_gap_pct
612194,2026-07-01,0.9907,0.0159,48.9,MEDIUM,STABLE,1.2,NORMAL,MEDIUM,51.5,schedule_progress_gap_pct
612201,2026-04-01,0.9941,0.0718,51.4,HIGH,STABLE,0.0,NORMAL,MEDIUM,45.1,schedule_progress_gap_pct
612211,2026-04-01,0.9886,0.006,54.8,HIGH,STABLE,0.0,NORMAL,MEDIUM,48.1,schedule_progress_gap_pct
612211,2026-05-01,0.9893,0.0061,54.8,HIGH,STABLE,0.0,NORMAL,MEDIUM,48.1,schedule_progress_gap_pct
612211,2026-06-01,0.9893,0.0119,55.0,HIGH,STABLE,0.2,NORMAL,MEDIUM,48.4,schedule_progress_gap_pct
612211,2026-07-01,0.9905,0.0243,55.5,HIGH,STABLE,0.5,NORMAL,MEDIUM,48.9,schedule_progress_gap_pct
612213,2026-04-01,0.991,0.0206,55.4,HIGH,STABLE,0.0,NORMAL,MEDIUM,48.2,schedule_progress_gap_pct
612213,2026-05-01,0.9913,0.0244,55.5,HIGH,STABLE,0.1,NORMAL,MEDIUM,48.3,schedule_progress_gap_pct
612213,2026-06-01,0.9913,0.0206,55.4,HIGH,STABLE,-0.1,NORMAL,MEDIUM,48.1,schedule_progress_gap_pct
612213,2026-07-01,0.9914,0.0178,55.3,HIGH,STABLE,-0.1,NORMAL,MEDIUM,48.0,schedule_progress_gap_pct
612259,2026-04-01,0.9934,0.9787,89.0,CRITICAL,STABLE,0.0,NORMAL,HIGH,62.7,schedule_progress_gap_pct
612259,2026-05-01,0.9941,0.9573,91.6,CRITICAL,STABLE,2.6,UNUSUAL,HIGH,66.6,schedule_progress_gap_pct
612259,2026-06-01,0.9941,0.9684,92.0,CRITICAL,STABLE,0.4,UNUSUAL,HIGH,64.6,schedule_progress_gap_pct
612259,2026-07-01,0.9942,0.9608,91.7,CRITICAL,STABLE,-0.3,UNUSUAL,HIGH,63.7,schedule_progress_gap_pct
612745,2026-04-01,0.9779,0.0026,52.3,HIGH,STABLE,0.0,NORMAL,MEDIUM,47.9,schedule_progress_gap_pct
612745,2026-05-01,0.9792,0.0008,52.2,HIGH,STABLE,-0.1,NORMAL,MEDIUM,47.7,schedule_progress_gap_pct
612745,2026-06-01,0.9812,0.0008,51.3,HIGH,STABLE,-0.9,NORMAL,MEDIUM,46.5,schedule_progress_gap_pct
612745,2026-07-01,0.9816,0.0008,52.1,HIGH,STABLE,0.8,NORMAL,MEDIUM,48.6,schedule_progress_gap_pct
612781,2026-04-01,0.9831,0.0006,53.1,HIGH,STABLE,0.0,NORMAL,MEDIUM,52.5,schedule_progress_gap_pct
612781,2026-05-01,0.9835,0.0005,53.5,HIGH,STABLE,0.4,NORMAL,MEDIUM,53.1,schedule_progress_gap_pct
612781,2026-06-01,0.9837,0.0005,54.1,HIGH,STABLE,0.6,NORMAL,MEDIUM,53.6,schedule_progress_gap_pct
612781,2026-07-01,0.0238,0.0008,11.1,LOW,DE_ESCALATING,-43.0,NORMAL,LOW,23.5,schedule_progress_gap_pct
612786,2026-04-01,0.9903,0.0069,54.0,HIGH,STABLE,0.0,NORMAL,MEDIUM,48.6,schedule_progress_gap_pct
612786,2026-05-01,0.991,0.0153,54.1,HIGH,STABLE,0.1,NORMAL,MEDIUM,48.7,schedule_progress_gap_pct
612786,2026-06-01,0.9917,0.0093,53.7,HIGH,STABLE,-0.4,NORMAL,MEDIUM,48.0,schedule_progress_gap_pct
612786,2026-07-01,0.9924,0.0127,53.6,HIGH,STABLE,-0.1,NORMAL,MEDIUM,48.3,schedule_progress_gap_pct
612787,2026-04-01,0.9917,0.004,50.4,HIGH,STABLE,0.0,NORMAL,MEDIUM,47.4,schedule_progress_gap_pct
612787,2026-05-01,0.9922,0.0039,50.3,HIGH,STABLE,-0.1,NORMAL,MEDIUM,47.3,schedule_progress_gap_pct
612787,2026-06-01,0.9927,0.0108,50.8,HIGH,STABLE,0.5,NORMAL,MEDIUM,48.1,schedule_progress_gap_pct
612787,2026-07-01,0.9932,0.0154,51.1,HIGH,STABLE,0.3,NORMAL,MEDIUM,48.1,schedule_progress_gap_pct
612788,2026-04-01,0.9927,0.0051,46.2,MEDIUM,STABLE,0.0,NORMAL,MEDIUM,45.3,schedule_progress_gap_pct
612788,2026-05-01,0.9932,0.0051,46.3,MEDIUM,STABLE,0.1,NORMAL,MEDIUM,45.5,schedule_progress_gap_pct
612788,2026-06-01,0.9936,0.0054,46.4,MEDIUM,STABLE,0.1,NORMAL,MEDIUM,45.5,schedule_progress_gap_pct
612788,2026-07-01,0.9939,0.0198,47.5,MEDIUM,STABLE,1.1,NORMAL,MEDIUM,47.1,schedule_progress_gap_pct
612789,2026-04-01,0.9892,0.0008,54.6,HIGH,STABLE,0.0,NORMAL,MEDIUM,51.0,schedule_progress_gap_pct
612789,2026-05-01,0.9898,0.0008,54.6,HIGH,STABLE,0.0,NORMAL,MEDIUM,51.0,schedule_progress_gap_pct
612789,2026-06-01,0.9901,0.0008,54.6,HIGH,STABLE,0.0,NORMAL,MEDIUM,51.0,schedule_progress_gap_pct
612789,2026-07-01,0.9903,0.0037,54.7,HIGH,STABLE,0.1,NORMAL,MEDIUM,51.1,schedule_progress_gap_pct
612790,2026-04-01,0.9931,0.0061,51.1,HIGH,STABLE,0.0,NORMAL,MEDIUM,48.4,schedule_progress_gap_pct
612790,2026-05-01,0.9935,0.0094,51.4,HIGH,STABLE,0.3,NORMAL,MEDIUM,48.9,schedule_progress_gap_pct
612790,2026-06-01,0.9935,0.0028,51.6,HIGH,STABLE,0.2,NORMAL,MEDIUM,48.9,schedule_progress_gap_pct
612790,2026-07-01,0.994,0.0064,52.4,HIGH,STABLE,0.8,NORMAL,MEDIUM,49.9,schedule_progress_gap_pct
612791,2026-04-01,0.9902,0.0019,54.7,HIGH,STABLE,0.0,NORMAL,MEDIUM,49.6,schedule_progress_gap_pct
612791,2026-05-01,0.991,0.0039,54.8,HIGH,STABLE,0.1,NORMAL,MEDIUM,49.8,schedule_progress_gap_pct
612791,2026-06-01,0.9912,0.0039,54.8,HIGH,STABLE,0.0,NORMAL,MEDIUM,49.7,schedule_progress_gap_pct
612791,2026-07-01,0.9915,0.0039,54.8,HIGH,STABLE,0.0,NORMAL,MEDIUM,49.7,schedule_progress_gap_pct
612793,2026-04-01,0.9833,0.0007,54.4,HIGH,STABLE,0.0,NORMAL,MEDIUM,49.4,schedule_progress_gap_pct
612793,2026-05-01,0.9836,0.0006,54.4,HIGH,STABLE,0.0,NORMAL,MEDIUM,49.4,schedule_progress_gap_pct
612793,2026-06-01,0.9839,0.0059,54.6,HIGH,STABLE,0.2,NORMAL,MEDIUM,49.7,schedule_progress_gap_pct
612793,2026-07-01,0.984,0.0006,54.4,HIGH,STABLE,-0.2,NORMAL,MEDIUM,49.2,schedule_progress_gap_pct
612819,2026-04-01,0.995,0.0959,58.2,HIGH,STABLE,0.0,NORMAL,HIGH,57.4,schedule_progress_gap_pct
612851,2026-04-01,0.9921,0.0442,47.5,MEDIUM,STABLE,0.0,NORMAL,MEDIUM,46.1,schedule_progress_gap_pct
612851,2026-05-01,0.9922,0.2089,54.0,HIGH,MODERATE_RISE,6.5,NORMAL,HIGH,55.8,schedule_progress_gap_pct
612851,2026-06-01,0.9922,0.1365,52.4,HIGH,STABLE,-1.6,NORMAL,MEDIUM,46.9,schedule_progress_gap_pct
612851,2026-07-01,0.9923,0.9305,81.0,CRITICAL,RAPID_ESCALATION,28.6,NORMAL,HIGH,72.8,schedule_progress_gap_pct
612853,2026-04-01,0.0288,0.0037,14.5,LOW,STABLE,0.0,NORMAL,MEDIUM,31.2,schedule_progress_gap_pct
612853,2026-05-01,0.0463,0.012,6.1,LOW,DE_ESCALATING,-8.4,NORMAL,LOW,19.0,schedule_progress_gap_pct
612853,2026-06-01,0.0485,0.007,6.0,LOW,STABLE,-0.1,NORMAL,LOW,26.8,schedule_progress_gap_pct
612855,2026-04-01,0.9877,0.0201,52.2,HIGH,STABLE,0.0,NORMAL,MEDIUM,51.0,schedule_progress_gap_pct
612855,2026-05-01,0.9889,0.0267,51.6,HIGH,STABLE,-0.6,NORMAL,MEDIUM,50.1,schedule_progress_gap_pct
612855,2026-06-01,0.9918,0.0317,47.5,MEDIUM,STABLE,-4.1,NORMAL,MEDIUM,44.6,schedule_progress_gap_pct
612855,2026-07-01,0.992,0.031,48.7,MEDIUM,STABLE,1.2,NORMAL,MEDIUM,50.5,schedule_progress_gap_pct
612876,2026-04-01,0.0099,0.0159,16.0,LOW,STABLE,0.0,NORMAL,MEDIUM,31.6,schedule_progress_gap_pct
612876,2026-05-01,0.01,0.0159,16.0,LOW,STABLE,0.0,NORMAL,MEDIUM,31.6,schedule_progress_gap_pct
612876,2026-06-01,0.01,0.0159,16.0,LOW,STABLE,0.0,NORMAL,MEDIUM,31.6,schedule_progress_gap_pct
612876,2026-07-01,0.0101,0.0159,16.0,LOW,STABLE,0.0,NORMAL,MEDIUM,31.6,schedule_progress_gap_pct
612877,2026-04-01,0.9931,0.0342,44.9,MEDIUM,STABLE,0.0,NORMAL,MEDIUM,47.0,schedule_progress_gap_pct
612877,2026-05-01,0.9932,0.043,45.2,MEDIUM,STABLE,0.3,NORMAL,MEDIUM,47.4,schedule_progress_gap_pct
612877,2026-06-01,0.9933,0.043,45.3,MEDIUM,STABLE,0.1,NORMAL,MEDIUM,47.3,schedule_progress_gap_pct
612877,2026-07-01,0.9933,0.0305,45.1,MEDIUM,STABLE,-0.2,NORMAL,MEDIUM,46.9,schedule_progress_gap_pct
612883,2026-04-01,0.0216,0.0036,6.6,LOW,STABLE,0.0,NORMAL,LOW,28.2,schedule_progress_gap_pct
612883,2026-05-01,0.0222,0.0036,6.8,LOW,STABLE,0.2,NORMAL,LOW,28.5,schedule_progress_gap_pct
612883,2026-06-01,0.0228,0.0036,7.0,LOW,STABLE,0.2,NORMAL,LOW,28.6,schedule_progress_gap_pct
612883,2026-07-01,0.023,0.0036,7.5,LOW,STABLE,0.5,NORMAL,LOW,29.1,schedule_progress_gap_pct
612885,2026-04-01,0.9954,0.097,58.2,HIGH,STABLE,0.0,NORMAL,MEDIUM,52.8,schedule_progress_gap_pct
612885,2026-05-01,0.9955,0.0965,58.2,HIGH,STABLE,0.0,NORMAL,MEDIUM,52.8,schedule_progress_gap_pct
612885,2026-06-01,0.9956,0.0523,56.7,HIGH,STABLE,-1.5,NORMAL,MEDIUM,50.6,schedule_progress_gap_pct
612885,2026-07-01,0.9957,0.0932,58.1,HIGH,STABLE,1.4,NORMAL,MEDIUM,54.2,schedule_progress_gap_pct
612894,2026-04-01,0.9933,0.0357,56.0,HIGH,STABLE,0.0,NORMAL,MEDIUM,49.4,schedule_progress_gap_pct
612894,2026-05-01,0.9933,0.0404,56.1,HIGH,STABLE,0.1,NORMAL,MEDIUM,49.5,schedule_progress_gap_pct
612894,2026-06-01,0.9934,0.0403,56.1,HIGH,STABLE,0.0,NORMAL,MEDIUM,49.4,schedule_progress_gap_pct
612894,2026-07-01,0.9935,0.0572,56.7,HIGH,STABLE,0.6,NORMAL,MEDIUM,50.3,schedule_progress_gap_pct
612898,2026-04-01,0.0381,0.1703,12.7,LOW,STABLE,0.0,NORMAL,MEDIUM,30.7,schedule_progress_gap_pct
612898,2026-05-01,0.0383,0.1753,13.1,LOW,STABLE,0.4,NORMAL,MEDIUM,31.3,schedule_progress_gap_pct
612898,2026-06-01,0.0385,0.1753,13.3,LOW,STABLE,0.2,NORMAL,MEDIUM,31.2,schedule_progress_gap_pct
612898,2026-07-01,0.0387,0.1668,13.2,LOW,STABLE,-0.1,NORMAL,MEDIUM,30.9,schedule_progress_gap_pct
612916,2026-04-01,0.9937,0.0319,53.3,HIGH,STABLE,0.0,NORMAL,MEDIUM,50.4,schedule_progress_gap_pct
612916,2026-05-01,0.9937,0.0347,54.0,HIGH,STABLE,0.7,NORMAL,MEDIUM,51.4,schedule_progress_gap_pct
612916,2026-06-01,0.9939,0.0294,54.2,HIGH,STABLE,0.2,NORMAL,MEDIUM,51.0,schedule_progress_gap_pct
612916,2026-07-01,0.9939,0.0432,55.3,HIGH,STABLE,1.1,NORMAL,MEDIUM,52.5,schedule_progress_gap_pct
613793,2026-04-01,0.9814,0.0204,55.0,HIGH,STABLE,0.0,NORMAL,MEDIUM,51.2,schedule_progress_gap_pct
613793,2026-05-01,0.9815,0.0104,54.6,HIGH,STABLE,-0.4,NORMAL,MEDIUM,50.6,schedule_progress_gap_pct
613793,2026-06-01,0.9819,0.0101,54.6,HIGH,STABLE,0.0,NORMAL,MEDIUM,51.0,schedule_progress_gap_pct
613793,2026-07-01,0.982,0.0101,54.6,HIGH,STABLE,0.0,NORMAL,MEDIUM,51.0,schedule_progress_gap_pct
613800,2026-04-01,0.9943,0.0065,44.9,MEDIUM,STABLE,0.0,NORMAL,MEDIUM,45.9,schedule_progress_gap_pct
613800,2026-05-01,0.9943,0.0193,45.6,MEDIUM,STABLE,0.7,NORMAL,MEDIUM,47.0,schedule_progress_gap_pct
613800,2026-06-01,0.9944,0.0423,46.7,MEDIUM,STABLE,1.1,NORMAL,MEDIUM,47.9,schedule_progress_gap_pct
613800,2026-07-01,0.9944,0.0426,47.0,MEDIUM,STABLE,0.3,NORMAL,MEDIUM,47.3,schedule_progress_gap_pct
613801,2026-04-01,0.9891,0.0018,53.6,HIGH,STABLE,0.0,NORMAL,MEDIUM,49.9,schedule_progress_gap_pct
613801,2026-05-01,0.9891,0.0018,53.9,HIGH,STABLE,0.3,NORMAL,MEDIUM,50.3,schedule_progress_gap_pct
613801,2026-06-01,0.9894,0.0007,54.2,HIGH,STABLE,0.3,NORMAL,MEDIUM,50.5,schedule_progress_gap_pct
613801,2026-07-01,0.9894,0.0007,54.5,HIGH,STABLE,0.3,NORMAL,MEDIUM,50.6,schedule_progress_gap_pct
613802,2026-04-01,0.9894,0.0153,52.9,HIGH,STABLE,0.0,NORMAL,MEDIUM,49.2,schedule_progress_gap_pct
613802,2026-05-01,0.9894,0.0153,53.1,HIGH,STABLE,0.2,NORMAL,MEDIUM,49.5,schedule_progress_gap_pct
613802,2026-06-01,0.9897,0.0142,53.3,HIGH,STABLE,0.2,NORMAL,MEDIUM,49.6,schedule_progress_gap_pct
613802,2026-07-01,0.9897,0.0142,53.5,HIGH,STABLE,0.2,NORMAL,MEDIUM,49.7,schedule_progress_gap_pct
613808,2026-04-01,0.9984,0.0118,61.9,HIGH,STABLE,0.0,ANOMALOUS,MEDIUM,53.4,schedule_progress_gap_pct
613808,2026-05-01,0.9984,0.0077,61.8,HIGH,STABLE,-0.1,ANOMALOUS,MEDIUM,53.2,schedule_progress_gap_pct
613808,2026-06-01,0.9984,0.0111,61.9,HIGH,STABLE,0.1,ANOMALOUS,MEDIUM,53.5,schedule_progress_gap_pct
613808,2026-07-01,0.9984,0.0111,61.9,HIGH,STABLE,0.0,ANOMALOUS,MEDIUM,53.4,schedule_progress_gap_pct
615183,2026-04-01,0.9897,0.0405,56.0,HIGH,STABLE,0.0,NORMAL,MEDIUM,51.7,schedule_progress_gap_pct
615183,2026-05-01,0.9899,0.0105,55.0,HIGH,STABLE,-1.0,NORMAL,MEDIUM,50.2,schedule_progress_gap_pct
615183,2026-06-01,0.9902,0.1065,61.6,HIGH,MODERATE_RISE,6.6,UNUSUAL,HIGH,61.1,schedule_progress_gap_pct
615183,2026-07-01,0.9902,0.0948,57.9,HIGH,STABLE,-3.7,NORMAL,MEDIUM,49.0,schedule_progress_gap_pct
615186,2026-06-01,0.9871,0.0226,55.3,HIGH,STABLE,0.0,NORMAL,MEDIUM,49.8,schedule_progress_gap_pct
615186,2026-07-01,0.9871,0.0234,55.3,HIGH,STABLE,0.0,NORMAL,MEDIUM,49.8,schedule_progress_gap_pct
615189,2026-06-01,0.9831,0.0107,54.7,HIGH,STABLE,0.0,NORMAL,MEDIUM,50.0,schedule_progress_gap_pct
615189,2026-07-01,0.9832,0.0107,54.7,HIGH,STABLE,0.0,NORMAL,MEDIUM,50.0,schedule_progress_gap_pct
615192,2026-06-01,0.9819,0.0311,55.4,HIGH,STABLE,0.0,NORMAL,MEDIUM,49.8,schedule_progress_gap_pct
615192,2026-07-01,0.982,0.0311,55.4,HIGH,STABLE,0.0,NORMAL,MEDIUM,49.8,schedule_progress_gap_pct
615193,2026-04-01,0.9971,0.0061,55.1,HIGH,STABLE,0.0,NORMAL,MEDIUM,51.2,schedule_progress_gap_pct
615202,2026-04-01,0.0156,0.0006,12.1,LOW,STABLE,0.0,NORMAL,MEDIUM,34.1,schedule_progress_gap_pct
615202,2026-05-01,0.0153,0.0007,13.1,LOW,STABLE,1.0,NORMAL,MEDIUM,35.6,schedule_progress_gap_pct
615202,2026-06-01,0.0154,0.0041,13.6,LOW,STABLE,0.5,NORMAL,MEDIUM,35.4,schedule_progress_gap_pct
615202,2026-07-01,0.0166,0.0004,12.4,LOW,STABLE,-1.2,NORMAL,MEDIUM,33.1,schedule_progress_gap_pct
615206,2026-06-01,0.9891,0.0182,54.3,HIGH,STABLE,0.0,NORMAL,MEDIUM,50.3,schedule_progress_gap_pct
615206,2026-07-01,0.9891,0.0199,54.7,HIGH,STABLE,0.4,NORMAL,MEDIUM,50.9,schedule_progress_gap_pct
615327,2026-04-01,0.9945,0.0425,56.3,HIGH,STABLE,0.0,NORMAL,MEDIUM,49.0,schedule_progress_gap_pct
615332,2026-04-01,0.9834,0.0091,50.5,HIGH,STABLE,0.0,NORMAL,HIGH,55.6,schedule_progress_gap_pct
615332,2026-05-01,0.9841,0.0092,51.0,HIGH,STABLE,0.5,NORMAL,HIGH,56.4,schedule_progress_gap_pct
615332,2026-06-01,0.9853,0.0074,54.6,HIGH,STABLE,3.6,UNUSUAL,HIGH,61.3,schedule_progress_gap_pct
615332,2026-07-01,0.9862,0.0052,51.5,HIGH,STABLE,-3.1,NORMAL,MEDIUM,53.0,schedule_progress_gap_pct
615333,2026-04-01,0.9803,0.0049,52.7,HIGH,STABLE,0.0,NORMAL,HIGH,55.4,schedule_progress_gap_pct
615333,2026-05-01,0.982,0.01,52.4,HIGH,STABLE,-0.3,NORMAL,MEDIUM,54.9,schedule_progress_gap_pct
615333,2026-06-01,0.9827,0.0015,52.8,HIGH,STABLE,0.4,NORMAL,HIGH,55.8,schedule_progress_gap_pct
615333,2026-07-01,0.9836,0.003,53.4,HIGH,STABLE,0.6,NORMAL,HIGH,56.3,schedule_progress_gap_pct
615334,2026-04-01,0.9805,0.018,53.0,HIGH,STABLE,0.0,NORMAL,HIGH,56.9,schedule_progress_gap_pct
615334,2026-05-01,0.9813,0.0087,53.1,HIGH,STABLE,0.1,NORMAL,HIGH,57.0,schedule_progress_gap_pct
615334,2026-06-01,0.9829,0.0064,60.3,HIGH,MODERATE_RISE,7.2,ANOMALOUS,HIGH,67.7,schedule_progress_gap_pct
615334,2026-07-01,0.9836,0.0229,54.8,HIGH,DE_ESCALATING,-5.5,NORMAL,MEDIUM,52.3,schedule_progress_gap_pct
615335,2026-04-01,0.9834,0.0102,52.1,HIGH,STABLE,0.0,NORMAL,MEDIUM,53.4,schedule_progress_gap_pct
615335,2026-05-01,0.9841,0.0101,52.6,HIGH,STABLE,0.5,NORMAL,MEDIUM,54.2,schedule_progress_gap_pct
615335,2026-06-01,0.9851,0.0108,52.6,HIGH,STABLE,0.0,NORMAL,MEDIUM,53.7,schedule_progress_gap_pct
615335,2026-07-01,0.9869,0.0105,51.4,HIGH,STABLE,-1.2,NORMAL,MEDIUM,51.9,schedule_progress_gap_pct
615336,2026-04-01,0.9741,0.0165,54.5,HIGH,STABLE,0.0,NORMAL,MEDIUM,49.0,schedule_progress_gap_pct
615336,2026-05-01,0.9781,0.0096,54.5,HIGH,STABLE,0.0,NORMAL,MEDIUM,49.0,schedule_progress_gap_pct
615336,2026-06-01,0.9823,0.0006,54.3,HIGH,STABLE,-0.2,NORMAL,MEDIUM,48.7,schedule_progress_gap_pct
615336,2026-07-01,0.9852,0.0064,54.6,HIGH,STABLE,0.3,NORMAL,MEDIUM,49.4,schedule_progress_gap_pct
615337,2026-04-01,0.9889,0.0024,53.7,HIGH,STABLE,0.0,NORMAL,MEDIUM,49.6,schedule_progress_gap_pct
615337,2026-05-01,0.9898,0.0086,54.0,HIGH,STABLE,0.3,NORMAL,MEDIUM,50.0,schedule_progress_gap_pct
615337,2026-06-01,0.9916,0.005,51.8,HIGH,STABLE,-2.2,NORMAL,MEDIUM,46.4,schedule_progress_gap_pct
615337,2026-07-01,0.9922,0.0033,51.9,HIGH,STABLE,0.1,NORMAL,MEDIUM,48.8,schedule_progress_gap_pct
615338,2026-04-01,0.9785,0.0019,51.0,HIGH,STABLE,0.0,NORMAL,HIGH,55.3,schedule_progress_gap_pct
615338,2026-05-01,0.9804,0.0117,50.9,HIGH,STABLE,-0.1,NORMAL,HIGH,55.1,schedule_progress_gap_pct
615338,2026-06-01,0.9824,0.014,50.6,HIGH,STABLE,-0.3,NORMAL,MEDIUM,54.8,schedule_progress_gap_pct
615338,2026-07-01,0.9835,0.009,50.4,HIGH,STABLE,-0.2,NORMAL,MEDIUM,54.8,schedule_progress_gap_pct
615339,2026-04-01,0.9659,0.001,56.0,HIGH,STABLE,0.0,UNUSUAL,HIGH,60.5,schedule_progress_gap_pct
615339,2026-05-01,0.9683,0.001,52.8,HIGH,STABLE,-3.2,NORMAL,HIGH,55.7,schedule_progress_gap_pct
615339,2026-06-01,0.9711,0.0009,60.0,HIGH,MODERATE_RISE,7.2,ANOMALOUS,HIGH,69.7,schedule_progress_gap_pct
615339,2026-07-01,0.9726,0.0011,53.9,HIGH,DE_ESCALATING,-6.1,NORMAL,MEDIUM,53.4,schedule_progress_gap_pct
615340,2026-04-01,0.9706,0.0071,51.8,HIGH,STABLE,0.0,NORMAL,HIGH,58.0,schedule_progress_gap_pct
615340,2026-05-01,0.972,0.0056,52.1,HIGH,STABLE,0.3,NORMAL,HIGH,58.5,schedule_progress_gap_pct
615340,2026-06-01,0.9743,0.0075,59.3,HIGH,MODERATE_RISE,7.2,ANOMALOUS,HIGH,69.0,schedule_progress_gap_pct
615340,2026-07-01,0.9751,0.0015,53.0,HIGH,DE_ESCALATING,-6.3,NORMAL,MEDIUM,52.3,schedule_progress_gap_pct
615342,2026-04-01,0.9786,0.0078,54.4,HIGH,STABLE,0.0,NORMAL,MEDIUM,49.5,schedule_progress_gap_pct
615342,2026-05-01,0.9796,0.0011,54.2,HIGH,STABLE,-0.2,NORMAL,MEDIUM,49.2,schedule_progress_gap_pct
615342,2026-06-01,0.9801,0.0065,54.4,HIGH,STABLE,0.2,NORMAL,MEDIUM,49.7,schedule_progress_gap_pct
615342,2026-07-01,0.984,0.0011,54.4,HIGH,STABLE,0.0,NORMAL,MEDIUM,49.5,schedule_progress_gap_pct
615344,2026-04-01,0.9813,0.001,50.0,HIGH,STABLE,0.0,NORMAL,HIGH,55.8,schedule_progress_gap_pct
615344,2026-05-01,0.9825,0.0032,50.2,HIGH,STABLE,0.2,NORMAL,HIGH,56.1,schedule_progress_gap_pct
615344,2026-06-01,0.9835,0.0035,54.1,HIGH,STABLE,3.9,UNUSUAL,HIGH,61.7,schedule_progress_gap_pct
615344,2026-07-01,0.9842,0.0031,51.3,HIGH,STABLE,-2.8,NORMAL,MEDIUM,53.6,schedule_progress_gap_pct
615345,2026-04-01,0.9764,0.0075,53.5,HIGH,STABLE,0.0,NORMAL,HIGH,58.5,schedule_progress_gap_pct
615345,2026-05-01,0.978,0.0061,53.6,HIGH,STABLE,0.1,NORMAL,HIGH,58.6,schedule_progress_gap_pct
615345,2026-06-01,0.9814,0.0029,63.4,HIGH,MODERATE_RISE,9.8,REQUIRES_VERIFICATION,HIGH,73.2,schedule_progress_gap_pct
615345,2026-07-01,0.982,0.0048,54.2,HIGH,DE_ESCALATING,-9.2,NORMAL,MEDIUM,50.8,schedule_progress_gap_pct
615346,2026-04-01,0.987,0.015,47.7,MEDIUM,STABLE,0.0,NORMAL,MEDIUM,53.6,schedule_progress_gap_pct
615346,2026-05-01,0.9889,0.007,45.6,MEDIUM,STABLE,-2.1,NORMAL,MEDIUM,50.4,schedule_progress_gap_pct
615346,2026-06-01,0.9894,0.007,46.0,MEDIUM,STABLE,0.4,NORMAL,MEDIUM,53.1,schedule_progress_gap_pct
615346,2026-07-01,0.9898,0.0053,46.8,MEDIUM,STABLE,0.8,NORMAL,MEDIUM,53.9,schedule_progress_gap_pct
615818,2026-04-01,0.984,0.0054,54.6,HIGH,STABLE,0.0,NORMAL,MEDIUM,49.3,schedule_progress_gap_pct
615818,2026-05-01,0.9841,0.0039,54.5,HIGH,STABLE,-0.1,NORMAL,MEDIUM,49.1,schedule_progress_gap_pct
615818,2026-06-01,0.9842,0.0039,54.5,HIGH,STABLE,0.0,NORMAL,MEDIUM,49.2,schedule_progress_gap_pct
615818,2026-07-01,0.9843,0.0168,55.0,HIGH,STABLE,0.5,NORMAL,MEDIUM,50.0,schedule_progress_gap_pct
615843,2026-04-01,0.9862,0.0573,56.5,HIGH,STABLE,0.0,NORMAL,MEDIUM,49.5,schedule_progress_gap_pct
615843,2026-05-01,0.9859,0.0682,56.8,HIGH,STABLE,0.3,NORMAL,MEDIUM,49.9,schedule_progress_gap_pct
615843,2026-06-01,0.9866,0.0341,55.7,HIGH,STABLE,-1.1,NORMAL,MEDIUM,48.0,schedule_progress_gap_pct
615843,2026-07-01,0.9867,0.0317,55.6,HIGH,STABLE,-0.1,NORMAL,MEDIUM,48.8,schedule_progress_gap_pct
615860,2026-04-01,0.9912,0.0065,54.2,HIGH,STABLE,0.0,NORMAL,MEDIUM,51.6,schedule_progress_gap_pct
615860,2026-05-01,0.9912,0.009,54.7,HIGH,STABLE,0.5,NORMAL,MEDIUM,52.3,schedule_progress_gap_pct
615860,2026-06-01,0.9913,0.009,55.0,HIGH,STABLE,0.3,NORMAL,MEDIUM,52.3,schedule_progress_gap_pct
615860,2026-07-01,0.9913,0.009,55.0,HIGH,STABLE,0.0,NORMAL,MEDIUM,52.0,schedule_progress_gap_pct
615861,2026-04-01,0.9923,0.1041,58.3,HIGH,STABLE,0.0,NORMAL,MEDIUM,52.4,schedule_progress_gap_pct
615861,2026-05-01,0.9923,0.1037,58.3,HIGH,STABLE,0.0,NORMAL,MEDIUM,52.4,schedule_progress_gap_pct
615861,2026-06-01,0.9924,0.0986,58.1,HIGH,STABLE,-0.2,NORMAL,MEDIUM,52.1,schedule_progress_gap_pct
615861,2026-07-01,0.9924,0.0986,58.1,HIGH,STABLE,0.0,NORMAL,MEDIUM,52.3,schedule_progress_gap_pct
615865,2026-04-01,0.9901,0.0027,54.7,HIGH,STABLE,0.0,NORMAL,MEDIUM,50.7,schedule_progress_gap_pct
615865,2026-05-01,0.9901,0.0027,54.7,HIGH,STABLE,0.0,NORMAL,MEDIUM,50.7,schedule_progress_gap_pct
615865,2026-06-01,0.9902,0.0027,54.7,HIGH,STABLE,0.0,NORMAL,MEDIUM,50.7,schedule_progress_gap_pct
615865,2026-07-01,0.9904,0.003,54.7,HIGH,STABLE,0.0,NORMAL,MEDIUM,50.7,schedule_progress_gap_pct
615915,2026-05-01,0.9877,0.0057,54.7,HIGH,STABLE,0.0,NORMAL,MEDIUM,48.6,schedule_progress_gap_pct
615915,2026-06-01,0.9877,0.0057,54.7,HIGH,STABLE,0.0,NORMAL,MEDIUM,48.6,schedule_progress_gap_pct
615915,2026-07-01,0.9903,0.0903,61.1,HIGH,MODERATE_RISE,6.4,UNUSUAL,HIGH,58.2,schedule_progress_gap_pct
615982,2026-04-01,0.9957,0.0748,57.4,HIGH,STABLE,0.0,NORMAL,MEDIUM,50.9,schedule_progress_gap_pct
615982,2026-05-01,0.9957,0.0838,57.8,HIGH,STABLE,0.4,NORMAL,MEDIUM,51.5,schedule_progress_gap_pct
615982,2026-06-01,0.9962,0.082,57.7,HIGH,STABLE,-0.1,NORMAL,MEDIUM,51.0,schedule_progress_gap_pct
615982,2026-07-01,0.9963,0.1117,58.8,HIGH,STABLE,1.1,NORMAL,MEDIUM,52.7,schedule_progress_gap_pct
616044,2026-04-01,0.9971,0.1083,58.7,HIGH,STABLE,0.0,NORMAL,MEDIUM,50.5,schedule_progress_gap_pct
616044,2026-05-01,0.9971,0.115,58.9,HIGH,STABLE,0.2,NORMAL,MEDIUM,50.8,schedule_progress_gap_pct
616044,2026-06-01,0.9975,0.0849,57.9,HIGH,STABLE,-1.0,NORMAL,MEDIUM,49.1,schedule_progress_gap_pct
616044,2026-07-01,0.9975,0.0819,57.8,HIGH,STABLE,-0.1,NORMAL,MEDIUM,49.9,schedule_progress_gap_pct
616050,2026-04-01,0.9957,0.1299,56.1,HIGH,STABLE,0.0,NORMAL,MEDIUM,49.2,schedule_progress_gap_pct
616050,2026-05-01,0.9957,0.1614,57.6,HIGH,STABLE,1.5,NORMAL,MEDIUM,51.4,schedule_progress_gap_pct
616050,2026-06-01,0.9962,0.0775,55.2,HIGH,STABLE,-2.4,NORMAL,MEDIUM,46.3,schedule_progress_gap_pct
616050,2026-07-01,0.9962,0.077,55.6,HIGH,STABLE,0.4,NORMAL,MEDIUM,49.3,schedule_progress_gap_pct
616223,2026-04-01,0.9949,0.1027,58.4,HIGH,STABLE,0.0,NORMAL,MEDIUM,51.4,schedule_progress_gap_pct
616223,2026-05-01,0.9949,0.117,58.9,HIGH,STABLE,0.5,NORMAL,MEDIUM,52.1,schedule_progress_gap_pct
616223,2026-06-01,0.9955,0.0681,57.2,HIGH,STABLE,-1.7,NORMAL,MEDIUM,49.1,schedule_progress_gap_pct
616223,2026-07-01,0.9955,0.0601,56.9,HIGH,STABLE,-0.3,NORMAL,MEDIUM,50.3,schedule_progress_gap_pct
616254,2026-04-01,0.0193,0.0008,6.4,LOW,STABLE,0.0,NORMAL,MEDIUM,32.2,schedule_progress_gap_pct
616254,2026-05-01,0.0198,0.0008,6.8,LOW,STABLE,0.4,NORMAL,MEDIUM,32.8,schedule_progress_gap_pct
616254,2026-06-01,0.0204,0.0009,7.2,LOW,STABLE,0.4,NORMAL,MEDIUM,33.0,schedule_progress_gap_pct
616594,2026-04-01,0.9931,0.019,55.4,HIGH,STABLE,0.0,NORMAL,MEDIUM,53.3,schedule_progress_gap_pct
616594,2026-05-01,0.9935,0.0198,55.4,HIGH,STABLE,0.0,NORMAL,MEDIUM,53.3,schedule_progress_gap_pct
616594,2026-06-01,0.9936,0.0242,55.6,HIGH,STABLE,0.2,NORMAL,MEDIUM,53.6,schedule_progress_gap_pct
616594,2026-07-01,0.9936,0.0307,55.8,HIGH,STABLE,0.2,NORMAL,MEDIUM,53.7,schedule_progress_gap_pct
616600,2026-04-01,0.9944,0.0249,53.5,HIGH,STABLE,0.0,NORMAL,MEDIUM,49.9,schedule_progress_gap_pct
616600,2026-05-01,0.9944,0.0249,54.3,HIGH,STABLE,0.8,NORMAL,MEDIUM,51.1,schedule_progress_gap_pct
616600,2026-06-01,0.9945,0.0249,55.2,HIGH,STABLE,0.9,NORMAL,MEDIUM,51.6,schedule_progress_gap_pct
616600,2026-07-01,0.9945,0.0249,55.7,HIGH,STABLE,0.5,NORMAL,MEDIUM,51.5,schedule_progress_gap_pct
616604,2026-04-01,0.9938,0.0236,52.7,HIGH,STABLE,0.0,NORMAL,MEDIUM,46.0,schedule_progress_gap_pct
616604,2026-05-01,0.9938,0.0236,53.5,HIGH,STABLE,0.8,NORMAL,MEDIUM,47.2,schedule_progress_gap_pct
616604,2026-06-01,0.994,0.0353,54.4,HIGH,STABLE,0.9,NORMAL,MEDIUM,47.7,schedule_progress_gap_pct
616604,2026-07-01,0.994,0.0377,55.2,HIGH,STABLE,0.8,NORMAL,MEDIUM,48.0,schedule_progress_gap_pct
616605,2026-04-01,0.9903,0.022,65.4,HIGH,STABLE,0.0,REQUIRES_VERIFICATION,HIGH,57.6,schedule_progress_gap_pct
616605,2026-05-01,0.9909,0.0172,65.2,HIGH,STABLE,-0.2,REQUIRES_VERIFICATION,HIGH,57.3,schedule_progress_gap_pct
616605,2026-06-01,0.991,0.0224,65.4,HIGH,STABLE,0.2,REQUIRES_VERIFICATION,HIGH,57.8,schedule_progress_gap_pct
616605,2026-07-01,0.9911,0.0172,65.2,HIGH,STABLE,-0.2,REQUIRES_VERIFICATION,HIGH,57.3,schedule_progress_gap_pct
616611,2026-04-01,0.9886,0.013,54.4,HIGH,STABLE,0.0,NORMAL,MEDIUM,52.7,schedule_progress_gap_pct
616611,2026-05-01,0.9887,0.013,54.8,HIGH,STABLE,0.4,NORMAL,MEDIUM,53.3,schedule_progress_gap_pct
616611,2026-06-01,0.989,0.0192,54.9,HIGH,STABLE,0.1,NORMAL,MEDIUM,53.1,schedule_progress_gap_pct
616611,2026-07-01,0.9891,0.0189,55.2,HIGH,STABLE,0.3,NORMAL,MEDIUM,53.4,schedule_progress_gap_pct
616615,2026-04-01,0.9932,0.9971,79.8,CRITICAL,STABLE,0.0,NORMAL,HIGH,60.9,schedule_progress_gap_pct
616615,2026-05-01,0.9938,0.9957,80.1,CRITICAL,STABLE,0.3,NORMAL,HIGH,61.4,schedule_progress_gap_pct
616615,2026-06-01,0.9938,0.9957,80.4,CRITICAL,STABLE,0.3,NORMAL,HIGH,61.5,schedule_progress_gap_pct
616615,2026-07-01,0.9938,0.9957,80.8,CRITICAL,STABLE,0.4,NORMAL,HIGH,61.8,schedule_progress_gap_pct
616616,2026-04-01,0.9928,0.998,79.6,CRITICAL,STABLE,0.0,NORMAL,HIGH,61.8,schedule_progress_gap_pct
616616,2026-05-01,0.9934,0.9977,79.9,CRITICAL,STABLE,0.3,NORMAL,HIGH,62.3,schedule_progress_gap_pct
616616,2026-06-01,0.9935,0.9977,80.3,CRITICAL,STABLE,0.4,NORMAL,HIGH,62.6,schedule_progress_gap_pct
616616,2026-07-01,0.9935,0.9977,80.6,CRITICAL,STABLE,0.3,NORMAL,HIGH,62.6,schedule_progress_gap_pct
616670,2026-04-01,0.9708,0.007,52.9,HIGH,STABLE,0.0,UNUSUAL,HIGH,58.9,schedule_progress_gap_pct
616670,2026-05-01,0.9728,0.002,49.7,MEDIUM,STABLE,-3.2,NORMAL,MEDIUM,54.1,schedule_progress_gap_pct
616670,2026-06-01,0.9739,0.0046,50.3,HIGH,STABLE,0.6,NORMAL,HIGH,58.2,schedule_progress_gap_pct
616670,2026-07-01,0.9757,0.002,53.9,HIGH,STABLE,3.6,UNUSUAL,HIGH,63.0,schedule_progress_gap_pct
616671,2026-04-01,0.9763,0.0007,53.0,HIGH,STABLE,0.0,NORMAL,MEDIUM,50.6,schedule_progress_gap_pct
616671,2026-05-01,0.9768,0.0019,54.0,HIGH,STABLE,1.0,NORMAL,MEDIUM,52.1,schedule_progress_gap_pct
616671,2026-06-01,0.9774,0.0012,57.4,HIGH,STABLE,3.4,UNUSUAL,HIGH,56.2,schedule_progress_gap_pct
616671,2026-07-01,0.9785,0.004,54.3,HIGH,STABLE,-3.1,NORMAL,MEDIUM,48.1,schedule_progress_gap_pct
616691,2026-04-01,0.9935,0.1127,48.2,MEDIUM,STABLE,0.0,NORMAL,MEDIUM,45.6,schedule_progress_gap_pct
616691,2026-05-01,0.9935,0.1252,48.8,MEDIUM,STABLE,0.6,NORMAL,MEDIUM,46.5,schedule_progress_gap_pct
616691,2026-06-01,0.9935,0.1252,49.0,MEDIUM,STABLE,0.2,NORMAL,MEDIUM,46.2,schedule_progress_gap_pct
616691,2026-07-01,0.9935,0.1252,49.1,MEDIUM,STABLE,0.1,NORMAL,MEDIUM,46.1,schedule_progress_gap_pct
616841,2026-05-01,0.9783,0.0134,54.6,HIGH,STABLE,0.0,NORMAL,MEDIUM,52.7,schedule_progress_gap_pct
616841,2026-06-01,0.9784,0.0125,54.6,HIGH,STABLE,0.0,NORMAL,MEDIUM,52.7,schedule_progress_gap_pct
616841,2026-07-01,0.9788,0.0123,54.6,HIGH,STABLE,0.0,NORMAL,MEDIUM,52.7,schedule_progress_gap_pct
616843,2026-05-01,0.9784,0.0021,52.8,HIGH,STABLE,0.0,NORMAL,MEDIUM,54.3,schedule_progress_gap_pct
616843,2026-06-01,0.9786,0.0011,53.6,HIGH,STABLE,0.8,NORMAL,HIGH,55.5,schedule_progress_gap_pct
616843,2026-07-01,0.9797,0.0008,52.3,HIGH,STABLE,-1.3,NORMAL,MEDIUM,52.8,schedule_progress_gap_pct
616858,2026-04-01,0.9946,0.0497,56.5,HIGH,STABLE,0.0,NORMAL,MEDIUM,51.5,schedule_progress_gap_pct
616858,2026-05-01,0.9947,0.0649,57.1,HIGH,STABLE,0.6,NORMAL,MEDIUM,52.4,schedule_progress_gap_pct
616858,2026-06-01,0.9948,0.0488,56.5,HIGH,STABLE,-0.6,NORMAL,MEDIUM,50.9,schedule_progress_gap_pct
616858,2026-07-01,0.9955,0.0435,56.3,HIGH,STABLE,-0.2,NORMAL,MEDIUM,51.2,schedule_progress_gap_pct
616879,2026-04-01,0.0289,0.0026,9.1,LOW,STABLE,0.0,NORMAL,LOW,27.2,schedule_progress_gap_pct
616879,2026-05-01,0.0293,0.0009,9.7,LOW,STABLE,0.6,NORMAL,LOW,28.1,schedule_progress_gap_pct
616879,2026-06-01,0.0308,0.001,9.7,LOW,STABLE,0.0,NORMAL,LOW,27.5,schedule_progress_gap_pct
616933,2026-04-01,0.0134,0.0095,10.0,LOW,STABLE,0.0,NORMAL,MEDIUM,36.6,schedule_progress_gap_pct
616933,2026-05-01,0.0136,0.0097,10.5,LOW,STABLE,0.5,NORMAL,MEDIUM,37.4,schedule_progress_gap_pct
616933,2026-06-01,0.0139,0.0095,11.0,LOW,STABLE,0.5,NORMAL,MEDIUM,37.6,schedule_progress_gap_pct
616933,2026-07-01,0.9736,0.0059,49.5,MEDIUM,RAPID_ESCALATION,38.5,NORMAL,HIGH,66.4,schedule_progress_gap_pct
616950,2026-04-01,0.9863,0.004,54.6,HIGH,STABLE,0.0,NORMAL,MEDIUM,54.9,schedule_progress_gap_pct
616950,2026-05-01,0.9874,0.0087,54.8,HIGH,STABLE,0.2,NORMAL,HIGH,55.2,schedule_progress_gap_pct
616950,2026-06-01,0.9876,0.0006,54.5,HIGH,STABLE,-0.3,NORMAL,MEDIUM,54.6,schedule_progress_gap_pct
617179,2026-04-01,0.9725,0.0017,54.0,HIGH,STABLE,0.0,NORMAL,MEDIUM,47.9,schedule_progress_gap_pct
617179,2026-05-01,0.9727,0.0025,54.0,HIGH,STABLE,0.0,NORMAL,MEDIUM,47.9,schedule_progress_gap_pct
617179,2026-06-01,0.9728,0.0024,54.0,HIGH,STABLE,0.0,NORMAL,MEDIUM,47.9,schedule_progress_gap_pct
617179,2026-07-01,0.9729,0.0024,54.0,HIGH,STABLE,0.0,NORMAL,MEDIUM,47.9,schedule_progress_gap_pct
617181,2026-04-01,0.9743,0.0015,54.0,HIGH,STABLE,0.0,NORMAL,MEDIUM,50.0,schedule_progress_gap_pct
617181,2026-05-01,0.9747,0.0022,54.1,HIGH,STABLE,0.1,NORMAL,MEDIUM,50.2,schedule_progress_gap_pct
617181,2026-06-01,0.9768,0.0015,54.1,HIGH,STABLE,0.0,NORMAL,MEDIUM,50.1,schedule_progress_gap_pct
617181,2026-07-01,0.9771,0.0015,54.1,HIGH,STABLE,0.0,NORMAL,MEDIUM,50.1,schedule_progress_gap_pct
617185,2026-04-01,0.9626,0.007,49.7,MEDIUM,STABLE,0.0,NORMAL,HIGH,57.1,schedule_progress_gap_pct
617185,2026-05-01,0.9638,0.01,50.4,HIGH,STABLE,0.7,NORMAL,HIGH,58.2,schedule_progress_gap_pct
617185,2026-06-01,0.9689,0.0059,60.3,HIGH,MODERATE_RISE,9.9,REQUIRES_VERIFICATION,HIGH,72.3,schedule_progress_gap_pct
617185,2026-07-01,0.9712,0.0042,53.7,HIGH,DE_ESCALATING,-6.6,UNUSUAL,MEDIUM,52.5,schedule_progress_gap_pct
617186,2026-04-01,0.9673,0.0057,54.5,HIGH,STABLE,0.0,ANOMALOUS,HIGH,59.2,schedule_progress_gap_pct
617186,2026-05-01,0.9693,0.0007,47.9,MEDIUM,DE_ESCALATING,-6.6,NORMAL,MEDIUM,49.3,schedule_progress_gap_pct
617186,2026-06-01,0.9714,0.0024,51.6,HIGH,STABLE,3.7,UNUSUAL,HIGH,61.4,schedule_progress_gap_pct
617186,2026-07-01,0.9733,0.001,55.4,HIGH,STABLE,3.8,ANOMALOUS,HIGH,63.4,schedule_progress_gap_pct
617188,2026-05-01,0.9498,0.0035,42.1,MEDIUM,STABLE,0.0,NORMAL,HIGH,55.3,schedule_progress_gap_pct
617188,2026-06-01,0.9516,0.0075,49.0,MEDIUM,MODERATE_RISE,6.9,ANOMALOUS,HIGH,65.6,schedule_progress_gap_pct
617188,2026-07-01,0.9531,0.0075,52.7,HIGH,STABLE,3.7,REQUIRES_VERIFICATION,HIGH,64.3,schedule_progress_gap_pct
617212,2026-05-01,0.9631,0.0067,47.2,MEDIUM,STABLE,0.0,NORMAL,HIGH,55.3,schedule_progress_gap_pct
617212,2026-06-01,0.9632,0.0067,47.7,MEDIUM,STABLE,0.5,NORMAL,HIGH,56.0,schedule_progress_gap_pct
617239,2026-06-01,0.9547,0.0024,42.6,MEDIUM,STABLE,0.0,NORMAL,MEDIUM,52.5,schedule_progress_gap_pct
617239,2026-07-01,0.9564,0.0123,40.1,MEDIUM,STABLE,-2.5,NORMAL,MEDIUM,48.7,schedule_progress_gap_pct
617245,2026-04-01,0.9887,0.0077,47.8,MEDIUM,STABLE,0.0,NORMAL,MEDIUM,49.9,schedule_progress_gap_pct
617245,2026-05-01,0.989,0.0094,48.2,MEDIUM,STABLE,0.4,NORMAL,MEDIUM,50.5,schedule_progress_gap_pct
617245,2026-06-01,0.989,0.01,48.9,MEDIUM,STABLE,0.7,NORMAL,MEDIUM,51.2,schedule_progress_gap_pct
617245,2026-07-01,0.0352,0.8832,34.3,MEDIUM,DE_ESCALATING,-14.6,NORMAL,MEDIUM,35.2,schedule_progress_gap_pct
617246,2026-04-01,0.9858,0.0005,54.4,HIGH,STABLE,0.0,NORMAL,MEDIUM,52.4,schedule_progress_gap_pct
617246,2026-05-01,0.987,0.0014,54.5,HIGH,STABLE,0.1,NORMAL,MEDIUM,52.6,schedule_progress_gap_pct
617246,2026-06-01,0.9867,0.0006,54.5,HIGH,STABLE,0.0,NORMAL,MEDIUM,52.5,schedule_progress_gap_pct
617246,2026-07-01,0.0347,0.0022,1.5,LOW,DE_ESCALATING,-53.0,NORMAL,LOW,18.0,schedule_progress_gap_pct
617248,2026-05-01,0.9907,0.0046,45.3,MEDIUM,STABLE,0.0,NORMAL,MEDIUM,43.7,schedule_progress_gap_pct
617248,2026-06-01,0.9912,0.0039,45.9,MEDIUM,STABLE,0.6,NORMAL,MEDIUM,44.6,schedule_progress_gap_pct
617248,2026-07-01,0.9913,0.0019,47.4,MEDIUM,STABLE,1.5,NORMAL,MEDIUM,46.2,schedule_progress_gap_pct
617250,2026-05-01,0.9865,0.0051,49.2,MEDIUM,STABLE,0.0,NORMAL,MEDIUM,45.3,schedule_progress_gap_pct
617250,2026-06-01,0.9882,0.0036,48.1,MEDIUM,STABLE,-1.1,NORMAL,MEDIUM,43.6,schedule_progress_gap_pct
617250,2026-07-01,0.9889,0.009,48.6,MEDIUM,STABLE,0.5,NORMAL,MEDIUM,45.5,schedule_progress_gap_pct
617251,2026-06-01,0.984,0.0183,55.0,HIGH,STABLE,0.0,NORMAL,MEDIUM,48.0,schedule_progress_gap_pct
617251,2026-07-01,0.985,0.0022,54.5,HIGH,STABLE,-0.5,NORMAL,MEDIUM,47.2,schedule_progress_gap_pct
617253,2026-04-01,0.9944,0.0284,54.4,HIGH,STABLE,0.0,NORMAL,MEDIUM,51.1,schedule_progress_gap_pct
617253,2026-05-01,0.9945,0.0229,55.2,HIGH,STABLE,0.8,NORMAL,MEDIUM,52.3,schedule_progress_gap_pct
617254,2026-04-01,0.9872,0.0023,54.0,HIGH,STABLE,0.0,NORMAL,MEDIUM,48.5,schedule_progress_gap_pct
617254,2026-05-01,0.9875,0.0026,54.6,HIGH,STABLE,0.6,NORMAL,MEDIUM,49.4,schedule_progress_gap_pct
617254,2026-06-01,0.9883,0.0027,54.6,HIGH,STABLE,0.0,NORMAL,MEDIUM,48.8,schedule_progress_gap_pct
617254,2026-07-01,0.9889,0.0013,54.6,HIGH,STABLE,0.0,NORMAL,MEDIUM,48.8,schedule_progress_gap_pct
617255,2026-05-01,0.9904,0.0114,48.3,MEDIUM,STABLE,0.0,NORMAL,MEDIUM,47.7,schedule_progress_gap_pct
617255,2026-06-01,0.9906,0.0111,48.9,MEDIUM,STABLE,0.6,NORMAL,MEDIUM,48.6,schedule_progress_gap_pct
617255,2026-07-01,0.9911,0.0037,48.5,MEDIUM,STABLE,-0.4,NORMAL,MEDIUM,47.4,schedule_progress_gap_pct
617256,2026-04-01,0.9932,0.0095,51.6,HIGH,STABLE,0.0,NORMAL,MEDIUM,51.6,schedule_progress_gap_pct
617256,2026-05-01,0.9936,0.0057,52.5,HIGH,STABLE,0.9,NORMAL,MEDIUM,52.9,schedule_progress_gap_pct
617256,2026-06-01,0.9939,0.0062,53.3,HIGH,STABLE,0.8,NORMAL,MEDIUM,53.2,schedule_progress_gap_pct
617256,2026-07-01,0.9941,0.0054,54.4,HIGH,STABLE,1.1,NORMAL,MEDIUM,54.1,schedule_progress_gap_pct
617257,2026-06-01,0.9904,0.0127,45.9,MEDIUM,STABLE,0.0,NORMAL,MEDIUM,47.5,schedule_progress_gap_pct
617257,2026-07-01,0.9907,0.0103,46.1,MEDIUM,STABLE,0.2,NORMAL,MEDIUM,47.8,schedule_progress_gap_pct
617269,2026-04-01,0.975,0.0084,54.3,HIGH,STABLE,0.0,NORMAL,MEDIUM,47.9,schedule_progress_gap_pct
617269,2026-05-01,0.9758,0.0087,54.3,HIGH,STABLE,0.0,NORMAL,MEDIUM,47.9,schedule_progress_gap_pct
617269,2026-06-01,0.9785,0.0064,54.4,HIGH,STABLE,0.1,NORMAL,MEDIUM,48.1,schedule_progress_gap_pct
617269,2026-07-01,0.9789,0.002,54.2,HIGH,STABLE,-0.2,NORMAL,MEDIUM,47.7,schedule_progress_gap_pct
617270,2026-04-01,0.9712,0.0061,54.1,HIGH,STABLE,0.0,NORMAL,MEDIUM,50.1,schedule_progress_gap_pct
617270,2026-05-01,0.9713,0.0015,53.9,HIGH,STABLE,-0.2,NORMAL,MEDIUM,49.8,schedule_progress_gap_pct
617270,2026-06-01,0.9714,0.0073,54.1,HIGH,STABLE,0.2,NORMAL,MEDIUM,50.3,schedule_progress_gap_pct
617270,2026-07-01,0.9721,0.0076,54.2,HIGH,STABLE,0.1,NORMAL,MEDIUM,50.3,schedule_progress_gap_pct
617271,2026-04-01,0.9802,0.0125,54.6,HIGH,STABLE,0.0,NORMAL,MEDIUM,49.7,schedule_progress_gap_pct
617271,2026-05-01,0.9803,0.0093,54.5,HIGH,STABLE,-0.1,NORMAL,MEDIUM,49.6,schedule_progress_gap_pct
617271,2026-06-01,0.9804,0.0036,54.3,HIGH,STABLE,-0.2,NORMAL,MEDIUM,49.4,schedule_progress_gap_pct
617271,2026-07-01,0.9805,0.0036,54.3,HIGH,STABLE,0.0,NORMAL,MEDIUM,49.6,schedule_progress_gap_pct
617299,2026-04-01,0.9894,0.0554,56.5,HIGH,STABLE,0.0,NORMAL,MEDIUM,51.1,schedule_progress_gap_pct
617299,2026-05-01,0.9896,0.0396,56.0,HIGH,STABLE,-0.5,NORMAL,MEDIUM,50.3,schedule_progress_gap_pct
617299,2026-06-01,0.9905,0.0592,56.7,HIGH,STABLE,0.7,NORMAL,MEDIUM,51.9,schedule_progress_gap_pct
617299,2026-07-01,0.9906,0.0474,56.3,HIGH,STABLE,-0.4,NORMAL,MEDIUM,50.6,schedule_progress_gap_pct
617302,2026-04-01,0.997,0.9993,93.2,CRITICAL,STABLE,0.0,UNUSUAL,HIGH,74.8,schedule_progress_gap_pct
617302,2026-05-01,0.997,0.9993,93.2,CRITICAL,STABLE,0.0,UNUSUAL,HIGH,74.8,schedule_progress_gap_pct
617302,2026-06-01,0.9971,0.9993,93.2,CRITICAL,STABLE,0.0,UNUSUAL,HIGH,74.8,schedule_progress_gap_pct
617302,2026-07-01,0.9973,0.9993,93.2,CRITICAL,STABLE,0.0,UNUSUAL,HIGH,74.8,schedule_progress_gap_pct
617304,2026-04-01,0.0319,0.0221,8.7,LOW,STABLE,0.0,NORMAL,LOW,26.8,schedule_progress_gap_pct
617304,2026-05-01,0.033,0.0171,8.7,LOW,STABLE,0.0,NORMAL,LOW,26.8,schedule_progress_gap_pct
617304,2026-06-01,0.0341,0.0306,9.4,LOW,STABLE,0.7,NORMAL,LOW,27.8,schedule_progress_gap_pct
617326,2026-04-01,0.992,0.0345,42.3,MEDIUM,STABLE,0.0,NORMAL,MEDIUM,49.5,schedule_progress_gap_pct
617326,2026-05-01,0.9921,0.0372,42.5,MEDIUM,STABLE,0.2,NORMAL,MEDIUM,49.8,schedule_progress_gap_pct
617326,2026-06-01,0.9921,0.0317,42.4,MEDIUM,STABLE,-0.1,NORMAL,MEDIUM,49.5,schedule_progress_gap_pct
617326,2026-07-01,0.9927,0.0269,42.4,MEDIUM,STABLE,0.0,NORMAL,MEDIUM,49.6,schedule_progress_gap_pct
617372,2026-04-01,0.9909,0.0102,51.8,HIGH,STABLE,0.0,NORMAL,MEDIUM,48.4,schedule_progress_gap_pct
617372,2026-05-01,0.9911,0.0074,52.3,HIGH,STABLE,0.5,NORMAL,MEDIUM,49.2,schedule_progress_gap_pct
617372,2026-07-01,0.0348,0.0631,3.6,LOW,DE_ESCALATING,-48.7,NORMAL,LOW,16.3,schedule_progress_gap_pct
617374,2026-04-01,0.9941,0.9994,77.5,CRITICAL,STABLE,0.0,NORMAL,HIGH,66.4,schedule_progress_gap_pct
617374,2026-05-01,0.9942,0.9994,77.6,CRITICAL,STABLE,0.1,NORMAL,HIGH,66.6,schedule_progress_gap_pct
617374,2026-06-01,0.9942,0.9994,77.8,CRITICAL,STABLE,0.2,NORMAL,HIGH,66.8,schedule_progress_gap_pct
617379,2026-04-01,0.996,0.986,89.3,CRITICAL,STABLE,0.0,NORMAL,HIGH,68.0,schedule_progress_gap_pct
617379,2026-05-01,0.996,0.9877,89.4,CRITICAL,STABLE,0.1,NORMAL,HIGH,68.2,schedule_progress_gap_pct
617379,2026-06-01,0.996,0.9881,89.4,CRITICAL,STABLE,0.0,NORMAL,HIGH,68.1,schedule_progress_gap_pct
617391,2026-04-01,0.9733,0.002,54.0,HIGH,STABLE,0.0,NORMAL,MEDIUM,50.7,schedule_progress_gap_pct
617391,2026-05-01,0.9739,0.0092,54.3,HIGH,STABLE,0.3,NORMAL,MEDIUM,51.1,schedule_progress_gap_pct
617391,2026-06-01,0.9746,0.002,54.1,HIGH,STABLE,-0.2,NORMAL,MEDIUM,50.5,schedule_progress_gap_pct
617391,2026-07-01,0.9757,0.002,54.1,HIGH,STABLE,0.0,NORMAL,MEDIUM,50.7,schedule_progress_gap_pct
617405,2026-07-01,0.9786,0.0081,54.4,HIGH,STABLE,0.0,NORMAL,HIGH,58.3,schedule_progress_gap_pct
617409,2026-04-01,0.0483,0.1427,6.9,LOW,STABLE,0.0,NORMAL,LOW,27.4,schedule_progress_gap_pct
617409,2026-05-01,0.0485,0.1034,5.6,LOW,STABLE,-1.3,NORMAL,LOW,25.4,schedule_progress_gap_pct
617409,2026-06-01,0.0494,0.1114,5.9,LOW,STABLE,0.3,NORMAL,LOW,27.2,schedule_progress_gap_pct
617409,2026-07-01,0.0496,0.0928,5.2,LOW,STABLE,-0.7,NORMAL,LOW,25.8,schedule_progress_gap_pct
617413,2026-04-01,0.9928,0.0017,54.8,HIGH,STABLE,0.0,NORMAL,HIGH,55.8,schedule_progress_gap_pct
617413,2026-05-01,0.9928,0.0017,54.8,HIGH,STABLE,0.0,NORMAL,HIGH,55.8,schedule_progress_gap_pct
617413,2026-06-01,0.9933,0.0072,55.0,HIGH,STABLE,0.2,NORMAL,HIGH,56.1,schedule_progress_gap_pct
617413,2026-07-01,0.9934,0.0117,55.1,HIGH,STABLE,0.1,NORMAL,HIGH,56.1,schedule_progress_gap_pct
617730,2026-06-01,0.9892,0.0276,52.5,HIGH,STABLE,0.0,NORMAL,HIGH,56.7,schedule_progress_gap_pct
617730,2026-07-01,0.9897,0.0098,52.6,HIGH,STABLE,0.1,NORMAL,HIGH,56.9,schedule_progress_gap_pct
617801,2026-04-01,0.9727,0.0132,54.4,HIGH,STABLE,0.0,NORMAL,MEDIUM,51.5,schedule_progress_gap_pct
617801,2026-05-01,0.9731,0.007,54.2,HIGH,STABLE,-0.2,NORMAL,MEDIUM,51.2,schedule_progress_gap_pct
617801,2026-06-01,0.9747,0.002,54.1,HIGH,STABLE,-0.1,NORMAL,MEDIUM,51.3,schedule_progress_gap_pct
617801,2026-07-01,0.9752,0.0092,54.3,HIGH,STABLE,0.2,NORMAL,MEDIUM,51.7,schedule_progress_gap_pct
617818,2026-04-01,0.9706,0.0063,52.9,HIGH,STABLE,0.0,NORMAL,MEDIUM,50.3,schedule_progress_gap_pct
617818,2026-05-01,0.0109,0.0126,12.1,LOW,DE_ESCALATING,-40.8,NORMAL,LOW,21.9,schedule_progress_gap_pct
617818,2026-06-01,0.0109,0.0119,12.3,LOW,STABLE,0.2,NORMAL,MEDIUM,30.2,schedule_progress_gap_pct
617819,2026-04-01,0.0111,0.0055,14.4,LOW,STABLE,0.0,NORMAL,MEDIUM,31.4,schedule_progress_gap_pct
617819,2026-05-01,0.0112,0.0063,14.7,LOW,STABLE,0.3,NORMAL,MEDIUM,31.8,schedule_progress_gap_pct
617819,2026-06-01,0.0112,0.0056,15.0,LOW,STABLE,0.3,NORMAL,MEDIUM,32.0,schedule_progress_gap_pct
617822,2026-04-01,0.0207,0.0055,6.6,LOW,STABLE,0.0,NORMAL,LOW,24.1,schedule_progress_gap_pct
617822,2026-05-01,0.021,0.0114,7.6,LOW,STABLE,1.0,NORMAL,LOW,25.6,schedule_progress_gap_pct
617822,2026-06-01,0.0213,0.0114,8.4,LOW,STABLE,0.8,NORMAL,LOW,25.8,schedule_progress_gap_pct
617827,2026-04-01,0.0144,0.0009,1.4,LOW,STABLE,0.0,NORMAL,LOW,25.6,schedule_progress_gap_pct
617827,2026-05-01,0.0149,0.0009,1.3,LOW,STABLE,-0.1,NORMAL,LOW,25.4,schedule_progress_gap_pct
617827,2026-06-01,0.0157,0.0008,0.9,LOW,STABLE,-0.4,NORMAL,LOW,24.9,schedule_progress_gap_pct
617828,2026-04-01,0.974,0.0068,46.4,MEDIUM,STABLE,0.0,NORMAL,MEDIUM,44.8,schedule_progress_gap_pct
617828,2026-05-01,0.0161,0.0022,8.0,LOW,DE_ESCALATING,-38.4,NORMAL,LOW,17.6,schedule_progress_gap_pct
617828,2026-06-01,0.0165,0.0022,8.1,LOW,STABLE,0.1,NORMAL,LOW,25.7,schedule_progress_gap_pct
617828,2026-07-01,0.0166,0.0012,6.9,LOW,STABLE,-1.2,NORMAL,LOW,23.8,schedule_progress_gap_pct
617829,2026-04-01,0.0188,0.0012,3.5,LOW,STABLE,0.0,NORMAL,LOW,22.7,schedule_progress_gap_pct
617829,2026-05-01,0.0191,0.0083,4.2,LOW,STABLE,0.7,NORMAL,LOW,23.8,schedule_progress_gap_pct
617829,2026-06-01,0.0201,0.0145,4.9,LOW,STABLE,0.7,NORMAL,LOW,24.1,schedule_progress_gap_pct
617829,2026-07-01,0.0211,0.0084,5.0,LOW,STABLE,0.1,NORMAL,LOW,23.6,schedule_progress_gap_pct
617830,2026-04-01,0.034,0.0047,3.5,LOW,STABLE,0.0,NORMAL,MEDIUM,30.0,schedule_progress_gap_pct
617830,2026-05-01,0.0356,0.0068,3.7,LOW,STABLE,0.2,NORMAL,MEDIUM,30.3,schedule_progress_gap_pct
617830,2026-06-01,0.0372,0.0031,3.8,LOW,STABLE,0.1,NORMAL,MEDIUM,30.3,schedule_progress_gap_pct
617836,2026-04-01,0.9893,0.0065,54.8,HIGH,STABLE,0.0,NORMAL,MEDIUM,52.0,schedule_progress_gap_pct
617836,2026-05-01,0.9906,0.0146,53.6,HIGH,STABLE,-1.2,NORMAL,MEDIUM,50.2,schedule_progress_gap_pct
617836,2026-06-01,0.9909,0.0314,54.5,HIGH,STABLE,0.9,NORMAL,MEDIUM,52.8,schedule_progress_gap_pct
617837,2026-04-01,0.9925,0.0119,46.2,MEDIUM,STABLE,0.0,NORMAL,MEDIUM,46.8,schedule_progress_gap_pct
617837,2026-05-01,0.9926,0.0119,46.8,MEDIUM,STABLE,0.6,NORMAL,MEDIUM,47.7,schedule_progress_gap_pct
617837,2026-06-01,0.9927,0.0116,47.3,MEDIUM,STABLE,0.5,NORMAL,MEDIUM,47.8,schedule_progress_gap_pct
617837,2026-07-01,0.9934,0.0345,48.5,MEDIUM,STABLE,1.2,NORMAL,MEDIUM,49.1,schedule_progress_gap_pct
617838,2026-04-01,0.0193,0.0008,2.0,LOW,STABLE,0.0,NORMAL,LOW,27.6,schedule_progress_gap_pct
617838,2026-05-01,0.0208,0.0008,1.3,LOW,STABLE,-0.7,NORMAL,LOW,26.6,schedule_progress_gap_pct
617838,2026-06-01,0.0216,0.0008,1.3,LOW,STABLE,0.0,NORMAL,LOW,27.3,schedule_progress_gap_pct
617839,2026-04-01,0.0397,0.0053,9.6,LOW,STABLE,0.0,NORMAL,LOW,27.4,schedule_progress_gap_pct
617839,2026-05-01,0.0409,0.0208,10.7,LOW,STABLE,1.1,NORMAL,LOW,29.0,schedule_progress_gap_pct
617839,2026-06-01,0.0413,0.0358,11.9,LOW,STABLE,1.2,NORMAL,LOW,29.7,schedule_progress_gap_pct
617885,2026-04-01,0.991,0.0224,55.4,HIGH,STABLE,0.0,NORMAL,MEDIUM,49.7,schedule_progress_gap_pct
617885,2026-05-01,0.9911,0.0252,55.5,HIGH,STABLE,0.1,NORMAL,MEDIUM,49.9,schedule_progress_gap_pct
617885,2026-06-01,0.9912,0.0252,55.5,HIGH,STABLE,0.0,NORMAL,MEDIUM,49.8,schedule_progress_gap_pct
617885,2026-07-01,0.9914,0.0264,55.6,HIGH,STABLE,0.1,NORMAL,MEDIUM,49.9,schedule_progress_gap_pct
617886,2026-04-01,0.9709,0.0049,53.2,HIGH,STABLE,0.0,NORMAL,MEDIUM,48.0,schedule_progress_gap_pct
617886,2026-05-01,0.971,0.0049,54.0,HIGH,STABLE,0.8,NORMAL,MEDIUM,49.2,schedule_progress_gap_pct
617886,2026-06-01,0.9717,0.004,54.0,HIGH,STABLE,0.0,NORMAL,MEDIUM,48.4,schedule_progress_gap_pct
617886,2026-07-01,0.972,0.004,54.0,HIGH,STABLE,0.0,NORMAL,MEDIUM,48.4,schedule_progress_gap_pct
617887,2026-04-01,0.9911,0.0179,55.3,HIGH,STABLE,0.0,NORMAL,MEDIUM,50.5,schedule_progress_gap_pct
617887,2026-05-01,0.9911,0.0179,55.3,HIGH,STABLE,0.0,NORMAL,MEDIUM,50.5,schedule_progress_gap_pct
617887,2026-06-01,0.9917,0.0506,56.4,HIGH,STABLE,1.1,NORMAL,MEDIUM,52.1,schedule_progress_gap_pct
617888,2026-04-01,0.9894,0.0669,56.9,HIGH,STABLE,0.0,NORMAL,MEDIUM,48.9,schedule_progress_gap_pct
617888,2026-05-01,0.9894,0.0669,56.9,HIGH,STABLE,0.0,NORMAL,MEDIUM,48.9,schedule_progress_gap_pct
617888,2026-06-01,0.9896,0.0669,56.9,HIGH,STABLE,0.0,NORMAL,MEDIUM,48.9,schedule_progress_gap_pct
617888,2026-07-01,0.9896,0.0669,56.9,HIGH,STABLE,0.0,NORMAL,MEDIUM,48.9,schedule_progress_gap_pct
617889,2026-04-01,0.9901,0.0819,57.5,HIGH,STABLE,0.0,NORMAL,MEDIUM,49.2,schedule_progress_gap_pct
617889,2026-05-01,0.9904,0.0716,57.1,HIGH,STABLE,-0.4,NORMAL,MEDIUM,48.6,schedule_progress_gap_pct
617889,2026-06-01,0.9905,0.0739,57.2,HIGH,STABLE,0.1,NORMAL,MEDIUM,49.1,schedule_progress_gap_pct
617889,2026-07-01,0.9906,0.0739,57.2,HIGH,STABLE,0.0,NORMAL,MEDIUM,49.0,schedule_progress_gap_pct
617891,2026-04-01,0.99,0.0345,55.8,HIGH,STABLE,0.0,NORMAL,MEDIUM,48.2,schedule_progress_gap_pct
617891,2026-05-01,0.99,0.0632,56.8,HIGH,STABLE,1.0,NORMAL,MEDIUM,49.7,schedule_progress_gap_pct
617892,2026-04-01,0.9902,0.047,56.3,HIGH,STABLE,0.0,NORMAL,MEDIUM,51.6,schedule_progress_gap_pct
617892,2026-05-01,0.9904,0.0327,55.8,HIGH,STABLE,-0.5,NORMAL,MEDIUM,50.8,schedule_progress_gap_pct
617892,2026-06-01,0.9904,0.039,56.0,HIGH,STABLE,0.2,NORMAL,MEDIUM,51.6,schedule_progress_gap_pct
617892,2026-07-01,0.9907,0.0478,56.3,HIGH,STABLE,0.3,NORMAL,MEDIUM,51.9,schedule_progress_gap_pct
617893,2026-04-01,0.0073,0.0032,5.4,LOW,STABLE,0.0,NORMAL,LOW,24.7,schedule_progress_gap_pct
617893,2026-05-01,0.0073,0.0032,6.4,LOW,STABLE,1.0,NORMAL,LOW,26.2,schedule_progress_gap_pct
617893,2026-06-01,0.0073,0.0031,7.4,LOW,STABLE,1.0,NORMAL,LOW,26.7,schedule_progress_gap_pct
617893,2026-07-01,0.0074,0.0031,8.4,LOW,STABLE,1.0,NORMAL,LOW,27.2,schedule_progress_gap_pct
617894,2026-04-01,0.9815,0.0009,51.0,HIGH,STABLE,0.0,NORMAL,MEDIUM,48.6,schedule_progress_gap_pct
617894,2026-05-01,0.9824,0.0008,51.8,HIGH,STABLE,0.8,NORMAL,MEDIUM,49.8,schedule_progress_gap_pct
617894,2026-06-01,0.9828,0.0004,52.9,HIGH,STABLE,1.1,NORMAL,MEDIUM,50.6,schedule_progress_gap_pct
617894,2026-07-01,0.9829,0.0003,54.2,HIGH,STABLE,1.3,NORMAL,MEDIUM,51.5,schedule_progress_gap_pct
617895,2026-04-01,0.9848,0.0058,54.6,HIGH,STABLE,0.0,NORMAL,MEDIUM,51.3,schedule_progress_gap_pct
617895,2026-05-01,0.986,0.0023,54.5,HIGH,STABLE,-0.1,NORMAL,MEDIUM,51.2,schedule_progress_gap_pct
617895,2026-06-01,0.9861,0.0112,58.1,HIGH,STABLE,3.6,UNUSUAL,HIGH,56.7,schedule_progress_gap_pct
617895,2026-07-01,0.9863,0.0091,54.8,HIGH,STABLE,-3.3,NORMAL,MEDIUM,48.1,schedule_progress_gap_pct
617896,2026-04-01,0.0106,0.0098,15.4,LOW,STABLE,0.0,NORMAL,MEDIUM,30.9,schedule_progress_gap_pct
617896,2026-05-01,0.0107,0.0098,15.8,LOW,STABLE,0.4,NORMAL,MEDIUM,31.5,schedule_progress_gap_pct
617896,2026-06-01,0.0111,0.0098,15.8,LOW,STABLE,0.0,NORMAL,MEDIUM,31.1,schedule_progress_gap_pct
617896,2026-07-01,0.0135,0.0098,15.6,LOW,STABLE,-0.2,NORMAL,MEDIUM,30.8,schedule_progress_gap_pct
617897,2026-04-01,0.9865,0.0108,54.8,HIGH,STABLE,0.0,NORMAL,MEDIUM,49.3,schedule_progress_gap_pct
617897,2026-05-01,0.9873,0.0184,55.1,HIGH,STABLE,0.3,NORMAL,MEDIUM,49.8,schedule_progress_gap_pct
617897,2026-06-01,0.9878,0.0274,55.5,HIGH,STABLE,0.4,NORMAL,MEDIUM,50.1,schedule_progress_gap_pct
617897,2026-07-01,0.9884,0.0223,55.3,HIGH,STABLE,-0.2,NORMAL,MEDIUM,49.4,schedule_progress_gap_pct
617898,2026-04-01,0.0079,0.004,12.5,LOW,STABLE,0.0,NORMAL,LOW,26.8,schedule_progress_gap_pct
617898,2026-05-01,0.0079,0.004,13.4,LOW,STABLE,0.9,NORMAL,LOW,28.1,schedule_progress_gap_pct
617898,2026-06-01,0.008,0.0036,14.4,LOW,STABLE,1.0,NORMAL,LOW,28.7,schedule_progress_gap_pct
617898,2026-07-01,0.008,0.0036,15.4,LOW,STABLE,1.0,NORMAL,LOW,29.2,schedule_progress_gap_pct
617899,2026-04-01,0.9794,0.0008,54.2,HIGH,STABLE,0.0,NORMAL,MEDIUM,51.7,schedule_progress_gap_pct
617899,2026-05-01,0.9795,0.0008,54.2,HIGH,STABLE,0.0,NORMAL,MEDIUM,51.7,schedule_progress_gap_pct
617899,2026-06-01,0.9796,0.0008,54.2,HIGH,STABLE,0.0,NORMAL,MEDIUM,51.7,schedule_progress_gap_pct
617899,2026-07-01,0.9797,0.0008,54.2,HIGH,STABLE,0.0,NORMAL,MEDIUM,51.7,schedule_progress_gap_pct
617900,2026-04-01,0.9894,0.037,55.9,HIGH,STABLE,0.0,NORMAL,MEDIUM,47.5,schedule_progress_gap_pct
617900,2026-05-01,0.9897,0.0343,55.8,HIGH,STABLE,-0.1,NORMAL,MEDIUM,47.3,schedule_progress_gap_pct
617901,2026-04-01,0.9897,0.02,55.3,HIGH,STABLE,0.0,NORMAL,MEDIUM,48.1,schedule_progress_gap_pct
617901,2026-05-01,0.9897,0.02,55.3,HIGH,STABLE,0.0,NORMAL,MEDIUM,48.1,schedule_progress_gap_pct
617901,2026-06-01,0.99,0.011,55.0,HIGH,STABLE,-0.3,NORMAL,MEDIUM,47.7,schedule_progress_gap_pct
617901,2026-07-01,0.9901,0.0195,55.3,HIGH,STABLE,0.3,NORMAL,MEDIUM,48.4,schedule_progress_gap_pct
617902,2026-04-01,0.0114,0.0069,14.4,LOW,STABLE,0.0,NORMAL,LOW,27.2,schedule_progress_gap_pct
617902,2026-05-01,0.0139,0.0015,11.3,LOW,STABLE,-3.1,NORMAL,LOW,22.5,schedule_progress_gap_pct
617902,2026-06-01,0.014,0.0037,12.7,LOW,STABLE,1.4,NORMAL,LOW,27.7,schedule_progress_gap_pct
617902,2026-07-01,0.0147,0.0015,13.0,LOW,STABLE,0.3,NORMAL,LOW,26.8,schedule_progress_gap_pct
617904,2026-04-01,0.9797,0.0062,54.4,HIGH,STABLE,0.0,NORMAL,MEDIUM,48.4,schedule_progress_gap_pct
617904,2026-05-01,0.9798,0.0062,54.4,HIGH,STABLE,0.0,NORMAL,MEDIUM,48.4,schedule_progress_gap_pct
617904,2026-06-01,0.9799,0.0061,54.4,HIGH,STABLE,0.0,NORMAL,MEDIUM,48.4,schedule_progress_gap_pct
617904,2026-07-01,0.9807,0.0115,54.6,HIGH,STABLE,0.2,NORMAL,MEDIUM,48.7,schedule_progress_gap_pct
617905,2026-04-01,0.9849,0.0068,54.6,HIGH,STABLE,0.0,NORMAL,MEDIUM,49.5,schedule_progress_gap_pct
617905,2026-05-01,0.9849,0.0068,54.6,HIGH,STABLE,0.0,NORMAL,MEDIUM,49.5,schedule_progress_gap_pct
617905,2026-06-01,0.985,0.0014,54.4,HIGH,STABLE,-0.2,NORMAL,MEDIUM,49.2,schedule_progress_gap_pct
617905,2026-07-01,0.9873,0.0067,54.7,HIGH,STABLE,0.3,NORMAL,MEDIUM,49.9,schedule_progress_gap_pct
617906,2026-04-01,0.0139,0.0151,9.3,LOW,STABLE,0.0,NORMAL,LOW,25.9,schedule_progress_gap_pct
617906,2026-05-01,0.014,0.008,10.3,LOW,STABLE,1.0,NORMAL,LOW,27.4,schedule_progress_gap_pct
617906,2026-06-01,0.014,0.008,11.5,LOW,STABLE,1.2,NORMAL,LOW,28.2,schedule_progress_gap_pct
617906,2026-07-01,0.0141,0.008,12.8,LOW,STABLE,1.3,NORMAL,LOW,29.0,schedule_progress_gap_pct
617907,2026-04-01,0.9908,0.0345,55.8,HIGH,STABLE,0.0,NORMAL,MEDIUM,51.2,schedule_progress_gap_pct
617907,2026-05-01,0.9909,0.0458,56.2,HIGH,STABLE,0.4,NORMAL,MEDIUM,51.8,schedule_progress_gap_pct
617908,2026-04-01,0.0128,0.0128,6.4,LOW,STABLE,0.0,NORMAL,LOW,23.0,schedule_progress_gap_pct
617908,2026-05-01,0.0138,0.0181,6.3,LOW,STABLE,-0.1,NORMAL,LOW,22.9,schedule_progress_gap_pct
617908,2026-06-01,0.0148,0.0181,6.1,LOW,STABLE,-0.2,NORMAL,LOW,22.7,schedule_progress_gap_pct
617908,2026-07-01,0.0149,0.0145,7.2,LOW,STABLE,1.1,NORMAL,LOW,24.5,schedule_progress_gap_pct
617909,2026-04-01,0.0163,0.0072,3.3,LOW,STABLE,0.0,NORMAL,LOW,26.3,schedule_progress_gap_pct
617909,2026-05-01,0.0164,0.0089,4.6,LOW,STABLE,1.3,NORMAL,LOW,28.3,schedule_progress_gap_pct
617909,2026-06-01,0.0165,0.0072,5.8,LOW,STABLE,1.2,NORMAL,LOW,28.8,schedule_progress_gap_pct
617909,2026-07-01,0.0166,0.0072,7.1,LOW,STABLE,1.3,NORMAL,LOW,29.5,schedule_progress_gap_pct
617911,2026-04-01,0.9963,0.0485,66.5,HIGH,STABLE,0.0,REQUIRES_VERIFICATION,HIGH,57.1,schedule_progress_gap_pct
617911,2026-05-01,0.9963,0.0485,66.5,HIGH,STABLE,0.0,REQUIRES_VERIFICATION,HIGH,57.1,schedule_progress_gap_pct
617911,2026-06-01,0.9963,0.0485,66.5,HIGH,STABLE,0.0,REQUIRES_VERIFICATION,HIGH,57.1,schedule_progress_gap_pct
617911,2026-07-01,0.9964,0.0485,66.6,HIGH,STABLE,0.1,REQUIRES_VERIFICATION,HIGH,57.3,schedule_progress_gap_pct
617912,2026-04-01,0.0096,0.0054,6.2,LOW,STABLE,0.0,NORMAL,LOW,27.6,schedule_progress_gap_pct
617912,2026-05-01,0.01,0.0036,6.8,LOW,STABLE,0.6,NORMAL,LOW,28.5,schedule_progress_gap_pct
617912,2026-06-01,0.01,0.0054,8.1,LOW,STABLE,1.3,NORMAL,LOW,29.9,schedule_progress_gap_pct
617912,2026-07-01,0.0101,0.0041,9.3,LOW,STABLE,1.2,NORMAL,MEDIUM,30.4,schedule_progress_gap_pct
617913,2026-04-01,0.9945,0.9504,94.6,CRITICAL,STABLE,0.0,ANOMALOUS,HIGH,69.1,schedule_progress_gap_pct
617913,2026-05-01,0.9945,0.9542,94.8,CRITICAL,STABLE,0.2,ANOMALOUS,HIGH,69.4,schedule_progress_gap_pct
617913,2026-06-01,0.9946,0.9476,94.5,CRITICAL,STABLE,-0.3,ANOMALOUS,HIGH,68.7,schedule_progress_gap_pct
617913,2026-07-01,0.9946,0.9542,94.8,CRITICAL,STABLE,0.3,ANOMALOUS,HIGH,69.5,schedule_progress_gap_pct
617914,2026-04-01,0.972,0.0038,54.0,HIGH,STABLE,0.0,NORMAL,MEDIUM,48.2,schedule_progress_gap_pct
617914,2026-05-01,0.9722,0.0038,54.0,HIGH,STABLE,0.0,NORMAL,MEDIUM,48.2,schedule_progress_gap_pct
617914,2026-06-01,0.9736,0.0145,54.5,HIGH,STABLE,0.5,NORMAL,MEDIUM,49.0,schedule_progress_gap_pct
617914,2026-07-01,0.9769,0.0009,54.1,HIGH,STABLE,-0.4,NORMAL,MEDIUM,47.9,schedule_progress_gap_pct
617915,2026-04-01,0.988,0.0539,52.0,HIGH,STABLE,0.0,NORMAL,MEDIUM,48.3,schedule_progress_gap_pct
617915,2026-05-01,0.9881,0.0592,53.4,HIGH,STABLE,1.4,NORMAL,MEDIUM,50.4,schedule_progress_gap_pct
617915,2026-06-01,0.9893,0.0906,53.9,HIGH,STABLE,0.5,NORMAL,MEDIUM,49.8,schedule_progress_gap_pct
617916,2026-04-01,0.0104,0.02,1.3,LOW,STABLE,0.0,NORMAL,LOW,27.8,schedule_progress_gap_pct
617916,2026-05-01,0.0108,0.0159,1.5,LOW,STABLE,0.2,NORMAL,LOW,28.1,schedule_progress_gap_pct
617916,2026-06-01,0.0112,0.0116,1.8,LOW,STABLE,0.3,NORMAL,LOW,28.3,schedule_progress_gap_pct
617916,2026-07-01,0.012,0.0159,1.5,LOW,STABLE,-0.3,NORMAL,LOW,27.6,schedule_progress_gap_pct
617917,2026-04-01,0.9909,0.1051,58.3,HIGH,STABLE,0.0,NORMAL,MEDIUM,52.8,schedule_progress_gap_pct
617917,2026-05-01,0.991,0.0874,57.7,HIGH,STABLE,-0.6,NORMAL,MEDIUM,51.9,schedule_progress_gap_pct
617919,2026-04-01,0.9937,0.0479,59.7,HIGH,STABLE,0.0,UNUSUAL,MEDIUM,52.4,schedule_progress_gap_pct
617919,2026-05-01,0.9937,0.0479,59.7,HIGH,STABLE,0.0,UNUSUAL,MEDIUM,52.4,schedule_progress_gap_pct
617919,2026-06-01,0.9937,0.0479,59.7,HIGH,STABLE,0.0,UNUSUAL,MEDIUM,52.4,schedule_progress_gap_pct
617919,2026-07-01,0.994,0.0295,62.4,HIGH,STABLE,2.7,ANOMALOUS,HIGH,56.4,schedule_progress_gap_pct
617920,2026-04-01,0.008,0.0083,12.2,LOW,STABLE,0.0,NORMAL,MEDIUM,30.0,schedule_progress_gap_pct
617920,2026-05-01,0.008,0.0087,13.5,LOW,STABLE,1.3,NORMAL,MEDIUM,31.9,schedule_progress_gap_pct
617920,2026-06-01,0.0081,0.0083,14.7,LOW,STABLE,1.2,NORMAL,MEDIUM,32.4,schedule_progress_gap_pct
617920,2026-07-01,0.0081,0.0096,15.7,LOW,STABLE,1.0,NORMAL,MEDIUM,32.7,schedule_progress_gap_pct
617921,2026-04-01,0.9818,0.008,54.6,HIGH,STABLE,0.0,NORMAL,MEDIUM,51.1,schedule_progress_gap_pct
617921,2026-05-01,0.9826,0.008,54.6,HIGH,STABLE,0.0,NORMAL,MEDIUM,51.1,schedule_progress_gap_pct
617921,2026-06-01,0.9827,0.0026,54.4,HIGH,STABLE,-0.2,NORMAL,MEDIUM,50.8,schedule_progress_gap_pct
617921,2026-07-01,0.984,0.0057,54.6,HIGH,STABLE,0.2,NORMAL,MEDIUM,51.3,schedule_progress_gap_pct
617922,2026-04-01,0.0102,0.0009,9.1,LOW,STABLE,0.0,NORMAL,LOW,28.9,schedule_progress_gap_pct
617922,2026-05-01,0.0105,0.0008,9.5,LOW,STABLE,0.4,NORMAL,LOW,29.5,schedule_progress_gap_pct
617922,2026-06-01,0.0106,0.0008,10.5,LOW,STABLE,1.0,NORMAL,MEDIUM,30.6,schedule_progress_gap_pct
617922,2026-07-01,0.0109,0.0008,10.9,LOW,STABLE,0.4,NORMAL,MEDIUM,30.2,schedule_progress_gap_pct
617923,2026-04-01,0.0109,0.0021,8.3,LOW,STABLE,0.0,NORMAL,LOW,23.8,schedule_progress_gap_pct
617923,2026-05-01,0.0117,0.0046,8.1,LOW,STABLE,-0.2,NORMAL,LOW,23.5,schedule_progress_gap_pct
617923,2026-06-01,0.0118,0.0013,9.3,LOW,STABLE,1.2,NORMAL,LOW,25.5,schedule_progress_gap_pct
617923,2026-07-01,0.0119,0.0013,10.5,LOW,STABLE,1.2,NORMAL,LOW,26.1,schedule_progress_gap_pct
617924,2026-04-01,0.9898,0.0186,55.2,HIGH,STABLE,0.0,NORMAL,MEDIUM,49.6,schedule_progress_gap_pct
617924,2026-05-01,0.9898,0.0186,55.2,HIGH,STABLE,0.0,NORMAL,MEDIUM,49.6,schedule_progress_gap_pct
617925,2026-04-01,0.988,0.0334,55.7,HIGH,STABLE,0.0,NORMAL,MEDIUM,47.6,schedule_progress_gap_pct
617925,2026-05-01,0.988,0.0334,55.7,HIGH,STABLE,0.0,NORMAL,MEDIUM,47.6,schedule_progress_gap_pct
617925,2026-06-01,0.9897,0.0249,55.5,HIGH,STABLE,-0.2,NORMAL,MEDIUM,47.3,schedule_progress_gap_pct
617925,2026-07-01,0.9899,0.0308,55.7,HIGH,STABLE,0.2,NORMAL,MEDIUM,47.8,schedule_progress_gap_pct
617926,2026-04-01,0.0131,0.0183,1.3,LOW,STABLE,0.0,NORMAL,LOW,23.6,schedule_progress_gap_pct
617926,2026-05-01,0.0131,0.0159,2.4,LOW,STABLE,1.1,NORMAL,LOW,25.3,schedule_progress_gap_pct
617926,2026-06-01,0.0154,0.0272,1.6,LOW,STABLE,-0.8,NORMAL,LOW,23.0,schedule_progress_gap_pct
617926,2026-07-01,0.0176,0.0892,3.8,LOW,STABLE,2.2,NORMAL,LOW,27.1,schedule_progress_gap_pct
617927,2026-04-01,0.0111,0.0097,2.3,LOW,STABLE,0.0,NORMAL,LOW,26.1,schedule_progress_gap_pct
617927,2026-05-01,0.0112,0.0137,3.7,LOW,STABLE,1.4,NORMAL,LOW,28.2,schedule_progress_gap_pct
617927,2026-06-01,0.0131,0.0097,1.6,LOW,STABLE,-2.1,NORMAL,LOW,23.7,schedule_progress_gap_pct
617927,2026-07-01,0.0133,0.0097,2.5,LOW,STABLE,0.9,NORMAL,LOW,27.1,schedule_progress_gap_pct
617928,2026-04-01,0.9885,0.0918,44.6,MEDIUM,STABLE,0.0,NORMAL,MEDIUM,41.9,schedule_progress_gap_pct
617928,2026-05-01,0.9886,0.0892,45.8,MEDIUM,STABLE,1.2,NORMAL,MEDIUM,43.7,schedule_progress_gap_pct
617928,2026-06-01,0.9887,0.0892,47.1,MEDIUM,STABLE,1.3,NORMAL,MEDIUM,44.4,schedule_progress_gap_pct
617928,2026-07-01,0.9888,0.0942,48.5,MEDIUM,STABLE,1.4,NORMAL,MEDIUM,45.2,schedule_progress_gap_pct
617929,2026-04-01,0.9925,0.067,63.6,HIGH,STABLE,0.0,ANOMALOUS,MEDIUM,53.1,schedule_progress_gap_pct
617929,2026-05-01,0.9925,0.067,63.6,HIGH,STABLE,0.0,ANOMALOUS,MEDIUM,53.1,schedule_progress_gap_pct
617929,2026-06-01,0.9926,0.0535,63.2,HIGH,STABLE,-0.4,ANOMALOUS,MEDIUM,52.5,schedule_progress_gap_pct
617929,2026-07-01,0.9926,0.067,63.7,HIGH,STABLE,0.5,ANOMALOUS,MEDIUM,53.6,schedule_progress_gap_pct
617930,2026-04-01,0.9842,0.013,50.0,HIGH,STABLE,0.0,NORMAL,MEDIUM,45.5,schedule_progress_gap_pct
617930,2026-05-01,0.9842,0.013,50.6,HIGH,STABLE,0.6,NORMAL,MEDIUM,46.4,schedule_progress_gap_pct
617930,2026-06-01,0.9838,0.0118,52.7,HIGH,STABLE,2.1,NORMAL,MEDIUM,48.9,schedule_progress_gap_pct
617930,2026-07-01,0.9839,0.0149,53.5,HIGH,STABLE,0.8,NORMAL,MEDIUM,48.0,schedule_progress_gap_pct
617931,2026-04-01,0.9625,0.0307,54.6,HIGH,STABLE,0.0,NORMAL,MEDIUM,47.0,schedule_progress_gap_pct
617931,2026-05-01,0.9631,0.0307,54.6,HIGH,STABLE,0.0,NORMAL,MEDIUM,47.0,schedule_progress_gap_pct
617931,2026-06-01,0.9635,0.0418,55.0,HIGH,STABLE,0.4,NORMAL,MEDIUM,47.6,schedule_progress_gap_pct
617931,2026-07-01,0.9655,0.0264,57.8,HIGH,STABLE,2.8,UNUSUAL,MEDIUM,51.4,schedule_progress_gap_pct
617932,2026-04-01,0.9873,0.037,55.8,HIGH,STABLE,0.0,NORMAL,MEDIUM,51.7,schedule_progress_gap_pct
617932,2026-05-01,0.9874,0.034,55.7,HIGH,STABLE,-0.1,NORMAL,MEDIUM,51.5,schedule_progress_gap_pct
617932,2026-06-01,0.9878,0.0394,55.9,HIGH,STABLE,0.2,NORMAL,MEDIUM,51.9,schedule_progress_gap_pct
617932,2026-07-01,0.9881,0.0164,58.4,HIGH,STABLE,2.5,UNUSUAL,HIGH,55.5,schedule_progress_gap_pct
617933,2026-04-01,0.0372,0.1718,7.5,LOW,STABLE,0.0,NORMAL,LOW,29.9,schedule_progress_gap_pct
617933,2026-05-01,0.0374,0.1718,7.5,LOW,STABLE,0.0,NORMAL,LOW,29.9,schedule_progress_gap_pct
617934,2026-04-01,0.9957,0.0607,63.6,HIGH,STABLE,0.0,ANOMALOUS,MEDIUM,54.8,schedule_progress_gap_pct
617934,2026-05-01,0.9958,0.0607,63.6,HIGH,STABLE,0.0,ANOMALOUS,MEDIUM,54.8,schedule_progress_gap_pct
617934,2026-06-01,0.9958,0.0602,63.5,HIGH,STABLE,-0.1,ANOMALOUS,MEDIUM,54.7,schedule_progress_gap_pct
617934,2026-07-01,0.9961,0.9389,97.7,CRITICAL,RAPID_ESCALATION,34.2,REQUIRES_VERIFICATION,CRITICAL_INTERVENTION,81.9,schedule_progress_gap_pct
617935,2026-04-01,0.983,0.2087,61.6,HIGH,STABLE,0.0,NORMAL,MEDIUM,52.8,schedule_progress_gap_pct
617935,2026-05-01,0.9859,0.0867,57.5,HIGH,STABLE,-4.1,NORMAL,MEDIUM,46.6,schedule_progress_gap_pct
617935,2026-06-01,0.9861,0.2151,62.0,HIGH,STABLE,4.5,NORMAL,HIGH,57.5,schedule_progress_gap_pct
617935,2026-07-01,0.9861,0.2268,62.4,HIGH,STABLE,0.4,NORMAL,MEDIUM,53.6,schedule_progress_gap_pct
617938,2026-04-01,0.0108,0.0074,9.3,LOW,STABLE,0.0,NORMAL,LOW,28.9,schedule_progress_gap_pct
617938,2026-05-01,0.0109,0.0073,11.0,LOW,STABLE,1.7,NORMAL,MEDIUM,31.5,schedule_progress_gap_pct
617938,2026-06-01,0.0126,0.0101,9.9,LOW,STABLE,-1.1,NORMAL,LOW,28.1,schedule_progress_gap_pct
617938,2026-07-01,0.0127,0.0042,11.3,LOW,STABLE,1.4,NORMAL,MEDIUM,31.3,schedule_progress_gap_pct
617939,2026-04-01,0.0127,0.0097,15.8,LOW,STABLE,0.0,NORMAL,MEDIUM,35.0,schedule_progress_gap_pct
617939,2026-05-01,0.0127,0.0018,15.6,LOW,STABLE,-0.2,NORMAL,MEDIUM,34.7,schedule_progress_gap_pct
617939,2026-06-01,0.9705,0.0197,54.5,HIGH,RAPID_ESCALATION,38.9,NORMAL,HIGH,64.4,schedule_progress_gap_pct
617939,2026-07-01,0.9711,0.0152,54.4,HIGH,STABLE,-0.1,NORMAL,MEDIUM,54.2,schedule_progress_gap_pct
617940,2026-04-01,0.9875,0.0231,55.3,HIGH,STABLE,0.0,NORMAL,MEDIUM,51.7,schedule_progress_gap_pct
617940,2026-05-01,0.9879,0.0087,54.8,HIGH,STABLE,-0.5,NORMAL,MEDIUM,51.0,schedule_progress_gap_pct
617940,2026-06-01,0.9881,0.0157,55.1,HIGH,STABLE,0.3,NORMAL,MEDIUM,51.9,schedule_progress_gap_pct
617940,2026-07-01,0.9887,0.0128,55.0,HIGH,STABLE,-0.1,NORMAL,MEDIUM,51.5,schedule_progress_gap_pct
617941,2026-04-01,0.0068,0.0025,2.8,LOW,STABLE,0.0,NORMAL,LOW,24.4,schedule_progress_gap_pct
617941,2026-05-01,0.0068,0.0238,4.6,LOW,STABLE,1.8,NORMAL,LOW,27.1,schedule_progress_gap_pct
617941,2026-06-01,0.0069,0.0229,5.9,LOW,STABLE,1.3,NORMAL,LOW,27.2,schedule_progress_gap_pct
617941,2026-07-01,0.007,0.0059,6.3,LOW,STABLE,0.4,NORMAL,LOW,26.5,schedule_progress_gap_pct
617942,2026-04-01,0.9849,0.0653,44.5,MEDIUM,STABLE,0.0,NORMAL,MEDIUM,46.9,schedule_progress_gap_pct
617942,2026-05-01,0.9862,0.0736,44.2,MEDIUM,STABLE,-0.3,NORMAL,MEDIUM,46.5,schedule_progress_gap_pct
617942,2026-06-01,0.9863,0.0785,45.6,MEDIUM,STABLE,1.4,NORMAL,MEDIUM,48.9,schedule_progress_gap_pct
617942,2026-07-01,0.9868,0.0785,46.2,MEDIUM,STABLE,0.6,NORMAL,MEDIUM,48.4,schedule_progress_gap_pct
617943,2026-06-01,0.0063,0.0022,2.3,LOW,STABLE,0.0,NORMAL,LOW,26.3,schedule_progress_gap_pct
617943,2026-07-01,0.0064,0.0022,3.3,LOW,STABLE,1.0,NORMAL,LOW,27.8,schedule_progress_gap_pct
617944,2026-04-01,0.0517,0.1261,21.5,LOW,STABLE,0.0,NORMAL,MEDIUM,35.6,schedule_progress_gap_pct
617944,2026-05-01,0.0519,0.1261,21.5,LOW,STABLE,0.0,NORMAL,MEDIUM,35.6,schedule_progress_gap_pct
617945,2026-04-01,0.02,0.0929,4.1,LOW,STABLE,0.0,NORMAL,LOW,24.6,schedule_progress_gap_pct
617945,2026-05-01,0.0218,0.1038,4.5,LOW,STABLE,0.4,NORMAL,LOW,25.2,schedule_progress_gap_pct
617945,2026-06-01,0.0247,0.1091,4.8,LOW,STABLE,0.3,NORMAL,LOW,25.3,schedule_progress_gap_pct
617945,2026-07-01,0.025,0.1177,5.1,LOW,STABLE,0.3,NORMAL,LOW,25.4,schedule_progress_gap_pct
617946,2026-04-01,0.9949,0.0574,63.4,HIGH,STABLE,0.0,ANOMALOUS,HIGH,58.4,schedule_progress_gap_pct
617946,2026-05-01,0.9949,0.0574,63.4,HIGH,STABLE,0.0,ANOMALOUS,HIGH,58.4,schedule_progress_gap_pct
617946,2026-06-01,0.9949,0.0574,63.4,HIGH,STABLE,0.0,ANOMALOUS,HIGH,58.4,schedule_progress_gap_pct
617946,2026-07-01,0.9952,0.0312,65.9,HIGH,STABLE,2.5,REQUIRES_VERIFICATION,HIGH,62.1,schedule_progress_gap_pct
617947,2026-04-01,0.9939,0.0479,63.0,HIGH,STABLE,0.0,ANOMALOUS,HIGH,57.7,schedule_progress_gap_pct
617947,2026-05-01,0.9939,0.0479,63.0,HIGH,STABLE,0.0,ANOMALOUS,HIGH,57.7,schedule_progress_gap_pct
617947,2026-06-01,0.994,0.0479,63.0,HIGH,STABLE,0.0,ANOMALOUS,HIGH,57.7,schedule_progress_gap_pct
617947,2026-07-01,0.994,0.0434,62.9,HIGH,STABLE,-0.1,ANOMALOUS,HIGH,57.6,schedule_progress_gap_pct
617948,2026-04-01,0.9947,0.0244,62.2,HIGH,STABLE,0.0,ANOMALOUS,HIGH,57.7,schedule_progress_gap_pct
617948,2026-05-01,0.9947,0.0244,62.2,HIGH,STABLE,0.0,ANOMALOUS,HIGH,57.7,schedule_progress_gap_pct
617948,2026-06-01,0.9948,0.0263,65.7,HIGH,STABLE,3.5,REQUIRES_VERIFICATION,HIGH,63.0,schedule_progress_gap_pct
617948,2026-07-01,0.9948,0.025,62.3,HIGH,STABLE,-3.4,ANOMALOUS,MEDIUM,54.4,schedule_progress_gap_pct
617949,2026-04-01,0.0369,0.0313,3.8,LOW,STABLE,0.0,NORMAL,LOW,21.7,schedule_progress_gap_pct
617949,2026-05-01,0.0371,0.0262,4.9,LOW,STABLE,1.1,NORMAL,LOW,23.3,schedule_progress_gap_pct
617949,2026-06-01,0.0374,0.0225,6.1,LOW,STABLE,1.2,NORMAL,LOW,24.0,schedule_progress_gap_pct
617950,2026-04-01,0.0082,0.0036,15.4,LOW,STABLE,0.0,NORMAL,LOW,28.3,schedule_progress_gap_pct
617950,2026-05-01,0.0083,0.0061,15.5,LOW,STABLE,0.1,NORMAL,LOW,28.5,schedule_progress_gap_pct
617950,2026-06-01,0.011,0.0151,13.3,LOW,STABLE,-2.2,NORMAL,LOW,25.1,schedule_progress_gap_pct
617950,2026-07-01,0.0114,0.0058,14.0,LOW,STABLE,0.7,NORMAL,LOW,28.3,schedule_progress_gap_pct
617951,2026-04-01,0.0079,0.0032,5.4,LOW,STABLE,0.0,NORMAL,LOW,24.8,schedule_progress_gap_pct
617951,2026-05-01,0.0079,0.0032,7.0,LOW,STABLE,1.6,NORMAL,LOW,27.2,schedule_progress_gap_pct
617951,2026-06-01,0.0092,0.001,9.0,LOW,STABLE,2.0,UNUSUAL,LOW,28.6,schedule_progress_gap_pct
617951,2026-07-01,0.0097,0.0022,6.2,LOW,STABLE,-2.8,NORMAL,LOW,22.4,schedule_progress_gap_pct
617954,2026-04-01,0.9891,0.0345,55.8,HIGH,STABLE,0.0,NORMAL,MEDIUM,50.9,schedule_progress_gap_pct
617954,2026-05-01,0.9892,0.0378,55.9,HIGH,STABLE,0.1,NORMAL,MEDIUM,51.0,schedule_progress_gap_pct
617955,2026-04-01,0.9875,0.0057,54.7,HIGH,STABLE,0.0,NORMAL,MEDIUM,52.4,schedule_progress_gap_pct
617955,2026-05-01,0.9878,0.0057,54.7,HIGH,STABLE,0.0,NORMAL,MEDIUM,52.4,schedule_progress_gap_pct
617955,2026-06-01,0.988,0.0037,54.7,HIGH,STABLE,0.0,NORMAL,MEDIUM,52.4,schedule_progress_gap_pct
617955,2026-07-01,0.9882,0.0096,54.9,HIGH,STABLE,0.2,NORMAL,MEDIUM,52.7,schedule_progress_gap_pct
617958,2026-04-01,0.9898,0.0093,54.9,HIGH,STABLE,0.0,NORMAL,MEDIUM,51.7,schedule_progress_gap_pct
617958,2026-05-01,0.9899,0.0111,58.3,HIGH,STABLE,3.4,UNUSUAL,HIGH,56.8,schedule_progress_gap_pct
617958,2026-06-01,0.99,0.0262,58.8,HIGH,STABLE,0.5,UNUSUAL,MEDIUM,54.1,schedule_progress_gap_pct
617958,2026-07-01,0.9867,0.0179,55.1,HIGH,STABLE,-3.7,NORMAL,MEDIUM,48.1,schedule_progress_gap_pct
617960,2026-04-01,0.9949,0.0732,64.0,HIGH,STABLE,0.0,ANOMALOUS,MEDIUM,53.6,schedule_progress_gap_pct
617960,2026-05-01,0.995,0.0944,64.7,HIGH,STABLE,0.7,ANOMALOUS,MEDIUM,54.7,schedule_progress_gap_pct
617960,2026-06-01,0.9951,0.1182,68.9,HIGH,STABLE,4.2,REQUIRES_VERIFICATION,HIGH,60.3,schedule_progress_gap_pct
617960,2026-07-01,0.9952,0.1126,65.3,HIGH,STABLE,-3.6,ANOMALOUS,MEDIUM,50.7,schedule_progress_gap_pct
617961,2026-04-01,0.9942,0.0745,60.7,HIGH,STABLE,0.0,UNUSUAL,HIGH,57.8,schedule_progress_gap_pct
617961,2026-05-01,0.9943,0.0745,60.7,HIGH,STABLE,0.0,UNUSUAL,HIGH,57.8,schedule_progress_gap_pct
617961,2026-06-01,0.9944,0.0745,60.7,HIGH,STABLE,0.0,UNUSUAL,HIGH,57.8,schedule_progress_gap_pct
617961,2026-07-01,0.9944,0.0745,60.7,HIGH,STABLE,0.0,UNUSUAL,HIGH,57.8,schedule_progress_gap_pct
617962,2026-04-01,0.0296,0.0656,3.5,LOW,STABLE,0.0,NORMAL,LOW,22.9,schedule_progress_gap_pct
617962,2026-05-01,0.0301,0.0556,3.2,LOW,STABLE,-0.3,NORMAL,LOW,22.5,schedule_progress_gap_pct
617962,2026-06-01,0.0303,0.0312,2.3,LOW,STABLE,-0.9,NORMAL,LOW,21.4,schedule_progress_gap_pct
617962,2026-07-01,0.0305,0.0176,2.3,LOW,STABLE,0.0,NORMAL,LOW,22.3,schedule_progress_gap_pct
617963,2026-04-01,0.9711,0.0206,47.8,MEDIUM,STABLE,0.0,NORMAL,MEDIUM,45.8,schedule_progress_gap_pct
617963,2026-05-01,0.9704,0.0072,49.1,MEDIUM,STABLE,1.3,NORMAL,MEDIUM,47.8,schedule_progress_gap_pct
617963,2026-06-01,0.9706,0.0072,50.4,HIGH,STABLE,1.3,NORMAL,MEDIUM,48.4,schedule_progress_gap_pct
617963,2026-07-01,0.0151,0.0038,11.5,LOW,DE_ESCALATING,-38.9,NORMAL,LOW,19.7,schedule_progress_gap_pct
617964,2026-04-01,0.0125,0.0033,14.3,LOW,STABLE,0.0,NORMAL,LOW,29.2,schedule_progress_gap_pct
617964,2026-05-01,0.0128,0.0026,15.2,LOW,STABLE,0.9,NORMAL,MEDIUM,30.6,schedule_progress_gap_pct
617964,2026-06-01,0.0138,0.0015,15.0,LOW,STABLE,-0.2,NORMAL,LOW,29.4,schedule_progress_gap_pct
617964,2026-07-01,0.0139,0.0025,15.6,LOW,STABLE,0.6,NORMAL,MEDIUM,30.5,schedule_progress_gap_pct
617965,2026-04-01,0.9898,0.0782,57.3,HIGH,STABLE,0.0,NORMAL,MEDIUM,49.1,schedule_progress_gap_pct
617965,2026-05-01,0.9898,0.09,57.7,HIGH,STABLE,0.4,NORMAL,MEDIUM,49.7,schedule_progress_gap_pct
617965,2026-06-01,0.9914,0.0908,57.8,HIGH,STABLE,0.1,NORMAL,MEDIUM,49.5,schedule_progress_gap_pct
617965,2026-07-01,0.9919,0.0493,59.7,HIGH,STABLE,1.9,UNUSUAL,MEDIUM,52.2,schedule_progress_gap_pct
617966,2026-04-01,0.9948,0.0784,57.5,HIGH,STABLE,0.0,NORMAL,MEDIUM,54.1,schedule_progress_gap_pct
617966,2026-05-01,0.9949,0.0784,60.8,HIGH,STABLE,3.3,UNUSUAL,HIGH,59.0,schedule_progress_gap_pct
617966,2026-06-01,0.9949,0.0784,60.8,HIGH,STABLE,0.0,UNUSUAL,HIGH,55.7,schedule_progress_gap_pct
617966,2026-07-01,0.9951,0.0784,60.8,HIGH,STABLE,0.0,UNUSUAL,HIGH,55.7,schedule_progress_gap_pct
617967,2026-04-01,0.9882,0.063,51.0,HIGH,STABLE,0.0,NORMAL,MEDIUM,46.9,schedule_progress_gap_pct
617967,2026-05-01,0.9882,0.063,52.0,HIGH,STABLE,1.0,NORMAL,MEDIUM,48.4,schedule_progress_gap_pct
617967,2026-06-01,0.9885,0.063,53.1,HIGH,STABLE,1.1,NORMAL,MEDIUM,49.0,schedule_progress_gap_pct
617967,2026-07-01,0.9887,0.0055,52.0,HIGH,STABLE,-1.1,NORMAL,MEDIUM,46.3,schedule_progress_gap_pct
617968,2026-04-01,0.9934,0.9348,90.8,CRITICAL,STABLE,0.0,UNUSUAL,HIGH,68.6,schedule_progress_gap_pct
617968,2026-05-01,0.9934,0.9348,94.1,CRITICAL,STABLE,3.3,ANOMALOUS,HIGH,73.5,schedule_progress_gap_pct
617968,2026-06-01,0.9931,0.0545,63.2,HIGH,DE_ESCALATING,-30.9,ANOMALOUS,MEDIUM,46.8,schedule_progress_gap_pct
617968,2026-07-01,0.9935,0.9073,96.5,CRITICAL,RAPID_ESCALATION,33.3,REQUIRES_VERIFICATION,CRITICAL_INTERVENTION,81.4,schedule_progress_gap_pct
617969,2026-04-01,0.0197,0.0266,10.6,LOW,STABLE,0.0,NORMAL,LOW,25.9,schedule_progress_gap_pct
617969,2026-05-01,0.9796,0.0218,49.4,MEDIUM,RAPID_ESCALATION,38.8,NORMAL,HIGH,55.3,schedule_progress_gap_pct
617969,2026-06-01,0.9807,0.0215,50.1,HIGH,STABLE,0.7,NORMAL,MEDIUM,46.3,schedule_progress_gap_pct
617969,2026-07-01,0.9808,0.0188,51.3,HIGH,STABLE,1.2,NORMAL,MEDIUM,47.4,schedule_progress_gap_pct
617970,2026-04-01,0.9941,0.0649,63.6,HIGH,STABLE,0.0,ANOMALOUS,MEDIUM,53.6,schedule_progress_gap_pct
617970,2026-05-01,0.9942,0.0649,63.6,HIGH,STABLE,0.0,ANOMALOUS,MEDIUM,53.6,schedule_progress_gap_pct
617971,2026-04-01,0.0189,0.0983,4.2,LOW,STABLE,0.0,NORMAL,LOW,24.3,schedule_progress_gap_pct
617971,2026-05-01,0.0201,0.0983,4.2,LOW,STABLE,0.0,NORMAL,LOW,24.3,schedule_progress_gap_pct
617971,2026-06-01,0.0214,0.1301,5.4,LOW,STABLE,1.2,NORMAL,LOW,26.1,schedule_progress_gap_pct
617971,2026-07-01,0.0215,0.1126,4.8,LOW,STABLE,-0.6,NORMAL,LOW,24.0,schedule_progress_gap_pct
617973,2026-04-01,0.9941,0.0793,64.1,HIGH,STABLE,0.0,ANOMALOUS,MEDIUM,52.4,schedule_progress_gap_pct
617973,2026-05-01,0.9941,0.068,63.7,HIGH,STABLE,-0.4,ANOMALOUS,MEDIUM,51.8,schedule_progress_gap_pct
617975,2026-04-01,0.9941,0.0634,63.6,HIGH,STABLE,0.0,ANOMALOUS,MEDIUM,53.0,schedule_progress_gap_pct
617975,2026-05-01,0.9941,0.0634,63.6,HIGH,STABLE,0.0,ANOMALOUS,MEDIUM,53.0,schedule_progress_gap_pct
617976,2026-04-01,0.027,0.0272,5.5,LOW,STABLE,0.0,NORMAL,LOW,26.7,schedule_progress_gap_pct
617976,2026-05-01,0.0312,0.0331,4.1,LOW,STABLE,-1.4,NORMAL,LOW,24.6,schedule_progress_gap_pct
617976,2026-06-01,0.9868,0.0279,43.4,MEDIUM,RAPID_ESCALATION,39.3,NORMAL,HIGH,55.7,schedule_progress_gap_pct
617976,2026-07-01,0.9869,0.0226,44.5,MEDIUM,STABLE,1.1,NORMAL,MEDIUM,47.3,schedule_progress_gap_pct
617977,2026-04-01,0.9928,0.1438,63.0,HIGH,STABLE,0.0,UNUSUAL,MEDIUM,52.2,schedule_progress_gap_pct
617977,2026-05-01,0.9929,0.1431,63.0,HIGH,STABLE,0.0,UNUSUAL,MEDIUM,52.2,schedule_progress_gap_pct
617978,2026-04-01,0.0266,0.1256,5.5,LOW,STABLE,0.0,NORMAL,LOW,27.3,schedule_progress_gap_pct
617978,2026-05-01,0.0281,0.1164,5.2,LOW,STABLE,-0.3,NORMAL,LOW,26.9,schedule_progress_gap_pct
617978,2026-06-01,0.0311,0.1439,6.3,LOW,STABLE,1.1,NORMAL,LOW,28.8,schedule_progress_gap_pct
617978,2026-07-01,0.0313,0.1509,6.5,LOW,STABLE,0.2,NORMAL,LOW,28.0,schedule_progress_gap_pct
617979,2026-04-01,0.0243,0.1108,4.8,LOW,STABLE,0.0,NORMAL,LOW,26.4,schedule_progress_gap_pct
617979,2026-05-01,0.0233,0.1111,4.8,LOW,STABLE,0.0,NORMAL,LOW,26.4,schedule_progress_gap_pct
617979,2026-06-01,0.0256,0.1194,5.2,LOW,STABLE,0.4,NORMAL,LOW,27.0,schedule_progress_gap_pct
617979,2026-07-01,0.0266,0.1253,5.4,LOW,STABLE,0.2,NORMAL,LOW,26.9,schedule_progress_gap_pct
617980,2026-04-01,0.9893,0.0317,62.3,HIGH,STABLE,0.0,ANOMALOUS,HIGH,55.7,schedule_progress_gap_pct
617980,2026-05-01,0.9894,0.0317,62.3,HIGH,STABLE,0.0,ANOMALOUS,HIGH,55.7,schedule_progress_gap_pct
617980,2026-06-01,0.9896,0.0256,62.1,HIGH,STABLE,-0.2,ANOMALOUS,HIGH,55.4,schedule_progress_gap_pct
617980,2026-07-01,0.9907,0.0256,62.1,HIGH,STABLE,0.0,ANOMALOUS,HIGH,55.6,schedule_progress_gap_pct
617981,2026-04-01,0.9954,0.0523,63.2,HIGH,STABLE,0.0,ANOMALOUS,MEDIUM,54.2,schedule_progress_gap_pct
617981,2026-05-01,0.9954,0.0523,63.2,HIGH,STABLE,0.0,ANOMALOUS,MEDIUM,54.2,schedule_progress_gap_pct
617982,2026-04-01,0.9694,0.0835,66.7,HIGH,STABLE,0.0,REQUIRES_VERIFICATION,MEDIUM,54.4,schedule_progress_gap_pct
617982,2026-05-01,0.9695,0.0835,66.7,HIGH,STABLE,0.0,REQUIRES_VERIFICATION,MEDIUM,54.4,schedule_progress_gap_pct
617983,2026-04-01,0.9887,0.0343,55.8,HIGH,STABLE,0.0,NORMAL,MEDIUM,50.1,schedule_progress_gap_pct
617983,2026-05-01,0.989,0.0473,56.2,HIGH,STABLE,0.4,NORMAL,MEDIUM,50.7,schedule_progress_gap_pct
617983,2026-06-01,0.9894,0.0312,55.7,HIGH,STABLE,-0.5,NORMAL,MEDIUM,49.5,schedule_progress_gap_pct
617983,2026-07-01,0.9897,0.0351,55.8,HIGH,STABLE,0.1,NORMAL,MEDIUM,50.2,schedule_progress_gap_pct
617984,2026-04-01,0.9857,0.0433,55.9,HIGH,STABLE,0.0,NORMAL,MEDIUM,50.1,schedule_progress_gap_pct
617984,2026-05-01,0.9858,0.0433,55.9,HIGH,STABLE,0.0,NORMAL,MEDIUM,50.1,schedule_progress_gap_pct
617984,2026-06-01,0.9866,0.0495,56.2,HIGH,STABLE,0.3,NORMAL,MEDIUM,50.6,schedule_progress_gap_pct
617984,2026-07-01,0.9869,0.0108,54.9,HIGH,STABLE,-1.3,NORMAL,MEDIUM,48.3,schedule_progress_gap_pct
617985,2026-04-01,0.9878,0.0503,56.3,HIGH,STABLE,0.0,NORMAL,MEDIUM,52.1,schedule_progress_gap_pct
617985,2026-05-01,0.9879,0.0503,56.3,HIGH,STABLE,0.0,NORMAL,MEDIUM,52.1,schedule_progress_gap_pct
617985,2026-06-01,0.9888,0.0483,56.2,HIGH,STABLE,-0.1,NORMAL,MEDIUM,52.0,schedule_progress_gap_pct
617985,2026-07-01,0.9891,0.0264,58.8,HIGH,STABLE,2.6,UNUSUAL,HIGH,56.0,schedule_progress_gap_pct
617986,2026-04-01,0.0269,0.1348,5.8,LOW,STABLE,0.0,NORMAL,LOW,24.8,schedule_progress_gap_pct
617986,2026-05-01,0.0303,0.1513,6.5,LOW,STABLE,0.7,NORMAL,LOW,25.8,schedule_progress_gap_pct
617986,2026-06-01,0.0326,0.1551,6.7,LOW,STABLE,0.2,NORMAL,LOW,25.4,schedule_progress_gap_pct
617986,2026-07-01,0.0327,0.1639,7.0,LOW,STABLE,0.3,NORMAL,LOW,25.7,schedule_progress_gap_pct
617987,2026-04-01,0.0139,0.0694,3.0,LOW,STABLE,0.0,NORMAL,LOW,26.4,schedule_progress_gap_pct
617987,2026-05-01,0.0143,0.0609,2.7,LOW,STABLE,-0.3,NORMAL,LOW,26.0,schedule_progress_gap_pct
617987,2026-06-01,0.0153,0.0664,2.9,LOW,STABLE,0.2,NORMAL,LOW,26.6,schedule_progress_gap_pct
617987,2026-07-01,0.0161,0.0664,3.0,LOW,STABLE,0.1,NORMAL,LOW,26.5,schedule_progress_gap_pct
617988,2026-04-01,0.0106,0.0087,5.7,LOW,STABLE,0.0,NORMAL,LOW,28.2,schedule_progress_gap_pct
617988,2026-05-01,0.011,0.0087,6.2,LOW,STABLE,0.5,NORMAL,LOW,28.9,schedule_progress_gap_pct
617988,2026-06-01,0.0132,0.0087,3.9,LOW,STABLE,-2.3,NORMAL,LOW,25.0,schedule_progress_gap_pct
617988,2026-07-01,0.0145,0.0037,3.1,LOW,STABLE,-0.8,NORMAL,LOW,26.1,schedule_progress_gap_pct
617989,2026-04-01,0.9902,0.1086,58.4,HIGH,STABLE,0.0,NORMAL,MEDIUM,48.9,schedule_progress_gap_pct
617989,2026-05-01,0.9912,0.079,57.4,HIGH,STABLE,-1.0,NORMAL,MEDIUM,47.4,schedule_progress_gap_pct
617989,2026-06-01,0.9912,0.0973,58.1,HIGH,STABLE,0.7,NORMAL,MEDIUM,49.5,schedule_progress_gap_pct
617989,2026-07-01,0.9913,0.0973,58.1,HIGH,STABLE,0.0,NORMAL,MEDIUM,48.8,schedule_progress_gap_pct
617991,2026-04-01,0.9953,0.0527,63.3,HIGH,STABLE,0.0,ANOMALOUS,MEDIUM,53.5,schedule_progress_gap_pct
617991,2026-05-01,0.9954,0.0527,63.3,HIGH,STABLE,0.0,ANOMALOUS,MEDIUM,53.5,schedule_progress_gap_pct
617991,2026-06-01,0.9955,0.0443,63.0,HIGH,STABLE,-0.3,ANOMALOUS,MEDIUM,53.1,schedule_progress_gap_pct
617991,2026-07-01,0.9955,0.0527,63.3,HIGH,STABLE,0.3,ANOMALOUS,MEDIUM,53.8,schedule_progress_gap_pct
617992,2026-04-01,0.9944,0.0178,58.7,HIGH,STABLE,0.0,UNUSUAL,MEDIUM,51.6,schedule_progress_gap_pct
617992,2026-05-01,0.9945,0.0178,58.7,HIGH,STABLE,0.0,UNUSUAL,MEDIUM,51.6,schedule_progress_gap_pct
617993,2026-04-01,0.995,0.0701,67.3,HIGH,STABLE,0.0,REQUIRES_VERIFICATION,MEDIUM,54.5,schedule_progress_gap_pct
617993,2026-05-01,0.9951,0.0701,67.3,HIGH,STABLE,0.0,REQUIRES_VERIFICATION,MEDIUM,54.5,schedule_progress_gap_pct
617994,2026-04-01,0.9942,0.0367,62.7,HIGH,STABLE,0.0,ANOMALOUS,MEDIUM,53.3,schedule_progress_gap_pct
617994,2026-05-01,0.9942,0.0367,62.7,HIGH,STABLE,0.0,ANOMALOUS,MEDIUM,53.3,schedule_progress_gap_pct
617994,2026-06-01,0.9943,0.026,62.3,HIGH,STABLE,-0.4,ANOMALOUS,MEDIUM,52.7,schedule_progress_gap_pct
617994,2026-07-01,0.9943,0.026,62.3,HIGH,STABLE,0.0,ANOMALOUS,MEDIUM,53.1,schedule_progress_gap_pct
617995,2026-04-01,0.9953,0.0468,63.0,HIGH,STABLE,0.0,ANOMALOUS,MEDIUM,53.5,schedule_progress_gap_pct
617995,2026-05-01,0.9953,0.0468,63.1,HIGH,STABLE,0.1,ANOMALOUS,MEDIUM,53.6,schedule_progress_gap_pct
617995,2026-06-01,0.9957,0.0539,63.3,HIGH,STABLE,0.2,ANOMALOUS,MEDIUM,53.8,schedule_progress_gap_pct
617995,2026-07-01,0.9957,0.057,63.4,HIGH,STABLE,0.1,ANOMALOUS,MEDIUM,53.8,schedule_progress_gap_pct
617996,2026-04-01,0.9953,0.0372,62.7,HIGH,STABLE,0.0,ANOMALOUS,MEDIUM,53.3,schedule_progress_gap_pct
617996,2026-05-01,0.9954,0.0372,62.7,HIGH,STABLE,0.0,ANOMALOUS,MEDIUM,53.3,schedule_progress_gap_pct
617997,2026-05-01,0.0081,0.0084,2.5,LOW,STABLE,0.0,NORMAL,LOW,25.3,schedule_progress_gap_pct
617997,2026-06-01,0.0081,0.0008,3.5,LOW,STABLE,1.0,NORMAL,LOW,26.8,schedule_progress_gap_pct
617997,2026-07-01,0.0082,0.0008,4.7,LOW,STABLE,1.2,NORMAL,LOW,27.6,schedule_progress_gap_pct
617998,2026-04-01,0.986,0.0259,55.3,HIGH,STABLE,0.0,NORMAL,MEDIUM,47.8,schedule_progress_gap_pct
617998,2026-05-01,0.9882,0.0169,55.1,HIGH,STABLE,-0.2,NORMAL,MEDIUM,47.5,schedule_progress_gap_pct
617998,2026-06-01,0.9883,0.0312,55.6,HIGH,STABLE,0.5,NORMAL,MEDIUM,48.4,schedule_progress_gap_pct
617998,2026-07-01,0.9883,0.0332,55.7,HIGH,STABLE,0.1,NORMAL,MEDIUM,48.1,schedule_progress_gap_pct
617999,2026-04-01,0.9811,0.0015,50.0,HIGH,STABLE,0.0,NORMAL,MEDIUM,48.6,schedule_progress_gap_pct
617999,2026-05-01,0.9811,0.0015,51.6,HIGH,STABLE,1.6,NORMAL,MEDIUM,51.0,schedule_progress_gap_pct
617999,2026-06-01,0.983,0.0024,50.2,HIGH,STABLE,-1.4,NORMAL,MEDIUM,47.3,schedule_progress_gap_pct
617999,2026-07-01,0.9831,0.0004,51.6,HIGH,STABLE,1.4,NORMAL,MEDIUM,50.8,schedule_progress_gap_pct
618000,2026-04-01,0.9907,0.0532,56.5,HIGH,STABLE,0.0,NORMAL,MEDIUM,48.2,schedule_progress_gap_pct
618000,2026-05-01,0.9908,0.0509,56.4,HIGH,STABLE,-0.1,NORMAL,MEDIUM,48.1,schedule_progress_gap_pct
618000,2026-06-01,0.9918,0.0446,56.2,HIGH,STABLE,-0.2,NORMAL,MEDIUM,47.9,schedule_progress_gap_pct
618000,2026-07-01,0.9919,0.0445,56.2,HIGH,STABLE,0.0,NORMAL,MEDIUM,48.1,schedule_progress_gap_pct
618001,2026-04-01,0.9908,0.0653,56.9,HIGH,STABLE,0.0,NORMAL,MEDIUM,49.3,schedule_progress_gap_pct
618001,2026-05-01,0.9908,0.054,56.5,HIGH,STABLE,-0.4,NORMAL,MEDIUM,48.7,schedule_progress_gap_pct
618001,2026-06-01,0.9909,0.0682,57.0,HIGH,STABLE,0.5,NORMAL,MEDIUM,49.8,schedule_progress_gap_pct
618001,2026-07-01,0.9909,0.0592,56.7,HIGH,STABLE,-0.3,NORMAL,MEDIUM,48.9,schedule_progress_gap_pct
618003,2026-04-01,0.9859,0.0331,55.6,HIGH,STABLE,0.0,NORMAL,MEDIUM,47.4,schedule_progress_gap_pct
618003,2026-05-01,0.986,0.0331,55.6,HIGH,STABLE,0.0,NORMAL,MEDIUM,47.4,schedule_progress_gap_pct
618003,2026-06-01,0.9893,0.0249,58.7,HIGH,STABLE,3.1,UNUSUAL,MEDIUM,52.1,schedule_progress_gap_pct
618003,2026-07-01,0.9894,0.034,55.8,HIGH,STABLE,-2.9,NORMAL,MEDIUM,44.6,schedule_progress_gap_pct
618004,2026-04-01,0.9541,0.0196,53.8,HIGH,STABLE,0.0,NORMAL,MEDIUM,47.1,schedule_progress_gap_pct
618004,2026-05-01,0.9543,0.0197,53.9,HIGH,STABLE,0.1,NORMAL,MEDIUM,47.2,schedule_progress_gap_pct
618004,2026-06-01,0.0079,0.0208,1.0,LOW,DE_ESCALATING,-52.9,NORMAL,LOW,12.7,schedule_progress_gap_pct
618004,2026-07-01,0.008,0.0143,1.9,LOW,STABLE,0.9,NORMAL,LOW,22.0,schedule_progress_gap_pct
618005,2026-04-01,0.9962,0.1296,66.0,HIGH,STABLE,0.0,ANOMALOUS,MEDIUM,53.2,schedule_progress_gap_pct
618005,2026-05-01,0.9962,0.1296,66.0,HIGH,STABLE,0.0,ANOMALOUS,MEDIUM,53.2,schedule_progress_gap_pct
618005,2026-06-01,0.9963,0.1296,66.0,HIGH,STABLE,0.0,ANOMALOUS,MEDIUM,53.2,schedule_progress_gap_pct
618006,2026-04-01,0.9958,0.0807,64.3,HIGH,STABLE,0.0,ANOMALOUS,MEDIUM,54.9,schedule_progress_gap_pct
618006,2026-05-01,0.9958,0.1011,65.0,HIGH,STABLE,0.7,ANOMALOUS,HIGH,55.9,schedule_progress_gap_pct
618007,2026-04-01,0.9958,0.1011,65.0,HIGH,STABLE,0.0,ANOMALOUS,HIGH,56.6,schedule_progress_gap_pct
618007,2026-05-01,0.9958,0.0961,64.8,HIGH,STABLE,-0.2,ANOMALOUS,HIGH,56.3,schedule_progress_gap_pct
618008,2026-04-01,0.9917,0.1518,60.0,HIGH,STABLE,0.0,NORMAL,MEDIUM,50.3,schedule_progress_gap_pct
618008,2026-05-01,0.9917,0.1518,60.0,HIGH,STABLE,0.0,NORMAL,MEDIUM,50.3,schedule_progress_gap_pct
618009,2026-04-01,0.9933,0.0677,60.4,HIGH,STABLE,0.0,UNUSUAL,MEDIUM,52.4,schedule_progress_gap_pct
618009,2026-05-01,0.9934,0.0677,60.4,HIGH,STABLE,0.0,UNUSUAL,MEDIUM,52.4,schedule_progress_gap_pct
618009,2026-06-01,0.9935,0.0677,63.7,HIGH,STABLE,3.3,ANOMALOUS,HIGH,57.4,schedule_progress_gap_pct
618009,2026-07-01,0.9937,0.0744,63.9,HIGH,STABLE,0.2,ANOMALOUS,MEDIUM,54.4,schedule_progress_gap_pct
618010,2026-04-01,0.0142,0.0095,5.7,LOW,STABLE,0.0,NORMAL,LOW,26.9,schedule_progress_gap_pct
618010,2026-05-01,0.0143,0.0095,7.3,LOW,STABLE,1.6,NORMAL,LOW,29.3,schedule_progress_gap_pct
618010,2026-06-01,0.0144,0.0095,9.0,LOW,STABLE,1.7,NORMAL,MEDIUM,30.3,schedule_progress_gap_pct
618010,2026-07-01,0.0144,0.0095,10.7,LOW,STABLE,1.7,NORMAL,MEDIUM,31.1,schedule_progress_gap_pct
618011,2026-04-01,0.9889,0.0313,55.7,HIGH,STABLE,0.0,NORMAL,MEDIUM,50.9,schedule_progress_gap_pct
618011,2026-05-01,0.9896,0.0302,55.6,HIGH,STABLE,-0.1,NORMAL,MEDIUM,50.8,schedule_progress_gap_pct
618011,2026-06-01,0.9899,0.0319,59.0,HIGH,STABLE,3.4,UNUSUAL,HIGH,56.0,schedule_progress_gap_pct
618011,2026-07-01,0.9902,0.0126,55.0,HIGH,STABLE,-4.0,NORMAL,MEDIUM,46.6,schedule_progress_gap_pct
618012,2026-04-01,0.9801,0.0044,53.8,HIGH,STABLE,0.0,NORMAL,MEDIUM,47.2,schedule_progress_gap_pct
618012,2026-05-01,0.9802,0.0012,54.3,HIGH,STABLE,0.5,NORMAL,MEDIUM,48.0,schedule_progress_gap_pct
618012,2026-06-01,0.9811,0.001,54.3,HIGH,STABLE,0.0,NORMAL,MEDIUM,47.5,schedule_progress_gap_pct
618012,2026-07-01,0.9812,0.0042,54.4,HIGH,STABLE,0.1,NORMAL,MEDIUM,47.6,schedule_progress_gap_pct
618013,2026-04-01,0.9846,0.0073,52.0,HIGH,STABLE,0.0,NORMAL,MEDIUM,53.2,schedule_progress_gap_pct
618013,2026-05-01,0.9847,0.0073,53.2,HIGH,STABLE,1.2,NORMAL,HIGH,55.0,schedule_progress_gap_pct
618013,2026-06-01,0.9873,0.0092,51.5,HIGH,STABLE,-1.7,NORMAL,MEDIUM,51.2,schedule_progress_gap_pct
618013,2026-07-01,0.9873,0.008,52.6,HIGH,STABLE,1.1,NORMAL,MEDIUM,54.6,schedule_progress_gap_pct
618014,2026-04-01,0.0126,0.0029,10.7,LOW,STABLE,0.0,NORMAL,LOW,25.9,schedule_progress_gap_pct
618014,2026-05-01,0.013,0.0061,12.0,LOW,STABLE,1.3,NORMAL,LOW,27.8,schedule_progress_gap_pct
618014,2026-06-01,0.0132,0.0079,13.7,LOW,STABLE,1.7,NORMAL,LOW,29.1,schedule_progress_gap_pct
618014,2026-07-01,0.0143,0.0017,13.7,LOW,STABLE,0.0,NORMAL,LOW,27.4,schedule_progress_gap_pct
618015,2026-04-01,0.9791,0.0013,54.2,HIGH,STABLE,0.0,NORMAL,MEDIUM,48.1,schedule_progress_gap_pct
618015,2026-05-01,0.9798,0.0013,54.2,HIGH,STABLE,0.0,NORMAL,MEDIUM,48.1,schedule_progress_gap_pct
618015,2026-06-01,0.9807,0.0013,54.3,HIGH,STABLE,0.1,NORMAL,MEDIUM,48.2,schedule_progress_gap_pct
618015,2026-07-01,0.9808,0.0013,54.3,HIGH,STABLE,0.0,NORMAL,MEDIUM,48.1,schedule_progress_gap_pct
618016,2026-04-01,0.0088,0.0008,11.1,LOW,STABLE,0.0,NORMAL,LOW,28.5,schedule_progress_gap_pct
618016,2026-05-01,0.0098,0.0015,10.3,LOW,STABLE,-0.8,NORMAL,LOW,27.3,schedule_progress_gap_pct
618016,2026-06-01,0.0112,0.0008,8.9,LOW,STABLE,-1.4,NORMAL,LOW,26.0,schedule_progress_gap_pct
618016,2026-07-01,0.0116,0.0008,9.6,LOW,STABLE,0.7,NORMAL,LOW,28.5,schedule_progress_gap_pct
618017,2026-04-01,0.9804,0.0004,54.2,HIGH,STABLE,0.0,NORMAL,MEDIUM,48.9,schedule_progress_gap_pct
618017,2026-05-01,0.9805,0.0004,54.2,HIGH,STABLE,0.0,NORMAL,MEDIUM,48.9,schedule_progress_gap_pct
618017,2026-06-01,0.9806,0.0004,54.2,HIGH,STABLE,0.0,NORMAL,MEDIUM,48.9,schedule_progress_gap_pct
618017,2026-07-01,0.9808,0.0057,54.4,HIGH,STABLE,0.2,NORMAL,MEDIUM,49.2,schedule_progress_gap_pct
618018,2026-04-01,0.9632,0.0195,54.2,HIGH,STABLE,0.0,NORMAL,MEDIUM,49.6,schedule_progress_gap_pct
618018,2026-05-01,0.9639,0.0194,54.2,HIGH,STABLE,0.0,NORMAL,MEDIUM,49.6,schedule_progress_gap_pct
618018,2026-06-01,0.964,0.0108,53.9,HIGH,STABLE,-0.3,NORMAL,MEDIUM,49.2,schedule_progress_gap_pct
618018,2026-07-01,0.9642,0.0208,54.3,HIGH,STABLE,0.4,NORMAL,MEDIUM,50.1,schedule_progress_gap_pct
618019,2026-04-01,0.9878,0.0549,56.4,HIGH,STABLE,0.0,NORMAL,MEDIUM,50.9,schedule_progress_gap_pct
618019,2026-05-01,0.9878,0.0549,56.4,HIGH,STABLE,0.0,NORMAL,MEDIUM,50.9,schedule_progress_gap_pct
618019,2026-06-01,0.9883,0.0589,56.6,HIGH,STABLE,0.2,NORMAL,MEDIUM,51.2,schedule_progress_gap_pct
618019,2026-07-01,0.989,0.0354,59.1,HIGH,STABLE,2.5,UNUSUAL,MEDIUM,54.7,schedule_progress_gap_pct
618020,2026-04-01,0.9839,0.0058,54.6,HIGH,STABLE,0.0,NORMAL,MEDIUM,50.2,schedule_progress_gap_pct
618020,2026-05-01,0.984,0.0058,54.6,HIGH,STABLE,0.0,NORMAL,MEDIUM,50.2,schedule_progress_gap_pct
618020,2026-06-01,0.9853,0.0091,54.7,HIGH,STABLE,0.1,NORMAL,MEDIUM,50.3,schedule_progress_gap_pct
618020,2026-07-01,0.9854,0.005,54.6,HIGH,STABLE,-0.1,NORMAL,MEDIUM,50.1,schedule_progress_gap_pct
618021,2026-04-01,0.0105,0.0039,1.4,LOW,STABLE,0.0,NORMAL,LOW,23.9,schedule_progress_gap_pct
618021,2026-05-01,0.0122,0.0048,0.7,LOW,STABLE,-0.7,NORMAL,LOW,22.9,schedule_progress_gap_pct
618021,2026-06-01,0.0126,0.0048,1.3,LOW,STABLE,0.6,NORMAL,LOW,24.5,schedule_progress_gap_pct
618021,2026-07-01,0.0137,0.0048,1.3,LOW,STABLE,0.0,NORMAL,LOW,23.9,schedule_progress_gap_pct
618022,2026-04-01,0.9846,0.0388,55.7,HIGH,STABLE,0.0,NORMAL,MEDIUM,47.9,schedule_progress_gap_pct
618022,2026-05-01,0.9847,0.0402,55.8,HIGH,STABLE,0.1,NORMAL,MEDIUM,48.0,schedule_progress_gap_pct
618022,2026-06-01,0.9862,0.0174,55.1,HIGH,STABLE,-0.7,NORMAL,MEDIUM,46.9,schedule_progress_gap_pct
618022,2026-07-01,0.9868,0.0307,55.5,HIGH,STABLE,0.4,NORMAL,MEDIUM,48.2,schedule_progress_gap_pct
618023,2026-04-01,0.989,0.0813,57.4,HIGH,STABLE,0.0,NORMAL,MEDIUM,48.3,schedule_progress_gap_pct
618023,2026-05-01,0.989,0.0949,57.9,HIGH,STABLE,0.5,NORMAL,MEDIUM,49.0,schedule_progress_gap_pct
618023,2026-06-01,0.9891,0.0949,57.9,HIGH,STABLE,0.0,NORMAL,MEDIUM,48.5,schedule_progress_gap_pct
618024,2026-04-01,0.9859,0.0403,55.8,HIGH,STABLE,0.0,NORMAL,MEDIUM,49.4,schedule_progress_gap_pct
618024,2026-05-01,0.9859,0.0384,55.8,HIGH,STABLE,0.0,NORMAL,MEDIUM,49.4,schedule_progress_gap_pct
618024,2026-06-01,0.9863,0.0384,55.8,HIGH,STABLE,0.0,NORMAL,MEDIUM,49.4,schedule_progress_gap_pct
618024,2026-07-01,0.9863,0.0384,55.8,HIGH,STABLE,0.0,NORMAL,MEDIUM,49.4,schedule_progress_gap_pct
618025,2026-04-01,0.9949,0.0492,63.1,HIGH,STABLE,0.0,ANOMALOUS,MEDIUM,52.0,schedule_progress_gap_pct
618025,2026-05-01,0.995,0.0492,63.1,HIGH,STABLE,0.0,ANOMALOUS,MEDIUM,52.0,schedule_progress_gap_pct
618025,2026-06-01,0.9951,0.0492,63.1,HIGH,STABLE,0.0,ANOMALOUS,MEDIUM,52.0,schedule_progress_gap_pct
618025,2026-07-01,0.9951,0.0492,63.1,HIGH,STABLE,0.0,ANOMALOUS,MEDIUM,52.0,schedule_progress_gap_pct
618026,2026-04-01,0.9953,0.1018,65.0,HIGH,STABLE,0.0,ANOMALOUS,HIGH,56.9,schedule_progress_gap_pct
618026,2026-05-01,0.9953,0.1018,65.0,HIGH,STABLE,0.0,ANOMALOUS,HIGH,56.9,schedule_progress_gap_pct
618027,2026-04-01,0.0216,0.0146,13.1,LOW,STABLE,0.0,NORMAL,LOW,29.9,schedule_progress_gap_pct
618027,2026-05-01,0.9862,0.0556,48.4,MEDIUM,RAPID_ESCALATION,35.3,NORMAL,HIGH,57.6,schedule_progress_gap_pct
618027,2026-06-01,0.9872,0.0556,48.2,MEDIUM,STABLE,-0.2,NORMAL,MEDIUM,47.3,schedule_progress_gap_pct
618027,2026-07-01,0.9876,0.0014,47.6,MEDIUM,STABLE,-0.6,NORMAL,MEDIUM,46.6,schedule_progress_gap_pct
618028,2026-04-01,0.0105,0.0055,7.1,LOW,STABLE,0.0,NORMAL,LOW,25.9,schedule_progress_gap_pct
618028,2026-05-01,0.0124,0.0022,5.0,LOW,STABLE,-2.1,NORMAL,LOW,22.8,schedule_progress_gap_pct
618028,2026-06-01,0.0134,0.0021,4.8,LOW,STABLE,-0.2,NORMAL,LOW,24.6,schedule_progress_gap_pct
618028,2026-07-01,0.0135,0.0055,6.2,LOW,STABLE,1.4,NORMAL,LOW,26.9,schedule_progress_gap_pct
618029,2026-04-01,0.9875,0.0249,55.4,HIGH,STABLE,0.0,NORMAL,MEDIUM,50.2,schedule_progress_gap_pct
618029,2026-05-01,0.9883,0.0171,55.1,HIGH,STABLE,-0.3,NORMAL,MEDIUM,49.8,schedule_progress_gap_pct
618029,2026-06-01,0.9884,0.013,55.0,HIGH,STABLE,-0.1,NORMAL,MEDIUM,49.9,schedule_progress_gap_pct
618029,2026-07-01,0.9887,0.0165,55.1,HIGH,STABLE,0.1,NORMAL,MEDIUM,50.2,schedule_progress_gap_pct
618030,2026-04-01,0.9656,0.0291,57.9,HIGH,STABLE,0.0,UNUSUAL,MEDIUM,50.5,schedule_progress_gap_pct
618030,2026-05-01,0.9658,0.0292,58.0,HIGH,STABLE,0.1,UNUSUAL,MEDIUM,50.6,schedule_progress_gap_pct
618030,2026-06-01,0.966,0.0291,58.0,HIGH,STABLE,0.0,UNUSUAL,MEDIUM,50.5,schedule_progress_gap_pct
618031,2026-04-01,0.9838,0.0014,49.4,MEDIUM,STABLE,0.0,NORMAL,MEDIUM,48.6,schedule_progress_gap_pct
618031,2026-05-01,0.9884,0.0199,43.9,MEDIUM,DE_ESCALATING,-5.5,NORMAL,MEDIUM,40.3,schedule_progress_gap_pct
618031,2026-06-01,0.9885,0.021,44.6,MEDIUM,STABLE,0.7,NORMAL,MEDIUM,46.9,schedule_progress_gap_pct
618031,2026-07-01,0.9885,0.0178,45.1,MEDIUM,STABLE,0.5,NORMAL,MEDIUM,46.9,schedule_progress_gap_pct
618033,2026-04-01,0.9783,0.0024,54.2,HIGH,STABLE,0.0,NORMAL,MEDIUM,50.9,schedule_progress_gap_pct
618033,2026-05-01,0.9784,0.0078,54.4,HIGH,STABLE,0.2,NORMAL,MEDIUM,51.2,schedule_progress_gap_pct
618033,2026-06-01,0.9785,0.0024,54.2,HIGH,STABLE,-0.2,NORMAL,MEDIUM,50.7,schedule_progress_gap_pct
618034,2026-04-01,0.0111,0.0102,15.8,LOW,STABLE,0.0,NORMAL,LOW,28.0,schedule_progress_gap_pct
618034,2026-05-01,0.0112,0.0102,15.8,LOW,STABLE,0.0,NORMAL,LOW,28.0,schedule_progress_gap_pct
618034,2026-06-01,0.0112,0.007,15.7,LOW,STABLE,-0.1,NORMAL,LOW,27.8,schedule_progress_gap_pct
618034,2026-07-01,0.0113,0.0101,15.8,LOW,STABLE,0.1,NORMAL,LOW,28.1,schedule_progress_gap_pct
618035,2026-04-01,0.9781,0.0213,52.3,HIGH,STABLE,0.0,NORMAL,MEDIUM,47.8,schedule_progress_gap_pct
618035,2026-05-01,0.9782,0.0104,53.6,HIGH,STABLE,1.3,NORMAL,MEDIUM,49.8,schedule_progress_gap_pct
618035,2026-06-01,0.9787,0.0213,54.9,HIGH,STABLE,1.3,NORMAL,MEDIUM,50.4,schedule_progress_gap_pct
618035,2026-07-01,0.9805,0.0306,55.3,HIGH,STABLE,0.4,NORMAL,MEDIUM,49.7,schedule_progress_gap_pct
618036,2026-04-01,0.0119,0.0075,14.4,LOW,STABLE,0.0,NORMAL,LOW,29.4,schedule_progress_gap_pct
618036,2026-05-01,0.012,0.0075,15.6,LOW,STABLE,1.2,NORMAL,MEDIUM,31.2,schedule_progress_gap_pct
618036,2026-06-01,0.9724,0.0147,51.1,HIGH,RAPID_ESCALATION,35.5,NORMAL,HIGH,57.7,schedule_progress_gap_pct
618036,2026-07-01,0.9736,0.0147,51.5,HIGH,STABLE,0.4,NORMAL,MEDIUM,48.3,schedule_progress_gap_pct
618037,2026-04-01,0.9889,0.0168,55.1,HIGH,STABLE,0.0,NORMAL,MEDIUM,50.9,schedule_progress_gap_pct
618037,2026-05-01,0.9889,0.0097,54.9,HIGH,STABLE,-0.2,NORMAL,MEDIUM,50.6,schedule_progress_gap_pct
618037,2026-06-01,0.9899,0.0118,55.0,HIGH,STABLE,0.1,NORMAL,MEDIUM,50.9,schedule_progress_gap_pct
618037,2026-07-01,0.9905,0.0107,55.0,HIGH,STABLE,0.0,NORMAL,MEDIUM,50.8,schedule_progress_gap_pct
618042,2026-04-01,0.9798,0.036,55.5,HIGH,STABLE,0.0,NORMAL,MEDIUM,47.6,schedule_progress_gap_pct
618042,2026-05-01,0.9811,0.0393,55.6,HIGH,STABLE,0.1,NORMAL,MEDIUM,47.7,schedule_progress_gap_pct
618042,2026-06-01,0.9812,0.0393,55.6,HIGH,STABLE,0.0,NORMAL,MEDIUM,47.6,schedule_progress_gap_pct
618042,2026-07-01,0.9832,0.0302,55.4,HIGH,STABLE,-0.2,NORMAL,MEDIUM,47.3,schedule_progress_gap_pct
618043,2026-04-01,0.0283,0.056,3.8,LOW,STABLE,0.0,NORMAL,LOW,25.6,schedule_progress_gap_pct
618043,2026-05-01,0.0287,0.0569,4.7,LOW,STABLE,0.9,NORMAL,LOW,27.0,schedule_progress_gap_pct
618043,2026-06-01,0.9856,0.0501,43.8,MEDIUM,RAPID_ESCALATION,39.1,NORMAL,HIGH,55.6,schedule_progress_gap_pct
618043,2026-07-01,0.9857,0.0501,44.8,MEDIUM,STABLE,1.0,NORMAL,MEDIUM,47.1,schedule_progress_gap_pct
618047,2026-04-01,0.0251,0.1219,5.3,LOW,STABLE,0.0,NORMAL,LOW,27.4,schedule_progress_gap_pct
618047,2026-05-01,0.0279,0.1279,5.6,LOW,STABLE,0.3,NORMAL,LOW,27.8,schedule_progress_gap_pct
618047,2026-06-01,0.0297,0.1335,5.9,LOW,STABLE,0.3,NORMAL,LOW,28.0,schedule_progress_gap_pct
618047,2026-07-01,0.032,0.1629,7.0,LOW,STABLE,1.1,NORMAL,LOW,29.3,schedule_progress_gap_pct
618049,2026-04-01,0.0387,0.1633,7.3,LOW,STABLE,0.0,NORMAL,LOW,23.9,schedule_progress_gap_pct
618049,2026-05-01,0.0388,0.155,7.0,LOW,STABLE,-0.3,NORMAL,LOW,23.4,schedule_progress_gap_pct
618049,2026-06-01,0.9898,0.0709,42.1,MEDIUM,RAPID_ESCALATION,35.1,NORMAL,MEDIUM,51.3,schedule_progress_gap_pct
618049,2026-07-01,0.9899,0.0417,41.7,MEDIUM,STABLE,-0.4,NORMAL,MEDIUM,40.7,schedule_progress_gap_pct
618050,2026-04-01,0.9898,0.0314,55.7,HIGH,STABLE,0.0,NORMAL,MEDIUM,50.3,schedule_progress_gap_pct
618050,2026-05-01,0.9898,0.0633,56.8,HIGH,STABLE,1.1,NORMAL,MEDIUM,52.0,schedule_progress_gap_pct
618051,2026-06-01,0.9915,0.0749,63.9,HIGH,STABLE,0.0,ANOMALOUS,MEDIUM,53.2,schedule_progress_gap_pct
618052,2026-04-01,0.0102,0.0087,5.1,LOW,STABLE,0.0,NORMAL,LOW,28.0,schedule_progress_gap_pct
618052,2026-05-01,0.0102,0.004,6.2,LOW,STABLE,1.1,NORMAL,LOW,29.7,schedule_progress_gap_pct
618052,2026-06-01,0.0118,0.0087,4.6,LOW,STABLE,-1.6,NORMAL,LOW,26.2,schedule_progress_gap_pct
618052,2026-07-01,0.0135,0.0037,3.1,LOW,STABLE,-1.5,NORMAL,LOW,25.5,schedule_progress_gap_pct
618053,2026-04-01,0.0102,0.0087,4.5,LOW,STABLE,0.0,NORMAL,LOW,28.5,schedule_progress_gap_pct
618053,2026-05-01,0.0111,0.0087,4.1,LOW,STABLE,-0.4,NORMAL,LOW,27.9,schedule_progress_gap_pct
618053,2026-06-01,0.0119,0.0087,4.1,LOW,STABLE,0.0,NORMAL,LOW,28.3,schedule_progress_gap_pct
618053,2026-07-01,0.0125,0.0087,4.5,LOW,STABLE,0.4,NORMAL,LOW,28.9,schedule_progress_gap_pct
618054,2026-04-01,0.977,0.0083,54.4,HIGH,STABLE,0.0,NORMAL,MEDIUM,51.1,schedule_progress_gap_pct
618054,2026-05-01,0.979,0.0033,54.3,HIGH,STABLE,-0.1,NORMAL,MEDIUM,50.9,schedule_progress_gap_pct
618054,2026-06-01,0.9797,0.0144,54.7,HIGH,STABLE,0.4,NORMAL,MEDIUM,51.6,schedule_progress_gap_pct
618054,2026-07-01,0.9809,0.0029,54.3,HIGH,STABLE,-0.4,NORMAL,MEDIUM,50.6,schedule_progress_gap_pct
618055,2026-04-01,0.9858,0.0391,55.8,HIGH,STABLE,0.0,NORMAL,MEDIUM,48.9,schedule_progress_gap_pct
618055,2026-05-01,0.9862,0.0391,55.8,HIGH,STABLE,0.0,NORMAL,MEDIUM,48.9,schedule_progress_gap_pct
618055,2026-06-01,0.9866,0.0492,56.2,HIGH,STABLE,0.4,NORMAL,MEDIUM,49.5,schedule_progress_gap_pct
618055,2026-07-01,0.9874,0.0224,55.3,HIGH,STABLE,-0.9,NORMAL,MEDIUM,47.7,schedule_progress_gap_pct
618056,2026-04-01,0.9815,0.0186,54.9,HIGH,STABLE,0.0,NORMAL,MEDIUM,51.3,schedule_progress_gap_pct
618056,2026-05-01,0.9816,0.0167,54.8,HIGH,STABLE,-0.1,NORMAL,MEDIUM,51.1,schedule_progress_gap_pct
618056,2026-06-01,0.9827,0.0143,54.8,HIGH,STABLE,0.0,NORMAL,MEDIUM,51.2,schedule_progress_gap_pct
618056,2026-07-01,0.9832,0.0121,54.8,HIGH,STABLE,0.0,NORMAL,MEDIUM,51.2,schedule_progress_gap_pct
618057,2026-04-01,0.9813,0.0507,56.0,HIGH,STABLE,0.0,NORMAL,MEDIUM,48.4,schedule_progress_gap_pct
618057,2026-05-01,0.9816,0.054,56.2,HIGH,STABLE,0.2,NORMAL,MEDIUM,48.7,schedule_progress_gap_pct
618057,2026-06-01,0.9822,0.0574,56.3,HIGH,STABLE,0.1,NORMAL,MEDIUM,48.6,schedule_progress_gap_pct
618057,2026-07-01,0.9828,0.0296,55.3,HIGH,STABLE,-1.0,NORMAL,MEDIUM,47.0,schedule_progress_gap_pct
618059,2026-04-01,0.977,0.0236,54.9,HIGH,STABLE,0.0,NORMAL,MEDIUM,49.7,schedule_progress_gap_pct
618059,2026-05-01,0.9771,0.0236,54.9,HIGH,STABLE,0.0,NORMAL,MEDIUM,49.7,schedule_progress_gap_pct
618059,2026-06-01,0.9777,0.0235,54.9,HIGH,STABLE,0.0,NORMAL,MEDIUM,49.7,schedule_progress_gap_pct
618059,2026-07-01,0.978,0.0241,55.0,HIGH,STABLE,0.1,NORMAL,MEDIUM,49.9,schedule_progress_gap_pct
618060,2026-04-01,0.989,0.0421,56.0,HIGH,STABLE,0.0,NORMAL,MEDIUM,50.2,schedule_progress_gap_pct
618060,2026-05-01,0.9893,0.0352,55.8,HIGH,STABLE,-0.2,NORMAL,MEDIUM,49.9,schedule_progress_gap_pct
618060,2026-06-01,0.9894,0.0221,55.3,HIGH,STABLE,-0.5,NORMAL,MEDIUM,49.3,schedule_progress_gap_pct
618060,2026-07-01,0.99,0.033,55.8,HIGH,STABLE,0.5,NORMAL,MEDIUM,50.6,schedule_progress_gap_pct
618061,2026-04-01,0.0219,0.0101,5.8,LOW,STABLE,0.0,NORMAL,LOW,25.8,schedule_progress_gap_pct
618061,2026-05-01,0.0225,0.0156,7.2,LOW,STABLE,1.4,NORMAL,LOW,27.9,schedule_progress_gap_pct
618061,2026-06-01,0.024,0.0041,7.3,LOW,STABLE,0.1,NORMAL,LOW,26.6,schedule_progress_gap_pct
618061,2026-07-01,0.0242,0.0194,9.5,LOW,STABLE,2.2,NORMAL,LOW,29.8,schedule_progress_gap_pct
618062,2026-04-01,0.9891,0.0678,53.6,HIGH,STABLE,0.0,NORMAL,MEDIUM,48.1,schedule_progress_gap_pct
618062,2026-05-01,0.9892,0.0781,55.6,HIGH,STABLE,2.0,NORMAL,MEDIUM,51.1,schedule_progress_gap_pct
618063,2026-04-01,0.99,0.033,55.8,HIGH,STABLE,0.0,NORMAL,MEDIUM,49.4,schedule_progress_gap_pct
618063,2026-05-01,0.9902,0.025,55.5,HIGH,STABLE,-0.3,NORMAL,MEDIUM,49.0,schedule_progress_gap_pct
618063,2026-06-01,0.9906,0.045,56.2,HIGH,STABLE,0.7,NORMAL,MEDIUM,50.3,schedule_progress_gap_pct
618063,2026-07-01,0.9908,0.0604,56.7,HIGH,STABLE,0.5,NORMAL,MEDIUM,50.4,schedule_progress_gap_pct
618065,2026-04-01,0.9757,0.0183,54.7,HIGH,STABLE,0.0,NORMAL,MEDIUM,49.5,schedule_progress_gap_pct
618065,2026-05-01,0.9775,0.0283,55.1,HIGH,STABLE,0.4,NORMAL,MEDIUM,50.1,schedule_progress_gap_pct
618065,2026-06-01,0.977,0.0236,54.9,HIGH,STABLE,-0.2,NORMAL,MEDIUM,49.4,schedule_progress_gap_pct
618065,2026-07-01,0.9789,0.0118,54.6,HIGH,STABLE,-0.3,NORMAL,MEDIUM,49.2,schedule_progress_gap_pct
618066,2026-04-01,0.0159,0.0082,5.4,LOW,STABLE,0.0,NORMAL,LOW,24.5,schedule_progress_gap_pct
618066,2026-05-01,0.0162,0.0054,6.3,LOW,STABLE,0.9,NORMAL,LOW,25.8,schedule_progress_gap_pct
618066,2026-06-01,0.0172,0.0039,6.4,LOW,STABLE,0.1,NORMAL,LOW,25.1,schedule_progress_gap_pct
618066,2026-07-01,0.0173,0.0159,8.0,LOW,STABLE,1.6,NORMAL,LOW,27.4,schedule_progress_gap_pct
618067,2026-04-01,0.008,0.0041,5.5,LOW,STABLE,0.0,NORMAL,LOW,29.3,schedule_progress_gap_pct
618067,2026-05-01,0.0082,0.0024,6.3,LOW,STABLE,0.8,NORMAL,MEDIUM,30.5,schedule_progress_gap_pct
618067,2026-06-01,0.0087,0.0024,6.4,LOW,STABLE,0.1,NORMAL,LOW,29.8,schedule_progress_gap_pct
618067,2026-07-01,0.0088,0.0024,10.9,LOW,STABLE,4.5,UNUSUAL,MEDIUM,36.5,schedule_progress_gap_pct
618068,2026-04-01,0.9818,0.0174,54.9,HIGH,STABLE,0.0,NORMAL,MEDIUM,47.2,schedule_progress_gap_pct
618068,2026-05-01,0.9819,0.0174,54.9,HIGH,STABLE,0.0,NORMAL,MEDIUM,47.2,schedule_progress_gap_pct
618068,2026-06-01,0.9819,0.0228,55.1,HIGH,STABLE,0.2,NORMAL,MEDIUM,47.5,schedule_progress_gap_pct
618068,2026-07-01,0.9828,0.0069,54.6,HIGH,STABLE,-0.5,NORMAL,MEDIUM,46.5,schedule_progress_gap_pct
618069,2026-04-01,0.0204,0.0157,3.4,LOW,STABLE,0.0,NORMAL,LOW,24.1,schedule_progress_gap_pct
618069,2026-05-01,0.0205,0.0157,4.7,LOW,STABLE,1.3,NORMAL,LOW,26.0,schedule_progress_gap_pct
618069,2026-06-01,0.0212,0.0458,6.4,LOW,STABLE,1.7,NORMAL,LOW,27.3,schedule_progress_gap_pct
618069,2026-07-01,0.0219,0.0493,7.2,LOW,STABLE,0.8,NORMAL,LOW,26.8,schedule_progress_gap_pct
618070,2026-04-01,0.9948,0.0601,63.5,HIGH,STABLE,0.0,ANOMALOUS,MEDIUM,53.7,schedule_progress_gap_pct
618070,2026-05-01,0.9949,0.0601,63.5,HIGH,STABLE,0.0,ANOMALOUS,MEDIUM,53.7,schedule_progress_gap_pct
618070,2026-06-01,0.9949,0.0601,63.5,HIGH,STABLE,0.0,ANOMALOUS,MEDIUM,53.7,schedule_progress_gap_pct
618070,2026-07-01,0.9949,0.0601,63.5,HIGH,STABLE,0.0,ANOMALOUS,MEDIUM,53.7,schedule_progress_gap_pct
618071,2026-04-01,0.9885,0.0634,56.8,HIGH,STABLE,0.0,NORMAL,MEDIUM,51.3,schedule_progress_gap_pct
618071,2026-05-01,0.9887,0.0634,56.8,HIGH,STABLE,0.0,NORMAL,MEDIUM,51.3,schedule_progress_gap_pct
618071,2026-06-01,0.9891,0.0512,56.4,HIGH,STABLE,-0.4,NORMAL,MEDIUM,50.7,schedule_progress_gap_pct
618071,2026-07-01,0.9897,0.0257,62.1,HIGH,MODERATE_RISE,5.7,ANOMALOUS,HIGH,59.6,schedule_progress_gap_pct
618072,2026-04-01,0.9898,0.049,56.3,HIGH,STABLE,0.0,NORMAL,MEDIUM,50.1,schedule_progress_gap_pct
618072,2026-05-01,0.9899,0.0728,57.1,HIGH,STABLE,0.8,NORMAL,MEDIUM,51.3,schedule_progress_gap_pct
618072,2026-06-01,0.9899,0.0594,56.7,HIGH,STABLE,-0.4,NORMAL,MEDIUM,49.9,schedule_progress_gap_pct
618072,2026-07-01,0.99,0.0728,57.1,HIGH,STABLE,0.4,NORMAL,MEDIUM,50.9,schedule_progress_gap_pct
618073,2026-04-01,0.9767,0.0056,54.3,HIGH,STABLE,0.0,NORMAL,MEDIUM,48.1,schedule_progress_gap_pct
618073,2026-05-01,0.9787,0.0189,54.8,HIGH,STABLE,0.5,NORMAL,MEDIUM,48.9,schedule_progress_gap_pct
618073,2026-06-01,0.98,0.0201,54.9,HIGH,STABLE,0.1,NORMAL,MEDIUM,48.5,schedule_progress_gap_pct
618073,2026-07-01,0.9822,0.0214,55.0,HIGH,STABLE,0.1,NORMAL,MEDIUM,48.6,schedule_progress_gap_pct
618074,2026-04-01,0.9891,0.0189,55.2,HIGH,STABLE,0.0,NORMAL,MEDIUM,52.2,schedule_progress_gap_pct
618074,2026-05-01,0.9896,0.0194,55.3,HIGH,STABLE,0.1,NORMAL,MEDIUM,52.3,schedule_progress_gap_pct
618074,2026-06-01,0.9899,0.0153,55.1,HIGH,STABLE,-0.2,NORMAL,MEDIUM,51.9,schedule_progress_gap_pct
618074,2026-07-01,0.0326,0.0319,2.8,LOW,DE_ESCALATING,-52.3,NORMAL,LOW,18.0,schedule_progress_gap_pct
618075,2026-04-01,0.9811,0.0148,53.0,HIGH,STABLE,0.0,NORMAL,MEDIUM,52.1,schedule_progress_gap_pct
618075,2026-05-01,0.9834,0.0065,51.9,HIGH,STABLE,-1.1,NORMAL,MEDIUM,50.5,schedule_progress_gap_pct
618075,2026-06-01,0.9844,0.0106,52.2,HIGH,STABLE,0.3,NORMAL,MEDIUM,52.0,schedule_progress_gap_pct
618075,2026-07-01,0.9855,0.0051,52.7,HIGH,STABLE,0.5,NORMAL,MEDIUM,52.5,schedule_progress_gap_pct
618078,2026-04-01,0.9897,0.0576,56.6,HIGH,STABLE,0.0,NORMAL,MEDIUM,48.7,schedule_progress_gap_pct
618078,2026-05-01,0.9898,0.0576,56.6,HIGH,STABLE,0.0,NORMAL,MEDIUM,48.7,schedule_progress_gap_pct
618079,2026-04-01,0.0105,0.0179,16.0,LOW,STABLE,0.0,NORMAL,LOW,28.0,schedule_progress_gap_pct
618079,2026-05-01,0.0106,0.0211,16.2,LOW,STABLE,0.2,NORMAL,LOW,28.3,schedule_progress_gap_pct
618079,2026-06-01,0.0106,0.0211,16.2,LOW,STABLE,0.0,NORMAL,LOW,28.1,schedule_progress_gap_pct
618079,2026-07-01,0.0107,0.0211,16.2,LOW,STABLE,0.0,NORMAL,LOW,28.1,schedule_progress_gap_pct
618080,2026-06-01,0.9563,0.0171,53.8,HIGH,STABLE,0.0,NORMAL,MEDIUM,49.5,schedule_progress_gap_pct
618080,2026-07-01,0.9568,0.0198,54.0,HIGH,STABLE,0.2,NORMAL,MEDIUM,49.8,schedule_progress_gap_pct
618081,2026-04-01,0.9786,0.0142,54.6,HIGH,STABLE,0.0,NORMAL,MEDIUM,50.6,schedule_progress_gap_pct
618081,2026-05-01,0.9792,0.0138,54.7,HIGH,STABLE,0.1,NORMAL,MEDIUM,50.8,schedule_progress_gap_pct
618081,2026-06-01,0.9801,0.0156,54.8,HIGH,STABLE,0.1,NORMAL,MEDIUM,50.8,schedule_progress_gap_pct
618081,2026-07-01,0.9808,0.0042,54.4,HIGH,STABLE,-0.4,NORMAL,MEDIUM,50.1,schedule_progress_gap_pct
618082,2026-04-01,0.9907,0.0703,57.1,HIGH,STABLE,0.0,NORMAL,MEDIUM,51.5,schedule_progress_gap_pct
618082,2026-05-01,0.9909,0.0733,57.2,HIGH,STABLE,0.1,NORMAL,MEDIUM,51.7,schedule_progress_gap_pct
618082,2026-06-01,0.991,0.0733,57.2,HIGH,STABLE,0.0,NORMAL,MEDIUM,51.6,schedule_progress_gap_pct
618082,2026-07-01,0.9912,0.0683,57.0,HIGH,STABLE,-0.2,NORMAL,MEDIUM,51.3,schedule_progress_gap_pct
618083,2026-04-01,0.9556,0.009,53.5,HIGH,STABLE,0.0,NORMAL,MEDIUM,50.2,schedule_progress_gap_pct
618083,2026-05-01,0.957,0.009,53.6,HIGH,STABLE,0.1,NORMAL,MEDIUM,50.4,schedule_progress_gap_pct
618083,2026-07-01,0.9574,0.0052,53.5,HIGH,STABLE,-0.1,NORMAL,MEDIUM,50.1,schedule_progress_gap_pct
618084,2026-04-01,0.991,0.1013,58.2,HIGH,STABLE,0.0,NORMAL,MEDIUM,48.7,schedule_progress_gap_pct
618084,2026-05-01,0.9915,0.0559,56.6,HIGH,STABLE,-1.6,NORMAL,MEDIUM,46.3,schedule_progress_gap_pct
618084,2026-06-01,0.9917,0.0616,56.8,HIGH,STABLE,0.2,NORMAL,MEDIUM,48.2,schedule_progress_gap_pct
618084,2026-07-01,0.9918,0.0697,57.1,HIGH,STABLE,0.3,NORMAL,MEDIUM,48.5,schedule_progress_gap_pct
618085,2026-04-01,0.9871,0.0467,56.1,HIGH,STABLE,0.0,NORMAL,MEDIUM,50.1,schedule_progress_gap_pct
618085,2026-05-01,0.9872,0.0467,56.1,HIGH,STABLE,0.0,NORMAL,MEDIUM,50.1,schedule_progress_gap_pct
618085,2026-06-01,0.9893,0.0672,56.9,HIGH,STABLE,0.8,NORMAL,MEDIUM,51.3,schedule_progress_gap_pct
618085,2026-07-01,0.9899,0.0705,57.1,HIGH,STABLE,0.2,NORMAL,MEDIUM,50.8,schedule_progress_gap_pct
618086,2026-04-01,0.014,0.0037,3.7,LOW,STABLE,0.0,NORMAL,LOW,26.4,schedule_progress_gap_pct
618086,2026-05-01,0.0157,0.0109,3.3,LOW,STABLE,-0.4,NORMAL,LOW,25.8,schedule_progress_gap_pct
618086,2026-06-01,0.0159,0.0075,4.7,LOW,STABLE,1.4,NORMAL,LOW,28.3,schedule_progress_gap_pct
618086,2026-07-01,0.016,0.0076,6.3,LOW,STABLE,1.6,NORMAL,LOW,29.3,schedule_progress_gap_pct
618087,2026-04-01,0.9902,0.0602,56.7,HIGH,STABLE,0.0,NORMAL,MEDIUM,49.8,schedule_progress_gap_pct
618087,2026-05-01,0.9909,0.0389,56.0,HIGH,STABLE,-0.7,NORMAL,MEDIUM,48.7,schedule_progress_gap_pct
618087,2026-06-01,0.9909,0.0426,56.1,HIGH,STABLE,0.1,NORMAL,MEDIUM,49.6,schedule_progress_gap_pct
618087,2026-07-01,0.9909,0.0387,56.0,HIGH,STABLE,-0.1,NORMAL,MEDIUM,49.3,schedule_progress_gap_pct
618088,2026-04-01,0.0143,0.0162,9.7,LOW,STABLE,0.0,NORMAL,LOW,27.1,schedule_progress_gap_pct
618088,2026-05-01,0.0144,0.0102,11.1,LOW,STABLE,1.4,NORMAL,LOW,29.2,schedule_progress_gap_pct
618088,2026-06-01,0.0169,0.0082,9.6,LOW,STABLE,-1.5,NORMAL,LOW,25.6,schedule_progress_gap_pct
618088,2026-07-01,0.018,0.0038,9.9,LOW,STABLE,0.3,NORMAL,LOW,27.5,schedule_progress_gap_pct
618089,2026-04-01,0.9857,0.0331,55.6,HIGH,STABLE,0.0,NORMAL,MEDIUM,48.5,schedule_progress_gap_pct
618089,2026-05-01,0.9858,0.0331,55.6,HIGH,STABLE,0.0,NORMAL,MEDIUM,48.5,schedule_progress_gap_pct
618089,2026-06-01,0.9862,0.0298,55.5,HIGH,STABLE,-0.1,NORMAL,MEDIUM,48.3,schedule_progress_gap_pct
618089,2026-07-01,0.9864,0.018,55.1,HIGH,STABLE,-0.4,NORMAL,MEDIUM,47.8,schedule_progress_gap_pct
618090,2026-04-01,0.9957,0.0637,63.7,HIGH,STABLE,0.0,ANOMALOUS,HIGH,55.9,schedule_progress_gap_pct
618090,2026-05-01,0.9957,0.0637,63.7,HIGH,STABLE,0.0,ANOMALOUS,HIGH,55.9,schedule_progress_gap_pct
618091,2026-04-01,0.9741,0.0005,54.0,HIGH,STABLE,0.0,NORMAL,MEDIUM,50.9,schedule_progress_gap_pct
618091,2026-05-01,0.9743,0.0005,54.0,HIGH,STABLE,0.0,NORMAL,MEDIUM,50.9,schedule_progress_gap_pct
618091,2026-06-01,0.9759,0.0003,54.0,HIGH,STABLE,0.0,NORMAL,MEDIUM,50.9,schedule_progress_gap_pct
618091,2026-07-01,0.976,0.0004,54.1,HIGH,STABLE,0.1,NORMAL,MEDIUM,51.0,schedule_progress_gap_pct
618092,2026-04-01,0.0163,0.0154,7.9,LOW,STABLE,0.0,NORMAL,LOW,28.4,schedule_progress_gap_pct
618092,2026-05-01,0.017,0.0154,8.4,LOW,STABLE,0.5,NORMAL,LOW,29.2,schedule_progress_gap_pct
618092,2026-06-01,0.0184,0.0204,8.3,LOW,STABLE,-0.1,NORMAL,LOW,28.5,schedule_progress_gap_pct
618092,2026-07-01,0.02,0.0014,14.6,LOW,MODERATE_RISE,6.3,ANOMALOUS,MEDIUM,38.1,schedule_progress_gap_pct
618094,2026-04-01,0.995,0.04,62.8,HIGH,STABLE,0.0,ANOMALOUS,MEDIUM,54.1,schedule_progress_gap_pct
618094,2026-05-01,0.995,0.0532,63.3,HIGH,STABLE,0.5,ANOMALOUS,MEDIUM,54.9,schedule_progress_gap_pct
618094,2026-06-01,0.995,0.0581,63.4,HIGH,STABLE,0.1,ANOMALOUS,MEDIUM,54.5,schedule_progress_gap_pct
618094,2026-07-01,0.9951,0.0541,63.3,HIGH,STABLE,-0.1,ANOMALOUS,MEDIUM,54.3,schedule_progress_gap_pct
618095,2026-04-01,0.0135,0.011,15.9,LOW,STABLE,0.0,NORMAL,LOW,28.4,schedule_progress_gap_pct
618095,2026-05-01,0.9839,0.0427,56.2,HIGH,RAPID_ESCALATION,40.3,UNUSUAL,HIGH,58.6,schedule_progress_gap_pct
618095,2026-06-01,0.9839,0.0318,54.2,HIGH,STABLE,-2.0,NORMAL,MEDIUM,45.6,schedule_progress_gap_pct
618095,2026-07-01,0.985,0.0093,53.9,HIGH,STABLE,-0.3,NORMAL,MEDIUM,47.1,schedule_progress_gap_pct
618096,2026-04-01,0.9883,0.064,45.7,MEDIUM,STABLE,0.0,NORMAL,MEDIUM,43.1,schedule_progress_gap_pct
618096,2026-05-01,0.9887,0.0641,47.3,MEDIUM,STABLE,1.6,NORMAL,MEDIUM,45.5,schedule_progress_gap_pct
618096,2026-06-01,0.9888,0.0639,49.0,MEDIUM,STABLE,1.7,NORMAL,MEDIUM,46.4,schedule_progress_gap_pct
618096,2026-07-01,0.9889,0.0206,49.2,MEDIUM,STABLE,0.2,NORMAL,MEDIUM,45.0,schedule_progress_gap_pct
618097,2026-04-01,0.9953,0.0599,63.5,HIGH,STABLE,0.0,ANOMALOUS,MEDIUM,54.8,schedule_progress_gap_pct
618097,2026-05-01,0.9954,0.0599,63.5,HIGH,STABLE,0.0,ANOMALOUS,MEDIUM,54.8,schedule_progress_gap_pct
618097,2026-06-01,0.9954,0.0599,63.5,HIGH,STABLE,0.0,ANOMALOUS,MEDIUM,54.8,schedule_progress_gap_pct
618097,2026-07-01,0.9954,0.0599,63.5,HIGH,STABLE,0.0,ANOMALOUS,MEDIUM,54.8,schedule_progress_gap_pct
618098,2026-04-01,0.9914,0.1113,58.6,HIGH,STABLE,0.0,NORMAL,MEDIUM,49.2,schedule_progress_gap_pct
618098,2026-05-01,0.9915,0.1108,58.5,HIGH,STABLE,-0.1,NORMAL,MEDIUM,49.1,schedule_progress_gap_pct
618098,2026-06-01,0.9918,0.1035,58.3,HIGH,STABLE,-0.2,NORMAL,MEDIUM,48.9,schedule_progress_gap_pct
618098,2026-07-01,0.9919,0.1035,58.3,HIGH,STABLE,0.0,NORMAL,MEDIUM,49.1,schedule_progress_gap_pct
618099,2026-04-01,0.0424,0.1013,5.2,LOW,STABLE,0.0,NORMAL,LOW,22.5,schedule_progress_gap_pct
618099,2026-05-01,0.0426,0.0643,5.6,LOW,STABLE,0.4,NORMAL,LOW,23.1,schedule_progress_gap_pct
618101,2026-04-01,0.0134,0.0087,4.8,LOW,STABLE,0.0,NORMAL,LOW,28.2,schedule_progress_gap_pct
618101,2026-05-01,0.0137,0.0087,5.7,LOW,STABLE,0.9,NORMAL,LOW,29.5,schedule_progress_gap_pct
618101,2026-06-01,0.0137,0.004,6.8,LOW,STABLE,1.1,NORMAL,MEDIUM,30.3,schedule_progress_gap_pct
618101,2026-07-01,0.0138,0.0056,8.1,LOW,STABLE,1.3,NORMAL,MEDIUM,31.1,schedule_progress_gap_pct
618103,2026-04-01,0.9864,0.0344,44.2,MEDIUM,STABLE,0.0,NORMAL,MEDIUM,43.8,schedule_progress_gap_pct
618103,2026-05-01,0.9869,0.012,44.4,MEDIUM,STABLE,0.2,NORMAL,MEDIUM,44.1,schedule_progress_gap_pct
618103,2026-06-01,0.9871,0.0248,46.6,MEDIUM,STABLE,2.2,NORMAL,MEDIUM,47.2,schedule_progress_gap_pct
618103,2026-07-01,0.9871,0.0214,48.1,MEDIUM,STABLE,1.5,NORMAL,MEDIUM,47.3,schedule_progress_gap_pct
618104,2026-04-01,0.9867,0.0118,54.9,HIGH,STABLE,0.0,NORMAL,MEDIUM,53.2,schedule_progress_gap_pct
618104,2026-05-01,0.9871,0.0054,54.7,HIGH,STABLE,-0.2,NORMAL,MEDIUM,52.9,schedule_progress_gap_pct
618104,2026-06-01,0.9872,0.0036,54.6,HIGH,STABLE,-0.1,NORMAL,MEDIUM,53.0,schedule_progress_gap_pct
618104,2026-07-01,0.9879,0.0031,54.6,HIGH,STABLE,0.0,NORMAL,MEDIUM,53.1,schedule_progress_gap_pct
618105,2026-04-01,0.9702,0.0004,53.8,HIGH,STABLE,0.0,NORMAL,MEDIUM,51.5,schedule_progress_gap_pct
618105,2026-05-01,0.9703,0.0004,53.8,HIGH,STABLE,0.0,NORMAL,MEDIUM,51.5,schedule_progress_gap_pct
618105,2026-06-01,0.9706,0.0003,53.8,HIGH,STABLE,0.0,NORMAL,MEDIUM,51.5,schedule_progress_gap_pct
618105,2026-07-01,0.9765,0.0057,54.3,HIGH,STABLE,0.5,NORMAL,MEDIUM,52.2,schedule_progress_gap_pct
618106,2026-04-01,0.9882,0.0096,54.9,HIGH,STABLE,0.0,NORMAL,MEDIUM,52.4,schedule_progress_gap_pct
618106,2026-05-01,0.9883,0.0022,54.6,HIGH,STABLE,-0.3,NORMAL,MEDIUM,52.0,schedule_progress_gap_pct
618106,2026-06-01,0.9884,0.0066,54.8,HIGH,STABLE,0.2,NORMAL,MEDIUM,52.6,schedule_progress_gap_pct
618106,2026-07-01,0.0262,0.0889,4.2,LOW,DE_ESCALATING,-50.6,NORMAL,LOW,19.1,schedule_progress_gap_pct
618107,2026-04-01,0.0084,0.007,1.3,LOW,STABLE,0.0,NORMAL,LOW,27.4,schedule_progress_gap_pct
618107,2026-05-01,0.0091,0.0113,0.9,LOW,STABLE,-0.4,NORMAL,LOW,26.8,schedule_progress_gap_pct
618107,2026-06-01,0.0094,0.03,5.9,LOW,MODERATE_RISE,5.0,UNUSUAL,MEDIUM,34.7,schedule_progress_gap_pct
618107,2026-07-01,0.0105,0.0297,1.5,LOW,STABLE,-4.4,NORMAL,LOW,23.1,schedule_progress_gap_pct
618108,2026-04-01,0.9818,0.0274,55.2,HIGH,STABLE,0.0,NORMAL,MEDIUM,48.8,schedule_progress_gap_pct
618108,2026-05-01,0.9827,0.0157,54.9,HIGH,STABLE,-0.3,NORMAL,MEDIUM,48.3,schedule_progress_gap_pct
618108,2026-06-01,0.9828,0.0155,54.9,HIGH,STABLE,0.0,NORMAL,MEDIUM,48.6,schedule_progress_gap_pct
618108,2026-07-01,0.9833,0.0083,54.6,HIGH,STABLE,-0.3,NORMAL,MEDIUM,48.2,schedule_progress_gap_pct
618109,2026-04-01,0.9867,0.0063,54.7,HIGH,STABLE,0.0,NORMAL,MEDIUM,49.9,schedule_progress_gap_pct
618109,2026-05-01,0.9892,0.0255,55.5,HIGH,STABLE,0.8,NORMAL,MEDIUM,51.1,schedule_progress_gap_pct
618109,2026-06-01,0.9893,0.0063,54.8,HIGH,STABLE,-0.7,NORMAL,MEDIUM,49.3,schedule_progress_gap_pct
618109,2026-07-01,0.9894,0.0123,55.0,HIGH,STABLE,0.2,NORMAL,MEDIUM,50.3,schedule_progress_gap_pct
618110,2026-04-01,0.964,0.066,59.2,HIGH,STABLE,0.0,UNUSUAL,MEDIUM,51.7,schedule_progress_gap_pct
618110,2026-05-01,0.9641,0.0661,59.2,HIGH,STABLE,0.0,UNUSUAL,MEDIUM,51.7,schedule_progress_gap_pct
618111,2026-04-01,0.989,0.0606,56.7,HIGH,STABLE,0.0,NORMAL,MEDIUM,51.4,schedule_progress_gap_pct
618111,2026-05-01,0.9891,0.0543,56.5,HIGH,STABLE,-0.2,NORMAL,MEDIUM,51.1,schedule_progress_gap_pct
618111,2026-06-01,0.9895,0.0645,56.8,HIGH,STABLE,0.3,NORMAL,MEDIUM,51.7,schedule_progress_gap_pct
618111,2026-07-01,0.9898,0.0178,55.2,HIGH,STABLE,-1.6,NORMAL,MEDIUM,49.0,schedule_progress_gap_pct
618112,2026-04-01,0.0085,0.0086,15.6,LOW,STABLE,0.0,NORMAL,MEDIUM,33.7,schedule_progress_gap_pct
618112,2026-05-01,0.0086,0.0024,15.4,LOW,STABLE,-0.2,NORMAL,MEDIUM,33.4,schedule_progress_gap_pct
618112,2026-06-01,0.0091,0.0059,15.6,LOW,STABLE,0.2,NORMAL,MEDIUM,33.9,schedule_progress_gap_pct
618112,2026-07-01,0.9567,0.0018,53.3,HIGH,RAPID_ESCALATION,37.7,NORMAL,HIGH,62.5,schedule_progress_gap_pct
618113,2026-04-01,0.0125,0.0158,11.0,LOW,STABLE,0.0,NORMAL,LOW,29.8,schedule_progress_gap_pct
618113,2026-05-01,0.0147,0.0141,9.3,LOW,STABLE,-1.7,NORMAL,LOW,27.3,schedule_progress_gap_pct
618113,2026-06-01,0.0158,0.0037,9.4,LOW,STABLE,0.1,NORMAL,LOW,29.1,schedule_progress_gap_pct
618113,2026-07-01,0.977,0.0053,47.3,MEDIUM,RAPID_ESCALATION,37.9,NORMAL,HIGH,58.0,schedule_progress_gap_pct
618114,2026-04-01,0.007,0.0067,2.5,LOW,STABLE,0.0,NORMAL,LOW,28.1,schedule_progress_gap_pct
618114,2026-05-01,0.0073,0.0024,2.7,LOW,STABLE,0.2,NORMAL,LOW,28.4,schedule_progress_gap_pct
618114,2026-06-01,0.0075,0.0024,3.1,LOW,STABLE,0.4,NORMAL,LOW,28.8,schedule_progress_gap_pct
618114,2026-07-01,0.0076,0.0041,4.2,LOW,STABLE,1.1,NORMAL,MEDIUM,30.0,schedule_progress_gap_pct
618116,2026-04-01,0.0101,0.0781,3.1,LOW,STABLE,0.0,NORMAL,LOW,29.6,schedule_progress_gap_pct
618116,2026-05-01,0.0116,0.0575,2.5,LOW,STABLE,-0.6,NORMAL,LOW,28.7,schedule_progress_gap_pct
618116,2026-06-01,0.0127,0.0619,2.7,LOW,STABLE,0.2,NORMAL,LOW,29.6,schedule_progress_gap_pct
618116,2026-07-01,0.0128,0.0844,3.5,LOW,STABLE,0.8,NORMAL,MEDIUM,30.6,schedule_progress_gap_pct
618117,2026-04-01,0.0118,0.0068,15.7,LOW,STABLE,0.0,NORMAL,LOW,27.5,schedule_progress_gap_pct
618117,2026-05-01,0.0119,0.0068,15.7,LOW,STABLE,0.0,NORMAL,LOW,27.5,schedule_progress_gap_pct
618117,2026-06-01,0.9656,0.0048,53.8,HIGH,RAPID_ESCALATION,38.1,NORMAL,HIGH,56.5,schedule_progress_gap_pct
618117,2026-07-01,0.9657,0.0139,54.1,HIGH,STABLE,0.3,NORMAL,MEDIUM,47.0,schedule_progress_gap_pct
618118,2026-04-01,0.99,0.0632,56.8,HIGH,STABLE,0.0,NORMAL,MEDIUM,48.5,schedule_progress_gap_pct
618118,2026-05-01,0.9901,0.0761,57.3,HIGH,STABLE,0.5,NORMAL,MEDIUM,49.2,schedule_progress_gap_pct
618120,2026-04-01,0.007,0.0025,4.1,LOW,STABLE,0.0,NORMAL,LOW,28.5,schedule_progress_gap_pct
618120,2026-05-01,0.0071,0.0025,5.3,LOW,STABLE,1.2,NORMAL,MEDIUM,30.3,schedule_progress_gap_pct
618120,2026-06-01,0.0075,0.0036,5.4,LOW,STABLE,0.1,NORMAL,LOW,29.2,schedule_progress_gap_pct
618120,2026-07-01,0.0076,0.0282,7.5,LOW,STABLE,2.1,NORMAL,MEDIUM,32.3,schedule_progress_gap_pct
618121,2026-04-01,0.9896,0.0174,55.2,HIGH,STABLE,0.0,NORMAL,MEDIUM,50.8,schedule_progress_gap_pct
618121,2026-05-01,0.9896,0.0174,55.2,HIGH,STABLE,0.0,NORMAL,MEDIUM,50.8,schedule_progress_gap_pct
618121,2026-06-01,0.9898,0.0105,55.0,HIGH,STABLE,-0.2,NORMAL,MEDIUM,50.5,schedule_progress_gap_pct
618121,2026-07-01,0.99,0.0105,55.0,HIGH,STABLE,0.0,NORMAL,MEDIUM,50.7,schedule_progress_gap_pct
618122,2026-04-01,0.0112,0.0211,16.2,LOW,STABLE,0.0,NORMAL,LOW,28.1,schedule_progress_gap_pct
618122,2026-05-01,0.0132,0.0232,15.5,LOW,STABLE,-0.7,NORMAL,LOW,27.1,schedule_progress_gap_pct
618122,2026-06-01,0.0133,0.0179,16.2,LOW,STABLE,0.7,NORMAL,LOW,28.8,schedule_progress_gap_pct
618122,2026-07-01,0.0138,0.0014,15.6,LOW,STABLE,-0.6,NORMAL,LOW,27.2,schedule_progress_gap_pct
618124,2026-04-01,0.9835,0.013,54.8,HIGH,STABLE,0.0,NORMAL,MEDIUM,49.9,schedule_progress_gap_pct
618124,2026-05-01,0.9839,0.0069,54.6,HIGH,STABLE,-0.2,NORMAL,MEDIUM,49.6,schedule_progress_gap_pct
618124,2026-06-01,0.984,0.0069,54.6,HIGH,STABLE,0.0,NORMAL,MEDIUM,49.8,schedule_progress_gap_pct
618124,2026-07-01,0.9859,0.0077,54.7,HIGH,STABLE,0.1,NORMAL,MEDIUM,49.9,schedule_progress_gap_pct
618125,2026-04-01,0.995,0.0955,64.7,HIGH,STABLE,0.0,ANOMALOUS,MEDIUM,53.4,schedule_progress_gap_pct
618125,2026-05-01,0.995,0.0955,64.7,HIGH,STABLE,0.0,ANOMALOUS,MEDIUM,53.4,schedule_progress_gap_pct
618125,2026-06-01,0.995,0.1023,68.4,HIGH,STABLE,3.7,REQUIRES_VERIFICATION,HIGH,58.9,schedule_progress_gap_pct
618125,2026-07-01,0.995,0.082,67.7,HIGH,STABLE,-0.7,REQUIRES_VERIFICATION,MEDIUM,54.2,schedule_progress_gap_pct
618126,2026-04-01,0.0185,0.0167,3.9,LOW,STABLE,0.0,NORMAL,LOW,25.6,schedule_progress_gap_pct
618126,2026-05-01,0.0186,0.0151,5.1,LOW,STABLE,1.2,NORMAL,LOW,27.4,schedule_progress_gap_pct
618126,2026-06-01,0.9781,0.0142,48.0,MEDIUM,RAPID_ESCALATION,42.9,UNUSUAL,HIGH,57.6,schedule_progress_gap_pct
618126,2026-07-01,0.9784,0.0109,45.6,MEDIUM,STABLE,-2.4,NORMAL,MEDIUM,44.0,schedule_progress_gap_pct
618127,2026-04-01,0.009,0.0101,6.5,LOW,STABLE,0.0,NORMAL,LOW,24.7,schedule_progress_gap_pct
618127,2026-05-01,0.0093,0.001,7.2,LOW,STABLE,0.7,NORMAL,LOW,25.7,schedule_progress_gap_pct
618127,2026-06-01,0.0093,0.0011,8.9,LOW,STABLE,1.7,NORMAL,LOW,27.6,schedule_progress_gap_pct
618127,2026-07-01,0.01,0.001,9.2,LOW,STABLE,0.3,NORMAL,LOW,26.3,schedule_progress_gap_pct
618129,2026-04-01,0.0274,0.1243,5.4,LOW,STABLE,0.0,NORMAL,LOW,26.2,schedule_progress_gap_pct
618129,2026-05-01,0.0275,0.1146,5.1,LOW,STABLE,-0.3,NORMAL,LOW,25.8,schedule_progress_gap_pct
618129,2026-06-01,0.0277,0.1146,5.1,LOW,STABLE,0.0,NORMAL,LOW,26.1,schedule_progress_gap_pct
618129,2026-07-01,0.034,0.0517,6.5,LOW,STABLE,1.4,UNUSUAL,LOW,28.2,schedule_progress_gap_pct
618130,2026-04-01,0.0235,0.0458,8.7,LOW,STABLE,0.0,NORMAL,LOW,28.1,schedule_progress_gap_pct
618130,2026-05-01,0.9824,0.04,47.9,MEDIUM,RAPID_ESCALATION,39.2,NORMAL,HIGH,57.7,schedule_progress_gap_pct
618130,2026-06-01,0.9835,0.0407,48.7,MEDIUM,STABLE,0.8,NORMAL,MEDIUM,48.9,schedule_progress_gap_pct
618130,2026-07-01,0.9843,0.0037,51.6,HIGH,STABLE,2.9,UNUSUAL,MEDIUM,52.4,schedule_progress_gap_pct
618133,2026-04-01,0.9866,0.0694,56.9,HIGH,STABLE,0.0,NORMAL,MEDIUM,50.2,schedule_progress_gap_pct
618133,2026-05-01,0.9881,0.051,56.3,HIGH,STABLE,-0.6,NORMAL,MEDIUM,49.3,schedule_progress_gap_pct
618133,2026-06-01,0.9881,0.0502,56.3,HIGH,STABLE,0.0,NORMAL,MEDIUM,49.9,schedule_progress_gap_pct
618133,2026-07-01,0.9888,0.0329,59.0,HIGH,STABLE,2.7,UNUSUAL,MEDIUM,53.9,schedule_progress_gap_pct
618134,2026-04-01,0.0253,0.0433,5.5,LOW,STABLE,0.0,NORMAL,LOW,26.2,schedule_progress_gap_pct
618134,2026-05-01,0.0295,0.0577,4.2,LOW,STABLE,-1.3,NORMAL,LOW,24.3,schedule_progress_gap_pct
618134,2026-06-01,0.0303,0.0532,4.9,LOW,STABLE,0.7,NORMAL,LOW,26.6,schedule_progress_gap_pct
618134,2026-07-01,0.0309,0.0295,5.3,LOW,STABLE,0.4,NORMAL,LOW,26.5,schedule_progress_gap_pct
618136,2026-04-01,0.992,0.0834,57.6,HIGH,STABLE,0.0,NORMAL,MEDIUM,49.8,schedule_progress_gap_pct
618136,2026-05-01,0.992,0.0893,57.8,HIGH,STABLE,0.2,NORMAL,MEDIUM,50.1,schedule_progress_gap_pct
618137,2026-04-01,0.0188,0.0462,2.4,LOW,STABLE,0.0,NORMAL,LOW,25.2,schedule_progress_gap_pct
618137,2026-05-01,0.0208,0.0744,3.4,LOW,STABLE,1.0,NORMAL,LOW,26.7,schedule_progress_gap_pct
618137,2026-06-01,0.0231,0.1059,4.6,LOW,STABLE,1.2,NORMAL,LOW,27.5,schedule_progress_gap_pct
618137,2026-07-01,0.0248,0.0751,3.6,LOW,STABLE,-1.0,NORMAL,LOW,24.8,schedule_progress_gap_pct
618138,2026-04-01,0.0174,0.0182,7.3,LOW,STABLE,0.0,NORMAL,LOW,26.2,schedule_progress_gap_pct
618138,2026-05-01,0.0197,0.0238,6.6,LOW,STABLE,-0.7,NORMAL,LOW,25.1,schedule_progress_gap_pct
618138,2026-06-01,0.021,0.0254,7.2,LOW,STABLE,0.6,NORMAL,LOW,26.7,schedule_progress_gap_pct
618138,2026-07-01,0.0211,0.0191,8.6,LOW,STABLE,1.4,NORMAL,LOW,28.2,schedule_progress_gap_pct
618139,2026-04-01,0.0182,0.0222,9.6,LOW,STABLE,0.0,NORMAL,LOW,27.4,schedule_progress_gap_pct
618139,2026-05-01,0.0182,0.0222,11.3,LOW,STABLE,1.7,NORMAL,LOW,29.9,schedule_progress_gap_pct
618139,2026-06-01,0.0183,0.0222,13.1,LOW,STABLE,1.8,NORMAL,MEDIUM,30.9,schedule_progress_gap_pct
618139,2026-07-01,0.0184,0.0224,14.9,LOW,STABLE,1.8,NORMAL,MEDIUM,31.8,schedule_progress_gap_pct
618140,2026-04-01,0.009,0.0008,15.3,LOW,STABLE,0.0,NORMAL,MEDIUM,31.0,schedule_progress_gap_pct
618140,2026-05-01,0.0089,0.0052,15.5,LOW,STABLE,0.2,NORMAL,MEDIUM,31.3,schedule_progress_gap_pct
618140,2026-06-01,0.0089,0.0052,15.5,LOW,STABLE,0.0,NORMAL,MEDIUM,31.1,schedule_progress_gap_pct
618140,2026-07-01,0.0095,0.0007,15.4,LOW,STABLE,-0.1,NORMAL,MEDIUM,31.0,schedule_progress_gap_pct
618141,2026-04-01,0.9861,0.0057,54.6,HIGH,STABLE,0.0,NORMAL,MEDIUM,50.5,schedule_progress_gap_pct
618141,2026-05-01,0.9863,0.0003,54.5,HIGH,STABLE,-0.1,NORMAL,MEDIUM,50.3,schedule_progress_gap_pct
618141,2026-06-01,0.987,0.0024,54.6,HIGH,STABLE,0.1,NORMAL,MEDIUM,50.6,schedule_progress_gap_pct
618141,2026-07-01,0.9871,0.0057,54.7,HIGH,STABLE,0.1,NORMAL,MEDIUM,50.6,schedule_progress_gap_pct
618142,2026-04-01,0.9922,0.1358,66.0,HIGH,STABLE,0.0,ANOMALOUS,MEDIUM,54.3,schedule_progress_gap_pct
618142,2026-05-01,0.9923,0.1358,66.0,HIGH,STABLE,0.0,ANOMALOUS,MEDIUM,54.3,schedule_progress_gap_pct
618143,2026-04-01,0.0457,0.133,28.1,MEDIUM,STABLE,0.0,ANOMALOUS,MEDIUM,34.5,schedule_progress_gap_pct
618143,2026-05-01,0.0459,0.133,28.1,MEDIUM,STABLE,0.0,ANOMALOUS,MEDIUM,34.5,schedule_progress_gap_pct
618145,2026-04-01,0.9902,0.0367,55.9,HIGH,STABLE,0.0,NORMAL,MEDIUM,52.2,schedule_progress_gap_pct
618145,2026-05-01,0.9902,0.0388,56.0,HIGH,STABLE,0.1,NORMAL,MEDIUM,52.3,schedule_progress_gap_pct
618146,2026-04-01,0.9711,0.0089,54.2,HIGH,STABLE,0.0,NORMAL,MEDIUM,50.8,schedule_progress_gap_pct
618146,2026-05-01,0.9724,0.0089,54.2,HIGH,STABLE,0.0,NORMAL,MEDIUM,50.8,schedule_progress_gap_pct
618146,2026-06-01,0.9729,0.0087,54.2,HIGH,STABLE,0.0,NORMAL,MEDIUM,50.8,schedule_progress_gap_pct
618146,2026-07-01,0.9738,0.0173,54.6,HIGH,STABLE,0.4,NORMAL,MEDIUM,51.4,schedule_progress_gap_pct
618147,2026-04-01,0.9759,0.0154,54.6,HIGH,STABLE,0.0,NORMAL,MEDIUM,47.2,schedule_progress_gap_pct
618147,2026-05-01,0.9831,0.013,54.8,HIGH,STABLE,0.2,NORMAL,MEDIUM,47.5,schedule_progress_gap_pct
618147,2026-06-01,0.9832,0.0026,54.4,HIGH,STABLE,-0.4,NORMAL,MEDIUM,46.7,schedule_progress_gap_pct
618147,2026-07-01,0.9833,0.0085,54.6,HIGH,STABLE,0.2,NORMAL,MEDIUM,47.4,schedule_progress_gap_pct
618148,2026-05-01,0.0071,0.0019,1.6,LOW,STABLE,0.0,NORMAL,LOW,26.2,schedule_progress_gap_pct
618148,2026-06-01,0.0072,0.0018,2.9,LOW,STABLE,1.3,NORMAL,LOW,28.1,schedule_progress_gap_pct
618148,2026-07-01,0.0072,0.0019,4.1,LOW,STABLE,1.2,NORMAL,LOW,28.6,schedule_progress_gap_pct
618149,2026-04-01,0.0079,0.0014,15.4,LOW,STABLE,0.0,NORMAL,MEDIUM,33.8,schedule_progress_gap_pct
618149,2026-05-01,0.0186,0.0047,6.1,LOW,DE_ESCALATING,-9.3,UNUSUAL,LOW,21.1,schedule_progress_gap_pct
618149,2026-06-01,0.0188,0.0094,4.2,LOW,STABLE,-1.9,NORMAL,LOW,26.3,schedule_progress_gap_pct
618149,2026-07-01,0.0189,0.002,5.2,LOW,STABLE,1.0,NORMAL,LOW,29.7,schedule_progress_gap_pct
618150,2026-04-01,0.0111,0.0041,9.9,LOW,STABLE,0.0,NORMAL,MEDIUM,30.2,schedule_progress_gap_pct
618150,2026-05-01,0.0112,0.0041,11.1,LOW,STABLE,1.2,NORMAL,MEDIUM,32.0,schedule_progress_gap_pct
618150,2026-06-01,0.0112,0.004,12.4,LOW,STABLE,1.3,NORMAL,MEDIUM,32.8,schedule_progress_gap_pct
618150,2026-07-01,0.0113,0.004,13.6,LOW,STABLE,1.2,NORMAL,MEDIUM,33.3,schedule_progress_gap_pct
618152,2026-04-01,0.9956,0.0607,63.6,HIGH,STABLE,0.0,ANOMALOUS,HIGH,55.5,schedule_progress_gap_pct
618152,2026-05-01,0.9957,0.0602,63.5,HIGH,STABLE,-0.1,ANOMALOUS,HIGH,55.3,schedule_progress_gap_pct
618152,2026-06-01,0.9959,0.0637,63.7,HIGH,STABLE,0.2,ANOMALOUS,HIGH,55.7,schedule_progress_gap_pct
618152,2026-07-01,0.9959,0.0637,63.7,HIGH,STABLE,0.0,ANOMALOUS,HIGH,55.5,schedule_progress_gap_pct
618153,2026-04-01,0.9955,0.0527,63.3,HIGH,STABLE,0.0,ANOMALOUS,HIGH,56.4,schedule_progress_gap_pct
618153,2026-05-01,0.9955,0.0522,63.2,HIGH,STABLE,-0.1,ANOMALOUS,HIGH,56.2,schedule_progress_gap_pct
618153,2026-06-01,0.9959,0.0557,63.4,HIGH,STABLE,0.2,ANOMALOUS,HIGH,56.6,schedule_progress_gap_pct
618153,2026-07-01,0.9959,0.0557,63.4,HIGH,STABLE,0.0,ANOMALOUS,HIGH,56.4,schedule_progress_gap_pct
618154,2026-04-01,0.988,0.1078,58.3,HIGH,STABLE,0.0,NORMAL,MEDIUM,48.9,schedule_progress_gap_pct
618154,2026-05-01,0.9881,0.1196,58.7,HIGH,STABLE,0.4,NORMAL,MEDIUM,49.5,schedule_progress_gap_pct
618154,2026-06-01,0.9881,0.1196,58.7,HIGH,STABLE,0.0,NORMAL,MEDIUM,49.1,schedule_progress_gap_pct
618154,2026-07-01,0.9882,0.1196,58.7,HIGH,STABLE,0.0,NORMAL,MEDIUM,49.1,schedule_progress_gap_pct
618155,2026-04-01,0.0271,0.0308,5.9,LOW,STABLE,0.0,NORMAL,LOW,25.9,schedule_progress_gap_pct
618155,2026-05-01,0.0281,0.0306,6.9,LOW,STABLE,1.0,NORMAL,LOW,27.4,schedule_progress_gap_pct
618155,2026-06-01,0.986,0.0079,45.2,MEDIUM,RAPID_ESCALATION,38.3,NORMAL,HIGH,55.6,schedule_progress_gap_pct
618155,2026-07-01,0.9861,0.0193,47.3,MEDIUM,STABLE,2.1,NORMAL,MEDIUM,48.7,schedule_progress_gap_pct
618156,2026-04-01,0.0219,0.0217,3.3,LOW,STABLE,0.0,NORMAL,LOW,25.4,schedule_progress_gap_pct
618156,2026-05-01,0.0229,0.0304,4.1,LOW,STABLE,0.8,NORMAL,LOW,26.6,schedule_progress_gap_pct
618156,2026-06-01,0.0234,0.0348,5.1,LOW,STABLE,1.0,NORMAL,LOW,27.3,schedule_progress_gap_pct
618156,2026-07-01,0.0235,0.0341,6.3,LOW,STABLE,1.2,NORMAL,LOW,28.1,schedule_progress_gap_pct
618157,2026-04-01,0.982,0.0352,46.6,MEDIUM,STABLE,0.0,NORMAL,MEDIUM,45.8,schedule_progress_gap_pct
618157,2026-05-01,0.9821,0.0371,48.3,MEDIUM,STABLE,1.7,NORMAL,MEDIUM,48.3,schedule_progress_gap_pct
618157,2026-06-01,0.9846,0.05,47.4,MEDIUM,STABLE,-0.9,NORMAL,MEDIUM,45.3,schedule_progress_gap_pct
618157,2026-07-01,0.9848,0.0016,47.4,MEDIUM,STABLE,0.0,NORMAL,MEDIUM,46.2,schedule_progress_gap_pct
618158,2026-04-01,0.0099,0.0039,15.5,LOW,STABLE,0.0,NORMAL,MEDIUM,30.9,schedule_progress_gap_pct
618158,2026-05-01,0.0099,0.0039,15.5,LOW,STABLE,0.0,NORMAL,MEDIUM,30.9,schedule_progress_gap_pct
618158,2026-06-01,0.0103,0.0098,15.8,LOW,STABLE,0.3,NORMAL,MEDIUM,31.3,schedule_progress_gap_pct
618158,2026-07-01,0.0105,0.0098,15.8,LOW,STABLE,0.0,NORMAL,MEDIUM,31.0,schedule_progress_gap_pct
618159,2026-04-01,0.008,0.0018,12.0,LOW,STABLE,0.0,NORMAL,LOW,28.8,schedule_progress_gap_pct
618159,2026-05-01,0.0087,0.0008,12.1,LOW,STABLE,0.1,NORMAL,LOW,29.0,schedule_progress_gap_pct
618159,2026-06-01,0.0088,0.0008,13.5,LOW,STABLE,1.4,NORMAL,MEDIUM,31.0,schedule_progress_gap_pct
618159,2026-07-01,0.0089,0.0009,15.0,LOW,STABLE,1.5,NORMAL,MEDIUM,31.8,schedule_progress_gap_pct
618160,2026-04-01,0.0074,0.0089,5.0,LOW,STABLE,0.0,NORMAL,LOW,28.8,schedule_progress_gap_pct
618160,2026-05-01,0.0075,0.0089,6.1,LOW,STABLE,1.1,NORMAL,MEDIUM,30.4,schedule_progress_gap_pct
618160,2026-06-01,0.0076,0.0089,7.1,LOW,STABLE,1.0,NORMAL,MEDIUM,30.8,schedule_progress_gap_pct
618160,2026-07-01,0.0077,0.006,8.3,LOW,STABLE,1.2,NORMAL,MEDIUM,31.6,schedule_progress_gap_pct
618161,2026-04-01,0.9885,0.0109,44.5,MEDIUM,STABLE,0.0,NORMAL,MEDIUM,47.9,schedule_progress_gap_pct
618161,2026-05-01,0.9886,0.0109,45.6,MEDIUM,STABLE,1.1,NORMAL,MEDIUM,49.5,schedule_progress_gap_pct
618162,2026-04-01,0.0073,0.0085,2.8,LOW,STABLE,0.0,NORMAL,MEDIUM,30.1,schedule_progress_gap_pct
618162,2026-05-01,0.0081,0.0101,2.0,LOW,STABLE,-0.8,NORMAL,LOW,28.9,schedule_progress_gap_pct
618162,2026-06-01,0.0089,0.0101,1.5,LOW,STABLE,-0.5,NORMAL,LOW,28.9,schedule_progress_gap_pct
618162,2026-07-01,0.0092,0.0101,2.2,LOW,STABLE,0.7,NORMAL,MEDIUM,30.5,schedule_progress_gap_pct
618163,2026-04-01,0.9809,0.0223,55.0,HIGH,STABLE,0.0,NORMAL,MEDIUM,53.0,schedule_progress_gap_pct
618163,2026-05-01,0.9812,0.0255,55.1,HIGH,STABLE,0.1,NORMAL,MEDIUM,53.1,schedule_progress_gap_pct
618163,2026-06-01,0.9813,0.0275,55.2,HIGH,STABLE,0.1,NORMAL,MEDIUM,53.2,schedule_progress_gap_pct
618163,2026-07-01,0.9819,0.0088,57.9,HIGH,STABLE,2.7,UNUSUAL,HIGH,57.1,schedule_progress_gap_pct
618164,2026-04-01,0.0272,0.069,5.5,LOW,STABLE,0.0,NORMAL,LOW,29.4,schedule_progress_gap_pct
618164,2026-05-01,0.9849,0.0487,44.0,MEDIUM,RAPID_ESCALATION,38.5,NORMAL,HIGH,58.7,schedule_progress_gap_pct
618164,2026-06-01,0.986,0.0487,43.8,MEDIUM,STABLE,-0.2,NORMAL,MEDIUM,48.4,schedule_progress_gap_pct
618164,2026-07-01,0.9878,0.0652,43.0,MEDIUM,STABLE,-0.8,NORMAL,MEDIUM,47.4,schedule_progress_gap_pct
618165,2026-04-01,0.9879,0.0615,46.1,MEDIUM,STABLE,0.0,NORMAL,MEDIUM,49.8,schedule_progress_gap_pct
618165,2026-05-01,0.9883,0.0697,47.1,MEDIUM,STABLE,1.0,NORMAL,MEDIUM,51.3,schedule_progress_gap_pct
618165,2026-06-01,0.9884,0.0711,48.5,MEDIUM,STABLE,1.4,NORMAL,MEDIUM,52.4,schedule_progress_gap_pct
618166,2026-04-01,0.989,0.0602,49.4,MEDIUM,STABLE,0.0,NORMAL,MEDIUM,49.6,schedule_progress_gap_pct
618166,2026-05-01,0.9893,0.0811,51.1,HIGH,STABLE,1.7,NORMAL,MEDIUM,52.2,schedule_progress_gap_pct
618166,2026-06-01,0.9894,0.0863,52.6,HIGH,STABLE,1.5,NORMAL,MEDIUM,52.7,schedule_progress_gap_pct
618166,2026-07-01,0.9894,0.0923,54.0,HIGH,STABLE,1.4,NORMAL,MEDIUM,53.3,schedule_progress_gap_pct
618167,2026-04-01,0.9917,0.0551,59.9,HIGH,STABLE,0.0,UNUSUAL,MEDIUM,51.5,schedule_progress_gap_pct
618167,2026-05-01,0.9918,0.0551,59.9,HIGH,STABLE,0.0,UNUSUAL,MEDIUM,51.5,schedule_progress_gap_pct
618168,2026-04-01,0.98,0.0034,54.3,HIGH,STABLE,0.0,NORMAL,MEDIUM,53.1,schedule_progress_gap_pct
618168,2026-05-01,0.9801,0.0051,54.4,HIGH,STABLE,0.1,NORMAL,MEDIUM,53.2,schedule_progress_gap_pct
618168,2026-06-01,0.9802,0.0048,54.4,HIGH,STABLE,0.0,NORMAL,MEDIUM,53.1,schedule_progress_gap_pct
618168,2026-07-01,0.9803,0.0051,54.4,HIGH,STABLE,0.0,NORMAL,MEDIUM,53.1,schedule_progress_gap_pct
618169,2026-04-01,0.9889,0.02,47.7,MEDIUM,STABLE,0.0,NORMAL,MEDIUM,48.5,schedule_progress_gap_pct
618169,2026-05-01,0.9891,0.01,48.3,MEDIUM,STABLE,0.6,NORMAL,MEDIUM,49.4,schedule_progress_gap_pct
618169,2026-06-01,0.9893,0.01,49.3,MEDIUM,STABLE,1.0,NORMAL,MEDIUM,50.3,schedule_progress_gap_pct
618169,2026-07-01,0.9896,0.01,50.5,HIGH,STABLE,1.2,NORMAL,MEDIUM,51.1,schedule_progress_gap_pct
618170,2026-04-01,0.9765,0.0199,54.8,HIGH,STABLE,0.0,NORMAL,MEDIUM,48.2,schedule_progress_gap_pct
618170,2026-05-01,0.9766,0.0158,54.6,HIGH,STABLE,-0.2,NORMAL,MEDIUM,47.9,schedule_progress_gap_pct
618170,2026-06-01,0.9772,0.0287,55.1,HIGH,STABLE,0.5,NORMAL,MEDIUM,48.8,schedule_progress_gap_pct
618170,2026-07-01,0.9788,0.0102,54.5,HIGH,STABLE,-0.6,NORMAL,MEDIUM,47.4,schedule_progress_gap_pct
618171,2026-04-01,0.9766,0.0201,54.8,HIGH,STABLE,0.0,NORMAL,MEDIUM,49.9,schedule_progress_gap_pct
618171,2026-05-01,0.9767,0.0201,54.8,HIGH,STABLE,0.0,NORMAL,MEDIUM,49.9,schedule_progress_gap_pct
618171,2026-06-01,0.9801,0.031,55.3,HIGH,STABLE,0.5,NORMAL,MEDIUM,50.7,schedule_progress_gap_pct
618171,2026-07-01,0.9804,0.0005,54.2,HIGH,STABLE,-1.1,NORMAL,MEDIUM,48.5,schedule_progress_gap_pct
618172,2026-04-01,0.995,0.0542,63.3,HIGH,STABLE,0.0,ANOMALOUS,MEDIUM,54.1,schedule_progress_gap_pct
618172,2026-05-01,0.995,0.0542,63.3,HIGH,STABLE,0.0,ANOMALOUS,MEDIUM,54.1,schedule_progress_gap_pct
618172,2026-06-01,0.9952,0.0542,63.3,HIGH,STABLE,0.0,ANOMALOUS,MEDIUM,54.1,schedule_progress_gap_pct
618172,2026-07-01,0.9953,0.0868,67.9,HIGH,STABLE,4.6,REQUIRES_VERIFICATION,HIGH,61.0,schedule_progress_gap_pct
618173,2026-04-01,0.9948,0.0542,63.3,HIGH,STABLE,0.0,ANOMALOUS,MEDIUM,54.5,schedule_progress_gap_pct
618173,2026-05-01,0.9949,0.0542,63.3,HIGH,STABLE,0.0,ANOMALOUS,MEDIUM,54.5,schedule_progress_gap_pct
618173,2026-06-01,0.9952,0.0542,63.3,HIGH,STABLE,0.0,ANOMALOUS,MEDIUM,54.5,schedule_progress_gap_pct
618173,2026-07-01,0.9953,0.0542,63.3,HIGH,STABLE,0.0,ANOMALOUS,MEDIUM,54.5,schedule_progress_gap_pct
618174,2026-04-01,0.0402,0.1695,14.1,LOW,STABLE,0.0,ANOMALOUS,LOW,28.0,schedule_progress_gap_pct
618174,2026-05-01,0.0403,0.1836,8.0,LOW,DE_ESCALATING,-6.1,NORMAL,LOW,18.9,schedule_progress_gap_pct
618174,2026-06-01,0.0405,0.1836,8.0,LOW,STABLE,0.0,NORMAL,LOW,25.0,schedule_progress_gap_pct
618174,2026-07-01,0.0407,0.188,8.2,LOW,STABLE,0.2,NORMAL,LOW,25.3,schedule_progress_gap_pct
618175,2026-04-01,0.9901,0.0575,56.6,HIGH,STABLE,0.0,NORMAL,MEDIUM,51.5,schedule_progress_gap_pct
618175,2026-05-01,0.9902,0.0575,56.6,HIGH,STABLE,0.0,NORMAL,MEDIUM,51.5,schedule_progress_gap_pct
618175,2026-06-01,0.9903,0.0556,56.6,HIGH,STABLE,0.0,NORMAL,MEDIUM,51.5,schedule_progress_gap_pct
618177,2026-04-01,0.9957,0.0926,68.1,HIGH,STABLE,0.0,REQUIRES_VERIFICATION,HIGH,55.0,schedule_progress_gap_pct
618177,2026-05-01,0.9955,0.0926,68.1,HIGH,STABLE,0.0,REQUIRES_VERIFICATION,HIGH,55.0,schedule_progress_gap_pct
618177,2026-06-01,0.9955,0.0926,68.1,HIGH,STABLE,0.0,REQUIRES_VERIFICATION,HIGH,55.0,schedule_progress_gap_pct
618177,2026-07-01,0.9956,0.0715,67.3,HIGH,STABLE,-0.8,REQUIRES_VERIFICATION,MEDIUM,53.8,schedule_progress_gap_pct
618178,2026-04-01,0.0281,0.063,8.4,LOW,STABLE,0.0,NORMAL,LOW,24.0,schedule_progress_gap_pct
618178,2026-05-01,0.0282,0.063,10.0,LOW,STABLE,1.6,NORMAL,LOW,26.4,schedule_progress_gap_pct
618178,2026-06-01,0.9856,0.046,49.4,MEDIUM,RAPID_ESCALATION,39.4,NORMAL,MEDIUM,54.5,schedule_progress_gap_pct
618178,2026-07-01,0.9856,0.046,51.1,HIGH,STABLE,1.7,NORMAL,MEDIUM,47.1,schedule_progress_gap_pct
618179,2026-04-01,0.0385,0.0895,10.0,LOW,STABLE,0.0,NORMAL,LOW,25.2,schedule_progress_gap_pct
618179,2026-05-01,0.0387,0.0895,11.6,LOW,STABLE,1.6,NORMAL,LOW,27.6,schedule_progress_gap_pct
618179,2026-06-01,0.9902,0.0753,49.7,MEDIUM,RAPID_ESCALATION,38.1,NORMAL,HIGH,55.1,schedule_progress_gap_pct
618180,2026-04-01,0.9944,0.0888,67.9,HIGH,STABLE,0.0,REQUIRES_VERIFICATION,MEDIUM,54.9,schedule_progress_gap_pct
618180,2026-05-01,0.9945,0.0855,67.8,HIGH,STABLE,-0.1,REQUIRES_VERIFICATION,MEDIUM,54.7,schedule_progress_gap_pct
618180,2026-06-01,0.9953,0.0855,67.8,HIGH,STABLE,0.0,REQUIRES_VERIFICATION,MEDIUM,54.8,schedule_progress_gap_pct
618180,2026-07-01,0.9954,0.0855,67.8,HIGH,STABLE,0.0,REQUIRES_VERIFICATION,MEDIUM,54.8,schedule_progress_gap_pct
618181,2026-04-01,0.0425,0.1261,21.1,LOW,STABLE,0.0,NORMAL,MEDIUM,30.2,schedule_progress_gap_pct
618181,2026-05-01,0.0427,0.1295,21.2,LOW,STABLE,0.1,NORMAL,MEDIUM,30.3,schedule_progress_gap_pct
618182,2026-04-01,0.02,0.0041,8.2,LOW,STABLE,0.0,NORMAL,LOW,27.9,schedule_progress_gap_pct
618182,2026-05-01,0.0203,0.0041,9.2,LOW,STABLE,1.0,NORMAL,LOW,29.4,schedule_progress_gap_pct
618182,2026-06-01,0.0212,0.0014,9.7,LOW,STABLE,0.5,NORMAL,LOW,29.1,schedule_progress_gap_pct
618182,2026-07-01,0.9821,0.0028,48.7,MEDIUM,RAPID_ESCALATION,39.0,NORMAL,HIGH,58.1,schedule_progress_gap_pct
618183,2026-04-01,0.0204,0.0204,6.7,LOW,STABLE,0.0,NORMAL,LOW,26.3,schedule_progress_gap_pct
618183,2026-05-01,0.0205,0.0146,7.7,LOW,STABLE,1.0,NORMAL,LOW,27.8,schedule_progress_gap_pct
618183,2026-06-01,0.0216,0.0313,8.6,LOW,STABLE,0.9,NORMAL,LOW,28.2,schedule_progress_gap_pct
618183,2026-07-01,0.0224,0.0033,11.9,LOW,STABLE,3.3,UNUSUAL,MEDIUM,32.2,schedule_progress_gap_pct
618184,2026-04-01,0.9785,0.0094,54.5,HIGH,STABLE,0.0,NORMAL,MEDIUM,49.4,schedule_progress_gap_pct
618184,2026-05-01,0.9835,0.0252,54.4,HIGH,STABLE,-0.1,NORMAL,MEDIUM,49.2,schedule_progress_gap_pct
618184,2026-06-01,0.9839,0.0014,54.4,HIGH,STABLE,0.0,NORMAL,MEDIUM,49.3,schedule_progress_gap_pct
618184,2026-07-01,0.9839,0.0164,54.9,HIGH,STABLE,0.5,NORMAL,MEDIUM,50.1,schedule_progress_gap_pct
618185,2026-04-01,0.0077,0.0022,10.4,LOW,STABLE,0.0,NORMAL,LOW,28.1,schedule_progress_gap_pct
618185,2026-05-01,0.0078,0.0022,11.6,LOW,STABLE,1.2,NORMAL,LOW,29.9,schedule_progress_gap_pct
618185,2026-06-01,0.0093,0.0098,9.6,LOW,STABLE,-2.0,NORMAL,LOW,25.7,schedule_progress_gap_pct
618185,2026-07-01,0.0093,0.0007,10.5,LOW,STABLE,0.9,NORMAL,LOW,29.1,schedule_progress_gap_pct
618186,2026-04-01,0.9891,0.027,55.5,HIGH,STABLE,0.0,NORMAL,MEDIUM,51.9,schedule_progress_gap_pct
618186,2026-05-01,0.9895,0.0243,55.4,HIGH,STABLE,-0.1,NORMAL,MEDIUM,51.7,schedule_progress_gap_pct
618186,2026-06-01,0.9896,0.0029,54.7,HIGH,STABLE,-0.7,NORMAL,MEDIUM,50.8,schedule_progress_gap_pct
618186,2026-07-01,0.9897,0.0106,55.0,HIGH,STABLE,0.3,NORMAL,MEDIUM,51.9,schedule_progress_gap_pct
618187,2026-04-01,0.0082,0.0041,6.8,LOW,STABLE,0.0,NORMAL,LOW,29.4,schedule_progress_gap_pct
618187,2026-05-01,0.0084,0.0024,7.3,LOW,STABLE,0.5,NORMAL,MEDIUM,30.2,schedule_progress_gap_pct
618187,2026-06-01,0.0087,0.0024,8.0,LOW,STABLE,0.7,NORMAL,MEDIUM,30.7,schedule_progress_gap_pct
618187,2026-07-01,0.0089,0.0024,8.9,LOW,STABLE,0.9,NORMAL,MEDIUM,31.4,schedule_progress_gap_pct
618188,2026-04-01,0.9912,0.0526,56.5,HIGH,STABLE,0.0,NORMAL,MEDIUM,49.6,schedule_progress_gap_pct
618188,2026-05-01,0.9913,0.056,56.6,HIGH,STABLE,0.1,NORMAL,MEDIUM,49.8,schedule_progress_gap_pct
618188,2026-06-01,0.9914,0.0541,56.5,HIGH,STABLE,-0.1,NORMAL,MEDIUM,49.5,schedule_progress_gap_pct
618188,2026-07-01,0.9916,0.0267,58.9,HIGH,STABLE,2.4,UNUSUAL,MEDIUM,53.2,schedule_progress_gap_pct
618189,2026-06-01,0.0106,0.002,2.3,LOW,STABLE,0.0,NORMAL,LOW,25.6,schedule_progress_gap_pct
618189,2026-07-01,0.0111,0.0022,2.9,LOW,STABLE,0.6,NORMAL,LOW,26.5,schedule_progress_gap_pct
618190,2026-04-01,0.9894,0.0282,55.6,HIGH,STABLE,0.0,NORMAL,MEDIUM,52.5,schedule_progress_gap_pct
618190,2026-05-01,0.9895,0.028,55.6,HIGH,STABLE,0.0,NORMAL,MEDIUM,52.5,schedule_progress_gap_pct
618190,2026-06-01,0.9897,0.018,55.2,HIGH,STABLE,-0.4,NORMAL,MEDIUM,51.9,schedule_progress_gap_pct
618190,2026-07-01,0.9898,0.0146,55.1,HIGH,STABLE,-0.1,NORMAL,MEDIUM,52.1,schedule_progress_gap_pct
618191,2026-04-01,0.9902,0.0472,56.3,HIGH,STABLE,0.0,NORMAL,MEDIUM,51.2,schedule_progress_gap_pct
618191,2026-05-01,0.9902,0.044,56.1,HIGH,STABLE,-0.2,NORMAL,MEDIUM,50.9,schedule_progress_gap_pct
618192,2026-04-01,0.99,0.0802,57.4,HIGH,STABLE,0.0,NORMAL,MEDIUM,51.9,schedule_progress_gap_pct
618192,2026-05-01,0.99,0.0923,57.8,HIGH,STABLE,0.4,NORMAL,MEDIUM,52.5,schedule_progress_gap_pct
618193,2026-04-01,0.0117,0.0032,11.8,LOW,STABLE,0.0,NORMAL,LOW,28.6,schedule_progress_gap_pct
618193,2026-05-01,0.0117,0.0012,13.2,LOW,STABLE,1.4,NORMAL,MEDIUM,30.7,schedule_progress_gap_pct
618193,2026-06-01,0.0118,0.0012,14.7,LOW,STABLE,1.5,NORMAL,MEDIUM,31.6,schedule_progress_gap_pct
618193,2026-07-01,0.0165,0.0021,9.5,LOW,DE_ESCALATING,-5.2,NORMAL,LOW,22.3,schedule_progress_gap_pct
618194,2026-04-01,0.995,0.9441,94.4,CRITICAL,STABLE,0.0,ANOMALOUS,HIGH,69.1,schedule_progress_gap_pct
618194,2026-05-01,0.995,0.9376,94.2,CRITICAL,STABLE,-0.2,ANOMALOUS,HIGH,68.8,schedule_progress_gap_pct
618194,2026-06-01,0.9951,0.9377,94.2,CRITICAL,STABLE,0.0,ANOMALOUS,HIGH,69.0,schedule_progress_gap_pct
618194,2026-07-01,0.9951,0.9376,94.2,CRITICAL,STABLE,0.0,ANOMALOUS,HIGH,69.0,schedule_progress_gap_pct
618196,2026-04-01,0.9872,0.056,56.4,HIGH,STABLE,0.0,NORMAL,MEDIUM,52.5,schedule_progress_gap_pct
618196,2026-05-01,0.9873,0.056,56.5,HIGH,STABLE,0.1,NORMAL,MEDIUM,52.6,schedule_progress_gap_pct
618196,2026-06-01,0.9883,0.0634,56.8,HIGH,STABLE,0.3,NORMAL,MEDIUM,53.0,schedule_progress_gap_pct
618196,2026-07-01,0.9884,0.0578,56.6,HIGH,STABLE,-0.2,NORMAL,MEDIUM,52.4,schedule_progress_gap_pct
618197,2026-04-01,0.9851,0.0038,54.5,HIGH,STABLE,0.0,NORMAL,MEDIUM,53.0,schedule_progress_gap_pct
618197,2026-05-01,0.9857,0.0005,54.4,HIGH,STABLE,-0.1,NORMAL,MEDIUM,52.9,schedule_progress_gap_pct
618197,2026-06-01,0.9859,0.0004,54.4,HIGH,STABLE,0.0,NORMAL,MEDIUM,53.0,schedule_progress_gap_pct
618197,2026-07-01,0.9859,0.0004,54.5,HIGH,STABLE,0.1,NORMAL,MEDIUM,53.1,schedule_progress_gap_pct
618198,2026-04-01,0.9913,0.0748,57.3,HIGH,STABLE,0.0,NORMAL,MEDIUM,51.5,schedule_progress_gap_pct
618198,2026-05-01,0.9914,0.0706,57.1,HIGH,STABLE,-0.2,NORMAL,MEDIUM,51.2,schedule_progress_gap_pct
618198,2026-06-01,0.9915,0.0695,57.1,HIGH,STABLE,0.0,NORMAL,MEDIUM,51.4,schedule_progress_gap_pct
618198,2026-07-01,0.9917,0.0205,55.4,HIGH,STABLE,-1.7,NORMAL,MEDIUM,48.9,schedule_progress_gap_pct
618199,2026-04-01,0.0187,0.0186,13.1,LOW,STABLE,0.0,NORMAL,MEDIUM,31.6,schedule_progress_gap_pct
618199,2026-05-01,0.0199,0.0197,13.2,LOW,STABLE,0.1,NORMAL,MEDIUM,31.8,schedule_progress_gap_pct
618199,2026-06-01,0.9796,0.0194,52.6,HIGH,RAPID_ESCALATION,39.4,NORMAL,HIGH,61.4,schedule_progress_gap_pct
618199,2026-07-01,0.9801,0.0151,53.7,HIGH,STABLE,1.1,NORMAL,MEDIUM,53.0,schedule_progress_gap_pct
618200,2026-04-01,0.9754,0.0164,54.6,HIGH,STABLE,0.0,NORMAL,MEDIUM,49.5,schedule_progress_gap_pct
618200,2026-05-01,0.9791,0.0206,54.9,HIGH,STABLE,0.3,NORMAL,MEDIUM,49.9,schedule_progress_gap_pct
618200,2026-06-01,0.979,0.0153,54.7,HIGH,STABLE,-0.2,NORMAL,MEDIUM,49.3,schedule_progress_gap_pct
618200,2026-07-01,0.9795,0.0206,54.9,HIGH,STABLE,0.2,NORMAL,MEDIUM,49.8,schedule_progress_gap_pct
618201,2026-05-01,0.9736,0.0079,46.9,MEDIUM,STABLE,0.0,NORMAL,MEDIUM,48.4,schedule_progress_gap_pct
618201,2026-06-01,0.9744,0.0157,47.9,MEDIUM,STABLE,1.0,NORMAL,MEDIUM,49.9,schedule_progress_gap_pct
618201,2026-07-01,0.9745,0.0079,48.9,MEDIUM,STABLE,1.0,NORMAL,MEDIUM,50.4,schedule_progress_gap_pct
618202,2026-05-01,0.9716,0.005,50.8,HIGH,STABLE,0.0,NORMAL,MEDIUM,51.6,schedule_progress_gap_pct
618202,2026-06-01,0.973,0.0004,51.1,HIGH,STABLE,0.3,NORMAL,MEDIUM,52.0,schedule_progress_gap_pct
618202,2026-07-01,0.9732,0.0005,52.4,HIGH,STABLE,1.3,NORMAL,MEDIUM,53.7,schedule_progress_gap_pct
618203,2026-05-01,0.975,0.007,50.5,HIGH,STABLE,0.0,NORMAL,MEDIUM,51.4,schedule_progress_gap_pct
618203,2026-06-01,0.9765,0.0013,50.7,HIGH,STABLE,0.2,NORMAL,MEDIUM,51.7,schedule_progress_gap_pct
618203,2026-07-01,0.9767,0.0014,52.0,HIGH,STABLE,1.3,NORMAL,MEDIUM,53.4,schedule_progress_gap_pct
618204,2026-04-01,0.979,0.008,54.4,HIGH,STABLE,0.0,NORMAL,MEDIUM,50.4,schedule_progress_gap_pct
618204,2026-05-01,0.9806,0.008,54.5,HIGH,STABLE,0.1,NORMAL,MEDIUM,50.6,schedule_progress_gap_pct
618204,2026-06-01,0.9808,0.0026,54.3,HIGH,STABLE,-0.2,NORMAL,MEDIUM,50.2,schedule_progress_gap_pct
618204,2026-07-01,0.9809,0.008,54.5,HIGH,STABLE,0.2,NORMAL,MEDIUM,50.7,schedule_progress_gap_pct
618205,2026-04-01,0.9854,0.0062,54.6,HIGH,STABLE,0.0,NORMAL,MEDIUM,52.8,schedule_progress_gap_pct
618205,2026-05-01,0.9857,0.0028,54.5,HIGH,STABLE,-0.1,NORMAL,MEDIUM,52.7,schedule_progress_gap_pct
618205,2026-06-01,0.9861,0.0062,54.7,HIGH,STABLE,0.2,NORMAL,MEDIUM,53.1,schedule_progress_gap_pct
618205,2026-07-01,0.9866,0.0038,54.6,HIGH,STABLE,-0.1,NORMAL,MEDIUM,52.7,schedule_progress_gap_pct
618207,2026-04-01,0.9589,0.0027,51.0,HIGH,STABLE,0.0,NORMAL,MEDIUM,49.8,schedule_progress_gap_pct
618207,2026-05-01,0.9591,0.0027,51.6,HIGH,STABLE,0.6,NORMAL,MEDIUM,50.7,schedule_progress_gap_pct
618207,2026-06-01,0.9594,0.015,52.6,HIGH,STABLE,1.0,NORMAL,MEDIUM,51.6,schedule_progress_gap_pct
618207,2026-07-01,0.9596,0.0071,52.9,HIGH,STABLE,0.3,NORMAL,MEDIUM,51.0,schedule_progress_gap_pct
618209,2026-04-01,0.9738,0.0037,54.1,HIGH,STABLE,0.0,NORMAL,MEDIUM,48.5,schedule_progress_gap_pct
618209,2026-05-01,0.9739,0.0037,54.1,HIGH,STABLE,0.0,NORMAL,MEDIUM,48.5,schedule_progress_gap_pct
618209,2026-06-01,0.9746,0.0146,54.5,HIGH,STABLE,0.4,NORMAL,MEDIUM,49.1,schedule_progress_gap_pct
618209,2026-07-01,0.9747,0.0037,54.1,HIGH,STABLE,-0.4,NORMAL,MEDIUM,48.1,schedule_progress_gap_pct
618210,2026-04-01,0.9877,0.0466,56.1,HIGH,STABLE,0.0,NORMAL,MEDIUM,52.5,schedule_progress_gap_pct
618210,2026-05-01,0.9877,0.0466,56.1,HIGH,STABLE,0.0,NORMAL,MEDIUM,52.5,schedule_progress_gap_pct
618210,2026-06-01,0.9879,0.0466,56.1,HIGH,STABLE,0.0,NORMAL,MEDIUM,52.5,schedule_progress_gap_pct
618210,2026-07-01,0.9879,0.0413,56.0,HIGH,STABLE,-0.1,NORMAL,MEDIUM,52.3,schedule_progress_gap_pct
618211,2026-04-01,0.0111,0.0017,12.8,LOW,STABLE,0.0,NORMAL,MEDIUM,31.1,schedule_progress_gap_pct
618211,2026-05-01,0.0112,0.0017,14.0,LOW,STABLE,1.2,NORMAL,MEDIUM,32.9,schedule_progress_gap_pct
618211,2026-06-01,0.0114,0.0095,15.3,LOW,STABLE,1.3,NORMAL,MEDIUM,33.6,schedule_progress_gap_pct
618211,2026-07-01,0.9683,0.0093,52.8,HIGH,RAPID_ESCALATION,37.5,NORMAL,HIGH,61.1,schedule_progress_gap_pct
618213,2026-04-01,0.9934,0.0723,60.6,HIGH,STABLE,0.0,UNUSUAL,MEDIUM,52.0,schedule_progress_gap_pct
618213,2026-05-01,0.9935,0.0723,60.6,HIGH,STABLE,0.0,UNUSUAL,MEDIUM,52.0,schedule_progress_gap_pct
618213,2026-06-01,0.9938,0.079,60.8,HIGH,STABLE,0.2,UNUSUAL,MEDIUM,52.3,schedule_progress_gap_pct
618213,2026-07-01,0.9938,0.079,60.8,HIGH,STABLE,0.0,UNUSUAL,MEDIUM,52.1,schedule_progress_gap_pct
618214,2026-04-01,0.9923,0.064,56.9,HIGH,STABLE,0.0,NORMAL,MEDIUM,50.9,schedule_progress_gap_pct
618214,2026-05-01,0.9923,0.064,56.9,HIGH,STABLE,0.0,NORMAL,MEDIUM,50.9,schedule_progress_gap_pct
618214,2026-06-01,0.9924,0.064,56.9,HIGH,STABLE,0.0,NORMAL,MEDIUM,50.9,schedule_progress_gap_pct
618214,2026-07-01,0.9924,0.064,56.9,HIGH,STABLE,0.0,NORMAL,MEDIUM,50.9,schedule_progress_gap_pct
618215,2026-04-01,0.0097,0.0075,12.3,LOW,STABLE,0.0,NORMAL,LOW,27.8,schedule_progress_gap_pct
618215,2026-05-01,0.0097,0.0075,13.1,LOW,STABLE,0.8,NORMAL,LOW,29.0,schedule_progress_gap_pct
618215,2026-06-01,0.0098,0.0075,14.0,LOW,STABLE,0.9,NORMAL,LOW,29.6,schedule_progress_gap_pct
618215,2026-07-01,0.0098,0.0075,14.8,LOW,STABLE,0.8,NORMAL,LOW,29.9,schedule_progress_gap_pct
618216,2026-04-01,0.9644,0.0008,53.6,HIGH,STABLE,0.0,NORMAL,MEDIUM,47.8,schedule_progress_gap_pct
618216,2026-05-01,0.9645,0.0008,53.6,HIGH,STABLE,0.0,NORMAL,MEDIUM,47.8,schedule_progress_gap_pct
618216,2026-06-01,0.9648,0.0007,53.6,HIGH,STABLE,0.0,NORMAL,MEDIUM,47.8,schedule_progress_gap_pct
618216,2026-07-01,0.9649,0.0052,53.8,HIGH,STABLE,0.2,NORMAL,MEDIUM,48.1,schedule_progress_gap_pct
618217,2026-04-01,0.9788,0.0008,50.4,HIGH,STABLE,0.0,NORMAL,MEDIUM,47.3,schedule_progress_gap_pct
618217,2026-05-01,0.9789,0.0008,51.2,HIGH,STABLE,0.8,NORMAL,MEDIUM,48.5,schedule_progress_gap_pct
618217,2026-06-01,0.979,0.0008,52.0,HIGH,STABLE,0.8,NORMAL,MEDIUM,48.9,schedule_progress_gap_pct
618217,2026-07-01,0.9798,0.0009,52.2,HIGH,STABLE,0.2,NORMAL,MEDIUM,48.4,schedule_progress_gap_pct
618218,2026-04-01,0.9858,0.0336,55.6,HIGH,STABLE,0.0,NORMAL,MEDIUM,50.2,schedule_progress_gap_pct
618218,2026-05-01,0.9859,0.0387,55.8,HIGH,STABLE,0.2,NORMAL,MEDIUM,50.5,schedule_progress_gap_pct
618218,2026-06-01,0.9863,0.0477,56.1,HIGH,STABLE,0.3,NORMAL,MEDIUM,50.8,schedule_progress_gap_pct
618218,2026-07-01,0.9864,0.0334,55.6,HIGH,STABLE,-0.5,NORMAL,MEDIUM,49.7,schedule_progress_gap_pct
618219,2026-04-01,0.9818,0.039,47.7,MEDIUM,STABLE,0.0,NORMAL,MEDIUM,45.7,schedule_progress_gap_pct
618219,2026-05-01,0.9819,0.039,48.9,MEDIUM,STABLE,1.2,NORMAL,MEDIUM,47.5,schedule_progress_gap_pct
618219,2026-06-01,0.983,0.0499,49.3,MEDIUM,STABLE,0.4,NORMAL,MEDIUM,46.9,schedule_progress_gap_pct
618219,2026-07-01,0.9831,0.0389,50.2,HIGH,STABLE,0.9,NORMAL,MEDIUM,47.9,schedule_progress_gap_pct
618220,2026-04-01,0.9896,0.1063,58.3,HIGH,STABLE,0.0,NORMAL,MEDIUM,53.8,schedule_progress_gap_pct
618220,2026-05-01,0.9897,0.1183,58.7,HIGH,STABLE,0.4,NORMAL,MEDIUM,54.4,schedule_progress_gap_pct
618221,2026-05-01,0.973,0.0071,52.7,HIGH,STABLE,0.0,NORMAL,MEDIUM,51.5,schedule_progress_gap_pct
618221,2026-06-01,0.9745,0.015,53.3,HIGH,STABLE,0.6,NORMAL,MEDIUM,52.4,schedule_progress_gap_pct
618221,2026-07-01,0.9779,0.02,51.8,HIGH,STABLE,-1.5,NORMAL,MEDIUM,49.5,schedule_progress_gap_pct
618222,2026-04-01,0.9818,0.0023,52.0,HIGH,STABLE,0.0,NORMAL,MEDIUM,50.2,schedule_progress_gap_pct
618222,2026-05-01,0.9823,0.0004,53.1,HIGH,STABLE,1.1,NORMAL,MEDIUM,51.8,schedule_progress_gap_pct
618222,2026-06-01,0.9826,0.0023,54.2,HIGH,STABLE,1.1,NORMAL,MEDIUM,52.4,schedule_progress_gap_pct
618222,2026-07-01,0.9831,0.0004,54.3,HIGH,STABLE,0.1,NORMAL,MEDIUM,51.4,schedule_progress_gap_pct
618223,2026-04-01,0.9899,0.0519,56.4,HIGH,STABLE,0.0,NORMAL,MEDIUM,47.8,schedule_progress_gap_pct
618223,2026-05-01,0.9904,0.0822,57.5,HIGH,STABLE,1.1,NORMAL,MEDIUM,49.5,schedule_progress_gap_pct
618223,2026-06-01,0.9906,0.073,57.2,HIGH,STABLE,-0.3,NORMAL,MEDIUM,47.9,schedule_progress_gap_pct
618223,2026-07-01,0.9907,0.0772,57.3,HIGH,STABLE,0.1,NORMAL,MEDIUM,48.4,schedule_progress_gap_pct
618224,2026-04-01,0.9886,0.0379,55.9,HIGH,STABLE,0.0,NORMAL,MEDIUM,53.4,schedule_progress_gap_pct
618224,2026-05-01,0.9888,0.04,56.0,HIGH,STABLE,0.1,NORMAL,MEDIUM,53.5,schedule_progress_gap_pct
618224,2026-06-01,0.9889,0.0562,56.5,HIGH,STABLE,0.5,NORMAL,MEDIUM,54.2,schedule_progress_gap_pct
618224,2026-07-01,0.9891,0.035,55.8,HIGH,STABLE,-0.7,NORMAL,MEDIUM,52.6,schedule_progress_gap_pct
618225,2026-04-01,0.9887,0.0185,55.2,HIGH,STABLE,0.0,NORMAL,MEDIUM,50.5,schedule_progress_gap_pct
618225,2026-05-01,0.9889,0.0342,55.8,HIGH,STABLE,0.6,NORMAL,MEDIUM,51.4,schedule_progress_gap_pct
618225,2026-06-01,0.9893,0.0364,59.1,HIGH,STABLE,3.3,UNUSUAL,HIGH,55.8,schedule_progress_gap_pct
618225,2026-07-01,0.9893,0.021,55.3,HIGH,STABLE,-3.8,NORMAL,MEDIUM,46.8,schedule_progress_gap_pct
618226,2026-04-01,0.9888,0.0225,55.3,HIGH,STABLE,0.0,NORMAL,MEDIUM,49.3,schedule_progress_gap_pct
618226,2026-05-01,0.9891,0.0238,55.4,HIGH,STABLE,0.1,NORMAL,MEDIUM,49.4,schedule_progress_gap_pct
618226,2026-06-01,0.9893,0.019,55.2,HIGH,STABLE,-0.2,NORMAL,MEDIUM,49.0,schedule_progress_gap_pct
618226,2026-07-01,0.9896,0.0294,55.6,HIGH,STABLE,0.4,NORMAL,MEDIUM,49.8,schedule_progress_gap_pct
618227,2026-04-01,0.9839,0.0005,54.4,HIGH,STABLE,0.0,NORMAL,MEDIUM,53.4,schedule_progress_gap_pct
618227,2026-05-01,0.9842,0.0061,54.6,HIGH,STABLE,0.2,NORMAL,MEDIUM,53.7,schedule_progress_gap_pct
618227,2026-06-01,0.9849,0.0038,54.5,HIGH,STABLE,-0.1,NORMAL,MEDIUM,53.3,schedule_progress_gap_pct
618227,2026-07-01,0.9853,0.0041,54.6,HIGH,STABLE,0.1,NORMAL,MEDIUM,53.6,schedule_progress_gap_pct
618228,2026-04-01,0.9829,0.0611,56.5,HIGH,STABLE,0.0,NORMAL,HIGH,58.2,schedule_progress_gap_pct
618228,2026-05-01,0.9836,0.0611,56.5,HIGH,STABLE,0.0,NORMAL,HIGH,58.2,schedule_progress_gap_pct
618228,2026-06-01,0.984,0.0614,56.5,HIGH,STABLE,0.0,NORMAL,HIGH,58.2,schedule_progress_gap_pct
618228,2026-07-01,0.9856,0.0404,62.4,HIGH,MODERATE_RISE,5.9,ANOMALOUS,HIGH,67.1,schedule_progress_gap_pct
618229,2026-04-01,0.9909,0.1189,58.8,HIGH,STABLE,0.0,NORMAL,MEDIUM,50.1,schedule_progress_gap_pct
618229,2026-05-01,0.9909,0.1103,58.5,HIGH,STABLE,-0.3,NORMAL,MEDIUM,49.7,schedule_progress_gap_pct
618230,2026-04-01,0.9827,0.0382,55.6,HIGH,STABLE,0.0,NORMAL,MEDIUM,49.9,schedule_progress_gap_pct
618230,2026-05-01,0.9833,0.048,56.0,HIGH,STABLE,0.4,NORMAL,MEDIUM,50.5,schedule_progress_gap_pct
618230,2026-06-01,0.9835,0.048,56.0,HIGH,STABLE,0.0,NORMAL,MEDIUM,50.1,schedule_progress_gap_pct
618230,2026-07-01,0.9836,0.048,56.0,HIGH,STABLE,0.0,NORMAL,MEDIUM,50.1,schedule_progress_gap_pct
618231,2026-04-01,0.9879,0.0208,55.2,HIGH,STABLE,0.0,NORMAL,MEDIUM,50.3,schedule_progress_gap_pct
618231,2026-05-01,0.9884,0.0208,55.3,HIGH,STABLE,0.1,NORMAL,MEDIUM,50.5,schedule_progress_gap_pct
618231,2026-06-01,0.9887,0.0208,55.3,HIGH,STABLE,0.0,NORMAL,MEDIUM,50.4,schedule_progress_gap_pct
618231,2026-07-01,0.9887,0.0208,55.3,HIGH,STABLE,0.0,NORMAL,MEDIUM,50.4,schedule_progress_gap_pct
618232,2026-04-01,0.9761,0.0063,51.5,HIGH,STABLE,0.0,NORMAL,MEDIUM,47.1,schedule_progress_gap_pct
618232,2026-05-01,0.9768,0.0079,52.1,HIGH,STABLE,0.6,NORMAL,MEDIUM,48.0,schedule_progress_gap_pct
618232,2026-06-01,0.977,0.0062,52.9,HIGH,STABLE,0.8,NORMAL,MEDIUM,48.6,schedule_progress_gap_pct
618232,2026-07-01,0.9772,0.0031,53.8,HIGH,STABLE,0.9,NORMAL,MEDIUM,49.2,schedule_progress_gap_pct
618233,2026-04-01,0.9884,0.0955,57.9,HIGH,STABLE,0.0,NORMAL,HIGH,57.5,schedule_progress_gap_pct
618233,2026-05-01,0.9886,0.087,57.6,HIGH,STABLE,-0.3,NORMAL,HIGH,57.1,schedule_progress_gap_pct
618233,2026-06-01,0.9888,0.087,57.6,HIGH,STABLE,0.0,NORMAL,HIGH,57.4,schedule_progress_gap_pct
618233,2026-07-01,0.989,0.0754,57.2,HIGH,STABLE,-0.4,NORMAL,HIGH,56.8,schedule_progress_gap_pct
618234,2026-04-01,0.9902,0.0428,56.1,HIGH,STABLE,0.0,NORMAL,HIGH,55.6,schedule_progress_gap_pct
618234,2026-05-01,0.9905,0.0246,55.5,HIGH,STABLE,-0.6,NORMAL,MEDIUM,54.7,schedule_progress_gap_pct
618234,2026-06-01,0.9908,0.0378,56.0,HIGH,STABLE,0.5,NORMAL,HIGH,56.1,schedule_progress_gap_pct
618234,2026-07-01,0.991,0.0294,55.7,HIGH,STABLE,-0.3,NORMAL,HIGH,55.1,schedule_progress_gap_pct
618235,2026-04-01,0.0139,0.0022,6.1,LOW,STABLE,0.0,NORMAL,LOW,24.8,schedule_progress_gap_pct
618235,2026-05-01,0.0154,0.0021,5.8,LOW,STABLE,-0.3,NORMAL,LOW,24.3,schedule_progress_gap_pct
618235,2026-06-01,0.0177,0.003,4.8,LOW,STABLE,-1.0,NORMAL,LOW,23.1,schedule_progress_gap_pct
618235,2026-07-01,0.0186,0.0038,5.6,LOW,STABLE,0.8,NORMAL,LOW,25.3,schedule_progress_gap_pct
618236,2026-04-01,0.9955,0.1106,65.3,HIGH,STABLE,0.0,ANOMALOUS,MEDIUM,54.8,schedule_progress_gap_pct
618236,2026-05-01,0.9955,0.1125,65.4,HIGH,STABLE,0.1,ANOMALOUS,HIGH,55.0,schedule_progress_gap_pct
618236,2026-06-01,0.9955,0.1106,65.3,HIGH,STABLE,-0.1,ANOMALOUS,MEDIUM,54.7,schedule_progress_gap_pct
618236,2026-07-01,0.9956,0.1125,65.4,HIGH,STABLE,0.1,ANOMALOUS,HIGH,55.0,schedule_progress_gap_pct
618237,2026-04-01,0.9952,0.0985,64.9,HIGH,STABLE,0.0,ANOMALOUS,MEDIUM,54.0,schedule_progress_gap_pct
618237,2026-05-01,0.9952,0.0985,64.9,HIGH,STABLE,0.0,ANOMALOUS,MEDIUM,54.0,schedule_progress_gap_pct
618238,2026-04-01,0.9962,0.0692,63.9,HIGH,STABLE,0.0,ANOMALOUS,MEDIUM,54.5,schedule_progress_gap_pct
618238,2026-05-01,0.9962,0.0742,64.0,HIGH,STABLE,0.1,ANOMALOUS,MEDIUM,54.6,schedule_progress_gap_pct
618238,2026-06-01,0.9963,0.0742,64.0,HIGH,STABLE,0.0,ANOMALOUS,MEDIUM,54.5,schedule_progress_gap_pct
618238,2026-07-01,0.9963,0.0776,64.2,HIGH,STABLE,0.2,ANOMALOUS,MEDIUM,54.8,schedule_progress_gap_pct
618239,2026-04-01,0.9956,0.0807,64.2,HIGH,STABLE,0.0,ANOMALOUS,HIGH,55.5,schedule_progress_gap_pct
618239,2026-05-01,0.9956,0.0807,64.2,HIGH,STABLE,0.0,ANOMALOUS,HIGH,55.5,schedule_progress_gap_pct
618239,2026-06-01,0.9956,0.0807,64.2,HIGH,STABLE,0.0,ANOMALOUS,HIGH,55.5,schedule_progress_gap_pct
618239,2026-07-01,0.9959,0.926,97.2,CRITICAL,RAPID_ESCALATION,33.0,REQUIRES_VERIFICATION,CRITICAL_INTERVENTION,82.0,schedule_progress_gap_pct
618240,2026-04-01,0.9904,0.0818,57.5,HIGH,STABLE,0.0,NORMAL,MEDIUM,49.9,schedule_progress_gap_pct
618240,2026-05-01,0.9918,0.0879,61.0,HIGH,STABLE,3.5,UNUSUAL,HIGH,55.1,schedule_progress_gap_pct
618240,2026-06-01,0.9918,0.0857,57.7,HIGH,STABLE,-3.3,NORMAL,MEDIUM,46.7,schedule_progress_gap_pct
618240,2026-07-01,0.9919,0.0857,57.7,HIGH,STABLE,0.0,NORMAL,MEDIUM,50.0,schedule_progress_gap_pct
618242,2026-04-01,0.9758,0.0006,54.1,HIGH,STABLE,0.0,NORMAL,MEDIUM,49.0,schedule_progress_gap_pct
618242,2026-05-01,0.9768,0.0005,54.1,HIGH,STABLE,0.0,NORMAL,MEDIUM,49.0,schedule_progress_gap_pct
618242,2026-06-01,0.979,0.0005,54.2,HIGH,STABLE,0.1,NORMAL,MEDIUM,49.2,schedule_progress_gap_pct
618242,2026-07-01,0.9798,0.0005,54.2,HIGH,STABLE,0.0,NORMAL,MEDIUM,49.1,schedule_progress_gap_pct
618243,2026-04-01,0.0113,0.013,5.3,LOW,STABLE,0.0,NORMAL,LOW,29.3,schedule_progress_gap_pct
618243,2026-05-01,0.0119,0.013,5.7,LOW,STABLE,0.4,NORMAL,LOW,29.9,schedule_progress_gap_pct
618243,2026-06-01,0.0128,0.023,5.8,LOW,STABLE,0.1,NORMAL,LOW,29.7,schedule_progress_gap_pct
618243,2026-07-01,0.0132,0.013,6.2,LOW,STABLE,0.4,NORMAL,MEDIUM,30.2,schedule_progress_gap_pct
618244,2026-04-01,0.0142,0.0142,1.5,LOW,STABLE,0.0,NORMAL,LOW,27.8,schedule_progress_gap_pct
618244,2026-05-01,0.0156,0.025,1.5,LOW,STABLE,0.0,NORMAL,LOW,27.8,schedule_progress_gap_pct
618244,2026-06-01,0.0164,0.0255,1.6,LOW,STABLE,0.1,NORMAL,LOW,28.0,schedule_progress_gap_pct
618244,2026-07-01,0.0167,0.0171,2.3,LOW,STABLE,0.7,NORMAL,LOW,28.9,schedule_progress_gap_pct
618246,2026-04-01,0.0145,0.0142,8.0,LOW,STABLE,0.0,NORMAL,MEDIUM,30.6,schedule_progress_gap_pct
618246,2026-05-01,0.0147,0.0153,8.4,LOW,STABLE,0.4,NORMAL,MEDIUM,31.2,schedule_progress_gap_pct
618246,2026-06-01,0.9758,0.0151,47.1,MEDIUM,RAPID_ESCALATION,38.7,NORMAL,HIGH,60.1,schedule_progress_gap_pct
618246,2026-07-01,0.9776,0.0035,53.8,HIGH,MODERATE_RISE,6.7,ANOMALOUS,HIGH,60.2,schedule_progress_gap_pct
618247,2026-04-01,0.0068,0.0084,2.4,LOW,STABLE,0.0,NORMAL,LOW,29.3,schedule_progress_gap_pct
618247,2026-05-01,0.0069,0.0045,2.8,LOW,STABLE,0.4,NORMAL,LOW,29.9,schedule_progress_gap_pct
618247,2026-06-01,0.0072,0.0045,2.9,LOW,STABLE,0.1,NORMAL,LOW,29.7,schedule_progress_gap_pct
618247,2026-07-01,0.0074,0.0045,3.3,LOW,STABLE,0.4,NORMAL,MEDIUM,30.2,schedule_progress_gap_pct
618248,2026-04-01,0.0081,0.0141,1.5,LOW,STABLE,0.0,NORMAL,LOW,28.7,schedule_progress_gap_pct
618248,2026-05-01,0.0086,0.0101,1.4,LOW,STABLE,-0.1,NORMAL,LOW,28.6,schedule_progress_gap_pct
618248,2026-06-01,0.0096,0.0185,1.0,LOW,STABLE,-0.4,NORMAL,LOW,28.1,schedule_progress_gap_pct
618248,2026-07-01,0.0098,0.0101,1.6,LOW,STABLE,0.6,NORMAL,LOW,29.4,schedule_progress_gap_pct
618249,2026-04-01,0.012,0.0118,7.6,LOW,STABLE,0.0,NORMAL,MEDIUM,31.5,schedule_progress_gap_pct
618249,2026-05-01,0.0124,0.0151,8.3,LOW,STABLE,0.7,NORMAL,MEDIUM,32.5,schedule_progress_gap_pct
618249,2026-06-01,0.0128,0.0167,9.1,LOW,STABLE,0.8,NORMAL,MEDIUM,33.0,schedule_progress_gap_pct
618249,2026-07-01,0.0136,0.0151,9.1,LOW,STABLE,0.0,NORMAL,MEDIUM,32.2,schedule_progress_gap_pct
618250,2026-04-01,0.9461,0.013,51.5,HIGH,STABLE,0.0,NORMAL,HIGH,55.9,schedule_progress_gap_pct
618250,2026-05-01,0.95,0.0085,50.7,HIGH,STABLE,-0.8,NORMAL,MEDIUM,54.7,schedule_progress_gap_pct
618250,2026-06-01,0.9512,0.0085,51.0,HIGH,STABLE,0.3,NORMAL,HIGH,56.0,schedule_progress_gap_pct
618250,2026-07-01,0.9523,0.0085,51.3,HIGH,STABLE,0.3,NORMAL,HIGH,56.1,schedule_progress_gap_pct
618251,2026-04-01,0.0072,0.0037,5.7,LOW,STABLE,0.0,NORMAL,MEDIUM,30.9,schedule_progress_gap_pct
618251,2026-05-01,0.0072,0.0037,6.6,LOW,STABLE,0.9,NORMAL,MEDIUM,32.2,schedule_progress_gap_pct
618251,2026-06-01,0.0075,0.0173,7.5,LOW,STABLE,0.9,NORMAL,MEDIUM,32.7,schedule_progress_gap_pct
618251,2026-07-01,0.0076,0.009,7.9,LOW,STABLE,0.4,NORMAL,MEDIUM,32.4,schedule_progress_gap_pct
618252,2026-04-01,0.0153,0.0269,4.1,LOW,STABLE,0.0,NORMAL,LOW,28.2,schedule_progress_gap_pct
618252,2026-05-01,0.0173,0.0274,2.8,LOW,STABLE,-1.3,NORMAL,LOW,26.2,schedule_progress_gap_pct
618252,2026-06-01,0.0178,0.0341,3.5,LOW,STABLE,0.7,NORMAL,LOW,28.6,schedule_progress_gap_pct
618252,2026-07-01,0.0179,0.0276,4.3,LOW,STABLE,0.8,NORMAL,LOW,29.1,schedule_progress_gap_pct
618253,2026-04-01,0.006,0.0019,1.2,LOW,STABLE,0.0,NORMAL,LOW,26.3,schedule_progress_gap_pct
618253,2026-05-01,0.0061,0.0019,2.0,LOW,STABLE,0.8,NORMAL,LOW,27.5,schedule_progress_gap_pct
618253,2026-06-01,0.0061,0.0019,2.8,LOW,STABLE,0.8,NORMAL,LOW,27.9,schedule_progress_gap_pct
618253,2026-07-01,0.0061,0.0019,3.7,LOW,STABLE,0.9,NORMAL,LOW,28.5,schedule_progress_gap_pct
618254,2026-04-01,0.9614,0.0108,53.8,HIGH,STABLE,0.0,NORMAL,MEDIUM,48.2,schedule_progress_gap_pct
618254,2026-05-01,0.9616,0.0091,53.8,HIGH,STABLE,0.0,NORMAL,MEDIUM,48.2,schedule_progress_gap_pct
618254,2026-06-01,0.9618,0.0091,53.8,HIGH,STABLE,0.0,NORMAL,MEDIUM,48.2,schedule_progress_gap_pct
618254,2026-07-01,0.962,0.0091,53.8,HIGH,STABLE,0.0,NORMAL,MEDIUM,48.2,schedule_progress_gap_pct
618255,2026-04-01,0.9757,0.0007,54.1,HIGH,STABLE,0.0,NORMAL,MEDIUM,49.7,schedule_progress_gap_pct
618255,2026-05-01,0.9758,0.001,54.1,HIGH,STABLE,0.0,NORMAL,MEDIUM,49.7,schedule_progress_gap_pct
618255,2026-06-01,0.9766,0.001,54.1,HIGH,STABLE,0.0,NORMAL,MEDIUM,49.7,schedule_progress_gap_pct
618255,2026-07-01,0.9808,0.0084,54.5,HIGH,STABLE,0.4,NORMAL,MEDIUM,50.3,schedule_progress_gap_pct
618256,2026-04-01,0.9894,0.0363,55.8,HIGH,STABLE,0.0,NORMAL,MEDIUM,50.0,schedule_progress_gap_pct
618256,2026-05-01,0.9894,0.0363,55.8,HIGH,STABLE,0.0,NORMAL,MEDIUM,50.0,schedule_progress_gap_pct
618256,2026-06-01,0.9896,0.0195,55.3,HIGH,STABLE,-0.5,NORMAL,MEDIUM,49.3,schedule_progress_gap_pct
618256,2026-07-01,0.9899,0.0472,56.3,HIGH,STABLE,1.0,NORMAL,MEDIUM,51.3,schedule_progress_gap_pct
618257,2026-04-01,0.9909,0.0536,56.5,HIGH,STABLE,0.0,NORMAL,MEDIUM,50.8,schedule_progress_gap_pct
618257,2026-05-01,0.9909,0.081,57.5,HIGH,STABLE,1.0,NORMAL,MEDIUM,52.3,schedule_progress_gap_pct
618257,2026-06-01,0.9912,0.0475,56.3,HIGH,STABLE,-1.2,NORMAL,MEDIUM,49.5,schedule_progress_gap_pct
618257,2026-07-01,0.991,0.0552,56.6,HIGH,STABLE,0.3,NORMAL,MEDIUM,51.1,schedule_progress_gap_pct
618258,2026-04-01,0.9895,0.0773,57.3,HIGH,STABLE,0.0,NORMAL,MEDIUM,50.6,schedule_progress_gap_pct
618258,2026-05-01,0.9896,0.1228,58.9,HIGH,STABLE,1.6,NORMAL,MEDIUM,53.0,schedule_progress_gap_pct
618259,2026-04-01,0.9913,0.1297,59.2,HIGH,STABLE,0.0,NORMAL,MEDIUM,50.5,schedule_progress_gap_pct
618259,2026-05-01,0.9914,0.1297,59.2,HIGH,STABLE,0.0,NORMAL,MEDIUM,50.5,schedule_progress_gap_pct
618260,2026-04-01,0.0103,0.0518,2.2,LOW,STABLE,0.0,NORMAL,LOW,28.4,schedule_progress_gap_pct
618260,2026-05-01,0.0111,0.0771,3.1,LOW,STABLE,0.9,NORMAL,LOW,29.7,schedule_progress_gap_pct
618260,2026-06-01,0.012,0.0771,3.2,LOW,STABLE,0.1,NORMAL,LOW,29.0,schedule_progress_gap_pct
618260,2026-07-01,0.012,0.0224,1.3,LOW,STABLE,-1.9,NORMAL,LOW,26.0,schedule_progress_gap_pct
618262,2026-04-01,0.0084,0.0095,8.1,LOW,STABLE,0.0,NORMAL,MEDIUM,32.2,schedule_progress_gap_pct
618262,2026-05-01,0.0084,0.0062,9.3,LOW,STABLE,1.2,NORMAL,MEDIUM,34.0,schedule_progress_gap_pct
618262,2026-06-01,0.0084,0.0062,10.6,LOW,STABLE,1.3,NORMAL,MEDIUM,34.8,schedule_progress_gap_pct
618262,2026-07-01,0.0085,0.0062,11.9,LOW,STABLE,1.3,NORMAL,MEDIUM,35.4,schedule_progress_gap_pct
618263,2026-04-01,0.0272,0.0645,4.0,LOW,STABLE,0.0,NORMAL,LOW,27.0,schedule_progress_gap_pct
618263,2026-05-01,0.0274,0.0557,5.3,LOW,STABLE,1.3,NORMAL,LOW,28.9,schedule_progress_gap_pct
618263,2026-06-01,0.9848,0.0332,44.6,MEDIUM,RAPID_ESCALATION,39.3,NORMAL,HIGH,57.3,schedule_progress_gap_pct
618263,2026-07-01,0.9852,0.018,45.7,MEDIUM,STABLE,1.1,NORMAL,MEDIUM,48.9,schedule_progress_gap_pct
618264,2026-04-01,0.0094,0.0718,2.9,LOW,STABLE,0.0,NORMAL,MEDIUM,30.2,schedule_progress_gap_pct
618264,2026-05-01,0.0102,0.0718,2.9,LOW,STABLE,0.0,NORMAL,MEDIUM,30.2,schedule_progress_gap_pct
618264,2026-06-01,0.0113,0.0718,3.0,LOW,STABLE,0.1,NORMAL,MEDIUM,30.4,schedule_progress_gap_pct
618264,2026-07-01,0.0123,0.0646,9.4,LOW,MODERATE_RISE,6.4,ANOMALOUS,MEDIUM,39.9,schedule_progress_gap_pct
618265,2026-04-01,0.9898,0.1013,58.1,HIGH,STABLE,0.0,NORMAL,MEDIUM,49.1,schedule_progress_gap_pct
618265,2026-05-01,0.9902,0.1066,58.3,HIGH,STABLE,0.2,NORMAL,MEDIUM,49.4,schedule_progress_gap_pct
618265,2026-06-01,0.9903,0.1169,58.7,HIGH,STABLE,0.4,NORMAL,MEDIUM,49.8,schedule_progress_gap_pct
618265,2026-07-01,0.9908,0.0915,57.8,HIGH,STABLE,-0.9,NORMAL,MEDIUM,48.0,schedule_progress_gap_pct
618266,2026-04-01,0.9904,0.0617,56.8,HIGH,STABLE,0.0,NORMAL,MEDIUM,50.7,schedule_progress_gap_pct
618266,2026-05-01,0.9907,0.0714,57.1,HIGH,STABLE,0.3,NORMAL,MEDIUM,51.1,schedule_progress_gap_pct
618266,2026-06-01,0.9908,0.0656,56.9,HIGH,STABLE,-0.2,NORMAL,MEDIUM,50.5,schedule_progress_gap_pct
618266,2026-07-01,0.9909,0.0677,57.0,HIGH,STABLE,0.1,NORMAL,MEDIUM,50.9,schedule_progress_gap_pct
618267,2026-06-01,0.007,0.0087,1.9,LOW,STABLE,0.0,NORMAL,LOW,28.8,schedule_progress_gap_pct
618267,2026-07-01,0.007,0.0087,3.1,LOW,STABLE,1.2,NORMAL,MEDIUM,30.6,schedule_progress_gap_pct
618282,2026-04-01,0.9839,0.0093,50.6,HIGH,STABLE,0.0,NORMAL,MEDIUM,52.3,schedule_progress_gap_pct
618282,2026-05-01,0.9851,0.0005,49.8,MEDIUM,STABLE,-0.8,NORMAL,MEDIUM,51.1,schedule_progress_gap_pct
618282,2026-06-01,0.9859,0.0024,50.2,HIGH,STABLE,0.4,NORMAL,MEDIUM,52.5,schedule_progress_gap_pct
618282,2026-07-01,0.986,0.0085,51.4,HIGH,STABLE,1.2,NORMAL,MEDIUM,53.9,schedule_progress_gap_pct
618283,2026-04-01,0.9828,0.0037,52.2,HIGH,STABLE,0.0,NORMAL,MEDIUM,52.3,schedule_progress_gap_pct
618283,2026-05-01,0.9838,0.001,52.0,HIGH,STABLE,-0.2,NORMAL,MEDIUM,52.0,schedule_progress_gap_pct
618283,2026-06-01,0.9851,0.001,51.5,HIGH,STABLE,-0.5,NORMAL,MEDIUM,51.5,schedule_progress_gap_pct
618283,2026-07-01,0.9852,0.0012,52.5,HIGH,STABLE,1.0,NORMAL,MEDIUM,53.5,schedule_progress_gap_pct
618284,2026-04-01,0.0332,0.0376,2.6,LOW,STABLE,0.0,NORMAL,LOW,28.8,schedule_progress_gap_pct
618284,2026-05-01,0.0338,0.0316,5.9,LOW,STABLE,3.3,UNUSUAL,MEDIUM,33.8,schedule_progress_gap_pct
618284,2026-06-01,0.0372,0.035,2.7,LOW,STABLE,-3.2,NORMAL,LOW,25.7,schedule_progress_gap_pct
618284,2026-07-01,0.0375,0.0299,2.6,LOW,STABLE,-0.1,NORMAL,LOW,28.7,schedule_progress_gap_pct
618285,2026-04-01,0.9916,0.0088,47.4,MEDIUM,STABLE,0.0,NORMAL,MEDIUM,45.5,schedule_progress_gap_pct
618285,2026-05-01,0.9916,0.0088,48.7,MEDIUM,STABLE,1.3,NORMAL,MEDIUM,47.5,schedule_progress_gap_pct
618286,2026-04-01,0.9905,0.0009,54.7,HIGH,STABLE,0.0,NORMAL,MEDIUM,52.5,schedule_progress_gap_pct
618286,2026-05-01,0.9909,0.0025,54.7,HIGH,STABLE,0.0,NORMAL,MEDIUM,52.5,schedule_progress_gap_pct
618286,2026-06-01,0.9912,0.0025,54.7,HIGH,STABLE,0.0,NORMAL,MEDIUM,52.5,schedule_progress_gap_pct
618286,2026-07-01,0.9912,0.0243,55.5,HIGH,STABLE,0.8,NORMAL,MEDIUM,53.7,schedule_progress_gap_pct
618287,2026-04-01,0.0116,0.0017,12.8,LOW,STABLE,0.0,NORMAL,MEDIUM,33.6,schedule_progress_gap_pct
618287,2026-05-01,0.0117,0.0017,13.8,LOW,STABLE,1.0,NORMAL,MEDIUM,35.1,schedule_progress_gap_pct
618287,2026-06-01,0.0117,0.0017,14.8,LOW,STABLE,1.0,NORMAL,MEDIUM,35.6,schedule_progress_gap_pct
618287,2026-07-01,0.0121,0.001,15.5,LOW,STABLE,0.7,NORMAL,MEDIUM,35.7,schedule_progress_gap_pct
618288,2026-04-01,0.0149,0.0095,6.3,LOW,STABLE,0.0,NORMAL,LOW,29.6,schedule_progress_gap_pct
618288,2026-05-01,0.0154,0.0095,6.7,LOW,STABLE,0.4,NORMAL,MEDIUM,30.2,schedule_progress_gap_pct
618288,2026-06-01,0.0159,0.0095,7.2,LOW,STABLE,0.5,NORMAL,MEDIUM,30.6,schedule_progress_gap_pct
618288,2026-07-01,0.0168,0.0007,10.5,LOW,STABLE,3.3,UNUSUAL,MEDIUM,35.0,schedule_progress_gap_pct
618289,2026-04-01,0.9945,0.1319,59.4,HIGH,STABLE,0.0,NORMAL,MEDIUM,50.7,schedule_progress_gap_pct
618289,2026-05-01,0.9945,0.1319,59.4,HIGH,STABLE,0.0,NORMAL,MEDIUM,50.7,schedule_progress_gap_pct
618289,2026-06-01,0.9945,0.1475,59.9,HIGH,STABLE,0.5,NORMAL,MEDIUM,51.4,schedule_progress_gap_pct
618289,2026-07-01,0.9945,0.1625,60.5,HIGH,STABLE,0.6,NORMAL,MEDIUM,51.8,schedule_progress_gap_pct
618290,2026-04-01,0.9892,0.1192,62.0,HIGH,STABLE,0.0,UNUSUAL,MEDIUM,51.6,schedule_progress_gap_pct
618290,2026-05-01,0.9893,0.1192,62.0,HIGH,STABLE,0.0,UNUSUAL,MEDIUM,51.6,schedule_progress_gap_pct
618290,2026-06-01,0.9895,0.1293,65.7,HIGH,STABLE,3.7,ANOMALOUS,HIGH,57.1,schedule_progress_gap_pct
618290,2026-07-01,0.9896,0.1671,67.0,HIGH,STABLE,1.3,ANOMALOUS,HIGH,55.4,schedule_progress_gap_pct
618291,2026-04-01,0.9802,0.0547,56.1,HIGH,STABLE,0.0,NORMAL,MEDIUM,47.8,schedule_progress_gap_pct
618291,2026-05-01,0.9803,0.0523,56.0,HIGH,STABLE,-0.1,NORMAL,MEDIUM,47.7,schedule_progress_gap_pct
618291,2026-06-01,0.9811,0.0467,55.9,HIGH,STABLE,-0.1,NORMAL,MEDIUM,47.6,schedule_progress_gap_pct
618291,2026-07-01,0.9812,0.0477,55.9,HIGH,STABLE,0.0,NORMAL,MEDIUM,47.7,schedule_progress_gap_pct
618292,2026-04-01,0.9915,0.0552,56.6,HIGH,STABLE,0.0,NORMAL,MEDIUM,50.0,schedule_progress_gap_pct
618292,2026-05-01,0.9915,0.0692,57.1,HIGH,STABLE,0.5,NORMAL,MEDIUM,50.8,schedule_progress_gap_pct
618292,2026-06-01,0.9924,0.0918,57.9,HIGH,STABLE,0.8,NORMAL,MEDIUM,51.5,schedule_progress_gap_pct
618292,2026-07-01,0.9924,0.0929,57.9,HIGH,STABLE,0.0,NORMAL,MEDIUM,50.7,schedule_progress_gap_pct
618293,2026-04-01,0.0142,0.0045,15.7,LOW,STABLE,0.0,NORMAL,LOW,28.9,schedule_progress_gap_pct
618293,2026-05-01,0.0143,0.0044,15.7,LOW,STABLE,0.0,NORMAL,LOW,28.9,schedule_progress_gap_pct
618293,2026-06-01,0.0149,0.0182,16.2,LOW,STABLE,0.5,NORMAL,LOW,29.7,schedule_progress_gap_pct
618293,2026-07-01,0.015,0.0267,16.5,LOW,STABLE,0.3,NORMAL,LOW,29.6,schedule_progress_gap_pct
618294,2026-04-01,0.0129,0.0047,2.2,LOW,STABLE,0.0,NORMAL,LOW,26.5,schedule_progress_gap_pct
618294,2026-05-01,0.0131,0.0046,3.2,LOW,STABLE,1.0,NORMAL,LOW,28.0,schedule_progress_gap_pct
618294,2026-06-01,0.0136,0.0126,7.7,LOW,STABLE,4.5,UNUSUAL,MEDIUM,33.8,schedule_progress_gap_pct
618294,2026-07-01,0.0138,0.0142,5.5,LOW,STABLE,-2.2,NORMAL,LOW,26.0,schedule_progress_gap_pct
618295,2026-04-01,0.0165,0.007,5.6,LOW,STABLE,0.0,NORMAL,LOW,27.8,schedule_progress_gap_pct
618295,2026-05-01,0.0174,0.0149,6.1,LOW,STABLE,0.5,NORMAL,LOW,28.5,schedule_progress_gap_pct
618295,2026-06-01,0.0183,0.0221,6.6,LOW,STABLE,0.5,NORMAL,LOW,28.8,schedule_progress_gap_pct
618295,2026-07-01,0.0186,0.0204,7.6,LOW,STABLE,1.0,NORMAL,LOW,29.8,schedule_progress_gap_pct
618296,2026-04-01,0.9896,0.0549,49.8,MEDIUM,STABLE,0.0,NORMAL,MEDIUM,47.2,schedule_progress_gap_pct
618296,2026-05-01,0.9897,0.0564,51.1,HIGH,STABLE,1.3,NORMAL,MEDIUM,49.2,schedule_progress_gap_pct
618296,2026-06-01,0.9906,0.0686,51.2,HIGH,STABLE,0.1,NORMAL,MEDIUM,48.0,schedule_progress_gap_pct
618296,2026-07-01,0.9909,0.0021,50.1,HIGH,STABLE,-1.1,NORMAL,MEDIUM,46.3,schedule_progress_gap_pct
618297,2026-04-01,0.9786,0.0196,54.8,HIGH,STABLE,0.0,NORMAL,MEDIUM,50.0,schedule_progress_gap_pct
618297,2026-05-01,0.9794,0.0196,54.9,HIGH,STABLE,0.1,NORMAL,MEDIUM,50.1,schedule_progress_gap_pct
618297,2026-06-01,0.9795,0.0087,54.5,HIGH,STABLE,-0.4,NORMAL,MEDIUM,49.4,schedule_progress_gap_pct
618297,2026-07-01,0.9796,0.0086,54.5,HIGH,STABLE,0.0,NORMAL,MEDIUM,49.8,schedule_progress_gap_pct
618298,2026-04-01,0.9937,0.9627,91.7,CRITICAL,STABLE,0.0,UNUSUAL,HIGH,66.6,schedule_progress_gap_pct
618298,2026-05-01,0.9938,0.9661,91.9,CRITICAL,STABLE,0.2,UNUSUAL,HIGH,66.9,schedule_progress_gap_pct
618298,2026-06-01,0.9941,0.9684,92.0,CRITICAL,STABLE,0.1,UNUSUAL,HIGH,66.8,schedule_progress_gap_pct
618298,2026-07-01,0.9942,0.9751,92.2,CRITICAL,STABLE,0.2,UNUSUAL,HIGH,67.0,schedule_progress_gap_pct
618299,2026-04-01,0.0224,0.0207,11.7,LOW,STABLE,0.0,NORMAL,LOW,27.4,schedule_progress_gap_pct
618299,2026-05-01,0.9824,0.0213,51.5,HIGH,RAPID_ESCALATION,39.8,NORMAL,HIGH,57.3,schedule_progress_gap_pct
618299,2026-06-01,0.9825,0.0104,52.8,HIGH,STABLE,1.3,NORMAL,MEDIUM,49.3,schedule_progress_gap_pct
618299,2026-07-01,0.9872,0.0217,52.2,HIGH,STABLE,-0.6,UNUSUAL,MEDIUM,47.1,schedule_progress_gap_pct
618300,2026-04-01,0.9944,0.024,58.9,HIGH,STABLE,0.0,UNUSUAL,MEDIUM,52.3,schedule_progress_gap_pct
618300,2026-05-01,0.9944,0.0233,58.9,HIGH,STABLE,0.0,UNUSUAL,MEDIUM,52.3,schedule_progress_gap_pct
618300,2026-06-01,0.9944,0.0266,65.7,HIGH,MODERATE_RISE,6.8,REQUIRES_VERIFICATION,HIGH,62.5,schedule_progress_gap_pct
618300,2026-07-01,0.9945,0.0228,58.9,HIGH,DE_ESCALATING,-6.8,UNUSUAL,MEDIUM,45.5,schedule_progress_gap_pct
618301,2026-04-01,0.0202,0.0036,9.8,LOW,STABLE,0.0,NORMAL,LOW,25.9,schedule_progress_gap_pct
618301,2026-05-01,0.0203,0.0024,11.4,LOW,STABLE,1.6,NORMAL,LOW,28.3,schedule_progress_gap_pct
618301,2026-06-01,0.0206,0.0152,16.8,LOW,MODERATE_RISE,5.4,UNUSUAL,MEDIUM,34.8,schedule_progress_gap_pct
618301,2026-07-01,0.9803,0.011,53.4,HIGH,RAPID_ESCALATION,36.6,NORMAL,HIGH,57.7,schedule_progress_gap_pct
618302,2026-04-01,0.9944,0.0644,57.0,HIGH,STABLE,0.0,NORMAL,MEDIUM,49.9,schedule_progress_gap_pct
618302,2026-05-01,0.9945,0.0644,57.0,HIGH,STABLE,0.0,NORMAL,MEDIUM,49.9,schedule_progress_gap_pct
618302,2026-06-01,0.9946,0.0703,60.5,HIGH,STABLE,3.5,UNUSUAL,HIGH,55.2,schedule_progress_gap_pct
618302,2026-07-01,0.9948,0.0913,61.3,HIGH,STABLE,0.8,UNUSUAL,MEDIUM,52.9,schedule_progress_gap_pct
618303,2026-04-01,0.9937,0.0632,57.0,HIGH,STABLE,0.0,NORMAL,MEDIUM,49.4,schedule_progress_gap_pct
618303,2026-05-01,0.9937,0.0632,57.0,HIGH,STABLE,0.0,NORMAL,MEDIUM,49.4,schedule_progress_gap_pct
618303,2026-06-01,0.9939,0.0734,60.6,HIGH,STABLE,3.6,UNUSUAL,MEDIUM,54.8,schedule_progress_gap_pct
618303,2026-07-01,0.9941,0.1115,62.0,HIGH,STABLE,1.4,UNUSUAL,MEDIUM,53.3,schedule_progress_gap_pct
618304,2026-04-01,0.9735,0.0156,54.5,HIGH,STABLE,0.0,NORMAL,MEDIUM,47.1,schedule_progress_gap_pct
618304,2026-05-01,0.9736,0.0171,54.5,HIGH,STABLE,0.0,NORMAL,MEDIUM,47.1,schedule_progress_gap_pct
618304,2026-06-01,0.9755,0.0153,54.6,HIGH,STABLE,0.1,NORMAL,MEDIUM,47.3,schedule_progress_gap_pct
618304,2026-07-01,0.9761,0.0222,54.8,HIGH,STABLE,0.2,NORMAL,MEDIUM,47.5,schedule_progress_gap_pct
618305,2026-04-01,0.0143,0.0012,13.8,LOW,STABLE,0.0,NORMAL,MEDIUM,31.0,schedule_progress_gap_pct
618305,2026-05-01,0.0143,0.0012,15.1,LOW,STABLE,1.3,NORMAL,MEDIUM,33.0,schedule_progress_gap_pct
618305,2026-06-01,0.9731,0.0012,54.0,HIGH,RAPID_ESCALATION,38.9,NORMAL,HIGH,61.1,schedule_progress_gap_pct
618305,2026-07-01,0.9739,0.0005,54.0,HIGH,STABLE,0.0,NORMAL,MEDIUM,51.1,schedule_progress_gap_pct
618306,2026-04-01,0.9661,0.001,49.5,MEDIUM,STABLE,0.0,NORMAL,MEDIUM,48.9,schedule_progress_gap_pct
618306,2026-05-01,0.9663,0.0009,50.8,HIGH,STABLE,1.3,NORMAL,MEDIUM,50.9,schedule_progress_gap_pct
618306,2026-06-01,0.9676,0.0061,55.6,HIGH,STABLE,4.8,UNUSUAL,HIGH,56.8,schedule_progress_gap_pct
618306,2026-07-01,0.9678,0.0056,53.7,HIGH,STABLE,-1.9,NORMAL,MEDIUM,49.1,schedule_progress_gap_pct
618307,2026-06-01,0.9842,0.0292,58.7,HIGH,STABLE,0.0,UNUSUAL,MEDIUM,52.8,schedule_progress_gap_pct
618307,2026-07-01,0.9846,0.011,54.8,HIGH,STABLE,-3.9,NORMAL,MEDIUM,47.0,schedule_progress_gap_pct
618308,2026-04-01,0.0236,0.0072,4.0,LOW,STABLE,0.0,NORMAL,LOW,26.8,schedule_progress_gap_pct
618308,2026-05-01,0.0237,0.0089,5.0,LOW,STABLE,1.0,NORMAL,LOW,28.3,schedule_progress_gap_pct
618308,2026-06-01,0.0238,0.0072,6.0,LOW,STABLE,1.0,NORMAL,LOW,28.8,schedule_progress_gap_pct
618308,2026-07-01,0.9832,0.0028,45.2,MEDIUM,RAPID_ESCALATION,39.2,NORMAL,HIGH,57.4,schedule_progress_gap_pct
618309,2026-04-01,0.0119,0.0018,6.1,LOW,STABLE,0.0,NORMAL,MEDIUM,30.2,schedule_progress_gap_pct
618309,2026-05-01,0.0119,0.0018,7.4,LOW,STABLE,1.3,NORMAL,MEDIUM,32.2,schedule_progress_gap_pct
618309,2026-06-01,0.0139,0.0096,5.8,LOW,STABLE,-1.6,NORMAL,LOW,28.5,schedule_progress_gap_pct
618309,2026-07-01,0.0139,0.0066,7.6,LOW,STABLE,1.8,NORMAL,MEDIUM,32.8,schedule_progress_gap_pct
618310,2026-04-01,0.0187,0.0095,6.4,LOW,STABLE,0.0,NORMAL,LOW,28.6,schedule_progress_gap_pct
618310,2026-05-01,0.0188,0.0033,7.4,LOW,STABLE,1.0,NORMAL,MEDIUM,30.1,schedule_progress_gap_pct
618310,2026-06-01,0.0193,0.0095,8.5,LOW,STABLE,1.1,NORMAL,MEDIUM,30.7,schedule_progress_gap_pct
618310,2026-07-01,0.0197,0.002,9.5,LOW,STABLE,1.0,NORMAL,MEDIUM,31.1,schedule_progress_gap_pct
618311,2026-04-01,0.0164,0.0095,7.7,LOW,STABLE,0.0,NORMAL,LOW,29.6,schedule_progress_gap_pct
618311,2026-05-01,0.0165,0.0017,8.7,LOW,STABLE,1.0,NORMAL,MEDIUM,31.1,schedule_progress_gap_pct
618311,2026-06-01,0.0188,0.0112,7.6,LOW,STABLE,-1.1,NORMAL,LOW,28.4,schedule_progress_gap_pct
618311,2026-07-01,0.0193,0.002,8.6,LOW,STABLE,1.0,NORMAL,MEDIUM,31.0,schedule_progress_gap_pct
618312,2026-04-01,0.0112,0.0094,9.5,LOW,STABLE,0.0,NORMAL,MEDIUM,31.8,schedule_progress_gap_pct
618312,2026-05-01,0.0113,0.0016,10.2,LOW,STABLE,0.7,NORMAL,MEDIUM,32.8,schedule_progress_gap_pct
618312,2026-06-01,0.0118,0.0094,10.6,LOW,STABLE,0.4,NORMAL,MEDIUM,32.7,schedule_progress_gap_pct
618312,2026-07-01,0.0122,0.0008,11.3,LOW,STABLE,0.7,NORMAL,MEDIUM,33.4,schedule_progress_gap_pct
618313,2026-04-01,0.0097,0.0019,9.2,LOW,STABLE,0.0,NORMAL,MEDIUM,31.4,schedule_progress_gap_pct
618313,2026-05-01,0.0098,0.0019,10.4,LOW,STABLE,1.2,NORMAL,MEDIUM,33.2,schedule_progress_gap_pct
618313,2026-06-01,0.0176,0.0045,7.5,LOW,STABLE,-2.9,ANOMALOUS,LOW,27.7,schedule_progress_gap_pct
618313,2026-07-01,0.0181,0.0049,1.0,LOW,DE_ESCALATING,-6.5,NORMAL,LOW,20.8,schedule_progress_gap_pct
618314,2026-04-01,0.0335,0.0228,4.3,LOW,STABLE,0.0,NORMAL,MEDIUM,30.3,schedule_progress_gap_pct
618314,2026-05-01,0.0338,0.0171,5.1,LOW,STABLE,0.8,NORMAL,MEDIUM,31.5,schedule_progress_gap_pct
618314,2026-06-01,0.0352,0.0103,5.3,LOW,STABLE,0.2,NORMAL,MEDIUM,31.0,schedule_progress_gap_pct
618314,2026-07-01,0.9888,0.0039,44.2,MEDIUM,RAPID_ESCALATION,38.9,NORMAL,HIGH,60.2,schedule_progress_gap_pct
618315,2026-04-01,0.0242,0.0077,11.6,LOW,STABLE,0.0,NORMAL,MEDIUM,32.8,schedule_progress_gap_pct
618315,2026-05-01,0.0244,0.002,12.4,LOW,STABLE,0.8,NORMAL,MEDIUM,34.0,schedule_progress_gap_pct
618315,2026-06-01,0.026,0.0011,12.2,LOW,STABLE,-0.2,NORMAL,MEDIUM,32.9,schedule_progress_gap_pct
618315,2026-07-01,0.9848,0.009,51.8,HIGH,RAPID_ESCALATION,39.6,NORMAL,HIGH,62.9,schedule_progress_gap_pct
618316,2026-04-01,0.0125,0.0025,10.2,LOW,STABLE,0.0,NORMAL,LOW,28.8,schedule_progress_gap_pct
618316,2026-05-01,0.0126,0.0008,11.8,LOW,STABLE,1.6,NORMAL,MEDIUM,31.2,schedule_progress_gap_pct
618316,2026-06-01,0.013,0.0058,13.7,LOW,STABLE,1.9,NORMAL,MEDIUM,32.5,schedule_progress_gap_pct
618316,2026-07-01,0.013,0.0025,15.2,LOW,STABLE,1.5,NORMAL,MEDIUM,32.8,schedule_progress_gap_pct
618317,2026-04-01,0.0123,0.0056,10.5,LOW,STABLE,0.0,NORMAL,LOW,29.4,schedule_progress_gap_pct
618317,2026-05-01,0.0123,0.0039,12.1,LOW,STABLE,1.6,NORMAL,MEDIUM,31.8,schedule_progress_gap_pct
618317,2026-06-01,0.0124,0.0039,13.8,LOW,STABLE,1.7,NORMAL,MEDIUM,32.8,schedule_progress_gap_pct
618317,2026-07-01,0.0128,0.0024,15.4,LOW,STABLE,1.6,NORMAL,MEDIUM,33.5,schedule_progress_gap_pct
618318,2026-04-01,0.0108,0.0042,8.3,LOW,STABLE,0.0,NORMAL,LOW,29.2,schedule_progress_gap_pct
618318,2026-05-01,0.0109,0.0007,9.4,LOW,STABLE,1.1,NORMAL,MEDIUM,30.9,schedule_progress_gap_pct
618318,2026-06-01,0.0112,0.0063,10.9,LOW,STABLE,1.5,NORMAL,MEDIUM,32.0,schedule_progress_gap_pct
618318,2026-07-01,0.0113,0.0074,12.2,LOW,STABLE,1.3,NORMAL,MEDIUM,32.5,schedule_progress_gap_pct
618319,2026-04-01,0.0106,0.0008,13.4,LOW,STABLE,0.0,NORMAL,MEDIUM,31.1,schedule_progress_gap_pct
618319,2026-05-01,0.0106,0.0008,15.0,LOW,STABLE,1.6,NORMAL,MEDIUM,33.5,schedule_progress_gap_pct
618319,2026-06-01,0.0109,0.0025,15.5,LOW,STABLE,0.5,NORMAL,MEDIUM,32.6,schedule_progress_gap_pct
618319,2026-07-01,0.0109,0.0069,15.7,LOW,STABLE,0.2,NORMAL,MEDIUM,32.4,schedule_progress_gap_pct
618325,2026-04-01,0.9713,0.0512,55.6,HIGH,STABLE,0.0,NORMAL,MEDIUM,48.4,schedule_progress_gap_pct
618325,2026-05-01,0.9715,0.0608,56.0,HIGH,STABLE,0.4,NORMAL,MEDIUM,49.0,schedule_progress_gap_pct
618325,2026-06-01,0.9728,0.0881,63.6,HIGH,MODERATE_RISE,7.6,ANOMALOUS,HIGH,60.0,schedule_progress_gap_pct
618326,2026-04-01,0.9913,0.0648,48.7,MEDIUM,STABLE,0.0,NORMAL,MEDIUM,48.2,schedule_progress_gap_pct
618326,2026-05-01,0.9915,0.0663,49.9,MEDIUM,STABLE,1.2,NORMAL,MEDIUM,50.0,schedule_progress_gap_pct
618326,2026-06-01,0.9917,0.0717,51.0,HIGH,STABLE,1.1,NORMAL,MEDIUM,50.5,schedule_progress_gap_pct
618326,2026-07-01,0.992,0.0135,50.2,HIGH,STABLE,-0.8,NORMAL,MEDIUM,48.2,schedule_progress_gap_pct
618327,2026-04-01,0.9683,0.0503,55.5,HIGH,STABLE,0.0,NORMAL,MEDIUM,52.3,schedule_progress_gap_pct
618327,2026-05-01,0.9685,0.0547,55.7,HIGH,STABLE,0.2,NORMAL,MEDIUM,52.6,schedule_progress_gap_pct
618328,2026-06-01,0.9884,0.0537,56.4,HIGH,STABLE,0.0,NORMAL,MEDIUM,52.4,schedule_progress_gap_pct
618328,2026-07-01,0.9886,0.0696,57.0,HIGH,STABLE,0.6,NORMAL,MEDIUM,53.3,schedule_progress_gap_pct
618329,2026-04-01,0.9754,0.0494,59.0,HIGH,STABLE,0.0,UNUSUAL,HIGH,55.0,schedule_progress_gap_pct
618329,2026-05-01,0.9755,0.0494,59.0,HIGH,STABLE,0.0,UNUSUAL,HIGH,55.0,schedule_progress_gap_pct
618330,2026-04-01,0.9944,0.9771,89.0,CRITICAL,STABLE,0.0,NORMAL,HIGH,68.4,schedule_progress_gap_pct
618330,2026-05-01,0.9945,0.9756,88.9,CRITICAL,STABLE,-0.1,NORMAL,HIGH,68.2,schedule_progress_gap_pct
618331,2026-04-01,0.0166,0.0065,2.4,LOW,STABLE,0.0,NORMAL,LOW,27.3,schedule_progress_gap_pct
618331,2026-05-01,0.0167,0.0064,3.2,LOW,STABLE,0.8,NORMAL,LOW,28.5,schedule_progress_gap_pct
618331,2026-06-01,0.0195,0.0019,0.8,LOW,STABLE,-2.4,NORMAL,LOW,24.1,schedule_progress_gap_pct
618331,2026-07-01,0.0197,0.0064,1.8,LOW,STABLE,1.0,NORMAL,LOW,28.0,schedule_progress_gap_pct
618333,2026-04-01,0.9899,0.0168,48.0,MEDIUM,STABLE,0.0,NORMAL,MEDIUM,49.3,schedule_progress_gap_pct
618333,2026-05-01,0.9901,0.0156,49.0,MEDIUM,STABLE,1.0,NORMAL,MEDIUM,50.8,schedule_progress_gap_pct
618333,2026-06-01,0.9907,0.015,49.9,MEDIUM,STABLE,0.9,NORMAL,MEDIUM,51.1,schedule_progress_gap_pct
618333,2026-07-01,0.9908,0.016,51.1,HIGH,STABLE,1.2,NORMAL,MEDIUM,52.0,schedule_progress_gap_pct
618334,2026-04-01,0.9916,0.0071,54.9,HIGH,STABLE,0.0,NORMAL,MEDIUM,51.3,schedule_progress_gap_pct
618334,2026-05-01,0.9917,0.0098,55.0,HIGH,STABLE,0.1,NORMAL,MEDIUM,51.4,schedule_progress_gap_pct
618334,2026-06-01,0.9919,0.0034,54.8,HIGH,STABLE,-0.2,NORMAL,MEDIUM,51.0,schedule_progress_gap_pct
618334,2026-07-01,0.9921,0.0097,55.0,HIGH,STABLE,0.2,NORMAL,MEDIUM,51.5,schedule_progress_gap_pct
618335,2026-04-01,0.9921,0.0211,55.4,HIGH,STABLE,0.0,NORMAL,MEDIUM,50.8,schedule_progress_gap_pct
618335,2026-05-01,0.9922,0.0233,55.5,HIGH,STABLE,0.1,NORMAL,MEDIUM,50.9,schedule_progress_gap_pct
618335,2026-06-01,0.9924,0.0199,55.4,HIGH,STABLE,-0.1,NORMAL,MEDIUM,50.7,schedule_progress_gap_pct
618335,2026-07-01,0.9927,0.1066,65.0,HIGH,MODERATE_RISE,9.6,ANOMALOUS,HIGH,65.2,schedule_progress_gap_pct
618336,2026-04-01,0.992,0.0016,54.7,HIGH,STABLE,0.0,NORMAL,MEDIUM,51.6,schedule_progress_gap_pct
618336,2026-05-01,0.9921,0.0072,54.9,HIGH,STABLE,0.2,NORMAL,MEDIUM,51.9,schedule_progress_gap_pct
618336,2026-06-01,0.9922,0.0182,61.9,HIGH,MODERATE_RISE,7.0,ANOMALOUS,HIGH,62.2,schedule_progress_gap_pct
618336,2026-07-01,0.9925,0.0142,58.5,HIGH,STABLE,-3.4,UNUSUAL,MEDIUM,50.1,schedule_progress_gap_pct
618337,2026-04-01,0.993,0.9951,89.5,CRITICAL,STABLE,0.0,NORMAL,HIGH,68.3,schedule_progress_gap_pct
618337,2026-05-01,0.9931,0.9885,89.3,CRITICAL,STABLE,-0.2,NORMAL,HIGH,68.0,schedule_progress_gap_pct
618337,2026-06-01,0.9931,0.9878,92.6,CRITICAL,STABLE,3.3,UNUSUAL,HIGH,73.1,schedule_progress_gap_pct
618337,2026-07-01,0.9931,0.9899,92.7,CRITICAL,STABLE,0.1,UNUSUAL,HIGH,70.0,schedule_progress_gap_pct
618338,2026-04-01,0.9867,0.0354,50.4,HIGH,STABLE,0.0,NORMAL,MEDIUM,45.7,schedule_progress_gap_pct
618338,2026-05-01,0.9893,0.062,49.5,MEDIUM,STABLE,-0.9,NORMAL,MEDIUM,44.3,schedule_progress_gap_pct
618338,2026-06-01,0.99,0.0174,49.9,MEDIUM,STABLE,0.4,NORMAL,MEDIUM,45.8,schedule_progress_gap_pct
618338,2026-07-01,0.9902,0.0177,52.3,HIGH,STABLE,2.4,NORMAL,MEDIUM,49.0,schedule_progress_gap_pct
618339,2026-06-01,0.9759,0.0139,54.5,HIGH,STABLE,0.0,NORMAL,MEDIUM,49.8,schedule_progress_gap_pct
618340,2026-04-01,0.9906,0.0004,54.6,HIGH,STABLE,0.0,NORMAL,MEDIUM,50.8,schedule_progress_gap_pct
618340,2026-05-01,0.9909,0.0258,55.5,HIGH,STABLE,0.9,NORMAL,MEDIUM,52.1,schedule_progress_gap_pct
618340,2026-06-01,0.9916,0.024,55.5,HIGH,STABLE,0.0,NORMAL,MEDIUM,51.2,schedule_progress_gap_pct
618340,2026-07-01,0.9917,0.006,54.9,HIGH,STABLE,-0.6,NORMAL,MEDIUM,50.3,schedule_progress_gap_pct
618341,2026-04-01,0.9916,0.0115,55.1,HIGH,STABLE,0.0,NORMAL,MEDIUM,51.5,schedule_progress_gap_pct
618341,2026-05-01,0.9916,0.0115,55.1,HIGH,STABLE,0.0,NORMAL,MEDIUM,51.5,schedule_progress_gap_pct
618342,2026-04-01,0.974,0.0668,59.6,HIGH,STABLE,0.0,UNUSUAL,MEDIUM,50.5,schedule_progress_gap_pct
618342,2026-05-01,0.9741,0.0668,62.9,HIGH,STABLE,3.3,ANOMALOUS,HIGH,55.4,schedule_progress_gap_pct
618343,2026-04-01,0.9748,0.0451,58.9,HIGH,STABLE,0.0,UNUSUAL,MEDIUM,51.3,schedule_progress_gap_pct
618343,2026-05-01,0.9749,0.0451,62.2,HIGH,STABLE,3.3,ANOMALOUS,HIGH,56.3,schedule_progress_gap_pct
618344,2026-04-01,0.9924,0.0315,55.8,HIGH,STABLE,0.0,NORMAL,MEDIUM,52.7,schedule_progress_gap_pct
618344,2026-05-01,0.9925,0.0182,55.3,HIGH,STABLE,-0.5,NORMAL,MEDIUM,52.0,schedule_progress_gap_pct
618344,2026-06-01,0.9927,0.0437,59.5,HIGH,STABLE,4.2,UNUSUAL,HIGH,58.8,schedule_progress_gap_pct
618344,2026-07-01,0.9929,0.0282,55.7,HIGH,STABLE,-3.8,NORMAL,MEDIUM,48.9,schedule_progress_gap_pct
618345,2026-04-01,0.9933,0.0078,55.0,HIGH,STABLE,0.0,NORMAL,MEDIUM,50.2,schedule_progress_gap_pct
618345,2026-05-01,0.9936,0.0076,55.0,HIGH,STABLE,0.0,NORMAL,MEDIUM,50.2,schedule_progress_gap_pct
618345,2026-06-01,0.9938,0.01,55.1,HIGH,STABLE,0.1,NORMAL,MEDIUM,50.3,schedule_progress_gap_pct
618345,2026-07-01,0.9938,0.0055,54.9,HIGH,STABLE,-0.2,NORMAL,MEDIUM,49.9,schedule_progress_gap_pct
618346,2026-04-01,0.9944,0.066,57.1,HIGH,STABLE,0.0,NORMAL,MEDIUM,49.6,schedule_progress_gap_pct
618346,2026-05-01,0.9947,0.0505,56.6,HIGH,STABLE,-0.5,NORMAL,MEDIUM,48.9,schedule_progress_gap_pct
618346,2026-06-01,0.9949,0.0392,56.2,HIGH,STABLE,-0.4,NORMAL,MEDIUM,48.8,schedule_progress_gap_pct
618346,2026-07-01,0.9949,0.1079,58.6,HIGH,STABLE,2.4,NORMAL,MEDIUM,52.8,schedule_progress_gap_pct
618347,2026-04-01,0.9944,0.0608,56.9,HIGH,STABLE,0.0,NORMAL,MEDIUM,49.7,schedule_progress_gap_pct
618347,2026-05-01,0.9947,0.0601,56.9,HIGH,STABLE,0.0,NORMAL,MEDIUM,49.7,schedule_progress_gap_pct
618347,2026-06-01,0.9949,0.0357,56.0,HIGH,STABLE,-0.9,NORMAL,MEDIUM,48.3,schedule_progress_gap_pct
618347,2026-07-01,0.9949,0.0955,58.1,HIGH,STABLE,2.1,NORMAL,MEDIUM,52.4,schedule_progress_gap_pct
618348,2026-04-01,0.0101,0.0068,12.8,LOW,STABLE,0.0,NORMAL,LOW,26.5,schedule_progress_gap_pct
618348,2026-05-01,0.0107,0.0025,14.1,LOW,STABLE,1.3,NORMAL,LOW,28.5,schedule_progress_gap_pct
618348,2026-06-01,0.0113,0.0213,16.2,LOW,STABLE,2.1,NORMAL,MEDIUM,30.3,schedule_progress_gap_pct
618348,2026-07-01,0.0117,0.0304,16.5,LOW,STABLE,0.3,NORMAL,LOW,28.7,schedule_progress_gap_pct
618349,2026-04-01,0.0137,0.0074,14.4,LOW,STABLE,0.0,NORMAL,LOW,27.8,schedule_progress_gap_pct
618349,2026-05-01,0.014,0.015,16.1,LOW,STABLE,1.7,NORMAL,MEDIUM,30.4,schedule_progress_gap_pct
618349,2026-06-01,0.0145,0.015,16.1,LOW,STABLE,0.0,NORMAL,LOW,28.7,schedule_progress_gap_pct
618349,2026-07-01,0.015,0.0127,19.3,LOW,STABLE,3.2,UNUSUAL,MEDIUM,33.5,schedule_progress_gap_pct
618350,2026-04-01,0.9778,0.0077,50.0,HIGH,STABLE,0.0,NORMAL,MEDIUM,50.9,schedule_progress_gap_pct
618350,2026-05-01,0.9779,0.0077,51.2,HIGH,STABLE,1.2,NORMAL,MEDIUM,52.7,schedule_progress_gap_pct
618350,2026-06-01,0.9793,0.0212,51.6,HIGH,STABLE,0.4,NORMAL,MEDIUM,52.1,schedule_progress_gap_pct
618350,2026-07-01,0.9804,0.0139,52.7,HIGH,STABLE,1.1,NORMAL,MEDIUM,53.4,schedule_progress_gap_pct
618351,2026-04-01,0.99,0.0034,54.7,HIGH,STABLE,0.0,NORMAL,MEDIUM,53.2,schedule_progress_gap_pct
618351,2026-05-01,0.9914,0.0116,54.1,HIGH,STABLE,-0.6,NORMAL,MEDIUM,52.3,schedule_progress_gap_pct
618351,2026-06-01,0.9914,0.007,54.9,HIGH,STABLE,0.8,NORMAL,MEDIUM,54.1,schedule_progress_gap_pct
618351,2026-07-01,0.9915,0.0026,54.7,HIGH,STABLE,-0.2,NORMAL,MEDIUM,53.0,schedule_progress_gap_pct
618352,2026-04-01,0.9907,0.0028,53.4,HIGH,STABLE,0.0,NORMAL,MEDIUM,52.4,schedule_progress_gap_pct
618352,2026-05-01,0.9908,0.0028,54.7,HIGH,STABLE,1.3,NORMAL,MEDIUM,54.3,schedule_progress_gap_pct
618352,2026-06-01,0.9909,0.0027,54.7,HIGH,STABLE,0.0,NORMAL,MEDIUM,53.0,schedule_progress_gap_pct
618352,2026-07-01,0.9911,0.0021,54.7,HIGH,STABLE,0.0,NORMAL,MEDIUM,53.0,schedule_progress_gap_pct
618353,2026-04-01,0.9904,0.0056,54.2,HIGH,STABLE,0.0,NORMAL,MEDIUM,53.0,schedule_progress_gap_pct
618353,2026-05-01,0.9906,0.0045,54.8,HIGH,STABLE,0.6,NORMAL,MEDIUM,53.9,schedule_progress_gap_pct
618353,2026-06-01,0.9907,0.0044,54.8,HIGH,STABLE,0.0,NORMAL,MEDIUM,53.3,schedule_progress_gap_pct
618353,2026-07-01,0.9907,0.0047,54.8,HIGH,STABLE,0.0,NORMAL,MEDIUM,53.3,schedule_progress_gap_pct
618354,2026-04-01,0.989,0.0476,46.9,MEDIUM,STABLE,0.0,NORMAL,MEDIUM,49.1,schedule_progress_gap_pct
618354,2026-05-01,0.9895,0.0475,48.2,MEDIUM,STABLE,1.3,NORMAL,MEDIUM,51.0,schedule_progress_gap_pct
618354,2026-06-01,0.9903,0.0554,48.2,MEDIUM,STABLE,0.0,NORMAL,MEDIUM,49.7,schedule_progress_gap_pct
618354,2026-07-01,0.9908,0.0086,47.8,MEDIUM,STABLE,-0.4,NORMAL,MEDIUM,49.1,schedule_progress_gap_pct
618355,2026-04-01,0.9937,0.009,55.1,HIGH,STABLE,0.0,NORMAL,MEDIUM,51.2,schedule_progress_gap_pct
618355,2026-05-01,0.9938,0.0375,56.1,HIGH,STABLE,1.0,NORMAL,MEDIUM,52.7,schedule_progress_gap_pct
618355,2026-06-01,0.9938,0.0268,55.7,HIGH,STABLE,-0.4,NORMAL,MEDIUM,51.1,schedule_progress_gap_pct
618355,2026-07-01,0.9938,0.0268,55.7,HIGH,STABLE,0.0,NORMAL,MEDIUM,51.5,schedule_progress_gap_pct
618356,2026-04-01,0.9944,0.0685,57.2,HIGH,STABLE,0.0,NORMAL,MEDIUM,49.7,schedule_progress_gap_pct
618356,2026-05-01,0.9944,0.0567,56.8,HIGH,STABLE,-0.4,NORMAL,MEDIUM,49.1,schedule_progress_gap_pct
618356,2026-06-01,0.9943,0.0593,56.8,HIGH,STABLE,0.0,NORMAL,MEDIUM,49.5,schedule_progress_gap_pct
618356,2026-07-01,0.9944,0.0612,56.9,HIGH,STABLE,0.1,NORMAL,MEDIUM,49.7,schedule_progress_gap_pct
618357,2026-04-01,0.9924,0.0056,54.9,HIGH,STABLE,0.0,NORMAL,MEDIUM,51.1,schedule_progress_gap_pct
618357,2026-05-01,0.9925,0.0056,54.9,HIGH,STABLE,0.0,NORMAL,MEDIUM,51.1,schedule_progress_gap_pct
618357,2026-06-01,0.9925,0.0046,54.9,HIGH,STABLE,0.0,NORMAL,MEDIUM,51.1,schedule_progress_gap_pct
618357,2026-07-01,0.9925,0.0327,55.8,HIGH,STABLE,0.9,NORMAL,MEDIUM,52.4,schedule_progress_gap_pct
618358,2026-04-01,0.9926,0.0307,55.8,HIGH,STABLE,0.0,NORMAL,MEDIUM,50.0,schedule_progress_gap_pct
618358,2026-05-01,0.9927,0.0355,55.9,HIGH,STABLE,0.1,NORMAL,MEDIUM,50.2,schedule_progress_gap_pct
618358,2026-06-01,0.9928,0.0297,55.7,HIGH,STABLE,-0.2,NORMAL,MEDIUM,49.8,schedule_progress_gap_pct
618358,2026-07-01,0.9927,0.0748,57.3,HIGH,STABLE,1.6,NORMAL,MEDIUM,52.4,schedule_progress_gap_pct
618359,2026-04-01,0.0381,0.0696,4.0,LOW,STABLE,0.0,NORMAL,LOW,26.8,schedule_progress_gap_pct
618359,2026-05-01,0.0383,0.0715,4.0,LOW,STABLE,0.0,NORMAL,LOW,26.8,schedule_progress_gap_pct
618359,2026-06-01,0.0388,0.112,5.5,LOW,STABLE,1.5,NORMAL,LOW,29.0,schedule_progress_gap_pct
618359,2026-07-01,0.039,0.1026,5.2,LOW,STABLE,-0.3,NORMAL,LOW,27.1,schedule_progress_gap_pct
618362,2026-04-01,0.9907,0.0578,56.6,HIGH,STABLE,0.0,NORMAL,MEDIUM,53.3,schedule_progress_gap_pct
618362,2026-05-01,0.9907,0.0419,56.1,HIGH,STABLE,-0.5,NORMAL,MEDIUM,52.5,schedule_progress_gap_pct
618362,2026-06-01,0.9911,0.049,56.4,HIGH,STABLE,0.3,NORMAL,MEDIUM,53.5,schedule_progress_gap_pct
618362,2026-07-01,0.9911,0.0337,55.8,HIGH,STABLE,-0.6,NORMAL,MEDIUM,52.3,schedule_progress_gap_pct
618363,2026-04-01,0.9903,0.0305,55.7,HIGH,STABLE,0.0,NORMAL,MEDIUM,53.0,schedule_progress_gap_pct
618363,2026-05-01,0.9904,0.0202,55.3,HIGH,STABLE,-0.4,NORMAL,MEDIUM,52.4,schedule_progress_gap_pct
618363,2026-06-01,0.9905,0.0388,59.3,HIGH,STABLE,4.0,UNUSUAL,HIGH,58.8,schedule_progress_gap_pct
618363,2026-07-01,0.9906,0.0423,56.1,HIGH,STABLE,-3.2,NORMAL,MEDIUM,50.0,schedule_progress_gap_pct
618364,2026-04-01,0.0364,0.056,9.2,LOW,STABLE,0.0,NORMAL,LOW,27.8,schedule_progress_gap_pct
618364,2026-05-01,0.0365,0.0558,10.2,LOW,STABLE,1.0,NORMAL,LOW,29.3,schedule_progress_gap_pct
618364,2026-06-01,0.0367,0.0558,11.3,LOW,STABLE,1.1,NORMAL,MEDIUM,30.0,schedule_progress_gap_pct
618364,2026-07-01,0.0369,0.0558,12.2,LOW,STABLE,0.9,NORMAL,MEDIUM,30.2,schedule_progress_gap_pct
618365,2026-04-01,0.0355,0.056,9.6,LOW,STABLE,0.0,NORMAL,LOW,28.6,schedule_progress_gap_pct
618365,2026-05-01,0.0356,0.0558,10.6,LOW,STABLE,1.0,NORMAL,MEDIUM,30.1,schedule_progress_gap_pct
618365,2026-06-01,0.0358,0.0558,11.6,LOW,STABLE,1.0,NORMAL,MEDIUM,30.6,schedule_progress_gap_pct
618365,2026-07-01,0.036,0.0558,12.6,LOW,STABLE,1.0,NORMAL,MEDIUM,31.1,schedule_progress_gap_pct
618366,2026-04-01,0.0232,0.0155,16.5,LOW,STABLE,0.0,NORMAL,MEDIUM,31.6,schedule_progress_gap_pct
618366,2026-05-01,0.0246,0.0204,16.7,LOW,STABLE,0.2,NORMAL,MEDIUM,31.9,schedule_progress_gap_pct
618366,2026-06-01,0.0247,0.0145,16.5,LOW,STABLE,-0.2,NORMAL,MEDIUM,31.4,schedule_progress_gap_pct
618366,2026-07-01,0.0248,0.0145,16.5,LOW,STABLE,0.0,NORMAL,MEDIUM,31.6,schedule_progress_gap_pct
618367,2026-04-01,0.0114,0.0125,15.9,LOW,STABLE,0.0,NORMAL,MEDIUM,33.0,schedule_progress_gap_pct
618367,2026-05-01,0.965,0.0085,53.9,HIGH,RAPID_ESCALATION,38.0,NORMAL,HIGH,62.0,schedule_progress_gap_pct
618367,2026-06-01,0.9655,0.0074,57.2,HIGH,STABLE,3.3,UNUSUAL,HIGH,57.0,schedule_progress_gap_pct
618367,2026-07-01,0.9651,0.0123,54.0,HIGH,STABLE,-3.2,NORMAL,MEDIUM,48.9,schedule_progress_gap_pct
618368,2026-04-01,0.0123,0.0148,16.0,LOW,STABLE,0.0,NORMAL,MEDIUM,32.8,schedule_progress_gap_pct
618368,2026-05-01,0.9678,0.0145,54.2,HIGH,RAPID_ESCALATION,38.2,NORMAL,HIGH,61.9,schedule_progress_gap_pct
618368,2026-06-01,0.9681,0.0147,54.2,HIGH,STABLE,0.0,NORMAL,MEDIUM,51.9,schedule_progress_gap_pct
618368,2026-07-01,0.969,0.0031,60.5,HIGH,MODERATE_RISE,6.3,ANOMALOUS,HIGH,61.4,schedule_progress_gap_pct
618369,2026-04-01,0.0228,0.0254,8.1,LOW,STABLE,0.0,NORMAL,LOW,28.8,schedule_progress_gap_pct
618369,2026-05-01,0.9829,0.0261,47.2,MEDIUM,RAPID_ESCALATION,39.1,NORMAL,HIGH,58.3,schedule_progress_gap_pct
618369,2026-06-01,0.9831,0.0262,48.3,MEDIUM,STABLE,1.1,NORMAL,MEDIUM,50.0,schedule_progress_gap_pct
618369,2026-07-01,0.9838,0.0017,52.0,HIGH,STABLE,3.7,UNUSUAL,MEDIUM,54.4,schedule_progress_gap_pct
618370,2026-04-01,0.9828,0.0256,49.0,MEDIUM,STABLE,0.0,NORMAL,MEDIUM,47.8,schedule_progress_gap_pct
618370,2026-05-01,0.9829,0.0247,50.2,HIGH,STABLE,1.2,NORMAL,MEDIUM,49.6,schedule_progress_gap_pct
618370,2026-06-01,0.9846,0.0256,50.1,HIGH,STABLE,-0.1,NORMAL,MEDIUM,48.2,schedule_progress_gap_pct
618370,2026-07-01,0.9851,0.002,50.5,HIGH,STABLE,0.4,NORMAL,MEDIUM,48.9,schedule_progress_gap_pct
618371,2026-04-01,0.0326,0.0518,3.1,LOW,STABLE,0.0,NORMAL,LOW,26.0,schedule_progress_gap_pct
618371,2026-05-01,0.0361,0.0694,3.9,LOW,STABLE,0.8,NORMAL,LOW,27.2,schedule_progress_gap_pct
618371,2026-06-01,0.0391,0.0729,4.1,LOW,STABLE,0.2,NORMAL,LOW,26.7,schedule_progress_gap_pct
618371,2026-07-01,0.0393,0.09,4.7,LOW,STABLE,0.6,NORMAL,LOW,27.4,schedule_progress_gap_pct
618372,2026-04-01,0.9922,0.0318,55.8,HIGH,STABLE,0.0,NORMAL,MEDIUM,53.8,schedule_progress_gap_pct
618372,2026-05-01,0.9923,0.0278,55.7,HIGH,STABLE,-0.1,NORMAL,MEDIUM,53.6,schedule_progress_gap_pct
618373,2026-04-01,0.023,0.0548,2.8,LOW,STABLE,0.0,NORMAL,MEDIUM,33.3,schedule_progress_gap_pct
618373,2026-05-01,0.0238,0.0419,2.4,LOW,STABLE,-0.4,NORMAL,MEDIUM,32.7,schedule_progress_gap_pct
618373,2026-06-01,0.0248,0.0499,9.3,LOW,MODERATE_RISE,6.9,ANOMALOUS,MEDIUM,43.4,schedule_progress_gap_pct
618373,2026-07-01,0.0251,0.0514,2.8,LOW,DE_ESCALATING,-6.5,NORMAL,LOW,26.8,schedule_progress_gap_pct
618374,2026-04-01,0.0168,0.0075,12.3,LOW,STABLE,0.0,NORMAL,LOW,27.9,schedule_progress_gap_pct
618374,2026-05-01,0.0175,0.015,12.8,LOW,STABLE,0.5,NORMAL,LOW,28.7,schedule_progress_gap_pct
618374,2026-06-01,0.0181,0.0037,16.6,LOW,STABLE,3.8,UNUSUAL,MEDIUM,33.9,schedule_progress_gap_pct
618374,2026-07-01,0.0185,0.004,14.0,LOW,STABLE,-2.6,NORMAL,LOW,26.2,schedule_progress_gap_pct
618375,2026-04-01,0.9798,0.0015,54.2,HIGH,STABLE,0.0,NORMAL,MEDIUM,50.5,schedule_progress_gap_pct
618375,2026-05-01,0.9804,0.0014,54.3,HIGH,STABLE,0.1,NORMAL,MEDIUM,50.6,schedule_progress_gap_pct
618375,2026-06-01,0.9811,0.0013,54.3,HIGH,STABLE,0.0,NORMAL,MEDIUM,50.5,schedule_progress_gap_pct
618375,2026-07-01,0.9813,0.0014,54.3,HIGH,STABLE,0.0,NORMAL,MEDIUM,50.5,schedule_progress_gap_pct
618376,2026-04-01,0.9789,0.0147,50.9,HIGH,STABLE,0.0,NORMAL,MEDIUM,49.4,schedule_progress_gap_pct
618376,2026-05-01,0.9794,0.0206,51.7,HIGH,STABLE,0.8,NORMAL,MEDIUM,50.6,schedule_progress_gap_pct
618376,2026-06-01,0.9796,0.0206,52.6,HIGH,STABLE,0.9,NORMAL,MEDIUM,51.2,schedule_progress_gap_pct
618376,2026-07-01,0.9803,0.0206,52.9,HIGH,STABLE,0.3,NORMAL,MEDIUM,50.7,schedule_progress_gap_pct
618377,2026-04-01,0.9897,0.0618,51.3,HIGH,STABLE,0.0,NORMAL,MEDIUM,48.2,schedule_progress_gap_pct
618377,2026-05-01,0.9906,0.0739,51.3,HIGH,STABLE,0.0,NORMAL,MEDIUM,48.2,schedule_progress_gap_pct
618377,2026-06-01,0.9908,0.0906,52.8,HIGH,STABLE,1.5,NORMAL,MEDIUM,50.4,schedule_progress_gap_pct
618377,2026-07-01,0.9911,0.0145,51.4,HIGH,STABLE,-1.4,NORMAL,MEDIUM,46.8,schedule_progress_gap_pct
618379,2026-05-01,0.9932,0.0258,55.6,HIGH,STABLE,0.0,NORMAL,MEDIUM,53.0,schedule_progress_gap_pct
618379,2026-06-01,0.9932,0.0137,55.2,HIGH,STABLE,-0.4,NORMAL,MEDIUM,52.4,schedule_progress_gap_pct
618379,2026-07-01,0.9932,0.0137,55.2,HIGH,STABLE,0.0,NORMAL,MEDIUM,52.8,schedule_progress_gap_pct
618380,2026-04-01,0.9927,0.0379,56.0,HIGH,STABLE,0.0,NORMAL,MEDIUM,53.7,schedule_progress_gap_pct
618380,2026-05-01,0.9933,0.0258,55.6,HIGH,STABLE,-0.4,NORMAL,MEDIUM,53.1,schedule_progress_gap_pct
618380,2026-06-01,0.9934,0.01,55.1,HIGH,STABLE,-0.5,NORMAL,MEDIUM,52.8,schedule_progress_gap_pct
618380,2026-07-01,0.9937,0.0164,55.3,HIGH,STABLE,0.2,NORMAL,MEDIUM,53.6,schedule_progress_gap_pct
618381,2026-04-01,0.9927,0.041,56.1,HIGH,STABLE,0.0,NORMAL,MEDIUM,53.3,schedule_progress_gap_pct
618381,2026-05-01,0.9927,0.041,56.1,HIGH,STABLE,0.0,NORMAL,MEDIUM,53.3,schedule_progress_gap_pct
618382,2026-04-01,0.9918,0.1296,59.2,HIGH,STABLE,0.0,NORMAL,MEDIUM,54.1,schedule_progress_gap_pct
618382,2026-05-01,0.9918,0.1296,59.2,HIGH,STABLE,0.0,NORMAL,MEDIUM,54.1,schedule_progress_gap_pct
618383,2026-04-01,0.9926,0.0502,56.5,HIGH,STABLE,0.0,NORMAL,MEDIUM,52.9,schedule_progress_gap_pct
618383,2026-05-01,0.9932,0.0347,55.9,HIGH,STABLE,-0.6,NORMAL,MEDIUM,52.0,schedule_progress_gap_pct
618383,2026-06-01,0.9933,0.0347,55.9,HIGH,STABLE,0.0,NORMAL,MEDIUM,52.6,schedule_progress_gap_pct
618383,2026-07-01,0.9936,0.0703,57.2,HIGH,STABLE,1.3,NORMAL,MEDIUM,54.5,schedule_progress_gap_pct
618384,2026-04-01,0.9929,0.0353,56.0,HIGH,STABLE,0.0,NORMAL,MEDIUM,53.8,schedule_progress_gap_pct
618384,2026-05-01,0.9929,0.0303,55.8,HIGH,STABLE,-0.2,NORMAL,MEDIUM,53.5,schedule_progress_gap_pct
618385,2026-04-01,0.0184,0.0163,16.3,LOW,STABLE,0.0,NORMAL,LOW,28.2,schedule_progress_gap_pct
618385,2026-05-01,0.0185,0.0162,16.3,LOW,STABLE,0.0,NORMAL,LOW,28.2,schedule_progress_gap_pct
618385,2026-06-01,0.0186,0.0162,16.3,LOW,STABLE,0.0,NORMAL,LOW,28.2,schedule_progress_gap_pct
618385,2026-07-01,0.022,0.0026,16.0,LOW,STABLE,-0.3,NORMAL,LOW,27.8,schedule_progress_gap_pct
618386,2026-04-01,0.9757,0.0242,61.5,HIGH,STABLE,0.0,ANOMALOUS,MEDIUM,52.5,schedule_progress_gap_pct
618386,2026-05-01,0.9758,0.0242,61.5,HIGH,STABLE,0.0,ANOMALOUS,MEDIUM,52.5,schedule_progress_gap_pct
618387,2026-04-01,0.9876,0.0015,47.0,MEDIUM,STABLE,0.0,NORMAL,MEDIUM,47.8,schedule_progress_gap_pct
618387,2026-05-01,0.9884,0.0008,48.1,MEDIUM,STABLE,1.1,NORMAL,MEDIUM,49.4,schedule_progress_gap_pct
618387,2026-06-01,0.9885,0.0008,49.3,MEDIUM,STABLE,1.2,NORMAL,MEDIUM,50.1,schedule_progress_gap_pct
618387,2026-07-01,0.9886,0.0027,50.6,HIGH,STABLE,1.3,NORMAL,MEDIUM,50.9,schedule_progress_gap_pct
618388,2026-04-01,0.9913,0.0278,55.6,HIGH,STABLE,0.0,NORMAL,MEDIUM,50.0,schedule_progress_gap_pct
618388,2026-05-01,0.9914,0.0156,55.2,HIGH,STABLE,-0.4,NORMAL,MEDIUM,49.4,schedule_progress_gap_pct
618388,2026-06-01,0.9915,0.0214,55.4,HIGH,STABLE,0.2,NORMAL,MEDIUM,50.1,schedule_progress_gap_pct
618388,2026-07-01,0.9922,0.0186,55.3,HIGH,STABLE,-0.1,NORMAL,MEDIUM,49.7,schedule_progress_gap_pct
618389,2026-04-01,0.993,0.0467,56.4,HIGH,STABLE,0.0,NORMAL,MEDIUM,50.3,schedule_progress_gap_pct
618389,2026-05-01,0.9931,0.0336,55.9,HIGH,STABLE,-0.5,NORMAL,MEDIUM,49.6,schedule_progress_gap_pct
618389,2026-06-01,0.9933,0.0464,56.4,HIGH,STABLE,0.5,NORMAL,MEDIUM,50.8,schedule_progress_gap_pct
618389,2026-07-01,0.9933,0.0791,57.5,HIGH,STABLE,1.1,NORMAL,MEDIUM,52.0,schedule_progress_gap_pct
618390,2026-04-01,0.9919,0.0017,54.7,HIGH,STABLE,0.0,NORMAL,MEDIUM,54.7,schedule_progress_gap_pct
618390,2026-05-01,0.9922,0.0048,54.9,HIGH,STABLE,0.2,NORMAL,HIGH,55.0,schedule_progress_gap_pct
618390,2026-06-01,0.9924,0.012,58.4,HIGH,STABLE,3.5,UNUSUAL,HIGH,60.1,schedule_progress_gap_pct
618390,2026-07-01,0.9927,0.012,55.1,HIGH,STABLE,-3.3,NORMAL,MEDIUM,51.6,schedule_progress_gap_pct
618391,2026-04-01,0.9894,0.0489,53.2,HIGH,STABLE,0.0,NORMAL,MEDIUM,47.9,schedule_progress_gap_pct
618391,2026-05-01,0.9898,0.0489,54.5,HIGH,STABLE,1.3,NORMAL,MEDIUM,49.9,schedule_progress_gap_pct
618391,2026-06-01,0.9904,0.0648,55.6,HIGH,STABLE,1.1,NORMAL,MEDIUM,50.2,schedule_progress_gap_pct
618391,2026-07-01,0.9906,0.0095,58.3,HIGH,STABLE,2.7,UNUSUAL,MEDIUM,53.2,schedule_progress_gap_pct
618392,2026-04-01,0.0256,0.0257,10.7,LOW,STABLE,0.0,NORMAL,LOW,26.8,schedule_progress_gap_pct
618392,2026-05-01,0.9851,0.0263,49.7,MEDIUM,RAPID_ESCALATION,39.0,NORMAL,HIGH,56.3,schedule_progress_gap_pct
618392,2026-06-01,0.9854,0.0263,51.1,HIGH,STABLE,1.4,NORMAL,MEDIUM,48.4,schedule_progress_gap_pct
618392,2026-07-01,0.9863,0.0352,51.8,HIGH,STABLE,0.7,NORMAL,MEDIUM,48.1,schedule_progress_gap_pct
618393,2026-06-01,0.0467,0.0135,12.7,LOW,STABLE,0.0,NORMAL,LOW,27.2,schedule_progress_gap_pct
618393,2026-07-01,0.0479,0.0193,14.2,LOW,STABLE,1.5,NORMAL,LOW,29.4,schedule_progress_gap_pct
618394,2026-04-01,0.9948,0.0548,60.0,HIGH,STABLE,0.0,UNUSUAL,MEDIUM,51.0,schedule_progress_gap_pct
618394,2026-05-01,0.9948,0.0548,60.0,HIGH,STABLE,0.0,UNUSUAL,MEDIUM,51.0,schedule_progress_gap_pct
618394,2026-06-01,0.9948,0.0538,60.0,HIGH,STABLE,0.0,UNUSUAL,MEDIUM,51.0,schedule_progress_gap_pct
618394,2026-07-01,0.9948,0.0428,59.6,HIGH,STABLE,-0.4,UNUSUAL,MEDIUM,50.4,schedule_progress_gap_pct
618395,2026-04-01,0.9891,0.0346,59.1,HIGH,STABLE,0.0,UNUSUAL,MEDIUM,53.4,schedule_progress_gap_pct
618395,2026-05-01,0.9892,0.0166,55.2,HIGH,STABLE,-3.9,NORMAL,MEDIUM,47.6,schedule_progress_gap_pct
618395,2026-06-01,0.9893,0.0129,58.3,HIGH,STABLE,3.1,UNUSUAL,HIGH,56.1,schedule_progress_gap_pct
618395,2026-07-01,0.9893,0.0166,58.5,HIGH,STABLE,0.2,UNUSUAL,MEDIUM,53.3,schedule_progress_gap_pct
618396,2026-04-01,0.9746,0.0398,62.0,HIGH,STABLE,0.0,ANOMALOUS,MEDIUM,54.7,schedule_progress_gap_pct
618396,2026-05-01,0.9747,0.0398,62.0,HIGH,STABLE,0.0,ANOMALOUS,MEDIUM,54.7,schedule_progress_gap_pct
618397,2026-04-01,0.9754,0.0818,63.5,HIGH,STABLE,0.0,ANOMALOUS,MEDIUM,53.2,schedule_progress_gap_pct
618397,2026-05-01,0.9756,0.0818,63.5,HIGH,STABLE,0.0,ANOMALOUS,MEDIUM,53.2,schedule_progress_gap_pct
618397,2026-06-01,0.9954,0.2134,72.3,HIGH,MODERATE_RISE,8.8,REQUIRES_VERIFICATION,HIGH,66.4,schedule_progress_gap_pct
618397,2026-07-01,0.9954,0.0829,61.0,HIGH,DE_ESCALATING,-11.3,UNUSUAL,MEDIUM,43.9,schedule_progress_gap_pct
618398,2026-04-01,0.9947,0.0472,59.7,HIGH,STABLE,0.0,UNUSUAL,MEDIUM,50.6,schedule_progress_gap_pct
618398,2026-05-01,0.9948,0.0472,59.7,HIGH,STABLE,0.0,UNUSUAL,MEDIUM,50.6,schedule_progress_gap_pct
618398,2026-06-01,0.9949,0.0889,61.2,HIGH,STABLE,1.5,UNUSUAL,MEDIUM,52.8,schedule_progress_gap_pct
618398,2026-07-01,0.9949,0.1039,61.7,HIGH,STABLE,0.5,UNUSUAL,MEDIUM,52.1,schedule_progress_gap_pct
618399,2026-04-01,0.9881,0.032,55.6,HIGH,STABLE,0.0,NORMAL,MEDIUM,53.5,schedule_progress_gap_pct
618399,2026-05-01,0.9882,0.0096,54.9,HIGH,STABLE,-0.7,NORMAL,MEDIUM,52.4,schedule_progress_gap_pct
618399,2026-06-01,0.9884,0.0234,62.0,HIGH,MODERATE_RISE,7.1,ANOMALOUS,HIGH,63.8,schedule_progress_gap_pct
618399,2026-07-01,0.9885,0.0098,54.9,HIGH,DE_ESCALATING,-7.1,NORMAL,MEDIUM,46.0,schedule_progress_gap_pct
618400,2026-04-01,0.9939,0.0231,58.9,HIGH,STABLE,0.0,UNUSUAL,MEDIUM,52.4,schedule_progress_gap_pct
618400,2026-05-01,0.9939,0.0231,58.9,HIGH,STABLE,0.0,UNUSUAL,MEDIUM,52.4,schedule_progress_gap_pct
618400,2026-06-01,0.994,0.0304,59.1,HIGH,STABLE,0.2,UNUSUAL,MEDIUM,52.7,schedule_progress_gap_pct
618400,2026-07-01,0.994,0.0234,58.9,HIGH,STABLE,-0.2,UNUSUAL,MEDIUM,52.2,schedule_progress_gap_pct
618401,2026-04-01,0.0084,0.0119,7.7,LOW,STABLE,0.0,NORMAL,MEDIUM,31.3,schedule_progress_gap_pct
618401,2026-05-01,0.0085,0.0119,8.6,LOW,STABLE,0.9,NORMAL,MEDIUM,32.6,schedule_progress_gap_pct
618401,2026-06-01,0.0085,0.0119,9.4,LOW,STABLE,0.8,NORMAL,MEDIUM,32.9,schedule_progress_gap_pct
618401,2026-07-01,0.0086,0.001,9.9,LOW,STABLE,0.5,NORMAL,MEDIUM,32.9,schedule_progress_gap_pct
618402,2026-04-01,0.9631,0.0111,45.0,MEDIUM,STABLE,0.0,NORMAL,MEDIUM,49.5,schedule_progress_gap_pct
618402,2026-05-01,0.9634,0.0053,45.6,MEDIUM,STABLE,0.6,NORMAL,MEDIUM,50.4,schedule_progress_gap_pct
618402,2026-06-01,0.9641,0.0033,46.1,MEDIUM,STABLE,0.5,NORMAL,MEDIUM,50.6,schedule_progress_gap_pct
618402,2026-07-01,0.9649,0.0033,46.7,MEDIUM,STABLE,0.6,NORMAL,MEDIUM,51.0,schedule_progress_gap_pct
618403,2026-04-01,0.0207,0.0222,5.5,LOW,STABLE,0.0,NORMAL,LOW,24.4,schedule_progress_gap_pct
618403,2026-05-01,0.0209,0.0205,6.5,LOW,STABLE,1.0,NORMAL,LOW,25.9,schedule_progress_gap_pct
618403,2026-06-01,0.0223,0.0205,6.6,LOW,STABLE,0.1,NORMAL,LOW,25.1,schedule_progress_gap_pct
618403,2026-07-01,0.0235,0.014,10.3,LOW,STABLE,3.7,UNUSUAL,MEDIUM,30.5,schedule_progress_gap_pct
618404,2026-04-01,0.0126,0.0152,5.6,LOW,STABLE,0.0,NORMAL,LOW,27.4,schedule_progress_gap_pct
618404,2026-05-01,0.0127,0.0152,6.5,LOW,STABLE,0.9,NORMAL,LOW,28.7,schedule_progress_gap_pct
618404,2026-06-01,0.0129,0.0152,7.5,LOW,STABLE,1.0,NORMAL,LOW,29.3,schedule_progress_gap_pct
618404,2026-07-01,0.0135,0.0054,14.5,LOW,MODERATE_RISE,7.0,ANOMALOUS,MEDIUM,38.8,schedule_progress_gap_pct
618405,2026-04-01,0.0162,0.0149,4.4,LOW,STABLE,0.0,NORMAL,LOW,28.0,schedule_progress_gap_pct
618405,2026-05-01,0.0164,0.0149,5.3,LOW,STABLE,0.9,NORMAL,LOW,29.4,schedule_progress_gap_pct
618405,2026-06-01,0.0165,0.0149,6.2,LOW,STABLE,0.9,NORMAL,LOW,29.8,schedule_progress_gap_pct
618405,2026-07-01,0.0172,0.0082,13.6,LOW,MODERATE_RISE,7.4,ANOMALOUS,MEDIUM,40.0,schedule_progress_gap_pct
618406,2026-04-01,0.9731,0.0582,62.6,HIGH,STABLE,0.0,ANOMALOUS,MEDIUM,53.5,schedule_progress_gap_pct
618406,2026-05-01,0.9732,0.0582,62.6,HIGH,STABLE,0.0,ANOMALOUS,MEDIUM,53.5,schedule_progress_gap_pct
618406,2026-06-01,0.9952,0.8509,94.6,CRITICAL,RAPID_ESCALATION,32.0,REQUIRES_VERIFICATION,CRITICAL_INTERVENTION,79.5,schedule_progress_gap_pct
618406,2026-07-01,0.9952,0.9476,94.6,CRITICAL,STABLE,0.0,ANOMALOUS,HIGH,69.5,schedule_progress_gap_pct
618407,2026-04-01,0.9873,0.0094,54.8,HIGH,STABLE,0.0,NORMAL,MEDIUM,48.7,schedule_progress_gap_pct
618407,2026-05-01,0.9885,0.0042,54.7,HIGH,STABLE,-0.1,NORMAL,MEDIUM,48.5,schedule_progress_gap_pct
618407,2026-06-01,0.9889,0.0198,55.2,HIGH,STABLE,0.5,NORMAL,MEDIUM,49.4,schedule_progress_gap_pct
618407,2026-07-01,0.989,0.0147,55.1,HIGH,STABLE,-0.1,NORMAL,MEDIUM,48.7,schedule_progress_gap_pct
618408,2026-04-01,0.9933,0.0192,55.4,HIGH,STABLE,0.0,NORMAL,MEDIUM,50.7,schedule_progress_gap_pct
618408,2026-05-01,0.9934,0.0138,55.2,HIGH,STABLE,-0.2,NORMAL,MEDIUM,50.4,schedule_progress_gap_pct
618408,2026-06-01,0.9939,0.0391,59.4,HIGH,STABLE,4.2,UNUSUAL,HIGH,56.9,schedule_progress_gap_pct
618408,2026-07-01,0.9941,0.0446,59.6,HIGH,STABLE,0.2,UNUSUAL,MEDIUM,53.0,schedule_progress_gap_pct
618409,2026-04-01,0.9925,0.0158,55.3,HIGH,STABLE,0.0,NORMAL,MEDIUM,50.5,schedule_progress_gap_pct
618409,2026-05-01,0.9926,0.0163,55.3,HIGH,STABLE,0.0,NORMAL,MEDIUM,50.5,schedule_progress_gap_pct
618409,2026-06-01,0.9933,0.0447,59.6,HIGH,STABLE,4.3,UNUSUAL,HIGH,56.9,schedule_progress_gap_pct
618409,2026-07-01,0.9936,0.0396,59.4,HIGH,STABLE,-0.2,UNUSUAL,MEDIUM,52.3,schedule_progress_gap_pct
618410,2026-04-01,0.9919,0.071,57.2,HIGH,STABLE,0.0,NORMAL,MEDIUM,51.6,schedule_progress_gap_pct
618410,2026-05-01,0.992,0.0601,56.8,HIGH,STABLE,-0.4,NORMAL,MEDIUM,51.0,schedule_progress_gap_pct
618410,2026-06-01,0.993,0.0747,60.6,HIGH,STABLE,3.8,UNUSUAL,HIGH,57.1,schedule_progress_gap_pct
618410,2026-07-01,0.9931,0.0652,60.3,HIGH,STABLE,-0.3,UNUSUAL,MEDIUM,52.9,schedule_progress_gap_pct
618411,2026-04-01,0.9885,0.028,55.5,HIGH,STABLE,0.0,NORMAL,MEDIUM,48.2,schedule_progress_gap_pct
618411,2026-05-01,0.9886,0.0221,55.3,HIGH,STABLE,-0.2,NORMAL,MEDIUM,47.9,schedule_progress_gap_pct
618411,2026-06-01,0.9892,0.0252,55.4,HIGH,STABLE,0.1,NORMAL,MEDIUM,48.3,schedule_progress_gap_pct
618411,2026-07-01,0.9894,0.0248,55.4,HIGH,STABLE,0.0,NORMAL,MEDIUM,48.2,schedule_progress_gap_pct
618412,2026-04-01,0.9821,0.0247,48.2,MEDIUM,STABLE,0.0,NORMAL,HIGH,57.1,schedule_progress_gap_pct
618412,2026-05-01,0.9822,0.0208,48.5,MEDIUM,STABLE,0.3,NORMAL,HIGH,57.5,schedule_progress_gap_pct
618412,2026-06-01,0.9836,0.0212,54.8,HIGH,MODERATE_RISE,6.3,ANOMALOUS,HIGH,66.7,schedule_progress_gap_pct
618412,2026-07-01,0.9837,0.0266,48.8,MEDIUM,DE_ESCALATING,-6.0,NORMAL,MEDIUM,51.4,schedule_progress_gap_pct
618413,2026-04-01,0.9907,0.0662,56.4,HIGH,STABLE,0.0,NORMAL,MEDIUM,48.3,schedule_progress_gap_pct
618413,2026-05-01,0.9907,0.0566,56.6,HIGH,STABLE,0.2,NORMAL,MEDIUM,48.6,schedule_progress_gap_pct
618413,2026-06-01,0.9911,0.07,57.1,HIGH,STABLE,0.5,NORMAL,MEDIUM,49.2,schedule_progress_gap_pct
618413,2026-07-01,0.9913,0.0201,55.4,HIGH,STABLE,-1.7,NORMAL,MEDIUM,46.1,schedule_progress_gap_pct
618414,2026-04-01,0.0422,0.0031,11.5,LOW,STABLE,0.0,NORMAL,LOW,27.2,schedule_progress_gap_pct
618414,2026-05-01,0.0424,0.0099,13.0,LOW,STABLE,1.5,NORMAL,LOW,29.5,schedule_progress_gap_pct
618414,2026-06-01,0.0429,0.0253,14.8,LOW,STABLE,1.8,NORMAL,MEDIUM,30.7,schedule_progress_gap_pct
618414,2026-07-01,0.0431,0.0302,16.3,LOW,STABLE,1.5,NORMAL,MEDIUM,31.1,schedule_progress_gap_pct
618415,2026-04-01,0.9942,0.0918,61.3,HIGH,STABLE,0.0,UNUSUAL,MEDIUM,51.0,schedule_progress_gap_pct
618415,2026-05-01,0.9943,0.0918,61.3,HIGH,STABLE,0.0,UNUSUAL,MEDIUM,51.0,schedule_progress_gap_pct
618415,2026-06-01,0.9943,0.0977,61.5,HIGH,STABLE,0.2,UNUSUAL,MEDIUM,51.3,schedule_progress_gap_pct
618415,2026-07-01,0.9943,0.0886,61.2,HIGH,STABLE,-0.3,UNUSUAL,MEDIUM,50.6,schedule_progress_gap_pct
618416,2026-04-01,0.9921,0.1105,58.6,HIGH,STABLE,0.0,NORMAL,MEDIUM,50.3,schedule_progress_gap_pct
618416,2026-05-01,0.9921,0.113,58.6,HIGH,STABLE,0.0,NORMAL,MEDIUM,50.3,schedule_progress_gap_pct
618416,2026-06-01,0.9926,0.0872,61.1,HIGH,STABLE,2.5,UNUSUAL,MEDIUM,54.0,schedule_progress_gap_pct
618416,2026-07-01,0.9927,0.081,57.5,HIGH,STABLE,-3.6,NORMAL,MEDIUM,46.1,schedule_progress_gap_pct
618417,2026-04-01,0.0099,0.0057,15.6,LOW,STABLE,0.0,NORMAL,MEDIUM,36.5,schedule_progress_gap_pct
618417,2026-05-01,0.01,0.0044,15.6,LOW,STABLE,0.0,NORMAL,MEDIUM,36.5,schedule_progress_gap_pct
618417,2026-06-01,0.0102,0.0011,15.4,LOW,STABLE,-0.2,NORMAL,MEDIUM,36.2,schedule_progress_gap_pct
618417,2026-07-01,0.0102,0.0013,15.5,LOW,STABLE,0.1,NORMAL,MEDIUM,36.6,schedule_progress_gap_pct
618418,2026-04-01,0.9906,0.027,55.6,HIGH,STABLE,0.0,NORMAL,MEDIUM,50.4,schedule_progress_gap_pct
618418,2026-05-01,0.9911,0.0213,55.4,HIGH,STABLE,-0.2,NORMAL,MEDIUM,50.1,schedule_progress_gap_pct
618418,2026-06-01,0.9915,0.0383,56.0,HIGH,STABLE,0.6,NORMAL,MEDIUM,51.2,schedule_progress_gap_pct
618418,2026-07-01,0.9916,0.0511,59.8,HIGH,STABLE,3.8,UNUSUAL,HIGH,56.3,schedule_progress_gap_pct
618419,2026-04-01,0.0208,0.0021,9.3,LOW,STABLE,0.0,NORMAL,LOW,28.8,schedule_progress_gap_pct
618419,2026-05-01,0.0211,0.0007,10.4,LOW,STABLE,1.1,NORMAL,MEDIUM,30.5,schedule_progress_gap_pct
618419,2026-06-01,0.0218,0.0015,14.8,LOW,STABLE,4.4,UNUSUAL,MEDIUM,36.0,schedule_progress_gap_pct
618419,2026-07-01,0.0222,0.0065,12.9,LOW,STABLE,-1.9,NORMAL,LOW,28.7,schedule_progress_gap_pct
618420,2026-04-01,0.0197,0.0027,10.6,LOW,STABLE,0.0,NORMAL,MEDIUM,30.2,schedule_progress_gap_pct
618420,2026-05-01,0.02,0.0013,11.7,LOW,STABLE,1.1,NORMAL,MEDIUM,31.8,schedule_progress_gap_pct
618420,2026-06-01,0.0213,0.003,15.5,LOW,STABLE,3.8,UNUSUAL,MEDIUM,36.4,schedule_progress_gap_pct
618420,2026-07-01,0.0214,0.0079,13.4,LOW,STABLE,-2.1,NORMAL,LOW,29.5,schedule_progress_gap_pct
618421,2026-04-01,0.027,0.0064,4.4,LOW,STABLE,0.0,NORMAL,LOW,26.7,schedule_progress_gap_pct
618421,2026-05-01,0.0279,0.0044,5.0,LOW,STABLE,0.6,NORMAL,LOW,27.6,schedule_progress_gap_pct
618421,2026-06-01,0.0293,0.0038,5.6,LOW,STABLE,0.6,NORMAL,LOW,27.9,schedule_progress_gap_pct
618421,2026-07-01,0.0302,0.0112,6.6,LOW,STABLE,1.0,NORMAL,LOW,28.8,schedule_progress_gap_pct
618422,2026-04-01,0.991,0.0143,49.0,MEDIUM,STABLE,0.0,NORMAL,MEDIUM,44.3,schedule_progress_gap_pct
618422,2026-05-01,0.9911,0.0247,50.6,HIGH,STABLE,1.6,NORMAL,MEDIUM,46.7,schedule_progress_gap_pct
618422,2026-06-01,0.9914,0.0133,54.7,HIGH,STABLE,4.1,UNUSUAL,MEDIUM,51.3,schedule_progress_gap_pct
618422,2026-07-01,0.9914,0.0163,52.7,HIGH,STABLE,-2.0,NORMAL,MEDIUM,44.2,schedule_progress_gap_pct
618423,2026-04-01,0.9906,0.0341,50.8,HIGH,STABLE,0.0,NORMAL,MEDIUM,46.2,schedule_progress_gap_pct
618423,2026-05-01,0.9906,0.0318,51.9,HIGH,STABLE,1.1,NORMAL,MEDIUM,47.9,schedule_progress_gap_pct
618423,2026-06-01,0.9908,0.0364,53.4,HIGH,STABLE,1.5,NORMAL,MEDIUM,49.0,schedule_progress_gap_pct
618423,2026-07-01,0.9909,0.0435,54.9,HIGH,STABLE,1.5,NORMAL,MEDIUM,49.8,schedule_progress_gap_pct
618426,2026-04-01,0.9906,0.0706,57.1,HIGH,STABLE,0.0,NORMAL,MEDIUM,50.1,schedule_progress_gap_pct
618426,2026-05-01,0.9908,0.065,56.9,HIGH,STABLE,-0.2,NORMAL,MEDIUM,49.8,schedule_progress_gap_pct
618426,2026-06-01,0.9909,0.0596,56.7,HIGH,STABLE,-0.2,NORMAL,MEDIUM,49.7,schedule_progress_gap_pct
618426,2026-07-01,0.9911,0.0323,55.8,HIGH,STABLE,-0.9,NORMAL,MEDIUM,48.5,schedule_progress_gap_pct
618427,2026-04-01,0.9938,0.0313,55.8,HIGH,STABLE,0.0,NORMAL,MEDIUM,50.0,schedule_progress_gap_pct
618427,2026-05-01,0.994,0.0313,55.9,HIGH,STABLE,0.1,NORMAL,MEDIUM,50.2,schedule_progress_gap_pct
618427,2026-06-01,0.994,0.0313,55.9,HIGH,STABLE,0.0,NORMAL,MEDIUM,50.1,schedule_progress_gap_pct
618427,2026-07-01,0.9944,0.038,56.1,HIGH,STABLE,0.2,NORMAL,MEDIUM,50.4,schedule_progress_gap_pct
618428,2026-04-01,0.9937,0.0395,56.1,HIGH,STABLE,0.0,NORMAL,MEDIUM,49.6,schedule_progress_gap_pct
618428,2026-05-01,0.9939,0.0307,55.8,HIGH,STABLE,-0.3,NORMAL,MEDIUM,49.1,schedule_progress_gap_pct
618428,2026-06-01,0.9939,0.0312,55.9,HIGH,STABLE,0.1,NORMAL,MEDIUM,49.6,schedule_progress_gap_pct
618428,2026-07-01,0.994,0.0447,56.3,HIGH,STABLE,0.4,NORMAL,MEDIUM,50.1,schedule_progress_gap_pct
618429,2026-04-01,0.9949,0.9666,91.9,CRITICAL,STABLE,0.0,UNUSUAL,HIGH,68.4,schedule_progress_gap_pct
618429,2026-05-01,0.995,0.972,92.1,CRITICAL,STABLE,0.2,UNUSUAL,HIGH,68.7,schedule_progress_gap_pct
618429,2026-06-01,0.9952,0.9751,95.5,CRITICAL,STABLE,3.4,ANOMALOUS,HIGH,73.6,schedule_progress_gap_pct
618429,2026-07-01,0.9952,0.9782,92.3,CRITICAL,STABLE,-3.2,UNUSUAL,HIGH,65.4,schedule_progress_gap_pct
618430,2026-04-01,0.9947,0.058,56.8,HIGH,STABLE,0.0,NORMAL,MEDIUM,51.4,schedule_progress_gap_pct
618430,2026-05-01,0.9947,0.053,56.6,HIGH,STABLE,-0.2,NORMAL,MEDIUM,51.1,schedule_progress_gap_pct
618430,2026-06-01,0.9949,0.0473,56.5,HIGH,STABLE,-0.1,NORMAL,MEDIUM,51.2,schedule_progress_gap_pct
618430,2026-07-01,0.9951,0.0385,59.5,HIGH,STABLE,3.0,UNUSUAL,HIGH,55.8,schedule_progress_gap_pct
618431,2026-04-01,0.9937,0.058,56.8,HIGH,STABLE,0.0,NORMAL,MEDIUM,50.3,schedule_progress_gap_pct
618431,2026-05-01,0.9938,0.058,56.8,HIGH,STABLE,0.0,NORMAL,MEDIUM,50.3,schedule_progress_gap_pct
618431,2026-06-01,0.9939,0.058,56.8,HIGH,STABLE,0.0,NORMAL,MEDIUM,50.3,schedule_progress_gap_pct
618431,2026-07-01,0.9943,0.0335,55.9,HIGH,STABLE,-0.9,NORMAL,MEDIUM,49.0,schedule_progress_gap_pct
618432,2026-04-01,0.9929,0.102,61.6,HIGH,STABLE,0.0,UNUSUAL,MEDIUM,51.8,schedule_progress_gap_pct
618432,2026-05-01,0.9929,0.102,61.6,HIGH,STABLE,0.0,UNUSUAL,MEDIUM,51.8,schedule_progress_gap_pct
618433,2026-04-01,0.9943,0.0635,60.3,HIGH,STABLE,0.0,UNUSUAL,MEDIUM,50.4,schedule_progress_gap_pct
618433,2026-05-01,0.9943,0.0635,60.3,HIGH,STABLE,0.0,UNUSUAL,MEDIUM,50.4,schedule_progress_gap_pct
618433,2026-06-01,0.9944,0.0635,60.3,HIGH,STABLE,0.0,UNUSUAL,MEDIUM,50.4,schedule_progress_gap_pct
618433,2026-07-01,0.9945,0.0444,62.9,HIGH,STABLE,2.6,ANOMALOUS,MEDIUM,54.3,schedule_progress_gap_pct
618434,2026-04-01,0.992,0.0013,54.7,HIGH,STABLE,0.0,NORMAL,HIGH,55.5,schedule_progress_gap_pct
618434,2026-05-01,0.992,0.0013,54.7,HIGH,STABLE,0.0,NORMAL,HIGH,55.5,schedule_progress_gap_pct
618434,2026-06-01,0.9923,0.0023,58.1,HIGH,STABLE,3.4,UNUSUAL,HIGH,60.6,schedule_progress_gap_pct
618434,2026-07-01,0.9932,0.0087,65.0,HIGH,MODERATE_RISE,6.9,REQUIRES_VERIFICATION,HIGH,67.5,schedule_progress_gap_pct
618435,2026-04-01,0.9961,0.0383,56.2,HIGH,STABLE,0.0,NORMAL,MEDIUM,51.0,schedule_progress_gap_pct
618435,2026-05-01,0.9961,0.0383,56.2,HIGH,STABLE,0.0,NORMAL,MEDIUM,51.0,schedule_progress_gap_pct
618435,2026-06-01,0.9962,0.0906,61.3,HIGH,MODERATE_RISE,5.1,UNUSUAL,HIGH,58.6,schedule_progress_gap_pct
618436,2026-04-01,0.9964,0.0286,59.2,HIGH,STABLE,0.0,UNUSUAL,MEDIUM,54.0,schedule_progress_gap_pct
618436,2026-05-01,0.9964,0.0275,59.1,HIGH,STABLE,-0.1,UNUSUAL,MEDIUM,53.9,schedule_progress_gap_pct
618436,2026-06-01,0.9964,0.0217,58.9,HIGH,STABLE,-0.2,UNUSUAL,MEDIUM,53.7,schedule_progress_gap_pct
618436,2026-07-01,0.9964,0.0243,59.0,HIGH,STABLE,0.1,UNUSUAL,MEDIUM,54.0,schedule_progress_gap_pct
618437,2026-04-01,0.9911,0.0469,56.3,HIGH,STABLE,0.0,NORMAL,MEDIUM,49.8,schedule_progress_gap_pct
618437,2026-05-01,0.9911,0.038,59.3,HIGH,STABLE,3.0,UNUSUAL,MEDIUM,54.3,schedule_progress_gap_pct
618437,2026-06-01,0.9912,0.038,59.3,HIGH,STABLE,0.0,UNUSUAL,MEDIUM,51.3,schedule_progress_gap_pct
618437,2026-07-01,0.9912,0.0363,59.2,HIGH,STABLE,-0.1,UNUSUAL,MEDIUM,51.2,schedule_progress_gap_pct
618438,2026-04-01,0.992,0.0451,56.3,HIGH,STABLE,0.0,NORMAL,MEDIUM,51.0,schedule_progress_gap_pct
618438,2026-05-01,0.992,0.0461,56.3,HIGH,STABLE,0.0,NORMAL,MEDIUM,51.0,schedule_progress_gap_pct
618438,2026-06-01,0.9925,0.8508,91.1,CRITICAL,RAPID_ESCALATION,34.8,ANOMALOUS,CRITICAL_INTERVENTION,78.4,schedule_progress_gap_pct
618438,2026-07-01,0.9926,0.9569,88.2,CRITICAL,STABLE,-2.9,NORMAL,HIGH,64.1,schedule_progress_gap_pct
618439,2026-06-01,0.993,0.0605,63.4,HIGH,STABLE,0.0,ANOMALOUS,HIGH,55.3,schedule_progress_gap_pct
618440,2026-06-01,0.9837,0.037,55.6,HIGH,STABLE,0.0,NORMAL,MEDIUM,48.1,schedule_progress_gap_pct
618440,2026-07-01,0.9841,0.0188,55.0,HIGH,STABLE,-0.6,NORMAL,MEDIUM,47.2,schedule_progress_gap_pct
618441,2026-06-01,0.989,0.0529,56.4,HIGH,STABLE,0.0,NORMAL,MEDIUM,51.7,schedule_progress_gap_pct
618441,2026-07-01,0.9894,0.0022,54.7,HIGH,STABLE,-1.7,NORMAL,MEDIUM,49.2,schedule_progress_gap_pct
618442,2026-06-01,0.9937,0.8925,92.6,CRITICAL,STABLE,0.0,ANOMALOUS,HIGH,68.9,schedule_progress_gap_pct
618442,2026-07-01,0.9935,0.0425,62.8,HIGH,DE_ESCALATING,-29.8,ANOMALOUS,MEDIUM,46.0,schedule_progress_gap_pct
618443,2026-06-01,0.9928,0.0649,63.6,HIGH,STABLE,0.0,ANOMALOUS,HIGH,55.1,schedule_progress_gap_pct
618444,2026-06-01,0.9933,0.9209,93.6,CRITICAL,STABLE,0.0,ANOMALOUS,HIGH,68.5,schedule_progress_gap_pct
618445,2026-04-01,0.0115,0.0364,6.4,LOW,STABLE,0.0,NORMAL,LOW,25.8,schedule_progress_gap_pct
618445,2026-05-01,0.0117,0.0364,7.1,LOW,STABLE,0.7,NORMAL,LOW,26.8,schedule_progress_gap_pct
618445,2026-06-01,0.0119,0.0364,7.9,LOW,STABLE,0.8,NORMAL,LOW,27.3,schedule_progress_gap_pct
618445,2026-07-01,0.012,0.0063,11.1,LOW,STABLE,3.2,UNUSUAL,MEDIUM,31.3,schedule_progress_gap_pct
618446,2026-04-01,0.9897,0.0784,57.3,HIGH,STABLE,0.0,NORMAL,MEDIUM,52.4,schedule_progress_gap_pct
618446,2026-05-01,0.9902,0.0862,57.6,HIGH,STABLE,0.3,NORMAL,MEDIUM,52.8,schedule_progress_gap_pct
618446,2026-06-01,0.9903,0.0729,57.2,HIGH,STABLE,-0.4,NORMAL,MEDIUM,51.9,schedule_progress_gap_pct
618446,2026-07-01,0.9908,0.0964,58.0,HIGH,STABLE,0.8,NORMAL,MEDIUM,53.5,schedule_progress_gap_pct
618447,2026-04-01,0.9908,0.0771,57.3,HIGH,STABLE,0.0,NORMAL,MEDIUM,51.7,schedule_progress_gap_pct
618447,2026-05-01,0.9911,0.0735,57.2,HIGH,STABLE,-0.1,NORMAL,MEDIUM,51.6,schedule_progress_gap_pct
618447,2026-06-01,0.9917,0.0613,56.8,HIGH,STABLE,-0.4,NORMAL,MEDIUM,51.1,schedule_progress_gap_pct
618447,2026-07-01,0.9919,0.0329,55.8,HIGH,STABLE,-1.0,NORMAL,MEDIUM,50.0,schedule_progress_gap_pct
618448,2026-04-01,0.9878,0.0459,56.1,HIGH,STABLE,0.0,NORMAL,MEDIUM,53.6,schedule_progress_gap_pct
618448,2026-05-01,0.9884,0.0446,56.1,HIGH,STABLE,0.0,NORMAL,MEDIUM,53.6,schedule_progress_gap_pct
618448,2026-06-01,0.989,0.0446,56.1,HIGH,STABLE,0.0,NORMAL,MEDIUM,53.6,schedule_progress_gap_pct
618448,2026-07-01,0.9896,0.0202,58.6,HIGH,STABLE,2.5,UNUSUAL,HIGH,57.3,schedule_progress_gap_pct
618449,2026-04-01,0.992,0.0588,56.7,HIGH,STABLE,0.0,NORMAL,MEDIUM,49.4,schedule_progress_gap_pct
618449,2026-05-01,0.9924,0.0635,56.9,HIGH,STABLE,0.2,NORMAL,MEDIUM,49.7,schedule_progress_gap_pct
618449,2026-06-01,0.9927,0.0678,57.1,HIGH,STABLE,0.2,NORMAL,MEDIUM,49.8,schedule_progress_gap_pct
618449,2026-07-01,0.993,0.9376,90.8,CRITICAL,RAPID_ESCALATION,33.7,UNUSUAL,CRITICAL_INTERVENTION,76.4,schedule_progress_gap_pct
618450,2026-04-01,0.9912,0.0375,59.3,HIGH,STABLE,0.0,UNUSUAL,MEDIUM,51.5,schedule_progress_gap_pct
618450,2026-05-01,0.9916,0.0356,59.2,HIGH,STABLE,-0.1,UNUSUAL,MEDIUM,51.4,schedule_progress_gap_pct
618450,2026-06-01,0.9916,0.0356,59.2,HIGH,STABLE,0.0,UNUSUAL,MEDIUM,51.5,schedule_progress_gap_pct
618450,2026-07-01,0.9919,0.1228,65.6,HIGH,MODERATE_RISE,6.4,ANOMALOUS,HIGH,61.1,schedule_progress_gap_pct
618452,2026-04-01,0.9617,0.0059,53.7,HIGH,STABLE,0.0,NORMAL,MEDIUM,52.2,schedule_progress_gap_pct
618452,2026-05-01,0.9619,0.0058,53.7,HIGH,STABLE,0.0,NORMAL,MEDIUM,52.2,schedule_progress_gap_pct
618452,2026-06-01,0.9622,0.0014,53.5,HIGH,STABLE,-0.2,NORMAL,MEDIUM,51.9,schedule_progress_gap_pct
618452,2026-07-01,0.9624,0.0058,53.7,HIGH,STABLE,0.2,NORMAL,MEDIUM,52.4,schedule_progress_gap_pct
618454,2026-04-01,0.9934,0.0354,59.3,HIGH,STABLE,0.0,UNUSUAL,MEDIUM,54.6,schedule_progress_gap_pct
618454,2026-05-01,0.9934,0.0354,59.3,HIGH,STABLE,0.0,UNUSUAL,MEDIUM,54.6,schedule_progress_gap_pct
618454,2026-06-01,0.9935,0.0228,58.8,HIGH,STABLE,-0.5,UNUSUAL,MEDIUM,53.8,schedule_progress_gap_pct
618454,2026-07-01,0.9935,0.0354,59.3,HIGH,STABLE,0.5,UNUSUAL,HIGH,55.1,schedule_progress_gap_pct
618455,2026-04-01,0.9943,0.0181,58.7,HIGH,STABLE,0.0,UNUSUAL,MEDIUM,54.3,schedule_progress_gap_pct
618455,2026-05-01,0.9944,0.0181,58.7,HIGH,STABLE,0.0,UNUSUAL,MEDIUM,54.3,schedule_progress_gap_pct
618455,2026-06-01,0.9944,0.0212,58.8,HIGH,STABLE,0.1,UNUSUAL,MEDIUM,54.4,schedule_progress_gap_pct
618455,2026-07-01,0.9944,0.0181,58.7,HIGH,STABLE,-0.1,UNUSUAL,MEDIUM,54.2,schedule_progress_gap_pct
618456,2026-04-01,0.9921,0.0682,57.1,HIGH,STABLE,0.0,NORMAL,HIGH,55.2,schedule_progress_gap_pct
618456,2026-05-01,0.9922,0.0684,57.1,HIGH,STABLE,0.0,NORMAL,HIGH,55.2,schedule_progress_gap_pct
618457,2026-04-01,0.9924,0.0322,55.8,HIGH,STABLE,0.0,NORMAL,HIGH,55.0,schedule_progress_gap_pct
618457,2026-05-01,0.9925,0.0238,55.5,HIGH,STABLE,-0.3,NORMAL,MEDIUM,54.5,schedule_progress_gap_pct
618457,2026-06-01,0.9933,0.0964,58.1,HIGH,STABLE,2.6,NORMAL,HIGH,58.7,schedule_progress_gap_pct
618457,2026-07-01,0.9933,0.0958,58.1,HIGH,STABLE,0.0,NORMAL,HIGH,56.1,schedule_progress_gap_pct
618458,2026-04-01,0.9913,0.0192,55.3,HIGH,STABLE,0.0,NORMAL,HIGH,56.0,schedule_progress_gap_pct
618458,2026-05-01,0.9916,0.0251,55.5,HIGH,STABLE,0.2,NORMAL,HIGH,56.3,schedule_progress_gap_pct
618458,2026-06-01,0.9925,0.0415,59.5,HIGH,STABLE,4.0,UNUSUAL,HIGH,62.1,schedule_progress_gap_pct
618458,2026-07-01,0.9929,0.0332,55.9,HIGH,STABLE,-3.6,NORMAL,MEDIUM,52.7,schedule_progress_gap_pct
618459,2026-04-01,0.9887,0.0075,58.1,HIGH,STABLE,0.0,UNUSUAL,HIGH,56.8,schedule_progress_gap_pct
618459,2026-05-01,0.9907,0.0097,55.0,HIGH,STABLE,-3.1,NORMAL,MEDIUM,52.2,schedule_progress_gap_pct
618459,2026-06-01,0.9912,0.028,55.6,HIGH,STABLE,0.6,NORMAL,HIGH,56.2,schedule_progress_gap_pct
618459,2026-07-01,0.9917,0.0116,55.1,HIGH,STABLE,-0.5,NORMAL,MEDIUM,54.8,schedule_progress_gap_pct
618460,2026-04-01,0.9928,0.0363,56.0,HIGH,STABLE,0.0,NORMAL,HIGH,55.0,schedule_progress_gap_pct
618460,2026-05-01,0.9928,0.046,56.3,HIGH,STABLE,0.3,NORMAL,HIGH,55.5,schedule_progress_gap_pct
618460,2026-06-01,0.9935,0.0411,56.2,HIGH,STABLE,-0.1,NORMAL,HIGH,55.0,schedule_progress_gap_pct
618462,2026-04-01,0.993,0.0263,55.6,HIGH,STABLE,0.0,NORMAL,HIGH,55.8,schedule_progress_gap_pct
618462,2026-05-01,0.9937,0.0263,55.7,HIGH,STABLE,0.1,NORMAL,HIGH,55.9,schedule_progress_gap_pct
618462,2026-06-01,0.994,0.0265,59.0,HIGH,STABLE,3.3,UNUSUAL,HIGH,60.8,schedule_progress_gap_pct
618462,2026-07-01,0.9941,0.0212,55.5,HIGH,STABLE,-3.5,NORMAL,MEDIUM,52.2,schedule_progress_gap_pct
618463,2026-04-01,0.9941,0.1707,64.0,HIGH,STABLE,0.0,UNUSUAL,HIGH,59.2,schedule_progress_gap_pct
618463,2026-05-01,0.9942,0.1764,64.2,HIGH,STABLE,0.2,UNUSUAL,HIGH,59.5,schedule_progress_gap_pct
618463,2026-06-01,0.9948,0.9589,95.0,CRITICAL,RAPID_ESCALATION,30.8,ANOMALOUS,CRITICAL_INTERVENTION,84.7,schedule_progress_gap_pct
618463,2026-07-01,0.9949,0.9592,91.7,CRITICAL,STABLE,-3.3,UNUSUAL,HIGH,69.8,schedule_progress_gap_pct
618464,2026-04-01,0.9932,0.969,88.6,CRITICAL,STABLE,0.0,NORMAL,HIGH,73.4,schedule_progress_gap_pct
618464,2026-05-01,0.9933,0.969,88.6,CRITICAL,STABLE,0.0,NORMAL,HIGH,73.4,schedule_progress_gap_pct
618465,2026-04-01,0.9932,0.9776,88.9,CRITICAL,STABLE,0.0,NORMAL,HIGH,72.6,schedule_progress_gap_pct
618465,2026-05-01,0.9933,0.9842,89.2,CRITICAL,STABLE,0.3,NORMAL,HIGH,73.0,schedule_progress_gap_pct
618466,2026-04-01,0.9499,0.0082,53.3,HIGH,STABLE,0.0,NORMAL,HIGH,57.6,schedule_progress_gap_pct
618466,2026-05-01,0.9502,0.0082,53.3,HIGH,STABLE,0.0,NORMAL,HIGH,57.6,schedule_progress_gap_pct
618466,2026-06-01,0.9546,0.0078,53.5,HIGH,STABLE,0.2,NORMAL,HIGH,57.9,schedule_progress_gap_pct
618467,2026-04-01,0.9659,0.0089,53.9,HIGH,STABLE,0.0,NORMAL,HIGH,56.5,schedule_progress_gap_pct
618467,2026-05-01,0.9688,0.0085,54.0,HIGH,STABLE,0.1,NORMAL,HIGH,56.7,schedule_progress_gap_pct
618467,2026-06-01,0.9717,0.0145,54.4,HIGH,STABLE,0.4,NORMAL,HIGH,57.2,schedule_progress_gap_pct
618467,2026-07-01,0.9718,0.0122,54.3,HIGH,STABLE,-0.1,NORMAL,HIGH,56.6,schedule_progress_gap_pct
618468,2026-04-01,0.9926,0.0612,56.8,HIGH,STABLE,0.0,NORMAL,HIGH,56.1,schedule_progress_gap_pct
618468,2026-05-01,0.9927,0.0606,56.8,HIGH,STABLE,0.0,NORMAL,HIGH,56.1,schedule_progress_gap_pct
618469,2026-04-01,0.9914,0.0388,56.0,HIGH,STABLE,0.0,NORMAL,HIGH,58.7,schedule_progress_gap_pct
618469,2026-05-01,0.9915,0.0322,55.8,HIGH,STABLE,-0.2,NORMAL,HIGH,58.4,schedule_progress_gap_pct
618469,2026-06-01,0.9923,0.0299,55.7,HIGH,STABLE,-0.1,NORMAL,HIGH,58.4,schedule_progress_gap_pct
618469,2026-07-01,0.9933,0.026,58.9,HIGH,STABLE,3.2,UNUSUAL,HIGH,63.3,schedule_progress_gap_pct
618470,2026-04-01,0.9906,0.0171,55.2,HIGH,STABLE,0.0,NORMAL,HIGH,56.4,schedule_progress_gap_pct
618470,2026-05-01,0.9921,0.0257,55.6,HIGH,STABLE,0.4,NORMAL,HIGH,57.0,schedule_progress_gap_pct
618470,2026-06-01,0.9929,0.01,55.1,HIGH,STABLE,-0.5,NORMAL,HIGH,55.8,schedule_progress_gap_pct
618470,2026-07-01,0.993,0.0244,55.6,HIGH,STABLE,0.5,NORMAL,HIGH,57.1,schedule_progress_gap_pct
618471,2026-04-01,0.9908,0.0168,55.2,HIGH,STABLE,0.0,NORMAL,HIGH,57.2,schedule_progress_gap_pct
618471,2026-05-01,0.9909,0.0164,55.2,HIGH,STABLE,0.0,NORMAL,HIGH,57.2,schedule_progress_gap_pct
618471,2026-06-01,0.9918,0.0164,55.2,HIGH,STABLE,0.0,NORMAL,HIGH,57.2,schedule_progress_gap_pct
618471,2026-07-01,0.9922,0.0142,55.2,HIGH,STABLE,0.0,NORMAL,HIGH,57.2,schedule_progress_gap_pct
618472,2026-04-01,0.989,0.0111,54.9,HIGH,STABLE,0.0,NORMAL,HIGH,58.6,schedule_progress_gap_pct
618472,2026-05-01,0.989,0.0107,54.9,HIGH,STABLE,0.0,NORMAL,HIGH,58.6,schedule_progress_gap_pct
618472,2026-06-01,0.9902,0.0106,55.0,HIGH,STABLE,0.1,NORMAL,HIGH,58.7,schedule_progress_gap_pct
618472,2026-07-01,0.9909,0.0304,55.7,HIGH,STABLE,0.7,NORMAL,HIGH,59.7,schedule_progress_gap_pct
618473,2026-04-01,0.9887,0.0113,53.7,HIGH,STABLE,0.0,NORMAL,HIGH,55.9,schedule_progress_gap_pct
618473,2026-05-01,0.989,0.0076,54.1,HIGH,STABLE,0.4,NORMAL,HIGH,56.5,schedule_progress_gap_pct
618473,2026-06-01,0.9901,0.008,54.9,HIGH,STABLE,0.8,NORMAL,HIGH,57.3,schedule_progress_gap_pct
618473,2026-07-01,0.991,0.009,54.7,HIGH,STABLE,-0.2,NORMAL,HIGH,56.2,schedule_progress_gap_pct
618475,2026-04-01,0.9889,0.0079,54.7,HIGH,STABLE,0.0,NORMAL,HIGH,56.9,schedule_progress_gap_pct
618475,2026-05-01,0.9891,0.0049,54.7,HIGH,STABLE,0.0,NORMAL,HIGH,56.9,schedule_progress_gap_pct
618475,2026-06-01,0.9903,0.0199,58.6,HIGH,STABLE,3.9,UNUSUAL,HIGH,62.7,schedule_progress_gap_pct
618475,2026-07-01,0.9905,0.0201,55.3,HIGH,STABLE,-3.3,NORMAL,MEDIUM,53.9,schedule_progress_gap_pct
618476,2026-04-01,0.9911,0.008,54.9,HIGH,STABLE,0.0,NORMAL,MEDIUM,54.9,schedule_progress_gap_pct
618476,2026-05-01,0.9914,0.0205,55.4,HIGH,STABLE,0.5,NORMAL,HIGH,55.6,schedule_progress_gap_pct
618476,2026-06-01,0.9923,0.0262,55.6,HIGH,STABLE,0.2,NORMAL,HIGH,55.4,schedule_progress_gap_pct
618476,2026-07-01,0.9923,0.0467,56.3,HIGH,STABLE,0.7,NORMAL,HIGH,56.3,schedule_progress_gap_pct
618477,2026-04-01,0.9904,0.0134,55.1,HIGH,STABLE,0.0,NORMAL,HIGH,55.2,schedule_progress_gap_pct
618477,2026-05-01,0.9905,0.0154,55.2,HIGH,STABLE,0.1,NORMAL,HIGH,55.3,schedule_progress_gap_pct
618477,2026-06-01,0.9915,0.0112,55.1,HIGH,STABLE,-0.1,NORMAL,HIGH,55.1,schedule_progress_gap_pct
618477,2026-07-01,0.9916,0.0159,55.2,HIGH,STABLE,0.1,NORMAL,HIGH,55.3,schedule_progress_gap_pct
618478,2026-04-01,0.9903,0.0104,55.0,HIGH,STABLE,0.0,NORMAL,MEDIUM,54.1,schedule_progress_gap_pct
618478,2026-05-01,0.9903,0.0219,55.4,HIGH,STABLE,0.4,NORMAL,MEDIUM,54.7,schedule_progress_gap_pct
618478,2026-06-01,0.9913,0.0118,55.1,HIGH,STABLE,-0.3,NORMAL,MEDIUM,53.8,schedule_progress_gap_pct
618478,2026-07-01,0.9913,0.0124,55.1,HIGH,STABLE,0.0,NORMAL,MEDIUM,54.1,schedule_progress_gap_pct
618479,2026-04-01,0.9834,0.0162,54.9,HIGH,STABLE,0.0,NORMAL,HIGH,55.2,schedule_progress_gap_pct
618479,2026-05-01,0.9838,0.0215,55.1,HIGH,STABLE,0.2,NORMAL,HIGH,55.5,schedule_progress_gap_pct
618479,2026-06-01,0.9853,0.0162,55.0,HIGH,STABLE,-0.1,NORMAL,HIGH,55.1,schedule_progress_gap_pct
618479,2026-07-01,0.9853,0.0163,55.0,HIGH,STABLE,0.0,NORMAL,HIGH,55.2,schedule_progress_gap_pct
618480,2026-04-01,0.9722,0.0444,55.4,HIGH,STABLE,0.0,NORMAL,MEDIUM,47.5,schedule_progress_gap_pct
618480,2026-05-01,0.9765,0.0162,54.6,HIGH,STABLE,-0.8,NORMAL,MEDIUM,46.3,schedule_progress_gap_pct
618480,2026-06-01,0.9795,0.0217,54.9,HIGH,STABLE,0.3,NORMAL,MEDIUM,47.6,schedule_progress_gap_pct
618480,2026-07-01,0.9796,0.0286,55.2,HIGH,STABLE,0.3,NORMAL,MEDIUM,47.7,schedule_progress_gap_pct
618481,2026-04-01,0.9865,0.001,54.5,HIGH,STABLE,0.0,NORMAL,HIGH,58.0,schedule_progress_gap_pct
618481,2026-05-01,0.9875,0.0133,55.0,HIGH,STABLE,0.5,NORMAL,HIGH,58.7,schedule_progress_gap_pct
618481,2026-06-01,0.9889,0.0104,54.9,HIGH,STABLE,-0.1,NORMAL,HIGH,58.1,schedule_progress_gap_pct
618481,2026-07-01,0.9891,0.0075,54.8,HIGH,STABLE,-0.1,NORMAL,HIGH,58.0,schedule_progress_gap_pct
618482,2026-04-01,0.9914,0.012,55.1,HIGH,STABLE,0.0,NORMAL,HIGH,56.0,schedule_progress_gap_pct
618482,2026-05-01,0.9915,0.0166,55.2,HIGH,STABLE,0.1,NORMAL,HIGH,56.1,schedule_progress_gap_pct
618482,2026-06-01,0.9928,0.0157,58.6,HIGH,STABLE,3.4,UNUSUAL,HIGH,61.1,schedule_progress_gap_pct
618482,2026-07-01,0.9928,0.0166,55.3,HIGH,STABLE,-3.3,NORMAL,MEDIUM,52.8,schedule_progress_gap_pct
618483,2026-04-01,0.9914,0.007,54.9,HIGH,STABLE,0.0,NORMAL,HIGH,55.2,schedule_progress_gap_pct
618483,2026-05-01,0.9915,0.0116,55.1,HIGH,STABLE,0.2,NORMAL,HIGH,55.5,schedule_progress_gap_pct
618483,2026-06-01,0.9925,0.0064,54.9,HIGH,STABLE,-0.2,NORMAL,HIGH,55.0,schedule_progress_gap_pct
618483,2026-07-01,0.9926,0.0127,55.1,HIGH,STABLE,0.2,NORMAL,HIGH,55.5,schedule_progress_gap_pct
618484,2026-04-01,0.986,0.0428,55.9,HIGH,STABLE,0.0,NORMAL,HIGH,55.8,schedule_progress_gap_pct
618484,2026-05-01,0.9861,0.0428,55.9,HIGH,STABLE,0.0,NORMAL,HIGH,55.8,schedule_progress_gap_pct
618485,2026-04-01,0.9856,0.0378,55.7,HIGH,STABLE,0.0,NORMAL,HIGH,55.0,schedule_progress_gap_pct
618485,2026-05-01,0.9857,0.0378,55.7,HIGH,STABLE,0.0,NORMAL,HIGH,55.0,schedule_progress_gap_pct
618486,2026-04-01,0.9903,0.0175,55.2,HIGH,STABLE,0.0,NORMAL,HIGH,55.8,schedule_progress_gap_pct
618486,2026-05-01,0.9905,0.0223,55.4,HIGH,STABLE,0.2,NORMAL,HIGH,56.1,schedule_progress_gap_pct
618486,2026-06-01,0.9919,0.0177,58.6,HIGH,STABLE,3.2,UNUSUAL,HIGH,60.7,schedule_progress_gap_pct
618486,2026-07-01,0.9921,0.0167,55.3,HIGH,STABLE,-3.3,NORMAL,MEDIUM,52.5,schedule_progress_gap_pct
618487,2026-04-01,0.9906,0.0194,55.3,HIGH,STABLE,0.0,NORMAL,HIGH,55.9,schedule_progress_gap_pct
618487,2026-05-01,0.9906,0.0288,55.6,HIGH,STABLE,0.3,NORMAL,HIGH,56.3,schedule_progress_gap_pct
618488,2026-06-01,0.9771,0.0421,55.6,HIGH,STABLE,0.0,NORMAL,HIGH,56.3,schedule_progress_gap_pct
618489,2026-04-01,0.9878,0.0115,54.9,HIGH,STABLE,0.0,NORMAL,HIGH,55.8,schedule_progress_gap_pct
618489,2026-05-01,0.9879,0.0205,58.5,HIGH,STABLE,3.6,UNUSUAL,HIGH,61.2,schedule_progress_gap_pct
618489,2026-06-01,0.9897,0.8853,95.6,CRITICAL,RAPID_ESCALATION,37.1,REQUIRES_VERIFICATION,CRITICAL_INTERVENTION,86.2,schedule_progress_gap_pct
618489,2026-07-01,0.9898,0.9656,88.4,CRITICAL,DE_ESCALATING,-7.2,NORMAL,HIGH,65.4,schedule_progress_gap_pct
618490,2026-04-01,0.9829,0.0193,55.0,HIGH,STABLE,0.0,NORMAL,HIGH,56.5,schedule_progress_gap_pct
618490,2026-05-01,0.983,0.0238,55.2,HIGH,STABLE,0.2,NORMAL,HIGH,56.8,schedule_progress_gap_pct
618490,2026-06-01,0.9864,0.0429,59.3,HIGH,STABLE,4.1,UNUSUAL,HIGH,62.7,schedule_progress_gap_pct
618491,2026-06-01,0.9815,0.0422,55.7,HIGH,STABLE,0.0,NORMAL,HIGH,56.8,schedule_progress_gap_pct
618492,2026-04-01,0.968,0.0027,53.8,HIGH,STABLE,0.0,NORMAL,HIGH,55.1,schedule_progress_gap_pct
618492,2026-05-01,0.9682,0.0027,53.8,HIGH,STABLE,0.0,NORMAL,HIGH,55.1,schedule_progress_gap_pct
618492,2026-06-01,0.9676,0.0009,57.0,HIGH,STABLE,3.2,ANOMALOUS,HIGH,59.9,schedule_progress_gap_pct
618492,2026-07-01,0.9678,0.0009,51.6,HIGH,DE_ESCALATING,-5.4,NORMAL,MEDIUM,48.6,schedule_progress_gap_pct
618493,2026-04-01,0.9701,0.0057,54.0,HIGH,STABLE,0.0,NORMAL,HIGH,55.9,schedule_progress_gap_pct
618493,2026-05-01,0.9707,0.0004,53.8,HIGH,STABLE,-0.2,NORMAL,HIGH,55.6,schedule_progress_gap_pct
618493,2026-06-01,0.9742,0.0026,57.4,HIGH,STABLE,3.6,UNUSUAL,HIGH,61.2,schedule_progress_gap_pct
618493,2026-07-01,0.9749,0.0003,54.0,HIGH,STABLE,-3.4,NORMAL,MEDIUM,52.5,schedule_progress_gap_pct
618494,2026-04-01,0.9895,0.0021,54.7,HIGH,STABLE,0.0,NORMAL,HIGH,57.1,schedule_progress_gap_pct
618494,2026-05-01,0.9896,0.0125,55.0,HIGH,STABLE,0.3,NORMAL,HIGH,57.5,schedule_progress_gap_pct
618494,2026-06-01,0.9908,0.0192,61.9,HIGH,MODERATE_RISE,6.9,ANOMALOUS,HIGH,67.6,schedule_progress_gap_pct
618494,2026-07-01,0.9909,0.0251,55.5,HIGH,DE_ESCALATING,-6.4,NORMAL,MEDIUM,51.1,schedule_progress_gap_pct
618495,2026-04-01,0.9812,0.0007,54.3,HIGH,STABLE,0.0,NORMAL,HIGH,57.1,schedule_progress_gap_pct
618495,2026-05-01,0.9826,0.0006,54.3,HIGH,STABLE,0.0,NORMAL,HIGH,57.1,schedule_progress_gap_pct
618495,2026-06-01,0.9848,0.0028,57.8,HIGH,STABLE,3.5,UNUSUAL,HIGH,62.4,schedule_progress_gap_pct
618495,2026-07-01,0.9853,0.0028,54.5,HIGH,STABLE,-3.3,NORMAL,MEDIUM,53.9,schedule_progress_gap_pct
618496,2026-04-01,0.9903,0.0053,54.8,HIGH,STABLE,0.0,NORMAL,HIGH,55.7,schedule_progress_gap_pct
618496,2026-05-01,0.9904,0.0057,54.8,HIGH,STABLE,0.0,NORMAL,HIGH,55.7,schedule_progress_gap_pct
618496,2026-06-01,0.9913,0.0053,54.8,HIGH,STABLE,0.0,NORMAL,HIGH,55.7,schedule_progress_gap_pct
618496,2026-07-01,0.9914,0.0113,55.0,HIGH,STABLE,0.2,NORMAL,HIGH,56.0,schedule_progress_gap_pct
618497,2026-04-01,0.9831,0.002,54.4,HIGH,STABLE,0.0,NORMAL,MEDIUM,53.3,schedule_progress_gap_pct
618497,2026-05-01,0.9845,0.0021,54.5,HIGH,STABLE,0.1,NORMAL,MEDIUM,53.5,schedule_progress_gap_pct
618497,2026-06-01,0.9862,0.0019,54.5,HIGH,STABLE,0.0,NORMAL,MEDIUM,53.4,schedule_progress_gap_pct
618497,2026-07-01,0.9867,0.0042,54.6,HIGH,STABLE,0.1,NORMAL,MEDIUM,53.7,schedule_progress_gap_pct
618498,2026-04-01,0.9905,0.0169,51.3,HIGH,STABLE,0.0,NORMAL,HIGH,55.1,schedule_progress_gap_pct
618498,2026-05-01,0.9905,0.0167,52.3,HIGH,STABLE,1.0,NORMAL,HIGH,56.6,schedule_progress_gap_pct
618499,2026-04-01,0.9894,0.0114,51.1,HIGH,STABLE,0.0,NORMAL,MEDIUM,54.2,schedule_progress_gap_pct
618499,2026-05-01,0.9896,0.0114,52.1,HIGH,STABLE,1.0,NORMAL,HIGH,55.7,schedule_progress_gap_pct
618499,2026-06-01,0.9913,0.0103,51.4,HIGH,STABLE,-0.7,NORMAL,MEDIUM,53.6,schedule_progress_gap_pct
618499,2026-07-01,0.9914,0.0178,52.7,HIGH,STABLE,1.3,NORMAL,HIGH,56.3,schedule_progress_gap_pct
618500,2026-04-01,0.9894,0.0144,55.1,HIGH,STABLE,0.0,NORMAL,MEDIUM,54.0,schedule_progress_gap_pct
618500,2026-05-01,0.9895,0.0235,55.4,HIGH,STABLE,0.3,NORMAL,MEDIUM,54.5,schedule_progress_gap_pct
618500,2026-06-01,0.9908,0.0274,55.6,HIGH,STABLE,0.2,NORMAL,MEDIUM,54.5,schedule_progress_gap_pct
618500,2026-07-01,0.9909,0.0199,55.3,HIGH,STABLE,-0.3,NORMAL,MEDIUM,53.8,schedule_progress_gap_pct
618501,2026-04-01,0.9926,0.0352,55.9,HIGH,STABLE,0.0,NORMAL,HIGH,55.1,schedule_progress_gap_pct
618501,2026-05-01,0.9927,0.0426,56.2,HIGH,STABLE,0.3,NORMAL,HIGH,55.5,schedule_progress_gap_pct
618502,2026-04-01,0.9928,0.1641,60.5,HIGH,STABLE,0.0,NORMAL,HIGH,57.7,schedule_progress_gap_pct
618502,2026-05-01,0.993,0.9001,86.2,CRITICAL,RAPID_ESCALATION,25.7,NORMAL,CRITICAL_INTERVENTION,80.5,schedule_progress_gap_pct
618503,2026-04-01,0.9933,0.1355,59.5,HIGH,STABLE,0.0,NORMAL,HIGH,56.1,schedule_progress_gap_pct
618503,2026-05-01,0.9934,0.2602,63.8,HIGH,STABLE,4.3,NORMAL,HIGH,62.5,schedule_progress_gap_pct
618503,2026-06-01,0.9942,0.9386,87.6,CRITICAL,RAPID_ESCALATION,23.8,NORMAL,CRITICAL_INTERVENTION,80.1,schedule_progress_gap_pct
618503,2026-07-01,0.9942,0.9496,88.0,CRITICAL,STABLE,0.4,NORMAL,HIGH,70.7,schedule_progress_gap_pct
618504,2026-04-01,0.9928,0.9269,87.2,CRITICAL,STABLE,0.0,NORMAL,HIGH,70.4,schedule_progress_gap_pct
618504,2026-05-01,0.9929,0.9296,87.3,CRITICAL,STABLE,0.1,NORMAL,HIGH,70.6,schedule_progress_gap_pct
618504,2026-06-01,0.9936,0.9266,87.2,CRITICAL,STABLE,-0.1,NORMAL,HIGH,70.3,schedule_progress_gap_pct
618504,2026-07-01,0.9937,0.9341,87.4,CRITICAL,STABLE,0.2,NORMAL,HIGH,70.7,schedule_progress_gap_pct
618505,2026-04-01,0.9894,0.0061,54.8,HIGH,STABLE,0.0,NORMAL,MEDIUM,50.5,schedule_progress_gap_pct
618505,2026-05-01,0.9897,0.0106,55.0,HIGH,STABLE,0.2,NORMAL,MEDIUM,50.8,schedule_progress_gap_pct
618505,2026-06-01,0.9907,0.006,54.8,HIGH,STABLE,-0.2,NORMAL,MEDIUM,50.3,schedule_progress_gap_pct
618505,2026-07-01,0.9908,0.006,54.8,HIGH,STABLE,0.0,NORMAL,MEDIUM,50.5,schedule_progress_gap_pct
618506,2026-04-01,0.0157,0.0022,1.0,LOW,STABLE,0.0,NORMAL,LOW,23.5,schedule_progress_gap_pct
618506,2026-05-01,0.0171,0.0022,0.8,LOW,STABLE,-0.2,NORMAL,LOW,23.2,schedule_progress_gap_pct
618506,2026-06-01,0.0203,0.0022,0.9,LOW,STABLE,0.1,NORMAL,LOW,23.6,schedule_progress_gap_pct
618506,2026-07-01,0.022,0.0023,1.0,LOW,STABLE,0.1,NORMAL,LOW,23.6,schedule_progress_gap_pct
618507,2026-04-01,0.9896,0.8967,86.0,CRITICAL,STABLE,0.0,NORMAL,HIGH,66.5,schedule_progress_gap_pct
618507,2026-05-01,0.9905,0.9123,86.6,CRITICAL,STABLE,0.6,NORMAL,HIGH,67.4,schedule_progress_gap_pct
618507,2026-06-01,0.9917,0.8905,85.8,CRITICAL,STABLE,-0.8,NORMAL,HIGH,65.6,schedule_progress_gap_pct
618507,2026-07-01,0.9918,0.9012,86.2,CRITICAL,STABLE,0.4,NORMAL,HIGH,67.0,schedule_progress_gap_pct
618508,2026-04-01,0.0182,0.0221,9.6,LOW,STABLE,0.0,UNUSUAL,MEDIUM,30.7,schedule_progress_gap_pct
618508,2026-05-01,0.9782,0.0238,45.5,MEDIUM,RAPID_ESCALATION,35.9,NORMAL,HIGH,58.6,schedule_progress_gap_pct
618508,2026-06-01,0.9804,0.0312,46.9,MEDIUM,STABLE,1.4,NORMAL,MEDIUM,50.7,schedule_progress_gap_pct
618508,2026-07-01,0.9806,0.0241,47.9,MEDIUM,STABLE,1.0,NORMAL,MEDIUM,50.8,schedule_progress_gap_pct
618509,2026-04-01,0.9921,0.0094,55.0,HIGH,STABLE,0.0,NORMAL,HIGH,56.3,schedule_progress_gap_pct
618509,2026-05-01,0.9922,0.0148,55.2,HIGH,STABLE,0.2,NORMAL,HIGH,56.6,schedule_progress_gap_pct
618509,2026-06-01,0.9929,0.0312,55.8,HIGH,STABLE,0.6,NORMAL,HIGH,57.3,schedule_progress_gap_pct
618509,2026-07-01,0.993,0.0213,55.5,HIGH,STABLE,-0.3,NORMAL,HIGH,56.3,schedule_progress_gap_pct
618511,2026-04-01,0.9716,0.002,53.9,HIGH,STABLE,0.0,NORMAL,MEDIUM,51.4,schedule_progress_gap_pct
618511,2026-05-01,0.9734,0.0019,54.0,HIGH,STABLE,0.1,NORMAL,MEDIUM,51.5,schedule_progress_gap_pct
618511,2026-06-01,0.0158,0.0041,8.9,LOW,DE_ESCALATING,-45.1,NORMAL,LOW,20.9,schedule_progress_gap_pct
618511,2026-07-01,0.0162,0.0057,9.9,LOW,STABLE,1.0,NORMAL,MEDIUM,30.4,schedule_progress_gap_pct
618512,2026-04-01,0.9939,0.0376,56.1,HIGH,STABLE,0.0,NORMAL,MEDIUM,53.9,schedule_progress_gap_pct
618512,2026-05-01,0.994,0.0341,56.0,HIGH,STABLE,-0.1,NORMAL,MEDIUM,53.8,schedule_progress_gap_pct
618512,2026-06-01,0.9948,0.0524,63.2,HIGH,MODERATE_RISE,7.2,ANOMALOUS,HIGH,64.7,schedule_progress_gap_pct
618512,2026-07-01,0.9948,0.0426,59.6,HIGH,STABLE,-3.6,UNUSUAL,MEDIUM,52.1,schedule_progress_gap_pct
618513,2026-04-01,0.9837,0.0324,55.5,HIGH,STABLE,0.0,NORMAL,HIGH,56.6,schedule_progress_gap_pct
618513,2026-05-01,0.9827,0.0178,54.9,HIGH,STABLE,-0.6,NORMAL,HIGH,55.7,schedule_progress_gap_pct
618513,2026-06-01,0.9843,0.0178,55.0,HIGH,STABLE,0.1,NORMAL,HIGH,56.4,schedule_progress_gap_pct
618513,2026-07-01,0.9856,0.0276,55.4,HIGH,STABLE,0.4,NORMAL,HIGH,56.9,schedule_progress_gap_pct
618514,2026-04-01,0.9875,0.0153,55.0,HIGH,STABLE,0.0,NORMAL,HIGH,56.7,schedule_progress_gap_pct
618514,2026-05-01,0.9876,0.0154,55.0,HIGH,STABLE,0.0,NORMAL,HIGH,56.7,schedule_progress_gap_pct
618514,2026-06-01,0.9887,0.0154,55.1,HIGH,STABLE,0.1,NORMAL,HIGH,56.8,schedule_progress_gap_pct
618514,2026-07-01,0.9911,0.0152,55.2,HIGH,STABLE,0.1,NORMAL,HIGH,56.9,schedule_progress_gap_pct
618515,2026-04-01,0.9898,0.0264,52.5,HIGH,STABLE,0.0,NORMAL,MEDIUM,53.8,schedule_progress_gap_pct
618515,2026-05-01,0.99,0.0265,53.5,HIGH,STABLE,1.0,NORMAL,HIGH,55.3,schedule_progress_gap_pct
618516,2026-04-01,0.9878,0.0381,55.8,HIGH,STABLE,0.0,NORMAL,HIGH,55.3,schedule_progress_gap_pct
618516,2026-05-01,0.988,0.0406,55.9,HIGH,STABLE,0.1,NORMAL,HIGH,55.4,schedule_progress_gap_pct
618516,2026-06-01,0.9896,0.0259,55.5,HIGH,STABLE,-0.4,NORMAL,MEDIUM,54.7,schedule_progress_gap_pct
618516,2026-07-01,0.9897,0.0293,55.6,HIGH,STABLE,0.1,NORMAL,HIGH,55.3,schedule_progress_gap_pct
618517,2026-04-01,0.988,0.0044,51.8,HIGH,STABLE,0.0,NORMAL,MEDIUM,52.6,schedule_progress_gap_pct
618517,2026-05-01,0.9882,0.0069,52.7,HIGH,STABLE,0.9,NORMAL,MEDIUM,53.9,schedule_progress_gap_pct
618517,2026-06-01,0.9897,0.0061,53.8,HIGH,STABLE,1.1,NORMAL,MEDIUM,54.7,schedule_progress_gap_pct
618517,2026-07-01,0.9897,0.0027,54.7,HIGH,STABLE,0.9,NORMAL,MEDIUM,54.9,schedule_progress_gap_pct
618518,2026-04-01,0.9951,0.0079,58.4,HIGH,STABLE,0.0,UNUSUAL,HIGH,56.7,schedule_progress_gap_pct
618518,2026-05-01,0.9952,0.0079,55.1,HIGH,STABLE,-3.3,NORMAL,MEDIUM,51.8,schedule_progress_gap_pct
618518,2026-06-01,0.9959,0.0144,61.9,HIGH,MODERATE_RISE,6.8,ANOMALOUS,HIGH,65.3,schedule_progress_gap_pct
618518,2026-07-01,0.996,0.0121,55.3,HIGH,DE_ESCALATING,-6.6,NORMAL,MEDIUM,48.6,schedule_progress_gap_pct
618519,2026-04-01,0.9853,0.0064,54.6,HIGH,STABLE,0.0,NORMAL,MEDIUM,54.3,schedule_progress_gap_pct
618519,2026-05-01,0.9881,0.0216,55.3,HIGH,STABLE,0.7,NORMAL,HIGH,55.4,schedule_progress_gap_pct
618519,2026-06-01,0.9896,0.0048,54.8,HIGH,STABLE,-0.5,NORMAL,MEDIUM,53.9,schedule_progress_gap_pct
618519,2026-07-01,0.99,0.008,54.9,HIGH,STABLE,0.1,NORMAL,MEDIUM,54.6,schedule_progress_gap_pct
618520,2026-04-01,0.9932,0.0097,55.1,HIGH,STABLE,0.0,NORMAL,HIGH,55.0,schedule_progress_gap_pct
618520,2026-05-01,0.9932,0.0073,55.0,HIGH,STABLE,-0.1,NORMAL,MEDIUM,54.9,schedule_progress_gap_pct
618520,2026-06-01,0.994,0.0122,58.5,HIGH,STABLE,3.5,UNUSUAL,HIGH,60.2,schedule_progress_gap_pct
618520,2026-07-01,0.9942,0.0733,57.3,HIGH,STABLE,-1.2,NORMAL,MEDIUM,54.9,schedule_progress_gap_pct
618521,2026-04-01,0.9941,0.0154,58.6,HIGH,STABLE,0.0,UNUSUAL,MEDIUM,54.6,schedule_progress_gap_pct
618521,2026-05-01,0.9942,0.0119,58.5,HIGH,STABLE,-0.1,UNUSUAL,MEDIUM,54.4,schedule_progress_gap_pct
618521,2026-06-01,0.9949,0.0177,62.0,HIGH,STABLE,3.5,ANOMALOUS,HIGH,59.8,schedule_progress_gap_pct
618521,2026-07-01,0.9949,0.0111,58.5,HIGH,STABLE,-3.5,UNUSUAL,MEDIUM,51.0,schedule_progress_gap_pct
618522,2026-04-01,0.9707,0.0005,50.9,HIGH,STABLE,0.0,NORMAL,MEDIUM,48.5,schedule_progress_gap_pct
618522,2026-05-01,0.9726,0.0066,51.4,HIGH,STABLE,0.5,NORMAL,MEDIUM,49.3,schedule_progress_gap_pct
618522,2026-06-01,0.9757,0.0022,52.4,HIGH,STABLE,1.0,NORMAL,MEDIUM,50.3,schedule_progress_gap_pct
618522,2026-07-01,0.9764,0.001,53.3,HIGH,STABLE,0.9,NORMAL,MEDIUM,50.6,schedule_progress_gap_pct
618523,2026-04-01,0.9936,0.0185,55.4,HIGH,STABLE,0.0,NORMAL,MEDIUM,53.3,schedule_progress_gap_pct
618523,2026-05-01,0.9937,0.0191,55.4,HIGH,STABLE,0.0,NORMAL,MEDIUM,53.3,schedule_progress_gap_pct
618523,2026-06-01,0.9944,0.1261,62.5,HIGH,MODERATE_RISE,7.1,UNUSUAL,HIGH,64.0,schedule_progress_gap_pct
618523,2026-07-01,0.9944,0.0972,58.2,HIGH,STABLE,-4.3,NORMAL,MEDIUM,50.4,schedule_progress_gap_pct
618524,2026-04-01,0.0155,0.002,6.6,LOW,STABLE,0.0,NORMAL,LOW,24.7,schedule_progress_gap_pct
618524,2026-05-01,0.9738,0.0067,46.3,MEDIUM,RAPID_ESCALATION,39.7,NORMAL,MEDIUM,54.6,schedule_progress_gap_pct
618524,2026-06-01,0.9766,0.0034,47.3,MEDIUM,STABLE,1.0,NORMAL,MEDIUM,46.1,schedule_progress_gap_pct
618524,2026-07-01,0.9778,0.0034,47.5,MEDIUM,STABLE,0.2,NORMAL,MEDIUM,45.4,schedule_progress_gap_pct
618525,2026-04-01,0.0103,0.0009,5.3,LOW,STABLE,0.0,NORMAL,LOW,24.9,schedule_progress_gap_pct
618525,2026-05-01,0.0104,0.0012,6.5,LOW,STABLE,1.2,NORMAL,LOW,26.7,schedule_progress_gap_pct
618525,2026-06-01,0.0132,0.002,4.9,LOW,STABLE,-1.6,NORMAL,LOW,23.1,schedule_progress_gap_pct
618525,2026-07-01,0.0133,0.0055,6.3,LOW,STABLE,1.4,NORMAL,LOW,26.8,schedule_progress_gap_pct
618526,2026-04-01,0.9945,0.0652,60.4,HIGH,STABLE,0.0,UNUSUAL,HIGH,55.0,schedule_progress_gap_pct
618526,2026-05-01,0.9946,0.0575,60.1,HIGH,STABLE,-0.3,UNUSUAL,MEDIUM,54.5,schedule_progress_gap_pct
618526,2026-06-01,0.9952,0.1563,66.9,HIGH,MODERATE_RISE,6.8,ANOMALOUS,HIGH,65.0,schedule_progress_gap_pct
618526,2026-07-01,0.9952,0.1181,65.5,HIGH,STABLE,-1.4,ANOMALOUS,HIGH,56.1,schedule_progress_gap_pct
618527,2026-04-01,0.9924,0.0451,56.3,HIGH,STABLE,0.0,NORMAL,HIGH,55.0,schedule_progress_gap_pct
618527,2026-05-01,0.9925,0.0419,56.2,HIGH,STABLE,-0.1,NORMAL,MEDIUM,54.8,schedule_progress_gap_pct
618529,2026-04-01,0.9938,0.024,55.6,HIGH,STABLE,0.0,NORMAL,HIGH,56.4,schedule_progress_gap_pct
618529,2026-05-01,0.9939,0.0352,56.0,HIGH,STABLE,0.4,NORMAL,HIGH,57.0,schedule_progress_gap_pct
618529,2026-06-01,0.995,0.0243,65.7,HIGH,MODERATE_RISE,9.7,REQUIRES_VERIFICATION,HIGH,71.2,schedule_progress_gap_pct
618529,2026-07-01,0.9951,0.0055,55.0,HIGH,DE_ESCALATING,-10.7,NORMAL,MEDIUM,48.1,schedule_progress_gap_pct
618530,2026-04-01,0.9972,0.0166,65.5,HIGH,STABLE,0.0,REQUIRES_VERIFICATION,HIGH,63.1,schedule_progress_gap_pct
618530,2026-05-01,0.9974,0.0269,65.8,HIGH,STABLE,0.3,REQUIRES_VERIFICATION,HIGH,63.6,schedule_progress_gap_pct
618530,2026-06-01,0.9981,0.0211,65.7,HIGH,STABLE,-0.1,REQUIRES_VERIFICATION,HIGH,63.1,schedule_progress_gap_pct
618530,2026-07-01,0.9981,0.0268,65.9,HIGH,STABLE,0.2,REQUIRES_VERIFICATION,HIGH,63.5,schedule_progress_gap_pct
618531,2026-04-01,0.01,0.0007,14.1,LOW,STABLE,0.0,NORMAL,MEDIUM,33.5,schedule_progress_gap_pct
618531,2026-05-01,0.0105,0.0007,14.5,LOW,STABLE,0.4,NORMAL,MEDIUM,34.1,schedule_progress_gap_pct
618531,2026-06-01,0.0133,0.0007,13.1,LOW,STABLE,-1.4,NORMAL,MEDIUM,31.6,schedule_progress_gap_pct
618531,2026-07-01,0.0143,0.0034,13.0,LOW,STABLE,-0.1,NORMAL,MEDIUM,32.8,schedule_progress_gap_pct
618532,2026-04-01,0.9902,0.0148,55.1,HIGH,STABLE,0.0,NORMAL,HIGH,55.9,schedule_progress_gap_pct
618532,2026-05-01,0.9903,0.0118,55.0,HIGH,STABLE,-0.1,NORMAL,HIGH,55.7,schedule_progress_gap_pct
618533,2026-04-01,0.9963,0.0412,66.3,HIGH,STABLE,0.0,REQUIRES_VERIFICATION,HIGH,60.9,schedule_progress_gap_pct
618533,2026-05-01,0.9964,0.0412,66.3,HIGH,STABLE,0.0,REQUIRES_VERIFICATION,HIGH,60.9,schedule_progress_gap_pct
618533,2026-06-01,0.9973,0.7959,92.7,CRITICAL,RAPID_ESCALATION,26.4,REQUIRES_VERIFICATION,CRITICAL_INTERVENTION,84.1,schedule_progress_gap_pct
618533,2026-07-01,0.9973,0.9562,95.0,CRITICAL,STABLE,2.3,ANOMALOUS,CRITICAL_INTERVENTION,77.6,schedule_progress_gap_pct
618534,2026-05-01,0.0082,0.0021,3.3,LOW,STABLE,0.0,NORMAL,LOW,25.2,schedule_progress_gap_pct
618534,2026-06-01,0.0091,0.0022,4.4,LOW,STABLE,1.1,NORMAL,LOW,26.9,schedule_progress_gap_pct
618534,2026-07-01,0.0091,0.0021,5.4,LOW,STABLE,1.0,NORMAL,LOW,27.3,schedule_progress_gap_pct
618535,2026-04-01,0.0098,0.0007,3.9,LOW,STABLE,0.0,NORMAL,LOW,26.8,schedule_progress_gap_pct
618535,2026-05-01,0.0103,0.0007,4.0,LOW,STABLE,0.1,NORMAL,LOW,27.0,schedule_progress_gap_pct
618535,2026-06-01,0.0116,0.0007,4.6,LOW,STABLE,0.6,NORMAL,LOW,27.8,schedule_progress_gap_pct
618535,2026-07-01,0.0123,0.0008,4.5,LOW,STABLE,-0.1,NORMAL,LOW,27.0,schedule_progress_gap_pct
618536,2026-04-01,0.0135,0.0055,6.9,LOW,STABLE,0.0,NORMAL,MEDIUM,31.3,schedule_progress_gap_pct
618536,2026-05-01,0.0139,0.0081,7.4,LOW,STABLE,0.5,NORMAL,MEDIUM,32.1,schedule_progress_gap_pct
618536,2026-06-01,0.016,0.0056,7.5,LOW,STABLE,0.1,NORMAL,MEDIUM,31.7,schedule_progress_gap_pct
618536,2026-07-01,0.0165,0.0056,8.1,LOW,STABLE,0.6,NORMAL,MEDIUM,32.5,schedule_progress_gap_pct
618537,2026-04-01,0.0202,0.0101,12.4,LOW,STABLE,0.0,NORMAL,MEDIUM,34.4,schedule_progress_gap_pct
618537,2026-05-01,0.981,0.0122,51.3,HIGH,RAPID_ESCALATION,38.9,NORMAL,HIGH,63.8,schedule_progress_gap_pct
618537,2026-06-01,0.9836,0.0067,51.2,HIGH,STABLE,-0.1,NORMAL,MEDIUM,53.7,schedule_progress_gap_pct
618537,2026-07-01,0.9839,0.0067,51.9,HIGH,STABLE,0.7,NORMAL,MEDIUM,54.8,schedule_progress_gap_pct
618538,2026-04-01,0.0115,0.0055,8.8,LOW,STABLE,0.0,NORMAL,MEDIUM,32.7,schedule_progress_gap_pct
618538,2026-05-01,0.0125,0.0056,8.2,LOW,STABLE,-0.6,NORMAL,MEDIUM,31.8,schedule_progress_gap_pct
618538,2026-06-01,0.0148,0.0056,7.9,LOW,STABLE,-0.3,NORMAL,MEDIUM,31.9,schedule_progress_gap_pct
618538,2026-07-01,0.0153,0.0056,8.4,LOW,STABLE,0.5,NORMAL,MEDIUM,33.0,schedule_progress_gap_pct
618539,2026-04-01,0.0107,0.0024,9.4,LOW,STABLE,0.0,NORMAL,MEDIUM,31.2,schedule_progress_gap_pct
618539,2026-05-01,0.0109,0.0024,10.2,LOW,STABLE,0.8,NORMAL,MEDIUM,32.4,schedule_progress_gap_pct
618539,2026-06-01,0.0125,0.0024,10.4,LOW,STABLE,0.2,NORMAL,MEDIUM,31.9,schedule_progress_gap_pct
618539,2026-07-01,0.0131,0.003,10.5,LOW,STABLE,0.1,NORMAL,MEDIUM,31.9,schedule_progress_gap_pct
618540,2026-04-01,0.9752,0.0629,44.5,MEDIUM,STABLE,0.0,UNUSUAL,MEDIUM,48.8,schedule_progress_gap_pct
618540,2026-05-01,0.9763,0.063,41.3,MEDIUM,STABLE,-3.2,NORMAL,MEDIUM,44.0,schedule_progress_gap_pct
618540,2026-06-01,0.9796,0.063,41.4,MEDIUM,STABLE,0.1,NORMAL,MEDIUM,47.3,schedule_progress_gap_pct
618540,2026-07-01,0.9799,0.063,41.4,MEDIUM,STABLE,0.0,NORMAL,MEDIUM,47.2,schedule_progress_gap_pct
618541,2026-04-01,0.9897,0.0356,55.8,HIGH,STABLE,0.0,NORMAL,HIGH,57.9,schedule_progress_gap_pct
618541,2026-05-01,0.99,0.0338,55.8,HIGH,STABLE,0.0,NORMAL,HIGH,57.9,schedule_progress_gap_pct
618541,2026-06-01,0.9911,0.0207,55.4,HIGH,STABLE,-0.4,NORMAL,HIGH,57.3,schedule_progress_gap_pct
618541,2026-07-01,0.9912,0.0341,55.8,HIGH,STABLE,0.4,NORMAL,HIGH,58.3,schedule_progress_gap_pct
618542,2026-05-01,0.0076,0.0119,0.7,LOW,STABLE,0.0,NORMAL,LOW,25.9,schedule_progress_gap_pct
618542,2026-06-01,0.0086,0.0093,5.2,LOW,STABLE,4.5,UNUSUAL,MEDIUM,32.7,schedule_progress_gap_pct
618542,2026-07-01,0.0087,0.0214,10.2,LOW,MODERATE_RISE,5.0,ANOMALOUS,MEDIUM,35.7,schedule_progress_gap_pct
618543,2026-04-01,0.9712,0.0003,57.2,HIGH,STABLE,0.0,UNUSUAL,HIGH,57.1,schedule_progress_gap_pct
618543,2026-05-01,0.9721,0.0002,53.9,HIGH,STABLE,-3.3,NORMAL,MEDIUM,52.1,schedule_progress_gap_pct
618543,2026-06-01,0.9753,0.0002,54.0,HIGH,STABLE,0.1,NORMAL,HIGH,55.6,schedule_progress_gap_pct
618543,2026-07-01,0.9754,0.0004,54.0,HIGH,STABLE,0.0,NORMAL,HIGH,55.5,schedule_progress_gap_pct
618544,2026-04-01,0.9899,0.0133,55.1,HIGH,STABLE,0.0,NORMAL,HIGH,55.0,schedule_progress_gap_pct
618544,2026-05-01,0.99,0.0086,54.9,HIGH,STABLE,-0.2,NORMAL,MEDIUM,54.7,schedule_progress_gap_pct
618544,2026-06-01,0.991,0.008,54.9,HIGH,STABLE,0.0,NORMAL,MEDIUM,54.9,schedule_progress_gap_pct
618544,2026-07-01,0.991,0.008,54.9,HIGH,STABLE,0.0,NORMAL,MEDIUM,54.9,schedule_progress_gap_pct
618545,2026-04-01,0.9816,0.0239,55.1,HIGH,STABLE,0.0,NORMAL,MEDIUM,52.1,schedule_progress_gap_pct
618545,2026-05-01,0.9817,0.0295,55.3,HIGH,STABLE,0.2,NORMAL,MEDIUM,52.4,schedule_progress_gap_pct
618545,2026-06-01,0.9835,0.0386,55.7,HIGH,STABLE,0.4,NORMAL,MEDIUM,52.8,schedule_progress_gap_pct
618545,2026-07-01,0.9836,0.0424,55.8,HIGH,STABLE,0.1,NORMAL,MEDIUM,52.5,schedule_progress_gap_pct
618547,2026-04-01,0.9775,0.001,52.5,HIGH,STABLE,0.0,NORMAL,MEDIUM,52.3,schedule_progress_gap_pct
618547,2026-05-01,0.9786,0.001,52.9,HIGH,STABLE,0.4,NORMAL,MEDIUM,52.9,schedule_progress_gap_pct
618547,2026-06-01,0.9812,0.001,53.3,HIGH,STABLE,0.4,NORMAL,MEDIUM,53.1,schedule_progress_gap_pct
618547,2026-07-01,0.9818,0.001,53.8,HIGH,STABLE,0.5,NORMAL,MEDIUM,53.5,schedule_progress_gap_pct
618549,2026-04-01,0.989,0.9363,87.3,CRITICAL,STABLE,0.0,NORMAL,HIGH,64.9,schedule_progress_gap_pct
618549,2026-05-01,0.9891,0.9451,87.6,CRITICAL,STABLE,0.3,NORMAL,HIGH,65.3,schedule_progress_gap_pct
618549,2026-06-01,0.9901,0.9404,87.5,CRITICAL,STABLE,-0.1,NORMAL,HIGH,64.9,schedule_progress_gap_pct
618549,2026-07-01,0.9902,0.9469,87.7,CRITICAL,STABLE,0.2,NORMAL,HIGH,65.3,schedule_progress_gap_pct
618550,2026-04-01,0.9877,0.002,54.6,HIGH,STABLE,0.0,NORMAL,MEDIUM,53.0,schedule_progress_gap_pct
618550,2026-05-01,0.988,0.002,54.6,HIGH,STABLE,0.0,NORMAL,MEDIUM,53.0,schedule_progress_gap_pct
618550,2026-06-01,0.9891,0.0021,54.6,HIGH,STABLE,0.0,NORMAL,MEDIUM,53.0,schedule_progress_gap_pct
618550,2026-07-01,0.9891,0.0021,54.6,HIGH,STABLE,0.0,NORMAL,MEDIUM,53.0,schedule_progress_gap_pct
618551,2026-04-01,0.0116,0.002,4.4,LOW,STABLE,0.0,NORMAL,LOW,27.0,schedule_progress_gap_pct
618551,2026-05-01,0.0122,0.002,4.7,LOW,STABLE,0.3,NORMAL,LOW,27.4,schedule_progress_gap_pct
618551,2026-06-01,0.0138,0.0095,12.7,LOW,MODERATE_RISE,8.0,ANOMALOUS,MEDIUM,39.1,schedule_progress_gap_pct
618551,2026-07-01,0.014,0.0042,7.0,LOW,DE_ESCALATING,-5.7,NORMAL,LOW,22.6,schedule_progress_gap_pct
618552,2026-04-01,0.9806,0.015,54.7,HIGH,STABLE,0.0,NORMAL,HIGH,55.5,schedule_progress_gap_pct
618552,2026-05-01,0.9815,0.0189,54.9,HIGH,STABLE,0.2,NORMAL,HIGH,55.8,schedule_progress_gap_pct
618552,2026-06-01,0.9847,0.0334,62.2,HIGH,MODERATE_RISE,7.3,ANOMALOUS,HIGH,66.6,schedule_progress_gap_pct
618552,2026-07-01,0.9853,0.0201,55.1,HIGH,DE_ESCALATING,-7.1,NORMAL,MEDIUM,48.6,schedule_progress_gap_pct
618553,2026-04-01,0.9917,0.0309,55.8,HIGH,STABLE,0.0,NORMAL,MEDIUM,54.0,schedule_progress_gap_pct
618553,2026-05-01,0.9919,0.0318,55.8,HIGH,STABLE,0.0,NORMAL,MEDIUM,54.0,schedule_progress_gap_pct
618554,2026-04-01,0.9914,0.0218,55.4,HIGH,STABLE,0.0,NORMAL,MEDIUM,53.5,schedule_progress_gap_pct
618554,2026-05-01,0.9918,0.0175,55.3,HIGH,STABLE,-0.1,NORMAL,MEDIUM,53.3,schedule_progress_gap_pct
618554,2026-06-01,0.9925,0.0365,56.0,HIGH,STABLE,0.7,NORMAL,MEDIUM,54.5,schedule_progress_gap_pct
618554,2026-07-01,0.9926,0.0403,56.1,HIGH,STABLE,0.1,NORMAL,MEDIUM,53.9,schedule_progress_gap_pct
618556,2026-04-01,0.9878,0.0123,42.7,MEDIUM,STABLE,0.0,NORMAL,MEDIUM,46.1,schedule_progress_gap_pct
618556,2026-05-01,0.9881,0.0219,43.9,MEDIUM,STABLE,1.2,NORMAL,MEDIUM,47.9,schedule_progress_gap_pct
618556,2026-06-01,0.9895,0.0169,44.7,MEDIUM,STABLE,0.8,NORMAL,MEDIUM,47.9,schedule_progress_gap_pct
618556,2026-07-01,0.9896,0.0167,46.0,MEDIUM,STABLE,1.3,NORMAL,MEDIUM,49.1,schedule_progress_gap_pct
618557,2026-04-01,0.9882,0.0142,43.8,MEDIUM,STABLE,0.0,NORMAL,MEDIUM,48.3,schedule_progress_gap_pct
618557,2026-05-01,0.9884,0.0213,44.5,MEDIUM,STABLE,0.7,NORMAL,MEDIUM,49.3,schedule_progress_gap_pct
618557,2026-06-01,0.9897,0.0241,45.2,MEDIUM,STABLE,0.7,NORMAL,MEDIUM,49.7,schedule_progress_gap_pct
618557,2026-07-01,0.9899,0.0231,46.0,MEDIUM,STABLE,0.8,NORMAL,MEDIUM,50.2,schedule_progress_gap_pct
618558,2026-04-01,0.9774,0.0167,54.7,HIGH,STABLE,0.0,NORMAL,MEDIUM,53.4,schedule_progress_gap_pct
618558,2026-05-01,0.9775,0.0185,54.7,HIGH,STABLE,0.0,NORMAL,MEDIUM,53.4,schedule_progress_gap_pct
618558,2026-06-01,0.9808,0.0187,54.9,HIGH,STABLE,0.2,NORMAL,MEDIUM,53.7,schedule_progress_gap_pct
618559,2026-04-01,0.9829,0.0488,56.0,HIGH,STABLE,0.0,NORMAL,MEDIUM,51.9,schedule_progress_gap_pct
618559,2026-05-01,0.983,0.0488,56.0,HIGH,STABLE,0.0,NORMAL,MEDIUM,51.9,schedule_progress_gap_pct
618559,2026-06-01,0.9854,0.0319,55.5,HIGH,STABLE,-0.5,NORMAL,MEDIUM,51.2,schedule_progress_gap_pct
618560,2026-06-01,0.975,0.0322,55.1,HIGH,STABLE,0.0,NORMAL,MEDIUM,51.6,schedule_progress_gap_pct
618561,2026-04-01,0.0128,0.0064,0.9,LOW,STABLE,0.0,NORMAL,LOW,26.3,schedule_progress_gap_pct
618561,2026-05-01,0.014,0.0019,0.6,LOW,STABLE,-0.3,NORMAL,LOW,25.9,schedule_progress_gap_pct
618561,2026-06-01,0.0163,0.0019,0.7,LOW,STABLE,0.1,NORMAL,LOW,26.3,schedule_progress_gap_pct
618561,2026-07-01,0.017,0.0053,0.9,LOW,STABLE,0.2,NORMAL,LOW,26.5,schedule_progress_gap_pct
618563,2026-04-01,0.9936,0.0158,58.6,HIGH,STABLE,0.0,UNUSUAL,HIGH,55.1,schedule_progress_gap_pct
618563,2026-05-01,0.9937,0.0143,55.2,HIGH,STABLE,-3.4,NORMAL,MEDIUM,50.0,schedule_progress_gap_pct
618563,2026-06-01,0.9945,0.8959,96.1,CRITICAL,RAPID_ESCALATION,40.9,REQUIRES_VERIFICATION,CRITICAL_INTERVENTION,83.9,schedule_progress_gap_pct
618563,2026-07-01,0.9946,0.9031,86.4,CRITICAL,DE_ESCALATING,-9.7,NORMAL,HIGH,61.0,schedule_progress_gap_pct
618564,2026-04-01,0.9812,0.0081,54.5,HIGH,STABLE,0.0,NORMAL,HIGH,55.0,schedule_progress_gap_pct
618564,2026-05-01,0.9824,0.0081,54.6,HIGH,STABLE,0.1,NORMAL,HIGH,55.2,schedule_progress_gap_pct
618564,2026-06-01,0.9847,0.01,54.7,HIGH,STABLE,0.1,NORMAL,HIGH,55.2,schedule_progress_gap_pct
618564,2026-07-01,0.9848,0.0099,54.7,HIGH,STABLE,0.0,NORMAL,HIGH,55.1,schedule_progress_gap_pct
618565,2026-04-01,0.9896,0.0343,55.8,HIGH,STABLE,0.0,NORMAL,MEDIUM,51.9,schedule_progress_gap_pct
618565,2026-05-01,0.9896,0.0343,55.8,HIGH,STABLE,0.0,NORMAL,MEDIUM,51.9,schedule_progress_gap_pct
618566,2026-04-01,0.9852,0.0177,53.0,HIGH,STABLE,0.0,NORMAL,HIGH,55.1,schedule_progress_gap_pct
618566,2026-05-01,0.986,0.0247,53.6,HIGH,STABLE,0.6,NORMAL,HIGH,56.0,schedule_progress_gap_pct
618566,2026-06-01,0.9873,0.036,55.3,HIGH,STABLE,1.7,NORMAL,HIGH,58.0,schedule_progress_gap_pct
618566,2026-07-01,0.9877,0.0108,54.9,HIGH,STABLE,-0.4,NORMAL,HIGH,55.7,schedule_progress_gap_pct
618567,2026-04-01,0.0123,0.018,5.6,LOW,STABLE,0.0,UNUSUAL,MEDIUM,31.9,schedule_progress_gap_pct
618567,2026-05-01,0.0132,0.0071,1.7,LOW,STABLE,-3.9,NORMAL,LOW,26.1,schedule_progress_gap_pct
618567,2026-06-01,0.0139,0.0071,1.9,LOW,STABLE,0.2,NORMAL,MEDIUM,30.3,schedule_progress_gap_pct
618567,2026-07-01,0.014,0.0102,2.8,LOW,STABLE,0.9,NORMAL,MEDIUM,31.4,schedule_progress_gap_pct
618568,2026-04-01,0.0141,0.0071,3.3,LOW,STABLE,0.0,NORMAL,MEDIUM,31.2,schedule_progress_gap_pct
618568,2026-05-01,0.0149,0.0071,3.4,LOW,STABLE,0.1,NORMAL,MEDIUM,31.3,schedule_progress_gap_pct
618568,2026-06-01,0.0152,0.0071,4.1,LOW,STABLE,0.7,NORMAL,MEDIUM,32.3,schedule_progress_gap_pct
618568,2026-07-01,0.0153,0.0082,5.0,LOW,STABLE,0.9,NORMAL,MEDIUM,32.9,schedule_progress_gap_pct
618569,2026-04-01,0.9883,0.0469,56.2,HIGH,STABLE,0.0,NORMAL,MEDIUM,48.8,schedule_progress_gap_pct
618569,2026-05-01,0.9885,0.0469,56.2,HIGH,STABLE,0.0,NORMAL,MEDIUM,48.8,schedule_progress_gap_pct
618569,2026-06-01,0.9897,0.0641,56.8,HIGH,STABLE,0.6,NORMAL,MEDIUM,49.7,schedule_progress_gap_pct
618570,2026-04-01,0.9919,0.0396,56.1,HIGH,STABLE,0.0,NORMAL,MEDIUM,50.3,schedule_progress_gap_pct
618570,2026-05-01,0.9919,0.0545,56.6,HIGH,STABLE,0.5,NORMAL,MEDIUM,51.1,schedule_progress_gap_pct
618571,2026-04-01,0.9873,0.4297,65.4,HIGH,STABLE,0.0,NORMAL,MEDIUM,53.7,schedule_progress_gap_pct
618571,2026-05-01,0.9877,0.4697,67.9,HIGH,STABLE,2.5,NORMAL,HIGH,57.4,schedule_progress_gap_pct
618571,2026-06-01,0.9892,0.8846,83.1,CRITICAL,RAPID_ESCALATION,15.2,NORMAL,HIGH,72.5,schedule_progress_gap_pct
618571,2026-07-01,0.9894,0.9121,85.3,CRITICAL,STABLE,2.2,NORMAL,HIGH,65.8,schedule_progress_gap_pct
618572,2026-04-01,0.0088,0.0068,6.5,LOW,STABLE,0.0,NORMAL,LOW,25.3,schedule_progress_gap_pct
618572,2026-05-01,0.0089,0.001,7.2,LOW,STABLE,0.7,NORMAL,LOW,26.4,schedule_progress_gap_pct
618572,2026-06-01,0.0099,0.0054,8.5,LOW,STABLE,1.3,NORMAL,LOW,27.6,schedule_progress_gap_pct
618572,2026-07-01,0.0101,0.001,9.3,LOW,STABLE,0.8,NORMAL,LOW,27.5,schedule_progress_gap_pct
618574,2026-04-01,0.0172,0.0095,1.0,LOW,STABLE,0.0,NORMAL,LOW,28.8,schedule_progress_gap_pct
618574,2026-05-01,0.0177,0.0065,0.9,LOW,STABLE,-0.1,NORMAL,LOW,28.7,schedule_progress_gap_pct
618574,2026-06-01,0.0199,0.0049,1.5,LOW,STABLE,0.6,NORMAL,LOW,29.7,schedule_progress_gap_pct
618574,2026-07-01,0.0209,0.0022,1.6,LOW,STABLE,0.1,NORMAL,LOW,29.2,schedule_progress_gap_pct
618577,2026-04-01,0.994,0.0079,58.3,HIGH,STABLE,0.0,UNUSUAL,HIGH,58.2,schedule_progress_gap_pct
618577,2026-05-01,0.994,0.0146,58.6,HIGH,STABLE,0.3,UNUSUAL,HIGH,58.6,schedule_progress_gap_pct
618577,2026-06-01,0.9942,0.0193,65.4,HIGH,MODERATE_RISE,6.8,REQUIRES_VERIFICATION,HIGH,68.5,schedule_progress_gap_pct
618578,2026-04-01,0.9912,0.9796,88.9,CRITICAL,STABLE,0.0,NORMAL,HIGH,72.0,schedule_progress_gap_pct
618578,2026-05-01,0.9913,0.986,89.2,CRITICAL,STABLE,0.3,NORMAL,HIGH,72.5,schedule_progress_gap_pct
618579,2026-04-01,0.994,0.0216,58.8,HIGH,STABLE,0.0,UNUSUAL,HIGH,58.9,schedule_progress_gap_pct
618579,2026-05-01,0.9941,0.0216,55.5,HIGH,STABLE,-3.3,NORMAL,MEDIUM,53.9,schedule_progress_gap_pct
618579,2026-06-01,0.9955,0.1219,65.7,HIGH,RAPID_ESCALATION,10.2,ANOMALOUS,HIGH,72.3,schedule_progress_gap_pct
618579,2026-07-01,0.9955,0.1257,59.2,HIGH,DE_ESCALATING,-6.5,NORMAL,MEDIUM,52.6,schedule_progress_gap_pct
618580,2026-04-01,0.9928,0.0056,54.9,HIGH,STABLE,0.0,NORMAL,MEDIUM,54.5,schedule_progress_gap_pct
618580,2026-05-01,0.9929,0.0025,54.8,HIGH,STABLE,-0.1,NORMAL,MEDIUM,54.4,schedule_progress_gap_pct
618580,2026-06-01,0.9939,0.1308,65.9,HIGH,RAPID_ESCALATION,11.1,ANOMALOUS,HIGH,70.0,schedule_progress_gap_pct
618580,2026-07-01,0.994,0.1303,59.3,HIGH,DE_ESCALATING,-6.6,NORMAL,MEDIUM,50.1,schedule_progress_gap_pct
618581,2026-04-01,0.9867,0.0028,54.6,HIGH,STABLE,0.0,NORMAL,HIGH,55.5,schedule_progress_gap_pct
618581,2026-05-01,0.9867,0.0028,54.6,HIGH,STABLE,0.0,NORMAL,HIGH,55.5,schedule_progress_gap_pct
618581,2026-06-01,0.9891,0.0262,58.8,HIGH,STABLE,4.2,UNUSUAL,HIGH,61.8,schedule_progress_gap_pct
618581,2026-07-01,0.9891,0.041,56.0,HIGH,STABLE,-2.8,NORMAL,MEDIUM,53.5,schedule_progress_gap_pct
618583,2026-04-01,0.9909,0.0713,57.1,HIGH,STABLE,0.0,NORMAL,HIGH,55.8,schedule_progress_gap_pct
618583,2026-05-01,0.9909,0.0659,56.9,HIGH,STABLE,-0.2,NORMAL,HIGH,55.5,schedule_progress_gap_pct
618584,2026-04-01,0.0084,0.0019,5.9,LOW,STABLE,0.0,UNUSUAL,LOW,29.0,schedule_progress_gap_pct
618584,2026-05-01,0.0088,0.0023,2.9,LOW,STABLE,-3.0,NORMAL,LOW,24.5,schedule_progress_gap_pct
618584,2026-06-01,0.0107,0.007,2.7,LOW,STABLE,-0.2,NORMAL,LOW,27.2,schedule_progress_gap_pct
618584,2026-07-01,0.011,0.0038,3.2,LOW,STABLE,0.5,NORMAL,LOW,28.2,schedule_progress_gap_pct
618585,2026-04-01,0.9746,0.0031,47.6,MEDIUM,STABLE,0.0,NORMAL,MEDIUM,49.5,schedule_progress_gap_pct
618585,2026-05-01,0.9765,0.0076,47.4,MEDIUM,STABLE,-0.2,NORMAL,MEDIUM,49.2,schedule_progress_gap_pct
618585,2026-06-01,0.9791,0.0031,47.9,MEDIUM,STABLE,0.5,NORMAL,MEDIUM,50.1,schedule_progress_gap_pct
618585,2026-07-01,0.9799,0.0047,48.2,MEDIUM,STABLE,0.3,NORMAL,MEDIUM,50.1,schedule_progress_gap_pct
618586,2026-04-01,0.0337,0.0504,5.3,LOW,STABLE,0.0,NORMAL,LOW,24.1,schedule_progress_gap_pct
618586,2026-05-01,0.9878,0.0177,44.8,MEDIUM,RAPID_ESCALATION,39.5,NORMAL,MEDIUM,53.8,schedule_progress_gap_pct
618586,2026-06-01,0.9891,0.016,47.0,MEDIUM,STABLE,2.2,NORMAL,MEDIUM,47.1,schedule_progress_gap_pct
618586,2026-07-01,0.9891,0.0338,50.1,HIGH,STABLE,3.1,NORMAL,MEDIUM,49.6,schedule_progress_gap_pct
618588,2026-04-01,0.9937,0.0724,57.3,HIGH,STABLE,0.0,NORMAL,MEDIUM,52.7,schedule_progress_gap_pct
618588,2026-05-01,0.9938,0.0602,56.9,HIGH,STABLE,-0.4,NORMAL,MEDIUM,52.1,schedule_progress_gap_pct
618588,2026-06-01,0.9944,0.0602,56.9,HIGH,STABLE,0.0,NORMAL,MEDIUM,52.5,schedule_progress_gap_pct
618588,2026-07-01,0.9945,0.0977,58.2,HIGH,STABLE,1.3,NORMAL,MEDIUM,54.4,schedule_progress_gap_pct
618589,2026-04-01,0.9841,0.0041,54.5,HIGH,STABLE,0.0,NORMAL,HIGH,55.6,schedule_progress_gap_pct
618589,2026-05-01,0.9852,0.0008,54.4,HIGH,STABLE,-0.1,NORMAL,HIGH,55.4,schedule_progress_gap_pct
618589,2026-06-01,0.9879,0.0139,58.3,HIGH,STABLE,3.9,UNUSUAL,HIGH,61.4,schedule_progress_gap_pct
618589,2026-07-01,0.9881,0.0057,54.7,HIGH,STABLE,-3.6,NORMAL,MEDIUM,52.1,schedule_progress_gap_pct
618590,2026-04-01,0.9846,0.0068,54.6,HIGH,STABLE,0.0,NORMAL,HIGH,55.9,schedule_progress_gap_pct
618590,2026-05-01,0.9855,0.0005,54.4,HIGH,STABLE,-0.2,NORMAL,HIGH,55.6,schedule_progress_gap_pct
618590,2026-06-01,0.9879,0.0253,62.0,HIGH,MODERATE_RISE,7.6,ANOMALOUS,HIGH,67.2,schedule_progress_gap_pct
618590,2026-07-01,0.988,0.019,55.2,HIGH,DE_ESCALATING,-6.8,NORMAL,MEDIUM,49.4,schedule_progress_gap_pct
618591,2026-04-01,0.0193,0.0021,7.8,LOW,STABLE,0.0,NORMAL,LOW,26.7,schedule_progress_gap_pct
618591,2026-05-01,0.0196,0.0021,8.6,LOW,STABLE,0.8,NORMAL,LOW,27.9,schedule_progress_gap_pct
618591,2026-06-01,0.0216,0.0021,9.7,LOW,STABLE,1.1,NORMAL,LOW,28.7,schedule_progress_gap_pct
618591,2026-07-01,0.0227,0.0008,9.7,LOW,STABLE,0.0,NORMAL,LOW,27.6,schedule_progress_gap_pct
618592,2026-04-01,0.9689,0.0059,54.0,HIGH,STABLE,0.0,NORMAL,MEDIUM,49.2,schedule_progress_gap_pct
618592,2026-05-01,0.9724,0.0006,53.9,HIGH,STABLE,-0.1,NORMAL,MEDIUM,49.1,schedule_progress_gap_pct
618592,2026-06-01,0.9749,0.0006,54.0,HIGH,STABLE,0.1,NORMAL,MEDIUM,49.3,schedule_progress_gap_pct
618592,2026-07-01,0.9758,0.0005,54.1,HIGH,STABLE,0.1,NORMAL,MEDIUM,49.4,schedule_progress_gap_pct
618593,2026-04-01,0.0102,0.0009,8.8,LOW,STABLE,0.0,NORMAL,LOW,25.9,schedule_progress_gap_pct
618593,2026-05-01,0.0104,0.001,9.5,LOW,STABLE,0.7,NORMAL,LOW,27.0,schedule_progress_gap_pct
618593,2026-06-01,0.0115,0.001,10.6,LOW,STABLE,1.1,NORMAL,LOW,27.9,schedule_progress_gap_pct
618593,2026-07-01,0.0116,0.0009,11.5,LOW,STABLE,0.9,NORMAL,LOW,28.2,schedule_progress_gap_pct
618594,2026-04-01,0.9926,0.0441,56.2,HIGH,STABLE,0.0,NORMAL,MEDIUM,50.4,schedule_progress_gap_pct
618594,2026-05-01,0.9927,0.0441,56.3,HIGH,STABLE,0.1,NORMAL,MEDIUM,50.6,schedule_progress_gap_pct
618594,2026-06-01,0.9934,0.0457,56.3,HIGH,STABLE,0.0,NORMAL,MEDIUM,50.5,schedule_progress_gap_pct
618594,2026-07-01,0.9936,0.07,57.2,HIGH,STABLE,0.9,NORMAL,MEDIUM,51.8,schedule_progress_gap_pct
618595,2026-04-01,0.9902,0.0257,62.1,HIGH,STABLE,0.0,ANOMALOUS,HIGH,59.2,schedule_progress_gap_pct
618595,2026-05-01,0.9903,0.0257,55.5,HIGH,DE_ESCALATING,-6.6,NORMAL,MEDIUM,49.3,schedule_progress_gap_pct
618595,2026-06-01,0.9917,0.0379,62.6,HIGH,MODERATE_RISE,7.1,ANOMALOUS,HIGH,66.6,schedule_progress_gap_pct
618595,2026-07-01,0.9918,0.0188,55.3,HIGH,DE_ESCALATING,-7.3,NORMAL,MEDIUM,48.5,schedule_progress_gap_pct
618596,2026-04-01,0.9887,0.0213,55.3,HIGH,STABLE,0.0,NORMAL,HIGH,57.4,schedule_progress_gap_pct
618596,2026-05-01,0.9888,0.0207,58.6,HIGH,STABLE,3.3,UNUSUAL,HIGH,62.3,schedule_progress_gap_pct
618596,2026-06-01,0.9911,0.0214,65.4,HIGH,MODERATE_RISE,6.8,REQUIRES_VERIFICATION,HIGH,69.2,schedule_progress_gap_pct
618596,2026-07-01,0.9912,0.0199,55.3,HIGH,DE_ESCALATING,-10.1,NORMAL,MEDIUM,49.4,schedule_progress_gap_pct
618597,2026-04-01,0.982,0.0092,54.6,HIGH,STABLE,0.0,NORMAL,HIGH,57.6,schedule_progress_gap_pct
618597,2026-05-01,0.9821,0.0242,55.1,HIGH,STABLE,0.5,NORMAL,HIGH,58.4,schedule_progress_gap_pct
618597,2026-06-01,0.9874,0.0845,60.8,HIGH,MODERATE_RISE,5.7,UNUSUAL,HIGH,66.4,schedule_progress_gap_pct
618597,2026-07-01,0.9875,0.062,56.7,HIGH,STABLE,-4.1,NORMAL,MEDIUM,54.6,schedule_progress_gap_pct
618598,2026-04-01,0.9935,0.0499,59.8,HIGH,STABLE,0.0,UNUSUAL,MEDIUM,50.6,schedule_progress_gap_pct
618598,2026-05-01,0.9935,0.0499,59.8,HIGH,STABLE,0.0,UNUSUAL,MEDIUM,50.6,schedule_progress_gap_pct
618598,2026-06-01,0.9942,0.0756,60.7,HIGH,STABLE,0.9,UNUSUAL,MEDIUM,52.0,schedule_progress_gap_pct
618598,2026-07-01,0.9943,0.0921,61.3,HIGH,STABLE,0.6,UNUSUAL,MEDIUM,52.0,schedule_progress_gap_pct
618599,2026-04-01,0.9884,0.0104,54.9,HIGH,STABLE,0.0,NORMAL,HIGH,59.3,schedule_progress_gap_pct
618599,2026-05-01,0.9884,0.0218,55.3,HIGH,STABLE,0.4,NORMAL,HIGH,59.9,schedule_progress_gap_pct
618599,2026-06-01,0.9917,0.0297,65.7,HIGH,RAPID_ESCALATION,10.4,REQUIRES_VERIFICATION,HIGH,74.7,schedule_progress_gap_pct
618599,2026-07-01,0.9919,0.0099,55.0,HIGH,DE_ESCALATING,-10.7,NORMAL,MEDIUM,51.3,schedule_progress_gap_pct
618600,2026-04-01,0.9888,0.0104,54.9,HIGH,STABLE,0.0,NORMAL,HIGH,58.6,schedule_progress_gap_pct
618600,2026-05-01,0.989,0.0218,55.3,HIGH,STABLE,0.4,NORMAL,HIGH,59.2,schedule_progress_gap_pct
618600,2026-06-01,0.9913,0.0217,65.4,HIGH,RAPID_ESCALATION,10.1,REQUIRES_VERIFICATION,HIGH,73.8,schedule_progress_gap_pct
618600,2026-07-01,0.9915,0.0165,55.2,HIGH,DE_ESCALATING,-10.2,NORMAL,MEDIUM,50.7,schedule_progress_gap_pct
618601,2026-04-01,0.9845,0.0005,54.4,HIGH,STABLE,0.0,NORMAL,HIGH,58.5,schedule_progress_gap_pct
618601,2026-05-01,0.9857,0.0007,54.5,HIGH,STABLE,0.1,NORMAL,HIGH,58.6,schedule_progress_gap_pct
618601,2026-06-01,0.9914,0.01,65.0,HIGH,RAPID_ESCALATION,10.5,REQUIRES_VERIFICATION,HIGH,73.8,schedule_progress_gap_pct
618601,2026-07-01,0.9915,0.0045,54.8,HIGH,DE_ESCALATING,-10.2,NORMAL,MEDIUM,50.7,schedule_progress_gap_pct
618602,2026-04-01,0.9833,0.0008,54.4,HIGH,STABLE,0.0,NORMAL,HIGH,58.6,schedule_progress_gap_pct
618602,2026-05-01,0.9847,0.0008,54.4,HIGH,STABLE,0.0,NORMAL,HIGH,58.6,schedule_progress_gap_pct
618602,2026-06-01,0.9911,0.01,65.0,HIGH,RAPID_ESCALATION,10.6,REQUIRES_VERIFICATION,HIGH,73.9,schedule_progress_gap_pct
618602,2026-07-01,0.9912,0.0019,54.7,HIGH,DE_ESCALATING,-10.3,NORMAL,MEDIUM,50.7,schedule_progress_gap_pct
618603,2026-04-01,0.9803,0.0009,54.2,HIGH,STABLE,0.0,NORMAL,HIGH,57.7,schedule_progress_gap_pct
618603,2026-05-01,0.9827,0.0026,54.4,HIGH,STABLE,0.2,NORMAL,HIGH,58.0,schedule_progress_gap_pct
618603,2026-06-01,0.9866,0.0036,61.2,HIGH,MODERATE_RISE,6.8,ANOMALOUS,HIGH,68.0,schedule_progress_gap_pct
618603,2026-07-01,0.9867,0.0037,54.6,HIGH,DE_ESCALATING,-6.6,NORMAL,MEDIUM,51.3,schedule_progress_gap_pct
618604,2026-04-01,0.9866,0.0031,46.9,MEDIUM,STABLE,0.0,NORMAL,MEDIUM,52.8,schedule_progress_gap_pct
618604,2026-05-01,0.9878,0.0062,46.0,MEDIUM,STABLE,-0.9,NORMAL,MEDIUM,51.4,schedule_progress_gap_pct
618604,2026-06-01,0.9891,0.0154,47.0,MEDIUM,STABLE,1.0,NORMAL,MEDIUM,53.8,schedule_progress_gap_pct
618604,2026-07-01,0.9893,0.0063,47.4,MEDIUM,STABLE,0.4,NORMAL,MEDIUM,53.4,schedule_progress_gap_pct
618605,2026-04-01,0.988,0.0029,54.6,HIGH,STABLE,0.0,NORMAL,HIGH,57.2,schedule_progress_gap_pct
618605,2026-05-01,0.9887,0.0054,54.7,HIGH,STABLE,0.1,NORMAL,HIGH,57.4,schedule_progress_gap_pct
618605,2026-06-01,0.9903,0.0167,61.8,HIGH,MODERATE_RISE,7.1,ANOMALOUS,HIGH,67.9,schedule_progress_gap_pct
618605,2026-07-01,0.9905,0.0151,55.1,HIGH,DE_ESCALATING,-6.7,NORMAL,MEDIUM,50.8,schedule_progress_gap_pct
618606,2026-04-01,0.984,0.0011,54.4,HIGH,STABLE,0.0,NORMAL,HIGH,57.6,schedule_progress_gap_pct
618606,2026-05-01,0.9842,0.0011,54.4,HIGH,STABLE,0.0,NORMAL,HIGH,57.6,schedule_progress_gap_pct
618606,2026-06-01,0.9881,0.0154,58.4,HIGH,STABLE,4.0,UNUSUAL,HIGH,63.6,schedule_progress_gap_pct
618606,2026-07-01,0.9881,0.0166,55.1,HIGH,STABLE,-3.3,NORMAL,MEDIUM,54.6,schedule_progress_gap_pct
618607,2026-04-01,0.9853,0.0011,54.4,HIGH,STABLE,0.0,NORMAL,HIGH,57.1,schedule_progress_gap_pct
618607,2026-05-01,0.9854,0.0011,54.5,HIGH,STABLE,0.1,NORMAL,HIGH,57.2,schedule_progress_gap_pct
618607,2026-06-01,0.9889,0.0236,58.7,HIGH,STABLE,4.2,UNUSUAL,HIGH,63.4,schedule_progress_gap_pct
618607,2026-07-01,0.9889,0.037,55.9,HIGH,STABLE,-2.8,NORMAL,HIGH,55.0,schedule_progress_gap_pct
618608,2026-04-01,0.986,0.0039,54.6,HIGH,STABLE,0.0,NORMAL,HIGH,55.1,schedule_progress_gap_pct
618608,2026-05-01,0.9867,0.0094,54.8,HIGH,STABLE,0.2,NORMAL,HIGH,55.4,schedule_progress_gap_pct
618608,2026-06-01,0.9883,0.0094,54.9,HIGH,STABLE,0.1,NORMAL,HIGH,55.3,schedule_progress_gap_pct
618608,2026-07-01,0.9887,0.0062,54.8,HIGH,STABLE,-0.1,NORMAL,HIGH,55.1,schedule_progress_gap_pct
618609,2026-04-01,0.9751,0.0008,52.0,HIGH,STABLE,0.0,NORMAL,MEDIUM,49.5,schedule_progress_gap_pct
618609,2026-05-01,0.9769,0.001,51.9,HIGH,STABLE,-0.1,NORMAL,MEDIUM,49.4,schedule_progress_gap_pct
618609,2026-06-01,0.9815,0.0008,50.8,HIGH,STABLE,-1.1,NORMAL,MEDIUM,47.8,schedule_progress_gap_pct
618609,2026-07-01,0.982,0.0018,51.6,HIGH,STABLE,0.8,NORMAL,MEDIUM,50.1,schedule_progress_gap_pct
618610,2026-04-01,0.9892,0.0027,49.9,MEDIUM,STABLE,0.0,NORMAL,MEDIUM,50.3,schedule_progress_gap_pct
618610,2026-05-01,0.9893,0.0027,51.2,HIGH,STABLE,1.3,NORMAL,MEDIUM,52.3,schedule_progress_gap_pct
618610,2026-06-01,0.9906,0.0209,53.1,HIGH,STABLE,1.9,NORMAL,MEDIUM,53.8,schedule_progress_gap_pct
618610,2026-07-01,0.9907,0.0574,55.6,HIGH,STABLE,2.5,NORMAL,HIGH,55.7,schedule_progress_gap_pct
618611,2026-04-01,0.9926,0.0557,56.7,HIGH,STABLE,0.0,NORMAL,MEDIUM,52.3,schedule_progress_gap_pct
618611,2026-05-01,0.9927,0.0557,56.7,HIGH,STABLE,0.0,NORMAL,MEDIUM,52.3,schedule_progress_gap_pct
618611,2026-06-01,0.9934,0.0649,57.0,HIGH,STABLE,0.3,NORMAL,MEDIUM,52.7,schedule_progress_gap_pct
618611,2026-07-01,0.9935,0.0631,57.0,HIGH,STABLE,0.0,NORMAL,MEDIUM,52.4,schedule_progress_gap_pct
618612,2026-04-01,0.9925,0.0253,55.6,HIGH,STABLE,0.0,NORMAL,MEDIUM,53.4,schedule_progress_gap_pct
618612,2026-05-01,0.9926,0.0202,55.4,HIGH,STABLE,-0.2,NORMAL,MEDIUM,53.1,schedule_progress_gap_pct
618612,2026-06-01,0.9933,0.019,55.4,HIGH,STABLE,0.0,NORMAL,MEDIUM,53.3,schedule_progress_gap_pct
618612,2026-07-01,0.9934,0.0158,55.3,HIGH,STABLE,-0.1,NORMAL,MEDIUM,53.2,schedule_progress_gap_pct
618613,2026-04-01,0.9925,0.0188,55.4,HIGH,STABLE,0.0,NORMAL,MEDIUM,52.5,schedule_progress_gap_pct
618613,2026-05-01,0.9926,0.0188,55.4,HIGH,STABLE,0.0,NORMAL,MEDIUM,52.5,schedule_progress_gap_pct
618613,2026-06-01,0.9933,0.0442,56.3,HIGH,STABLE,0.9,NORMAL,MEDIUM,53.8,schedule_progress_gap_pct
618613,2026-07-01,0.9934,0.047,56.4,HIGH,STABLE,0.1,NORMAL,MEDIUM,53.1,schedule_progress_gap_pct
618614,2026-04-01,0.993,0.0619,56.9,HIGH,STABLE,0.0,NORMAL,MEDIUM,53.7,schedule_progress_gap_pct
618614,2026-05-01,0.9931,0.0556,56.7,HIGH,STABLE,-0.2,NORMAL,MEDIUM,53.4,schedule_progress_gap_pct
618615,2026-04-01,0.9936,0.0594,56.8,HIGH,STABLE,0.0,NORMAL,MEDIUM,53.7,schedule_progress_gap_pct
618615,2026-05-01,0.9937,0.0614,56.9,HIGH,STABLE,0.1,NORMAL,MEDIUM,53.9,schedule_progress_gap_pct
618615,2026-06-01,0.9943,0.2926,65.0,HIGH,MODERATE_RISE,8.1,NORMAL,HIGH,65.9,schedule_progress_gap_pct
618615,2026-07-01,0.9944,0.3134,65.7,HIGH,STABLE,0.7,NORMAL,HIGH,58.9,schedule_progress_gap_pct
618616,2026-04-01,0.0136,0.0033,10.3,LOW,STABLE,0.0,NORMAL,LOW,29.7,schedule_progress_gap_pct
618616,2026-05-01,0.0147,0.005,10.1,LOW,STABLE,-0.2,NORMAL,LOW,29.4,schedule_progress_gap_pct
618616,2026-06-01,0.0164,0.0037,11.1,LOW,STABLE,1.0,NORMAL,MEDIUM,31.1,schedule_progress_gap_pct
618616,2026-07-01,0.0174,0.0037,11.3,LOW,STABLE,0.2,NORMAL,MEDIUM,30.4,schedule_progress_gap_pct
618617,2026-04-01,0.9868,0.0021,54.5,HIGH,STABLE,0.0,NORMAL,MEDIUM,54.2,schedule_progress_gap_pct
618617,2026-05-01,0.987,0.0017,54.5,HIGH,STABLE,0.0,NORMAL,MEDIUM,54.2,schedule_progress_gap_pct
618617,2026-06-01,0.989,0.041,59.3,HIGH,STABLE,4.8,UNUSUAL,HIGH,61.4,schedule_progress_gap_pct
618617,2026-07-01,0.9893,0.0406,56.0,HIGH,STABLE,-3.3,NORMAL,MEDIUM,51.6,schedule_progress_gap_pct
618618,2026-04-01,0.0212,0.0041,6.9,LOW,STABLE,0.0,NORMAL,MEDIUM,32.2,schedule_progress_gap_pct
618618,2026-05-01,0.9818,0.0071,46.6,MEDIUM,RAPID_ESCALATION,39.7,NORMAL,HIGH,62.0,schedule_progress_gap_pct
618618,2026-06-01,0.9852,0.014,48.3,MEDIUM,STABLE,1.7,NORMAL,MEDIUM,54.6,schedule_progress_gap_pct
618618,2026-07-01,0.9857,0.0142,49.0,MEDIUM,STABLE,0.7,NORMAL,MEDIUM,53.9,schedule_progress_gap_pct
618619,2026-04-01,0.0082,0.0014,4.1,LOW,STABLE,0.0,NORMAL,LOW,28.3,schedule_progress_gap_pct
618619,2026-05-01,0.0083,0.0047,5.4,LOW,STABLE,1.3,NORMAL,MEDIUM,30.2,schedule_progress_gap_pct
618619,2026-06-01,0.0093,0.0063,10.1,LOW,STABLE,4.7,UNUSUAL,MEDIUM,36.0,schedule_progress_gap_pct
618619,2026-07-01,0.0094,0.0063,8.0,LOW,STABLE,-2.1,NORMAL,LOW,28.1,schedule_progress_gap_pct
618620,2026-04-01,0.9896,0.0466,56.2,HIGH,STABLE,0.0,NORMAL,MEDIUM,48.8,schedule_progress_gap_pct
618620,2026-05-01,0.9902,0.0398,56.0,HIGH,STABLE,-0.2,NORMAL,MEDIUM,48.5,schedule_progress_gap_pct
618620,2026-06-01,0.9911,0.0419,56.1,HIGH,STABLE,0.1,NORMAL,MEDIUM,48.8,schedule_progress_gap_pct
618620,2026-07-01,0.9912,0.0435,56.2,HIGH,STABLE,0.1,NORMAL,MEDIUM,48.9,schedule_progress_gap_pct
618621,2026-04-01,0.9892,0.01,54.9,HIGH,STABLE,0.0,NORMAL,MEDIUM,54.2,schedule_progress_gap_pct
618621,2026-05-01,0.9894,0.01,54.9,HIGH,STABLE,0.0,NORMAL,MEDIUM,54.2,schedule_progress_gap_pct
618621,2026-06-01,0.9909,0.0097,61.6,HIGH,MODERATE_RISE,6.7,ANOMALOUS,HIGH,64.2,schedule_progress_gap_pct
618621,2026-07-01,0.991,0.0023,54.7,HIGH,DE_ESCALATING,-6.9,NORMAL,MEDIUM,47.2,schedule_progress_gap_pct
618622,2026-04-01,0.9909,0.0078,54.9,HIGH,STABLE,0.0,NORMAL,MEDIUM,53.7,schedule_progress_gap_pct
618622,2026-05-01,0.9913,0.0035,54.8,HIGH,STABLE,-0.1,NORMAL,MEDIUM,53.5,schedule_progress_gap_pct
618622,2026-06-01,0.9923,0.0088,55.0,HIGH,STABLE,0.2,NORMAL,MEDIUM,53.9,schedule_progress_gap_pct
618622,2026-07-01,0.9925,0.0088,55.0,HIGH,STABLE,0.0,NORMAL,MEDIUM,53.7,schedule_progress_gap_pct
618623,2026-04-01,0.9871,0.0079,47.8,MEDIUM,STABLE,0.0,NORMAL,MEDIUM,51.6,schedule_progress_gap_pct
618623,2026-05-01,0.9877,0.0023,48.3,MEDIUM,STABLE,0.5,NORMAL,MEDIUM,52.3,schedule_progress_gap_pct
618623,2026-06-01,0.9892,0.0041,49.2,MEDIUM,STABLE,0.9,NORMAL,MEDIUM,53.2,schedule_progress_gap_pct
618623,2026-07-01,0.9893,0.0021,50.4,HIGH,STABLE,1.2,NORMAL,MEDIUM,54.1,schedule_progress_gap_pct
618624,2026-04-01,0.0417,0.0552,21.9,LOW,STABLE,0.0,UNUSUAL,MEDIUM,37.4,schedule_progress_gap_pct
618624,2026-05-01,0.0419,0.0552,21.9,LOW,STABLE,0.0,UNUSUAL,MEDIUM,37.4,schedule_progress_gap_pct
618625,2026-04-01,0.9982,0.0407,66.4,HIGH,STABLE,0.0,REQUIRES_VERIFICATION,HIGH,60.0,schedule_progress_gap_pct
618625,2026-05-01,0.9982,0.0407,66.4,HIGH,STABLE,0.0,REQUIRES_VERIFICATION,HIGH,60.0,schedule_progress_gap_pct
618626,2026-04-01,0.9839,0.0059,43.4,MEDIUM,STABLE,0.0,NORMAL,MEDIUM,47.2,schedule_progress_gap_pct
618626,2026-05-01,0.9843,0.0172,44.7,MEDIUM,STABLE,1.3,NORMAL,MEDIUM,49.2,schedule_progress_gap_pct
618626,2026-06-01,0.9861,0.015,45.5,MEDIUM,STABLE,0.8,NORMAL,MEDIUM,49.1,schedule_progress_gap_pct
618626,2026-07-01,0.9871,0.007,44.9,MEDIUM,STABLE,-0.6,NORMAL,MEDIUM,47.4,schedule_progress_gap_pct
618627,2026-04-01,0.0161,0.0153,8.2,LOW,STABLE,0.0,NORMAL,LOW,24.0,schedule_progress_gap_pct
618627,2026-05-01,0.0161,0.0171,9.9,LOW,STABLE,1.7,NORMAL,LOW,26.6,schedule_progress_gap_pct
618627,2026-06-01,0.0196,0.0084,9.4,LOW,STABLE,-0.5,NORMAL,LOW,24.1,schedule_progress_gap_pct
618627,2026-07-01,0.0197,0.0226,11.5,LOW,STABLE,2.1,NORMAL,LOW,27.8,schedule_progress_gap_pct
618628,2026-04-01,0.9829,0.048,56.0,HIGH,STABLE,0.0,NORMAL,MEDIUM,47.5,schedule_progress_gap_pct
618628,2026-05-01,0.9835,0.04,55.7,HIGH,STABLE,-0.3,NORMAL,MEDIUM,47.1,schedule_progress_gap_pct
618628,2026-06-01,0.9853,0.0467,56.0,HIGH,STABLE,0.3,NORMAL,MEDIUM,47.8,schedule_progress_gap_pct
618628,2026-07-01,0.9892,0.0418,56.0,HIGH,STABLE,0.0,NORMAL,MEDIUM,47.5,schedule_progress_gap_pct
618629,2026-04-01,0.996,0.0344,66.0,HIGH,STABLE,0.0,REQUIRES_VERIFICATION,HIGH,56.1,schedule_progress_gap_pct
618629,2026-05-01,0.9961,0.0344,66.1,HIGH,STABLE,0.1,REQUIRES_VERIFICATION,HIGH,56.3,schedule_progress_gap_pct
618629,2026-06-01,0.9966,0.1604,70.5,HIGH,STABLE,4.4,REQUIRES_VERIFICATION,HIGH,62.8,schedule_progress_gap_pct
618629,2026-07-01,0.9966,0.1351,66.2,HIGH,STABLE,-4.3,ANOMALOUS,MEDIUM,51.9,schedule_progress_gap_pct
618630,2026-04-01,0.986,0.0071,54.7,HIGH,STABLE,0.0,NORMAL,HIGH,56.6,schedule_progress_gap_pct
618630,2026-05-01,0.9864,0.0028,54.6,HIGH,STABLE,-0.1,NORMAL,HIGH,56.4,schedule_progress_gap_pct
618630,2026-06-01,0.9881,0.004,54.7,HIGH,STABLE,0.1,NORMAL,HIGH,56.7,schedule_progress_gap_pct
618630,2026-07-01,0.9886,0.0048,54.7,HIGH,STABLE,0.0,NORMAL,HIGH,56.6,schedule_progress_gap_pct
618631,2026-04-01,0.9893,0.0124,51.2,HIGH,STABLE,0.0,NORMAL,MEDIUM,53.2,schedule_progress_gap_pct
618631,2026-05-01,0.9893,0.0163,52.3,HIGH,STABLE,1.1,NORMAL,MEDIUM,54.9,schedule_progress_gap_pct
618631,2026-06-01,0.9905,0.0161,53.4,HIGH,STABLE,1.1,NORMAL,HIGH,55.4,schedule_progress_gap_pct
618631,2026-07-01,0.9905,0.0163,54.4,HIGH,STABLE,1.0,NORMAL,HIGH,55.8,schedule_progress_gap_pct
618632,2026-04-01,0.9885,0.0043,54.7,HIGH,STABLE,0.0,NORMAL,MEDIUM,53.5,schedule_progress_gap_pct
618632,2026-05-01,0.9888,0.0039,54.7,HIGH,STABLE,0.0,NORMAL,MEDIUM,53.5,schedule_progress_gap_pct
618632,2026-06-01,0.9899,0.0009,54.6,HIGH,STABLE,-0.1,NORMAL,MEDIUM,53.3,schedule_progress_gap_pct
618632,2026-07-01,0.9903,0.0003,54.6,HIGH,STABLE,0.0,NORMAL,MEDIUM,53.4,schedule_progress_gap_pct
618633,2026-04-01,0.0073,0.0025,1.7,LOW,STABLE,0.0,NORMAL,LOW,29.0,schedule_progress_gap_pct
618633,2026-05-01,0.0075,0.0081,2.8,LOW,STABLE,1.1,NORMAL,MEDIUM,30.7,schedule_progress_gap_pct
618633,2026-06-01,0.0085,0.0108,10.4,LOW,MODERATE_RISE,7.6,ANOMALOUS,MEDIUM,41.0,schedule_progress_gap_pct
618633,2026-07-01,0.0088,0.0039,4.0,LOW,DE_ESCALATING,-6.4,NORMAL,LOW,23.8,schedule_progress_gap_pct
618634,2026-04-01,0.9894,0.028,55.6,HIGH,STABLE,0.0,NORMAL,HIGH,55.3,schedule_progress_gap_pct
618634,2026-05-01,0.9898,0.0359,55.8,HIGH,STABLE,0.2,NORMAL,HIGH,55.6,schedule_progress_gap_pct
618634,2026-06-01,0.9908,0.0175,55.2,HIGH,STABLE,-0.6,NORMAL,MEDIUM,54.5,schedule_progress_gap_pct
618634,2026-07-01,0.9908,0.0171,55.2,HIGH,STABLE,0.0,NORMAL,HIGH,55.1,schedule_progress_gap_pct
618635,2026-04-01,0.9763,0.0095,54.4,HIGH,STABLE,0.0,NORMAL,MEDIUM,54.5,schedule_progress_gap_pct
618635,2026-05-01,0.9789,0.0141,54.7,HIGH,STABLE,0.3,NORMAL,MEDIUM,54.9,schedule_progress_gap_pct
618635,2026-06-01,0.9814,0.0028,57.7,HIGH,STABLE,3.0,UNUSUAL,HIGH,59.1,schedule_progress_gap_pct
618635,2026-07-01,0.9824,0.003,54.4,HIGH,STABLE,-3.3,NORMAL,MEDIUM,51.2,schedule_progress_gap_pct
618636,2026-04-01,0.9732,0.0016,47.4,MEDIUM,STABLE,0.0,NORMAL,MEDIUM,51.0,schedule_progress_gap_pct
618636,2026-05-01,0.9742,0.0045,48.0,MEDIUM,STABLE,0.6,NORMAL,MEDIUM,51.9,schedule_progress_gap_pct
618636,2026-06-01,0.9779,0.0003,48.1,MEDIUM,STABLE,0.1,NORMAL,MEDIUM,51.5,schedule_progress_gap_pct
618636,2026-07-01,0.9794,0.0003,48.1,MEDIUM,STABLE,0.0,NORMAL,MEDIUM,51.4,schedule_progress_gap_pct
618637,2026-04-01,0.9931,0.0044,54.9,HIGH,STABLE,0.0,NORMAL,HIGH,55.4,schedule_progress_gap_pct
618637,2026-05-01,0.9931,0.0044,54.9,HIGH,STABLE,0.0,NORMAL,HIGH,55.4,schedule_progress_gap_pct
618637,2026-06-01,0.9938,0.0078,55.0,HIGH,STABLE,0.1,NORMAL,HIGH,55.6,schedule_progress_gap_pct
618637,2026-07-01,0.994,0.0192,58.7,HIGH,STABLE,3.7,UNUSUAL,HIGH,61.0,schedule_progress_gap_pct
618638,2026-04-01,0.9946,0.0278,55.8,HIGH,STABLE,0.0,NORMAL,HIGH,57.0,schedule_progress_gap_pct
618638,2026-05-01,0.9946,0.0278,55.8,HIGH,STABLE,0.0,NORMAL,HIGH,57.0,schedule_progress_gap_pct
618639,2026-04-01,0.9913,0.0115,55.1,HIGH,STABLE,0.0,NORMAL,HIGH,55.9,schedule_progress_gap_pct
618639,2026-05-01,0.9913,0.0033,54.8,HIGH,STABLE,-0.3,NORMAL,HIGH,55.5,schedule_progress_gap_pct
618639,2026-06-01,0.9923,0.0048,54.9,HIGH,STABLE,0.1,NORMAL,HIGH,55.9,schedule_progress_gap_pct
618639,2026-07-01,0.9926,0.0048,54.9,HIGH,STABLE,0.0,NORMAL,HIGH,55.8,schedule_progress_gap_pct
618640,2026-04-01,0.0234,0.008,5.4,LOW,STABLE,0.0,NORMAL,MEDIUM,31.8,schedule_progress_gap_pct
618640,2026-05-01,0.0241,0.008,5.9,LOW,STABLE,0.5,NORMAL,MEDIUM,32.5,schedule_progress_gap_pct
618640,2026-06-01,0.0289,0.0078,5.4,LOW,STABLE,-0.5,NORMAL,MEDIUM,31.3,schedule_progress_gap_pct
618640,2026-07-01,0.0299,0.007,6.0,LOW,STABLE,0.6,NORMAL,MEDIUM,32.7,schedule_progress_gap_pct
618641,2026-04-01,0.0079,0.0012,2.5,LOW,STABLE,0.0,NORMAL,LOW,28.5,schedule_progress_gap_pct
618641,2026-05-01,0.008,0.013,4.0,LOW,STABLE,1.5,NORMAL,MEDIUM,30.7,schedule_progress_gap_pct
618641,2026-06-01,0.0096,0.0148,10.7,LOW,MODERATE_RISE,6.7,ANOMALOUS,MEDIUM,39.3,schedule_progress_gap_pct
618641,2026-07-01,0.0103,0.0084,3.9,LOW,DE_ESCALATING,-6.8,NORMAL,LOW,22.4,schedule_progress_gap_pct
618642,2026-04-01,0.9914,0.0116,55.1,HIGH,STABLE,0.0,NORMAL,HIGH,56.0,schedule_progress_gap_pct
618642,2026-05-01,0.9915,0.0057,54.9,HIGH,STABLE,-0.2,NORMAL,HIGH,55.7,schedule_progress_gap_pct
618642,2026-06-01,0.9928,0.0153,61.8,HIGH,MODERATE_RISE,6.9,ANOMALOUS,HIGH,66.2,schedule_progress_gap_pct
618642,2026-07-01,0.993,0.0166,58.6,HIGH,STABLE,-3.2,UNUSUAL,MEDIUM,54.5,schedule_progress_gap_pct
618644,2026-04-01,0.9888,0.0029,54.7,HIGH,STABLE,0.0,NORMAL,MEDIUM,54.3,schedule_progress_gap_pct
618644,2026-05-01,0.9892,0.0029,54.7,HIGH,STABLE,0.0,NORMAL,MEDIUM,54.3,schedule_progress_gap_pct
618644,2026-06-01,0.9904,0.0226,55.4,HIGH,STABLE,0.7,NORMAL,HIGH,55.3,schedule_progress_gap_pct
618644,2026-07-01,0.9904,0.025,55.5,HIGH,STABLE,0.1,NORMAL,MEDIUM,54.8,schedule_progress_gap_pct
618645,2026-04-01,0.9868,0.0008,54.5,HIGH,STABLE,0.0,NORMAL,MEDIUM,53.5,schedule_progress_gap_pct
618645,2026-05-01,0.9873,0.0004,54.5,HIGH,STABLE,0.0,NORMAL,MEDIUM,53.5,schedule_progress_gap_pct
618645,2026-06-01,0.9887,0.0018,54.6,HIGH,STABLE,0.1,NORMAL,MEDIUM,53.6,schedule_progress_gap_pct
618645,2026-07-01,0.9888,0.0018,54.6,HIGH,STABLE,0.0,NORMAL,MEDIUM,53.5,schedule_progress_gap_pct
618646,2026-05-01,0.0059,0.0019,1.1,LOW,STABLE,0.0,NORMAL,MEDIUM,30.8,schedule_progress_gap_pct
618646,2026-06-01,0.0065,0.0018,2.0,LOW,STABLE,0.9,NORMAL,MEDIUM,32.2,schedule_progress_gap_pct
618646,2026-07-01,0.0065,0.0019,2.8,LOW,STABLE,0.8,NORMAL,MEDIUM,32.5,schedule_progress_gap_pct
618647,2026-04-01,0.9863,0.0052,53.9,HIGH,STABLE,0.0,NORMAL,MEDIUM,52.8,schedule_progress_gap_pct
618647,2026-05-01,0.9866,0.0044,54.6,HIGH,STABLE,0.7,NORMAL,MEDIUM,53.9,schedule_progress_gap_pct
618647,2026-06-01,0.9881,0.0121,54.9,HIGH,STABLE,0.3,NORMAL,MEDIUM,53.6,schedule_progress_gap_pct
618647,2026-07-01,0.9882,0.0119,54.9,HIGH,STABLE,0.0,NORMAL,MEDIUM,53.3,schedule_progress_gap_pct
618648,2026-06-01,0.0085,0.0066,3.3,LOW,STABLE,0.0,NORMAL,LOW,29.1,schedule_progress_gap_pct
618648,2026-07-01,0.0088,0.0061,3.8,LOW,STABLE,0.5,NORMAL,LOW,29.9,schedule_progress_gap_pct
618649,2026-04-01,0.9758,0.0026,46.6,MEDIUM,STABLE,0.0,NORMAL,MEDIUM,50.3,schedule_progress_gap_pct
618649,2026-05-01,0.9777,0.0026,46.3,MEDIUM,STABLE,-0.3,NORMAL,MEDIUM,49.8,schedule_progress_gap_pct
618649,2026-06-01,0.9807,0.0028,46.9,MEDIUM,STABLE,0.6,NORMAL,MEDIUM,51.0,schedule_progress_gap_pct
618649,2026-07-01,0.9809,0.0018,48.1,MEDIUM,STABLE,1.2,NORMAL,MEDIUM,52.2,schedule_progress_gap_pct
618650,2026-04-01,0.9637,0.0003,47.8,MEDIUM,STABLE,0.0,NORMAL,MEDIUM,51.2,schedule_progress_gap_pct
618650,2026-05-01,0.9645,0.0032,48.8,MEDIUM,STABLE,1.0,NORMAL,MEDIUM,52.7,schedule_progress_gap_pct
618650,2026-06-01,0.9696,0.0012,56.2,HIGH,MODERATE_RISE,7.4,ANOMALOUS,HIGH,62.8,schedule_progress_gap_pct
618650,2026-07-01,0.9706,0.0025,50.3,HIGH,DE_ESCALATING,-5.9,NORMAL,MEDIUM,46.6,schedule_progress_gap_pct
618651,2026-04-01,0.974,0.0018,43.3,MEDIUM,STABLE,0.0,NORMAL,MEDIUM,49.1,schedule_progress_gap_pct
618651,2026-05-01,0.9765,0.0116,43.0,MEDIUM,STABLE,-0.3,NORMAL,MEDIUM,48.7,schedule_progress_gap_pct
618651,2026-06-01,0.9791,0.0038,44.2,MEDIUM,STABLE,1.2,NORMAL,MEDIUM,50.8,schedule_progress_gap_pct
618651,2026-07-01,0.9819,0.0139,43.0,MEDIUM,STABLE,-1.2,NORMAL,MEDIUM,47.8,schedule_progress_gap_pct
618652,2026-04-01,0.9946,0.0356,59.3,HIGH,STABLE,0.0,UNUSUAL,HIGH,56.6,schedule_progress_gap_pct
618652,2026-05-01,0.9947,0.0289,59.1,HIGH,STABLE,-0.2,UNUSUAL,HIGH,56.3,schedule_progress_gap_pct
618653,2026-04-01,0.9956,0.0356,66.1,HIGH,STABLE,0.0,REQUIRES_VERIFICATION,HIGH,60.0,schedule_progress_gap_pct
618653,2026-05-01,0.9956,0.0324,59.3,HIGH,DE_ESCALATING,-6.8,UNUSUAL,MEDIUM,49.8,schedule_progress_gap_pct
618653,2026-06-01,0.9963,0.8914,96.0,CRITICAL,RAPID_ESCALATION,36.7,REQUIRES_VERIFICATION,CRITICAL_INTERVENTION,85.0,schedule_progress_gap_pct
618653,2026-07-01,0.9963,0.9689,92.1,CRITICAL,STABLE,-3.9,UNUSUAL,HIGH,69.1,schedule_progress_gap_pct
618654,2026-04-01,0.9841,0.0007,54.4,HIGH,STABLE,0.0,NORMAL,MEDIUM,51.1,schedule_progress_gap_pct
618654,2026-05-01,0.9853,0.0004,54.4,HIGH,STABLE,0.0,NORMAL,MEDIUM,51.1,schedule_progress_gap_pct
618654,2026-06-01,0.9867,0.0004,54.5,HIGH,STABLE,0.1,NORMAL,MEDIUM,51.3,schedule_progress_gap_pct
618654,2026-07-01,0.9868,0.0058,54.7,HIGH,STABLE,0.2,NORMAL,MEDIUM,51.5,schedule_progress_gap_pct
618655,2026-04-01,0.0328,0.0541,3.2,LOW,STABLE,0.0,NORMAL,LOW,22.2,schedule_progress_gap_pct
618655,2026-05-01,0.0371,0.0856,4.5,LOW,STABLE,1.3,NORMAL,LOW,24.1,schedule_progress_gap_pct
618655,2026-06-01,0.0433,0.0607,3.9,LOW,STABLE,-0.6,NORMAL,LOW,21.9,schedule_progress_gap_pct
618655,2026-07-01,0.0439,0.0202,2.5,LOW,STABLE,-1.4,NORMAL,LOW,20.4,schedule_progress_gap_pct
618661,2026-04-01,0.0094,0.0008,3.9,LOW,STABLE,0.0,NORMAL,LOW,28.3,schedule_progress_gap_pct
618661,2026-05-01,0.0098,0.0007,4.5,LOW,STABLE,0.6,NORMAL,LOW,29.2,schedule_progress_gap_pct
618661,2026-06-01,0.0119,0.0027,7.4,LOW,STABLE,2.9,UNUSUAL,MEDIUM,32.9,schedule_progress_gap_pct
618661,2026-07-01,0.0125,0.0068,4.6,LOW,STABLE,-2.8,NORMAL,LOW,25.8,schedule_progress_gap_pct
618662,2026-04-01,0.0083,0.0008,1.1,LOW,STABLE,0.0,NORMAL,LOW,26.7,schedule_progress_gap_pct
618662,2026-05-01,0.0089,0.0052,1.2,LOW,STABLE,0.1,NORMAL,LOW,26.8,schedule_progress_gap_pct
618662,2026-06-01,0.0106,0.0067,4.4,LOW,STABLE,3.2,UNUSUAL,MEDIUM,31.5,schedule_progress_gap_pct
618662,2026-07-01,0.0108,0.0067,2.0,LOW,STABLE,-2.4,NORMAL,LOW,24.7,schedule_progress_gap_pct
618663,2026-04-01,0.987,0.0027,49.5,MEDIUM,STABLE,0.0,NORMAL,MEDIUM,51.0,schedule_progress_gap_pct
618663,2026-05-01,0.9883,0.0014,49.6,MEDIUM,STABLE,0.1,NORMAL,MEDIUM,51.1,schedule_progress_gap_pct
618663,2026-06-01,0.9898,0.0034,50.2,HIGH,STABLE,0.6,NORMAL,MEDIUM,51.9,schedule_progress_gap_pct
618663,2026-07-01,0.9899,0.0014,51.3,HIGH,STABLE,1.1,NORMAL,MEDIUM,53.0,schedule_progress_gap_pct
618664,2026-04-01,0.9901,0.0179,55.2,HIGH,STABLE,0.0,NORMAL,MEDIUM,51.5,schedule_progress_gap_pct
618664,2026-05-01,0.991,0.0011,54.7,HIGH,STABLE,-0.5,NORMAL,MEDIUM,50.8,schedule_progress_gap_pct
618664,2026-06-01,0.9919,0.0194,55.4,HIGH,STABLE,0.7,NORMAL,MEDIUM,52.3,schedule_progress_gap_pct
618664,2026-07-01,0.9921,0.0011,54.7,HIGH,STABLE,-0.7,NORMAL,MEDIUM,50.6,schedule_progress_gap_pct
618665,2026-04-01,0.9919,0.028,55.7,HIGH,STABLE,0.0,NORMAL,MEDIUM,53.2,schedule_progress_gap_pct
618665,2026-05-01,0.992,0.0321,55.8,HIGH,STABLE,0.1,NORMAL,MEDIUM,53.4,schedule_progress_gap_pct
618666,2026-04-01,0.0325,0.0364,2.6,LOW,STABLE,0.0,NORMAL,LOW,26.3,schedule_progress_gap_pct
618666,2026-05-01,0.0354,0.0692,3.8,LOW,STABLE,1.2,NORMAL,LOW,28.1,schedule_progress_gap_pct
618666,2026-06-01,0.0404,0.026,2.5,LOW,STABLE,-1.3,NORMAL,LOW,25.0,schedule_progress_gap_pct
618666,2026-07-01,0.0428,0.0269,2.7,LOW,STABLE,0.2,NORMAL,LOW,26.6,schedule_progress_gap_pct
618667,2026-04-01,0.0113,0.0022,1.8,LOW,STABLE,0.0,NORMAL,LOW,27.1,schedule_progress_gap_pct
618667,2026-05-01,0.0125,0.0047,1.1,LOW,STABLE,-0.7,NORMAL,LOW,26.1,schedule_progress_gap_pct
618667,2026-06-01,0.0154,0.0022,0.7,LOW,STABLE,-0.4,NORMAL,LOW,26.2,schedule_progress_gap_pct
618667,2026-07-01,0.0163,0.0049,0.8,LOW,STABLE,0.1,NORMAL,LOW,26.7,schedule_progress_gap_pct
618668,2026-04-01,0.0117,0.0141,4.3,LOW,STABLE,0.0,UNUSUAL,LOW,28.4,schedule_progress_gap_pct
618668,2026-05-01,0.0121,0.0117,0.9,LOW,STABLE,-3.4,NORMAL,LOW,23.3,schedule_progress_gap_pct
618668,2026-06-01,0.016,0.0376,5.3,LOW,STABLE,4.4,UNUSUAL,MEDIUM,33.3,schedule_progress_gap_pct
618668,2026-07-01,0.0172,0.0376,2.0,LOW,STABLE,-3.3,NORMAL,LOW,23.9,schedule_progress_gap_pct
618669,2026-04-01,0.0177,0.0071,3.3,LOW,STABLE,0.0,NORMAL,LOW,29.6,schedule_progress_gap_pct
618669,2026-05-01,0.0187,0.0133,3.7,LOW,STABLE,0.4,NORMAL,MEDIUM,30.2,schedule_progress_gap_pct
618669,2026-06-01,0.023,0.0261,7.1,LOW,STABLE,3.4,UNUSUAL,MEDIUM,34.9,schedule_progress_gap_pct
618669,2026-07-01,0.0238,0.0163,4.2,LOW,STABLE,-2.9,NORMAL,LOW,27.1,schedule_progress_gap_pct
618671,2026-04-01,0.0092,0.0008,3.8,LOW,STABLE,0.0,NORMAL,LOW,26.4,schedule_progress_gap_pct
618671,2026-05-01,0.0098,0.0007,4.1,LOW,STABLE,0.3,NORMAL,LOW,26.9,schedule_progress_gap_pct
618671,2026-06-01,0.0114,0.001,4.3,LOW,STABLE,0.2,NORMAL,LOW,26.9,schedule_progress_gap_pct
618671,2026-07-01,0.0118,0.0055,5.0,LOW,STABLE,0.7,NORMAL,LOW,27.7,schedule_progress_gap_pct
618672,2026-04-01,0.012,0.0125,0.9,LOW,STABLE,0.0,NORMAL,LOW,26.3,schedule_progress_gap_pct
618672,2026-05-01,0.013,0.0526,2.4,LOW,STABLE,1.5,NORMAL,LOW,28.6,schedule_progress_gap_pct
618672,2026-06-01,0.0151,0.0108,1.0,LOW,STABLE,-1.4,NORMAL,LOW,25.0,schedule_progress_gap_pct
618672,2026-07-01,0.0156,0.0095,1.0,LOW,STABLE,0.0,NORMAL,LOW,26.4,schedule_progress_gap_pct
618673,2026-04-01,0.9914,0.0002,54.7,HIGH,STABLE,0.0,NORMAL,MEDIUM,54.7,schedule_progress_gap_pct
618673,2026-05-01,0.9915,0.0003,54.7,HIGH,STABLE,0.0,NORMAL,MEDIUM,54.7,schedule_progress_gap_pct
618673,2026-06-01,0.9925,0.0178,55.3,HIGH,STABLE,0.6,NORMAL,HIGH,55.6,schedule_progress_gap_pct
618673,2026-07-01,0.9925,0.0279,55.7,HIGH,STABLE,0.4,NORMAL,HIGH,55.6,schedule_progress_gap_pct
618674,2026-04-01,0.9906,0.046,56.2,HIGH,STABLE,0.0,NORMAL,HIGH,55.7,schedule_progress_gap_pct
618674,2026-05-01,0.9908,0.0211,55.4,HIGH,STABLE,-0.8,NORMAL,MEDIUM,54.5,schedule_progress_gap_pct
618674,2026-06-01,0.9917,0.0251,55.5,HIGH,STABLE,0.1,NORMAL,HIGH,55.4,schedule_progress_gap_pct
618674,2026-07-01,0.9918,0.0245,55.5,HIGH,STABLE,0.0,NORMAL,HIGH,55.3,schedule_progress_gap_pct
618675,2026-04-01,0.9834,0.0045,54.5,HIGH,STABLE,0.0,NORMAL,MEDIUM,54.4,schedule_progress_gap_pct
618675,2026-05-01,0.9838,0.0049,54.5,HIGH,STABLE,0.0,NORMAL,MEDIUM,54.4,schedule_progress_gap_pct
618675,2026-06-01,0.9857,0.0004,54.4,HIGH,STABLE,-0.1,NORMAL,MEDIUM,54.3,schedule_progress_gap_pct
618675,2026-07-01,0.9865,0.0066,54.7,HIGH,STABLE,0.3,NORMAL,MEDIUM,54.8,schedule_progress_gap_pct
618676,2026-04-01,0.9912,0.0319,55.8,HIGH,STABLE,0.0,NORMAL,MEDIUM,51.5,schedule_progress_gap_pct
618676,2026-05-01,0.9912,0.0323,55.8,HIGH,STABLE,0.0,NORMAL,MEDIUM,51.5,schedule_progress_gap_pct
618677,2026-04-01,0.9914,0.0121,55.1,HIGH,STABLE,0.0,NORMAL,HIGH,55.3,schedule_progress_gap_pct
618677,2026-05-01,0.9919,0.0154,55.2,HIGH,STABLE,0.1,NORMAL,HIGH,55.4,schedule_progress_gap_pct
618677,2026-06-01,0.9928,0.0127,55.2,HIGH,STABLE,0.0,NORMAL,HIGH,55.3,schedule_progress_gap_pct
618677,2026-07-01,0.9929,0.0127,55.2,HIGH,STABLE,0.0,NORMAL,HIGH,55.3,schedule_progress_gap_pct
618678,2026-04-01,0.992,0.0277,59.0,HIGH,STABLE,0.0,UNUSUAL,HIGH,56.5,schedule_progress_gap_pct
618678,2026-05-01,0.9921,0.0228,55.5,HIGH,STABLE,-3.5,NORMAL,MEDIUM,51.3,schedule_progress_gap_pct
618678,2026-06-01,0.993,0.0297,62.4,HIGH,MODERATE_RISE,6.9,ANOMALOUS,HIGH,65.1,schedule_progress_gap_pct
618678,2026-07-01,0.9931,0.021,58.8,HIGH,STABLE,-3.6,UNUSUAL,MEDIUM,52.8,schedule_progress_gap_pct
618680,2026-04-01,0.9913,0.0067,54.9,HIGH,STABLE,0.0,NORMAL,HIGH,55.1,schedule_progress_gap_pct
618680,2026-05-01,0.9917,0.0158,55.2,HIGH,STABLE,0.3,NORMAL,HIGH,55.5,schedule_progress_gap_pct
618680,2026-06-01,0.9925,0.0065,54.9,HIGH,STABLE,-0.3,NORMAL,MEDIUM,54.8,schedule_progress_gap_pct
618680,2026-07-01,0.9926,0.0173,55.3,HIGH,STABLE,0.4,NORMAL,HIGH,55.7,schedule_progress_gap_pct
618681,2026-04-01,0.9906,0.0155,55.2,HIGH,STABLE,0.0,NORMAL,MEDIUM,54.5,schedule_progress_gap_pct
618681,2026-05-01,0.9911,0.0196,55.3,HIGH,STABLE,0.1,NORMAL,MEDIUM,54.7,schedule_progress_gap_pct
618681,2026-06-01,0.992,0.0158,55.2,HIGH,STABLE,-0.1,NORMAL,MEDIUM,54.4,schedule_progress_gap_pct
618681,2026-07-01,0.9921,0.0111,55.1,HIGH,STABLE,-0.1,NORMAL,MEDIUM,54.4,schedule_progress_gap_pct
618682,2026-04-01,0.9925,0.0274,55.7,HIGH,STABLE,0.0,NORMAL,MEDIUM,54.4,schedule_progress_gap_pct
618682,2026-05-01,0.9925,0.026,55.6,HIGH,STABLE,-0.1,NORMAL,MEDIUM,54.3,schedule_progress_gap_pct
618682,2026-06-01,0.9933,0.0294,59.1,HIGH,STABLE,3.5,UNUSUAL,HIGH,59.6,schedule_progress_gap_pct
618682,2026-07-01,0.9933,0.0282,55.7,HIGH,STABLE,-3.4,NORMAL,MEDIUM,51.0,schedule_progress_gap_pct
618684,2026-04-01,0.9855,0.0071,48.6,MEDIUM,STABLE,0.0,NORMAL,MEDIUM,50.2,schedule_progress_gap_pct
618684,2026-05-01,0.9863,0.0047,49.4,MEDIUM,STABLE,0.8,NORMAL,MEDIUM,51.4,schedule_progress_gap_pct
618684,2026-06-01,0.9876,0.0061,50.8,HIGH,STABLE,1.4,NORMAL,MEDIUM,52.7,schedule_progress_gap_pct
618684,2026-07-01,0.9882,0.0049,51.1,HIGH,STABLE,0.3,NORMAL,MEDIUM,51.8,schedule_progress_gap_pct
618685,2026-04-01,0.9855,0.0115,48.0,MEDIUM,STABLE,0.0,NORMAL,MEDIUM,49.9,schedule_progress_gap_pct
618685,2026-05-01,0.9866,0.0058,48.2,MEDIUM,STABLE,0.2,NORMAL,MEDIUM,50.2,schedule_progress_gap_pct
618685,2026-06-01,0.9881,0.0027,49.5,MEDIUM,STABLE,1.3,NORMAL,MEDIUM,51.9,schedule_progress_gap_pct
618685,2026-07-01,0.9881,0.0027,50.7,HIGH,STABLE,1.2,NORMAL,MEDIUM,52.4,schedule_progress_gap_pct
618686,2026-04-01,0.9855,0.0114,48.3,MEDIUM,STABLE,0.0,NORMAL,MEDIUM,48.6,schedule_progress_gap_pct
618686,2026-05-01,0.9861,0.0113,49.5,MEDIUM,STABLE,1.2,NORMAL,MEDIUM,50.4,schedule_progress_gap_pct
618686,2026-06-01,0.988,0.0035,49.5,MEDIUM,STABLE,0.0,NORMAL,MEDIUM,49.2,schedule_progress_gap_pct
618686,2026-07-01,0.9881,0.0023,50.7,HIGH,STABLE,1.2,NORMAL,MEDIUM,51.0,schedule_progress_gap_pct
618687,2026-04-01,0.9896,0.0025,54.7,HIGH,STABLE,0.0,NORMAL,MEDIUM,52.1,schedule_progress_gap_pct
618687,2026-05-01,0.9899,0.0025,54.7,HIGH,STABLE,0.0,NORMAL,MEDIUM,52.1,schedule_progress_gap_pct
618687,2026-06-01,0.9911,0.0054,54.8,HIGH,STABLE,0.1,NORMAL,MEDIUM,52.2,schedule_progress_gap_pct
618687,2026-07-01,0.9911,0.0024,54.7,HIGH,STABLE,-0.1,NORMAL,MEDIUM,52.0,schedule_progress_gap_pct
618688,2026-04-01,0.0122,0.0019,0.6,LOW,STABLE,0.0,NORMAL,LOW,25.7,schedule_progress_gap_pct
618688,2026-05-01,0.0126,0.0047,1.3,LOW,STABLE,0.7,NORMAL,LOW,26.8,schedule_progress_gap_pct
618688,2026-06-01,0.0146,0.0019,1.6,LOW,STABLE,0.3,NORMAL,LOW,26.5,schedule_progress_gap_pct
618688,2026-07-01,0.0151,0.0019,2.2,LOW,STABLE,0.6,NORMAL,LOW,27.1,schedule_progress_gap_pct
618690,2026-04-01,0.0114,0.0143,12.5,LOW,STABLE,0.0,NORMAL,MEDIUM,34.3,schedule_progress_gap_pct
618690,2026-05-01,0.0116,0.0104,13.3,LOW,STABLE,0.8,NORMAL,MEDIUM,35.5,schedule_progress_gap_pct
618690,2026-06-01,0.0133,0.0161,14.0,LOW,STABLE,0.7,NORMAL,MEDIUM,35.7,schedule_progress_gap_pct
618690,2026-07-01,0.0137,0.011,14.6,LOW,STABLE,0.6,NORMAL,MEDIUM,35.9,schedule_progress_gap_pct
618691,2026-04-01,0.0083,0.0008,8.1,LOW,STABLE,0.0,NORMAL,MEDIUM,30.0,schedule_progress_gap_pct
618691,2026-05-01,0.0088,0.0014,8.3,LOW,STABLE,0.2,NORMAL,MEDIUM,30.3,schedule_progress_gap_pct
618691,2026-06-01,0.01,0.0047,9.3,LOW,STABLE,1.0,NORMAL,MEDIUM,31.6,schedule_progress_gap_pct
618691,2026-07-01,0.0108,0.0009,9.0,LOW,STABLE,-0.3,NORMAL,MEDIUM,30.2,schedule_progress_gap_pct
618692,2026-04-01,0.9941,0.0361,56.0,HIGH,STABLE,0.0,NORMAL,MEDIUM,54.9,schedule_progress_gap_pct
618692,2026-05-01,0.9942,0.0325,55.9,HIGH,STABLE,-0.1,NORMAL,MEDIUM,54.8,schedule_progress_gap_pct
618692,2026-06-01,0.9951,0.8861,89.1,CRITICAL,RAPID_ESCALATION,33.2,UNUSUAL,CRITICAL_INTERVENTION,81.5,schedule_progress_gap_pct
618693,2026-04-01,0.9926,0.0299,55.8,HIGH,STABLE,0.0,NORMAL,HIGH,55.2,schedule_progress_gap_pct
618693,2026-05-01,0.9926,0.0548,56.6,HIGH,STABLE,0.8,NORMAL,HIGH,56.4,schedule_progress_gap_pct
618693,2026-06-01,0.9934,0.0442,56.3,HIGH,STABLE,-0.3,NORMAL,HIGH,55.1,schedule_progress_gap_pct
618693,2026-07-01,0.9934,0.0323,55.9,HIGH,STABLE,-0.4,NORMAL,MEDIUM,54.8,schedule_progress_gap_pct
618694,2026-04-01,0.9903,0.0032,54.7,HIGH,STABLE,0.0,NORMAL,MEDIUM,53.6,schedule_progress_gap_pct
618694,2026-05-01,0.9906,0.0003,54.6,HIGH,STABLE,-0.1,NORMAL,MEDIUM,53.5,schedule_progress_gap_pct
618694,2026-06-01,0.9919,0.011,61.7,HIGH,MODERATE_RISE,7.1,ANOMALOUS,HIGH,64.2,schedule_progress_gap_pct
618694,2026-07-01,0.9922,0.0174,55.3,HIGH,DE_ESCALATING,-6.4,NORMAL,MEDIUM,47.5,schedule_progress_gap_pct
618695,2026-04-01,0.9922,0.0083,55.0,HIGH,STABLE,0.0,NORMAL,MEDIUM,54.2,schedule_progress_gap_pct
618695,2026-05-01,0.9923,0.0065,54.9,HIGH,STABLE,-0.1,NORMAL,MEDIUM,54.0,schedule_progress_gap_pct
618697,2026-04-01,0.9752,0.0004,54.0,HIGH,STABLE,0.0,NORMAL,MEDIUM,51.6,schedule_progress_gap_pct
618697,2026-05-01,0.9756,0.0004,54.0,HIGH,STABLE,0.0,NORMAL,MEDIUM,51.6,schedule_progress_gap_pct
618697,2026-06-01,0.9788,0.0005,54.2,HIGH,STABLE,0.2,NORMAL,MEDIUM,51.9,schedule_progress_gap_pct
618697,2026-07-01,0.9792,0.0005,54.2,HIGH,STABLE,0.0,NORMAL,MEDIUM,51.7,schedule_progress_gap_pct
618698,2026-04-01,0.9926,0.0177,55.3,HIGH,STABLE,0.0,NORMAL,MEDIUM,54.4,schedule_progress_gap_pct
618698,2026-05-01,0.9926,0.0177,55.3,HIGH,STABLE,0.0,NORMAL,MEDIUM,54.4,schedule_progress_gap_pct
618700,2026-04-01,0.9923,0.0327,55.8,HIGH,STABLE,0.0,NORMAL,HIGH,56.3,schedule_progress_gap_pct
618700,2026-05-01,0.9926,0.024,55.5,HIGH,STABLE,-0.3,NORMAL,HIGH,55.9,schedule_progress_gap_pct
618700,2026-06-01,0.9934,0.0461,56.3,HIGH,STABLE,0.8,NORMAL,HIGH,57.4,schedule_progress_gap_pct
618700,2026-07-01,0.9934,0.0427,56.2,HIGH,STABLE,-0.1,NORMAL,HIGH,56.4,schedule_progress_gap_pct
618701,2026-04-01,0.9851,0.2069,61.6,HIGH,STABLE,0.0,NORMAL,MEDIUM,50.9,schedule_progress_gap_pct
618701,2026-05-01,0.9852,0.2069,61.6,HIGH,STABLE,0.0,NORMAL,MEDIUM,50.9,schedule_progress_gap_pct
618702,2026-04-01,0.9921,0.0059,61.5,HIGH,STABLE,0.0,ANOMALOUS,HIGH,58.8,schedule_progress_gap_pct
618702,2026-05-01,0.9925,0.0023,54.8,HIGH,DE_ESCALATING,-6.7,NORMAL,MEDIUM,48.7,schedule_progress_gap_pct
618702,2026-06-01,0.9932,0.0082,55.0,HIGH,STABLE,0.2,NORMAL,HIGH,55.7,schedule_progress_gap_pct
618702,2026-07-01,0.9934,0.0308,55.8,HIGH,STABLE,0.8,NORMAL,HIGH,56.7,schedule_progress_gap_pct
618704,2026-04-01,0.0389,0.123,5.9,LOW,STABLE,0.0,NORMAL,LOW,22.5,schedule_progress_gap_pct
618704,2026-05-01,0.0391,0.1082,8.7,LOW,STABLE,2.8,UNUSUAL,LOW,26.7,schedule_progress_gap_pct
618704,2026-06-01,0.043,0.1074,5.5,LOW,STABLE,-3.2,NORMAL,LOW,19.1,schedule_progress_gap_pct
618704,2026-07-01,0.0432,0.1051,5.4,LOW,STABLE,-0.1,NORMAL,LOW,22.2,schedule_progress_gap_pct
618705,2026-04-01,0.0085,0.0118,2.7,LOW,STABLE,0.0,NORMAL,LOW,27.5,schedule_progress_gap_pct
618705,2026-05-01,0.0086,0.0066,3.6,LOW,STABLE,0.9,NORMAL,LOW,28.8,schedule_progress_gap_pct
618705,2026-06-01,0.0099,0.0092,7.7,LOW,STABLE,4.1,UNUSUAL,MEDIUM,34.1,schedule_progress_gap_pct
618705,2026-07-01,0.0101,0.0053,5.1,LOW,STABLE,-2.6,NORMAL,LOW,26.1,schedule_progress_gap_pct
618706,2026-04-01,0.9926,0.0102,55.1,HIGH,STABLE,0.0,NORMAL,HIGH,58.2,schedule_progress_gap_pct
618706,2026-05-01,0.9927,0.0102,55.1,HIGH,STABLE,0.0,NORMAL,HIGH,58.2,schedule_progress_gap_pct
618706,2026-06-01,0.9957,0.7873,92.4,CRITICAL,RAPID_ESCALATION,37.3,REQUIRES_VERIFICATION,CRITICAL_INTERVENTION,86.8,schedule_progress_gap_pct
618706,2026-07-01,0.9958,0.9703,92.1,CRITICAL,STABLE,-0.3,UNUSUAL,CRITICAL_INTERVENTION,76.4,schedule_progress_gap_pct
618707,2026-04-01,0.0091,0.0007,5.7,LOW,STABLE,0.0,UNUSUAL,LOW,28.0,schedule_progress_gap_pct
618707,2026-05-01,0.9585,0.0005,41.1,MEDIUM,RAPID_ESCALATION,35.4,NORMAL,HIGH,55.7,schedule_progress_gap_pct
618707,2026-06-01,0.9618,0.0004,41.8,MEDIUM,STABLE,0.7,NORMAL,MEDIUM,46.7,schedule_progress_gap_pct
618707,2026-07-01,0.9635,0.0017,42.2,MEDIUM,STABLE,0.4,NORMAL,MEDIUM,46.6,schedule_progress_gap_pct
618708,2026-04-01,0.9799,0.004,54.3,HIGH,STABLE,0.0,NORMAL,MEDIUM,54.0,schedule_progress_gap_pct
618708,2026-05-01,0.9846,0.0089,54.7,HIGH,STABLE,0.4,NORMAL,MEDIUM,54.6,schedule_progress_gap_pct
618708,2026-06-01,0.9863,0.0047,54.6,HIGH,STABLE,-0.1,NORMAL,MEDIUM,54.0,schedule_progress_gap_pct
618708,2026-07-01,0.989,0.0142,55.1,HIGH,STABLE,0.5,NORMAL,MEDIUM,54.9,schedule_progress_gap_pct
618709,2026-04-01,0.9912,0.0055,54.8,HIGH,STABLE,0.0,NORMAL,MEDIUM,54.6,schedule_progress_gap_pct
618709,2026-05-01,0.9913,0.0035,54.8,HIGH,STABLE,0.0,NORMAL,MEDIUM,54.6,schedule_progress_gap_pct
618709,2026-06-01,0.9921,0.0033,54.8,HIGH,STABLE,0.0,NORMAL,MEDIUM,54.6,schedule_progress_gap_pct
618709,2026-07-01,0.9922,0.0205,55.4,HIGH,STABLE,0.6,NORMAL,HIGH,55.5,schedule_progress_gap_pct
618710,2026-04-01,0.9932,0.0416,56.2,HIGH,STABLE,0.0,NORMAL,HIGH,56.8,schedule_progress_gap_pct
618710,2026-05-01,0.9932,0.0406,56.2,HIGH,STABLE,0.0,NORMAL,HIGH,56.8,schedule_progress_gap_pct
618710,2026-06-01,0.9939,0.0353,56.0,HIGH,STABLE,-0.2,NORMAL,HIGH,56.5,schedule_progress_gap_pct
618710,2026-07-01,0.994,0.0353,56.0,HIGH,STABLE,0.0,NORMAL,HIGH,56.7,schedule_progress_gap_pct
618711,2026-04-01,0.9903,0.0109,55.0,HIGH,STABLE,0.0,NORMAL,MEDIUM,52.9,schedule_progress_gap_pct
618711,2026-05-01,0.9904,0.0103,55.0,HIGH,STABLE,0.0,NORMAL,MEDIUM,52.9,schedule_progress_gap_pct
618711,2026-06-01,0.9914,0.0103,55.0,HIGH,STABLE,0.0,NORMAL,MEDIUM,52.9,schedule_progress_gap_pct
618711,2026-07-01,0.9915,0.0103,55.0,HIGH,STABLE,0.0,NORMAL,MEDIUM,52.9,schedule_progress_gap_pct
618712,2026-04-01,0.9878,0.0084,46.7,MEDIUM,STABLE,0.0,NORMAL,MEDIUM,49.2,schedule_progress_gap_pct
618712,2026-05-01,0.9883,0.0059,47.5,MEDIUM,STABLE,0.8,NORMAL,MEDIUM,50.4,schedule_progress_gap_pct
618712,2026-06-01,0.9894,0.0056,48.7,MEDIUM,STABLE,1.2,NORMAL,MEDIUM,51.4,schedule_progress_gap_pct
618712,2026-07-01,0.9896,0.0067,49.7,MEDIUM,STABLE,1.0,NORMAL,MEDIUM,51.7,schedule_progress_gap_pct
618713,2026-04-01,0.9761,0.0045,54.2,HIGH,STABLE,0.0,NORMAL,MEDIUM,54.0,schedule_progress_gap_pct
618713,2026-05-01,0.9787,0.0047,54.3,HIGH,STABLE,0.1,NORMAL,MEDIUM,54.1,schedule_progress_gap_pct
618713,2026-06-01,0.9813,0.0047,54.4,HIGH,STABLE,0.1,NORMAL,MEDIUM,54.2,schedule_progress_gap_pct
618713,2026-07-01,0.982,0.0005,54.3,HIGH,STABLE,-0.1,NORMAL,MEDIUM,53.9,schedule_progress_gap_pct
618714,2026-04-01,0.9822,0.002,53.2,HIGH,STABLE,0.0,NORMAL,MEDIUM,53.6,schedule_progress_gap_pct
618714,2026-05-01,0.9833,0.0021,54.0,HIGH,STABLE,0.8,NORMAL,MEDIUM,54.8,schedule_progress_gap_pct
618714,2026-06-01,0.9853,0.0066,54.6,HIGH,STABLE,0.6,NORMAL,MEDIUM,54.9,schedule_progress_gap_pct
618714,2026-07-01,0.9858,0.0024,54.5,HIGH,STABLE,-0.1,NORMAL,MEDIUM,54.2,schedule_progress_gap_pct
618715,2026-04-01,0.9858,0.0044,49.8,MEDIUM,STABLE,0.0,NORMAL,MEDIUM,51.3,schedule_progress_gap_pct
618715,2026-05-01,0.9863,0.0025,50.5,HIGH,STABLE,0.7,NORMAL,MEDIUM,52.4,schedule_progress_gap_pct
618715,2026-06-01,0.9877,0.0049,51.8,HIGH,STABLE,1.3,NORMAL,MEDIUM,53.6,schedule_progress_gap_pct
618715,2026-07-01,0.9879,0.0061,52.8,HIGH,STABLE,1.0,NORMAL,MEDIUM,53.8,schedule_progress_gap_pct
618716,2026-04-01,0.9852,0.0046,48.9,MEDIUM,STABLE,0.0,NORMAL,MEDIUM,50.6,schedule_progress_gap_pct
618716,2026-05-01,0.986,0.0025,49.4,MEDIUM,STABLE,0.5,NORMAL,MEDIUM,51.4,schedule_progress_gap_pct
618716,2026-06-01,0.9876,0.0062,50.3,HIGH,STABLE,0.9,NORMAL,MEDIUM,52.2,schedule_progress_gap_pct
618716,2026-07-01,0.9877,0.0025,51.4,HIGH,STABLE,1.1,NORMAL,MEDIUM,53.0,schedule_progress_gap_pct
618717,2026-04-01,0.9871,0.0075,46.4,MEDIUM,STABLE,0.0,NORMAL,MEDIUM,48.4,schedule_progress_gap_pct
618717,2026-05-01,0.9878,0.0085,46.9,MEDIUM,STABLE,0.5,NORMAL,MEDIUM,49.2,schedule_progress_gap_pct
618717,2026-06-01,0.9892,0.0117,47.9,MEDIUM,STABLE,1.0,NORMAL,MEDIUM,50.2,schedule_progress_gap_pct
618717,2026-07-01,0.9894,0.0088,48.7,MEDIUM,STABLE,0.8,NORMAL,MEDIUM,50.4,schedule_progress_gap_pct
618718,2026-04-01,0.9713,0.0019,45.5,MEDIUM,STABLE,0.0,NORMAL,MEDIUM,49.3,schedule_progress_gap_pct
618718,2026-05-01,0.975,0.0033,45.3,MEDIUM,STABLE,-0.2,NORMAL,MEDIUM,49.0,schedule_progress_gap_pct
618718,2026-06-01,0.9791,0.0063,45.0,MEDIUM,STABLE,-0.3,NORMAL,MEDIUM,48.7,schedule_progress_gap_pct
618718,2026-07-01,0.9812,0.0035,44.2,MEDIUM,STABLE,-0.8,NORMAL,MEDIUM,47.8,schedule_progress_gap_pct
618719,2026-04-01,0.9816,0.002,54.3,HIGH,STABLE,0.0,NORMAL,MEDIUM,53.0,schedule_progress_gap_pct
618719,2026-05-01,0.9829,0.0161,54.9,HIGH,STABLE,0.6,NORMAL,MEDIUM,53.9,schedule_progress_gap_pct
618719,2026-06-01,0.9851,0.0067,54.6,HIGH,STABLE,-0.3,NORMAL,MEDIUM,52.9,schedule_progress_gap_pct
618719,2026-07-01,0.9862,0.0025,54.5,HIGH,STABLE,-0.1,NORMAL,MEDIUM,53.0,schedule_progress_gap_pct
618720,2026-04-01,0.9838,0.0023,51.0,HIGH,STABLE,0.0,NORMAL,MEDIUM,51.7,schedule_progress_gap_pct
618720,2026-05-01,0.9846,0.0118,51.9,HIGH,STABLE,0.9,NORMAL,MEDIUM,53.0,schedule_progress_gap_pct
618720,2026-06-01,0.9866,0.0138,52.6,HIGH,STABLE,0.7,NORMAL,MEDIUM,53.2,schedule_progress_gap_pct
618720,2026-07-01,0.9872,0.0077,52.6,HIGH,STABLE,0.0,NORMAL,MEDIUM,52.5,schedule_progress_gap_pct
618721,2026-04-01,0.9817,0.007,54.4,HIGH,STABLE,0.0,NORMAL,MEDIUM,54.3,schedule_progress_gap_pct
618721,2026-05-01,0.9827,0.0071,54.6,HIGH,STABLE,0.2,NORMAL,MEDIUM,54.6,schedule_progress_gap_pct
618721,2026-06-01,0.9847,0.0057,54.6,HIGH,STABLE,0.0,NORMAL,MEDIUM,54.4,schedule_progress_gap_pct
618721,2026-07-01,0.9855,0.0057,54.6,HIGH,STABLE,0.0,NORMAL,MEDIUM,54.4,schedule_progress_gap_pct
618722,2026-04-01,0.9835,0.0242,55.2,HIGH,STABLE,0.0,NORMAL,HIGH,56.0,schedule_progress_gap_pct
618722,2026-05-01,0.9845,0.0242,55.2,HIGH,STABLE,0.0,NORMAL,HIGH,56.0,schedule_progress_gap_pct
618722,2026-06-01,0.9876,0.0164,55.1,HIGH,STABLE,-0.1,NORMAL,HIGH,55.8,schedule_progress_gap_pct
618722,2026-07-01,0.9878,0.011,54.9,HIGH,STABLE,-0.2,NORMAL,HIGH,55.6,schedule_progress_gap_pct
618723,2026-04-01,0.9851,0.0009,54.4,HIGH,STABLE,0.0,NORMAL,HIGH,55.0,schedule_progress_gap_pct
618723,2026-05-01,0.9861,0.0093,54.8,HIGH,STABLE,0.4,NORMAL,HIGH,55.6,schedule_progress_gap_pct
618723,2026-06-01,0.9877,0.0046,54.7,HIGH,STABLE,-0.1,NORMAL,HIGH,55.0,schedule_progress_gap_pct
618723,2026-07-01,0.9884,0.0125,55.0,HIGH,STABLE,0.3,NORMAL,HIGH,55.6,schedule_progress_gap_pct
618724,2026-04-01,0.0088,0.0009,7.0,LOW,STABLE,0.0,NORMAL,MEDIUM,31.6,schedule_progress_gap_pct
618724,2026-05-01,0.0096,0.0019,6.8,LOW,STABLE,-0.2,NORMAL,MEDIUM,31.3,schedule_progress_gap_pct
618724,2026-06-01,0.0113,0.0022,13.9,LOW,MODERATE_RISE,7.1,ANOMALOUS,MEDIUM,42.2,schedule_progress_gap_pct
618724,2026-07-01,0.0119,0.0022,7.7,LOW,DE_ESCALATING,-6.2,NORMAL,LOW,25.8,schedule_progress_gap_pct
618725,2026-04-01,0.0087,0.0007,6.0,LOW,STABLE,0.0,NORMAL,MEDIUM,31.5,schedule_progress_gap_pct
618725,2026-05-01,0.0093,0.0007,6.1,LOW,STABLE,0.1,NORMAL,MEDIUM,31.7,schedule_progress_gap_pct
618725,2026-06-01,0.0121,0.0072,11.4,LOW,MODERATE_RISE,5.3,ANOMALOUS,MEDIUM,39.5,schedule_progress_gap_pct
618725,2026-07-01,0.0124,0.0025,5.6,LOW,DE_ESCALATING,-5.8,NORMAL,LOW,25.5,schedule_progress_gap_pct
618726,2026-04-01,0.0098,0.0022,7.0,LOW,STABLE,0.0,UNUSUAL,MEDIUM,30.5,schedule_progress_gap_pct
618726,2026-05-01,0.011,0.0022,2.9,LOW,STABLE,-4.1,NORMAL,LOW,24.3,schedule_progress_gap_pct
618726,2026-06-01,0.0129,0.0068,3.1,LOW,STABLE,0.2,NORMAL,LOW,28.7,schedule_progress_gap_pct
618726,2026-07-01,0.0133,0.0068,4.0,LOW,STABLE,0.9,NORMAL,LOW,29.9,schedule_progress_gap_pct
618727,2026-04-01,0.0098,0.0021,6.4,LOW,STABLE,0.0,UNUSUAL,MEDIUM,31.0,schedule_progress_gap_pct
618727,2026-05-01,0.0105,0.0021,3.2,LOW,STABLE,-3.2,NORMAL,LOW,26.2,schedule_progress_gap_pct
618727,2026-06-01,0.012,0.0077,7.4,LOW,STABLE,4.2,UNUSUAL,MEDIUM,35.7,schedule_progress_gap_pct
618727,2026-07-01,0.0129,0.0067,4.1,LOW,STABLE,-3.3,NORMAL,LOW,26.6,schedule_progress_gap_pct
618728,2026-04-01,0.9698,0.0027,48.4,MEDIUM,STABLE,0.0,NORMAL,MEDIUM,51.7,schedule_progress_gap_pct
618728,2026-05-01,0.9712,0.0027,48.8,MEDIUM,STABLE,0.4,NORMAL,MEDIUM,52.3,schedule_progress_gap_pct
618728,2026-06-01,0.9754,0.0062,49.4,MEDIUM,STABLE,0.6,NORMAL,MEDIUM,52.8,schedule_progress_gap_pct
618728,2026-07-01,0.9764,0.008,50.0,HIGH,STABLE,0.6,NORMAL,MEDIUM,53.1,schedule_progress_gap_pct
618729,2026-07-01,0.0079,0.0116,0.7,LOW,STABLE,0.0,NORMAL,LOW,28.7,schedule_progress_gap_pct
618730,2026-05-01,0.0073,0.0015,0.3,LOW,STABLE,0.0,NORMAL,LOW,27.9,schedule_progress_gap_pct
618730,2026-06-01,0.0086,0.0067,4.0,LOW,STABLE,3.7,UNUSUAL,MEDIUM,33.5,schedule_progress_gap_pct
618730,2026-07-01,0.0089,0.018,8.4,LOW,STABLE,4.4,ANOMALOUS,MEDIUM,36.4,schedule_progress_gap_pct
618731,2026-07-01,0.0082,0.0116,0.7,LOW,STABLE,0.0,NORMAL,LOW,27.8,schedule_progress_gap_pct
618732,2026-05-01,0.0064,0.0062,0.5,LOW,STABLE,0.0,NORMAL,LOW,28.4,schedule_progress_gap_pct
618732,2026-06-01,0.0076,0.0117,4.1,LOW,STABLE,3.6,UNUSUAL,MEDIUM,33.8,schedule_progress_gap_pct
618732,2026-07-01,0.0077,0.007,1.9,LOW,STABLE,-2.2,NORMAL,LOW,26.9,schedule_progress_gap_pct
618733,2026-07-01,0.0082,0.0235,7.8,LOW,STABLE,0.0,ANOMALOUS,MEDIUM,31.6,schedule_progress_gap_pct
618734,2026-04-01,0.0091,0.0019,4.0,LOW,STABLE,0.0,NORMAL,LOW,28.7,schedule_progress_gap_pct
618734,2026-05-01,0.0097,0.0022,4.3,LOW,STABLE,0.3,NORMAL,LOW,29.2,schedule_progress_gap_pct
618734,2026-06-01,0.0113,0.0093,11.6,LOW,MODERATE_RISE,7.3,ANOMALOUS,MEDIUM,39.8,schedule_progress_gap_pct
618734,2026-07-01,0.0116,0.0026,5.6,LOW,DE_ESCALATING,-6.0,NORMAL,LOW,23.5,schedule_progress_gap_pct
618735,2026-04-01,0.9919,0.0101,55.0,HIGH,STABLE,0.0,NORMAL,MEDIUM,53.4,schedule_progress_gap_pct
618735,2026-05-01,0.9921,0.0101,55.0,HIGH,STABLE,0.0,NORMAL,MEDIUM,53.4,schedule_progress_gap_pct
618735,2026-06-01,0.993,0.0154,55.3,HIGH,STABLE,0.3,NORMAL,MEDIUM,53.8,schedule_progress_gap_pct
618735,2026-07-01,0.993,0.0109,55.1,HIGH,STABLE,-0.2,NORMAL,MEDIUM,53.2,schedule_progress_gap_pct
618736,2026-04-01,0.0164,0.0019,6.8,LOW,STABLE,0.0,NORMAL,LOW,29.4,schedule_progress_gap_pct
618736,2026-05-01,0.0168,0.0019,7.4,LOW,STABLE,0.6,NORMAL,MEDIUM,30.3,schedule_progress_gap_pct
618736,2026-06-01,0.0192,0.0081,8.0,LOW,STABLE,0.6,NORMAL,MEDIUM,30.6,schedule_progress_gap_pct
618736,2026-07-01,0.02,0.0026,8.0,LOW,STABLE,0.0,NORMAL,MEDIUM,30.0,schedule_progress_gap_pct
618737,2026-04-01,0.0088,0.0028,5.4,LOW,STABLE,0.0,NORMAL,LOW,24.7,schedule_progress_gap_pct
618737,2026-05-01,0.0088,0.0028,6.7,LOW,STABLE,1.3,NORMAL,LOW,26.7,schedule_progress_gap_pct
618737,2026-06-01,0.0097,0.0028,8.0,LOW,STABLE,1.3,NORMAL,LOW,27.3,schedule_progress_gap_pct
618737,2026-07-01,0.0098,0.0029,9.2,LOW,STABLE,1.2,NORMAL,LOW,27.8,schedule_progress_gap_pct
618738,2026-04-01,0.946,0.0051,55.0,HIGH,STABLE,0.0,UNUSUAL,HIGH,60.2,schedule_progress_gap_pct
618738,2026-05-01,0.9475,0.0051,55.3,HIGH,STABLE,0.3,UNUSUAL,HIGH,60.6,schedule_progress_gap_pct
618738,2026-06-01,0.9533,0.0052,55.9,HIGH,STABLE,0.6,UNUSUAL,HIGH,61.2,schedule_progress_gap_pct
618738,2026-07-01,0.954,0.0082,53.1,HIGH,STABLE,-2.8,NORMAL,HIGH,56.4,schedule_progress_gap_pct
618739,2026-04-01,0.9798,0.0092,54.5,HIGH,STABLE,0.0,NORMAL,MEDIUM,54.6,schedule_progress_gap_pct
618739,2026-05-01,0.9816,0.0205,55.0,HIGH,STABLE,0.5,NORMAL,HIGH,55.4,schedule_progress_gap_pct
618739,2026-06-01,0.9853,0.024,58.6,HIGH,STABLE,3.6,UNUSUAL,HIGH,60.3,schedule_progress_gap_pct
618739,2026-07-01,0.9856,0.0229,55.2,HIGH,STABLE,-3.4,NORMAL,MEDIUM,51.6,schedule_progress_gap_pct
618740,2026-04-01,0.979,0.0047,54.3,HIGH,STABLE,0.0,NORMAL,MEDIUM,54.8,schedule_progress_gap_pct
618740,2026-05-01,0.9799,0.007,54.4,HIGH,STABLE,0.1,NORMAL,MEDIUM,54.9,schedule_progress_gap_pct
618740,2026-06-01,0.984,0.0121,58.1,HIGH,STABLE,3.7,UNUSUAL,HIGH,60.4,schedule_progress_gap_pct
618740,2026-07-01,0.9843,0.0099,54.7,HIGH,STABLE,-3.4,NORMAL,MEDIUM,51.6,schedule_progress_gap_pct
618741,2026-04-01,0.9786,0.0076,54.4,HIGH,STABLE,0.0,NORMAL,HIGH,55.6,schedule_progress_gap_pct
618741,2026-05-01,0.9801,0.0184,54.8,HIGH,STABLE,0.4,NORMAL,HIGH,56.2,schedule_progress_gap_pct
618741,2026-06-01,0.9815,0.0232,65.1,HIGH,RAPID_ESCALATION,10.3,REQUIRES_VERIFICATION,HIGH,70.9,schedule_progress_gap_pct
618741,2026-07-01,0.9823,0.0265,55.2,HIGH,DE_ESCALATING,-9.9,NORMAL,MEDIUM,48.0,schedule_progress_gap_pct
618742,2026-04-01,0.008,0.0059,0.5,LOW,STABLE,0.0,NORMAL,LOW,26.8,schedule_progress_gap_pct
618742,2026-05-01,0.008,0.0021,1.6,LOW,STABLE,1.1,NORMAL,LOW,28.5,schedule_progress_gap_pct
618742,2026-06-01,0.0089,0.0006,6.0,LOW,STABLE,4.4,UNUSUAL,MEDIUM,34.0,schedule_progress_gap_pct
618742,2026-07-01,0.009,0.0058,4.1,LOW,STABLE,-1.9,NORMAL,LOW,26.7,schedule_progress_gap_pct
618744,2026-04-01,0.99,0.014,55.1,HIGH,STABLE,0.0,NORMAL,MEDIUM,54.0,schedule_progress_gap_pct
618744,2026-05-01,0.9901,0.0062,54.8,HIGH,STABLE,-0.3,NORMAL,MEDIUM,53.6,schedule_progress_gap_pct
618744,2026-06-01,0.991,0.0026,54.7,HIGH,STABLE,-0.1,NORMAL,MEDIUM,53.7,schedule_progress_gap_pct
618744,2026-07-01,0.9912,0.0072,54.9,HIGH,STABLE,0.2,NORMAL,MEDIUM,54.1,schedule_progress_gap_pct
618745,2026-04-01,0.9903,0.0115,55.0,HIGH,STABLE,0.0,NORMAL,MEDIUM,54.7,schedule_progress_gap_pct
618745,2026-05-01,0.9905,0.0109,55.0,HIGH,STABLE,0.0,NORMAL,MEDIUM,54.7,schedule_progress_gap_pct
618746,2026-04-01,0.991,0.02,58.6,HIGH,STABLE,0.0,UNUSUAL,MEDIUM,54.7,schedule_progress_gap_pct
618746,2026-05-01,0.9911,0.0111,55.0,HIGH,STABLE,-3.6,NORMAL,MEDIUM,49.3,schedule_progress_gap_pct
618746,2026-06-01,0.992,0.0151,55.2,HIGH,STABLE,0.2,NORMAL,MEDIUM,53.2,schedule_progress_gap_pct
618746,2026-07-01,0.9921,0.0281,55.7,HIGH,STABLE,0.5,NORMAL,MEDIUM,53.8,schedule_progress_gap_pct
618747,2026-04-01,0.9903,0.0103,55.0,HIGH,STABLE,0.0,NORMAL,MEDIUM,53.1,schedule_progress_gap_pct
618747,2026-05-01,0.9905,0.0103,55.0,HIGH,STABLE,0.0,NORMAL,MEDIUM,53.1,schedule_progress_gap_pct
618747,2026-06-01,0.9915,0.0222,55.4,HIGH,STABLE,0.4,NORMAL,MEDIUM,53.7,schedule_progress_gap_pct
618747,2026-07-01,0.9916,0.0269,55.6,HIGH,STABLE,0.2,NORMAL,MEDIUM,53.6,schedule_progress_gap_pct
618748,2026-04-01,0.991,0.0507,56.4,HIGH,STABLE,0.0,NORMAL,MEDIUM,52.4,schedule_progress_gap_pct
618748,2026-05-01,0.991,0.0528,56.5,HIGH,STABLE,0.1,NORMAL,MEDIUM,52.6,schedule_progress_gap_pct
618749,2026-04-01,0.9917,0.0305,55.7,HIGH,STABLE,0.0,NORMAL,MEDIUM,52.9,schedule_progress_gap_pct
618749,2026-05-01,0.9917,0.0394,56.0,HIGH,STABLE,0.3,NORMAL,MEDIUM,53.3,schedule_progress_gap_pct
618749,2026-06-01,0.9927,0.0669,63.6,HIGH,MODERATE_RISE,7.6,ANOMALOUS,HIGH,64.4,schedule_progress_gap_pct
618751,2026-04-01,0.9858,0.0023,54.5,HIGH,STABLE,0.0,NORMAL,MEDIUM,51.6,schedule_progress_gap_pct
618751,2026-05-01,0.9859,0.0004,54.5,HIGH,STABLE,0.0,NORMAL,MEDIUM,51.6,schedule_progress_gap_pct
618751,2026-06-01,0.9874,0.0004,54.5,HIGH,STABLE,0.0,NORMAL,MEDIUM,51.6,schedule_progress_gap_pct
618751,2026-07-01,0.9875,0.0004,54.5,HIGH,STABLE,0.0,NORMAL,MEDIUM,51.6,schedule_progress_gap_pct
618754,2026-04-01,0.0168,0.0045,3.3,LOW,STABLE,0.0,NORMAL,LOW,25.7,schedule_progress_gap_pct
618754,2026-05-01,0.0182,0.0045,3.1,LOW,STABLE,-0.2,NORMAL,LOW,25.4,schedule_progress_gap_pct
618754,2026-06-01,0.0209,0.0045,3.7,LOW,STABLE,0.6,NORMAL,LOW,26.5,schedule_progress_gap_pct
618754,2026-07-01,0.0217,0.0208,4.8,LOW,STABLE,1.1,NORMAL,LOW,27.5,schedule_progress_gap_pct
618755,2026-04-01,0.9887,0.0064,42.6,MEDIUM,STABLE,0.0,NORMAL,MEDIUM,41.1,schedule_progress_gap_pct
618755,2026-05-01,0.9888,0.0035,45.2,MEDIUM,STABLE,2.6,NORMAL,MEDIUM,45.0,schedule_progress_gap_pct
618756,2026-04-01,0.9931,0.0135,61.8,HIGH,STABLE,0.0,ANOMALOUS,HIGH,57.5,schedule_progress_gap_pct
618756,2026-05-01,0.9934,0.0098,55.1,HIGH,DE_ESCALATING,-6.7,NORMAL,MEDIUM,47.4,schedule_progress_gap_pct
618756,2026-06-01,0.9943,0.0664,63.7,HIGH,MODERATE_RISE,8.6,ANOMALOUS,HIGH,67.0,schedule_progress_gap_pct
618756,2026-07-01,0.9944,0.0267,55.7,HIGH,DE_ESCALATING,-8.0,NORMAL,MEDIUM,46.4,schedule_progress_gap_pct
618757,2026-04-01,0.9711,0.0032,54.0,HIGH,STABLE,0.0,NORMAL,HIGH,55.7,schedule_progress_gap_pct
618757,2026-05-01,0.9736,0.0012,54.0,HIGH,STABLE,0.0,NORMAL,HIGH,55.7,schedule_progress_gap_pct
618757,2026-06-01,0.976,0.0057,54.2,HIGH,STABLE,0.2,NORMAL,HIGH,56.0,schedule_progress_gap_pct
618757,2026-07-01,0.9761,0.003,54.1,HIGH,STABLE,-0.1,NORMAL,HIGH,55.6,schedule_progress_gap_pct
618758,2026-04-01,0.0134,0.0007,13.2,LOW,STABLE,0.0,NORMAL,MEDIUM,34.8,schedule_progress_gap_pct
618758,2026-05-01,0.014,0.0035,13.8,LOW,STABLE,0.6,NORMAL,MEDIUM,35.7,schedule_progress_gap_pct
618758,2026-06-01,0.0163,0.001,21.1,LOW,MODERATE_RISE,7.3,ANOMALOUS,MEDIUM,46.1,schedule_progress_gap_pct
618758,2026-07-01,0.0167,0.001,15.3,LOW,DE_ESCALATING,-5.8,NORMAL,MEDIUM,30.1,schedule_progress_gap_pct
618759,2026-04-01,0.9888,0.0035,51.3,HIGH,STABLE,0.0,NORMAL,MEDIUM,52.1,schedule_progress_gap_pct
618759,2026-05-01,0.9892,0.0031,52.5,HIGH,STABLE,1.2,NORMAL,MEDIUM,53.9,schedule_progress_gap_pct
618759,2026-06-01,0.9903,0.0249,54.6,HIGH,STABLE,2.1,NORMAL,HIGH,55.8,schedule_progress_gap_pct
618759,2026-07-01,0.9904,0.0304,55.7,HIGH,STABLE,1.1,NORMAL,HIGH,55.4,schedule_progress_gap_pct
618760,2026-04-01,0.9907,0.0509,56.4,HIGH,STABLE,0.0,NORMAL,MEDIUM,52.9,schedule_progress_gap_pct
618760,2026-05-01,0.9907,0.0509,56.4,HIGH,STABLE,0.0,NORMAL,MEDIUM,52.9,schedule_progress_gap_pct
618761,2026-04-01,0.9913,0.0163,55.2,HIGH,STABLE,0.0,NORMAL,MEDIUM,53.8,schedule_progress_gap_pct
618761,2026-05-01,0.9915,0.0152,55.2,HIGH,STABLE,0.0,NORMAL,MEDIUM,53.8,schedule_progress_gap_pct
618761,2026-06-01,0.9924,0.0151,55.2,HIGH,STABLE,0.0,NORMAL,MEDIUM,53.8,schedule_progress_gap_pct
618761,2026-07-01,0.9925,0.0134,55.2,HIGH,STABLE,0.0,NORMAL,MEDIUM,53.8,schedule_progress_gap_pct
618762,2026-04-01,0.9955,0.0255,62.3,HIGH,STABLE,0.0,ANOMALOUS,HIGH,57.2,schedule_progress_gap_pct
618762,2026-05-01,0.9956,0.0255,62.3,HIGH,STABLE,0.0,ANOMALOUS,HIGH,57.2,schedule_progress_gap_pct
618762,2026-06-01,0.9961,0.0178,65.5,HIGH,STABLE,3.2,REQUIRES_VERIFICATION,HIGH,62.0,schedule_progress_gap_pct
618762,2026-07-01,0.9962,0.011,61.8,HIGH,STABLE,-3.7,ANOMALOUS,MEDIUM,53.2,schedule_progress_gap_pct
618764,2026-04-01,0.9865,0.0079,54.7,HIGH,STABLE,0.0,NORMAL,MEDIUM,53.7,schedule_progress_gap_pct
618764,2026-05-01,0.9871,0.0015,54.5,HIGH,STABLE,-0.2,NORMAL,MEDIUM,53.4,schedule_progress_gap_pct
618764,2026-06-01,0.9885,0.0085,54.8,HIGH,STABLE,0.3,NORMAL,MEDIUM,54.0,schedule_progress_gap_pct
618764,2026-07-01,0.9886,0.0226,55.3,HIGH,STABLE,0.5,NORMAL,MEDIUM,54.5,schedule_progress_gap_pct
618765,2026-04-01,0.9883,0.0057,53.3,HIGH,STABLE,0.0,NORMAL,HIGH,55.6,schedule_progress_gap_pct
618765,2026-05-01,0.9884,0.0026,54.4,HIGH,STABLE,1.1,NORMAL,HIGH,57.2,schedule_progress_gap_pct
618765,2026-06-01,0.9899,0.0025,54.7,HIGH,STABLE,0.3,NORMAL,HIGH,56.6,schedule_progress_gap_pct
618765,2026-07-01,0.99,0.0027,54.7,HIGH,STABLE,0.0,NORMAL,HIGH,56.3,schedule_progress_gap_pct
618766,2026-04-01,0.0189,0.0097,5.2,LOW,STABLE,0.0,NORMAL,LOW,28.3,schedule_progress_gap_pct
618766,2026-05-01,0.0211,0.0256,4.9,LOW,STABLE,-0.3,NORMAL,LOW,27.8,schedule_progress_gap_pct
618766,2026-06-01,0.0229,0.0103,4.2,LOW,STABLE,-0.7,NORMAL,LOW,27.1,schedule_progress_gap_pct
618766,2026-07-01,0.023,0.0341,6.3,LOW,STABLE,2.1,NORMAL,MEDIUM,30.9,schedule_progress_gap_pct
618768,2026-04-01,0.9521,0.0065,39.6,MEDIUM,STABLE,0.0,NORMAL,MEDIUM,47.0,schedule_progress_gap_pct
618768,2026-05-01,0.9529,0.0067,44.0,MEDIUM,STABLE,4.4,UNUSUAL,MEDIUM,53.6,schedule_progress_gap_pct
618768,2026-06-01,0.9592,0.0204,52.3,HIGH,MODERATE_RISE,8.3,REQUIRES_VERIFICATION,HIGH,61.6,schedule_progress_gap_pct
618768,2026-07-01,0.9605,0.0068,42.5,MEDIUM,DE_ESCALATING,-9.8,NORMAL,MEDIUM,40.4,schedule_progress_gap_pct
618769,2026-04-01,0.0084,0.001,6.1,LOW,STABLE,0.0,NORMAL,MEDIUM,30.3,schedule_progress_gap_pct
618769,2026-05-01,0.0086,0.0016,7.0,LOW,STABLE,0.9,NORMAL,MEDIUM,31.6,schedule_progress_gap_pct
618769,2026-06-01,0.0099,0.0083,7.9,LOW,STABLE,0.9,NORMAL,MEDIUM,32.1,schedule_progress_gap_pct
618769,2026-07-01,0.0102,0.0039,8.3,LOW,STABLE,0.4,NORMAL,MEDIUM,31.8,schedule_progress_gap_pct
618770,2026-04-01,0.9874,0.0425,56.0,HIGH,STABLE,0.0,NORMAL,MEDIUM,51.9,schedule_progress_gap_pct
618770,2026-05-01,0.9874,0.0425,56.0,HIGH,STABLE,0.0,NORMAL,MEDIUM,51.9,schedule_progress_gap_pct
618771,2026-04-01,0.9893,0.0059,54.8,HIGH,STABLE,0.0,NORMAL,HIGH,55.9,schedule_progress_gap_pct
618771,2026-05-01,0.9893,0.0059,54.8,HIGH,STABLE,0.0,NORMAL,HIGH,55.9,schedule_progress_gap_pct
618772,2026-04-01,0.9883,0.0204,48.4,MEDIUM,STABLE,0.0,NORMAL,MEDIUM,49.2,schedule_progress_gap_pct
618772,2026-05-01,0.9887,0.0201,49.4,MEDIUM,STABLE,1.0,NORMAL,MEDIUM,50.7,schedule_progress_gap_pct
618772,2026-06-01,0.9899,0.0183,50.5,HIGH,STABLE,1.1,NORMAL,MEDIUM,51.3,schedule_progress_gap_pct
618772,2026-07-01,0.9901,0.0183,51.5,HIGH,STABLE,1.0,NORMAL,MEDIUM,51.7,schedule_progress_gap_pct
618774,2026-04-01,0.9928,0.044,56.3,HIGH,STABLE,0.0,NORMAL,MEDIUM,54.3,schedule_progress_gap_pct
618774,2026-05-01,0.9929,0.0381,56.0,HIGH,STABLE,-0.3,NORMAL,MEDIUM,53.9,schedule_progress_gap_pct
618775,2026-04-01,0.0119,0.0021,5.8,LOW,STABLE,0.0,NORMAL,LOW,23.9,schedule_progress_gap_pct
618775,2026-05-01,0.0128,0.0021,5.9,LOW,STABLE,0.1,NORMAL,LOW,24.0,schedule_progress_gap_pct
618775,2026-06-01,0.0149,0.0021,6.5,LOW,STABLE,0.6,NORMAL,LOW,24.8,schedule_progress_gap_pct
618775,2026-07-01,0.0152,0.0038,8.0,LOW,STABLE,1.5,NORMAL,LOW,26.5,schedule_progress_gap_pct
618776,2026-04-01,0.9886,0.04,55.9,HIGH,STABLE,0.0,NORMAL,MEDIUM,54.9,schedule_progress_gap_pct
618776,2026-05-01,0.989,0.0206,55.3,HIGH,STABLE,-0.6,NORMAL,MEDIUM,54.0,schedule_progress_gap_pct
618776,2026-06-01,0.9914,0.9153,93.3,CRITICAL,RAPID_ESCALATION,38.0,ANOMALOUS,CRITICAL_INTERVENTION,83.6,schedule_progress_gap_pct
618776,2026-07-01,0.9917,0.9562,88.1,CRITICAL,DE_ESCALATING,-5.2,NORMAL,HIGH,65.8,schedule_progress_gap_pct
618777,2026-04-01,0.9886,0.0039,46.0,MEDIUM,STABLE,0.0,NORMAL,MEDIUM,51.4,schedule_progress_gap_pct
618777,2026-05-01,0.9889,0.0027,47.1,MEDIUM,STABLE,1.1,NORMAL,MEDIUM,53.1,schedule_progress_gap_pct
618777,2026-06-01,0.9899,0.0027,48.4,MEDIUM,STABLE,1.3,NORMAL,MEDIUM,53.9,schedule_progress_gap_pct
618777,2026-07-01,0.9899,0.0125,49.9,MEDIUM,STABLE,1.5,NORMAL,MEDIUM,54.9,schedule_progress_gap_pct
618778,2026-04-01,0.9905,0.0157,55.2,HIGH,STABLE,0.0,NORMAL,HIGH,56.0,schedule_progress_gap_pct
618778,2026-05-01,0.9906,0.0125,55.1,HIGH,STABLE,-0.1,NORMAL,HIGH,55.9,schedule_progress_gap_pct
618778,2026-06-01,0.9915,0.0124,55.1,HIGH,STABLE,0.0,NORMAL,HIGH,56.0,schedule_progress_gap_pct
618778,2026-07-01,0.9916,0.0155,55.2,HIGH,STABLE,0.1,NORMAL,HIGH,56.1,schedule_progress_gap_pct
618779,2026-04-01,0.9917,0.0228,55.5,HIGH,STABLE,0.0,NORMAL,HIGH,55.4,schedule_progress_gap_pct
618779,2026-05-01,0.9918,0.0239,55.5,HIGH,STABLE,0.0,NORMAL,HIGH,55.4,schedule_progress_gap_pct
618782,2026-04-01,0.9824,0.0212,53.7,HIGH,STABLE,0.0,NORMAL,MEDIUM,54.2,schedule_progress_gap_pct
618782,2026-05-01,0.9838,0.0079,53.5,HIGH,STABLE,-0.2,NORMAL,MEDIUM,53.9,schedule_progress_gap_pct
618782,2026-06-01,0.9856,0.0138,54.7,HIGH,STABLE,1.2,NORMAL,HIGH,55.9,schedule_progress_gap_pct
618782,2026-07-01,0.9858,0.0177,55.1,HIGH,STABLE,0.4,NORMAL,HIGH,55.3,schedule_progress_gap_pct
618783,2026-04-01,0.9704,0.0004,53.8,HIGH,STABLE,0.0,NORMAL,MEDIUM,54.5,schedule_progress_gap_pct
618783,2026-05-01,0.9741,0.0053,54.1,HIGH,STABLE,0.3,NORMAL,MEDIUM,54.9,schedule_progress_gap_pct
618783,2026-06-01,0.9774,0.0005,54.1,HIGH,STABLE,0.0,NORMAL,MEDIUM,54.6,schedule_progress_gap_pct
618783,2026-07-01,0.978,0.0005,54.1,HIGH,STABLE,0.0,NORMAL,MEDIUM,54.6,schedule_progress_gap_pct
618784,2026-04-01,0.9888,0.0157,44.8,MEDIUM,STABLE,0.0,NORMAL,MEDIUM,45.0,schedule_progress_gap_pct
618784,2026-05-01,0.9888,0.0134,45.9,MEDIUM,STABLE,1.1,NORMAL,MEDIUM,46.6,schedule_progress_gap_pct
618784,2026-06-01,0.9891,0.008,47.0,MEDIUM,STABLE,1.1,NORMAL,MEDIUM,47.2,schedule_progress_gap_pct
618784,2026-07-01,0.9892,0.0082,48.3,MEDIUM,STABLE,1.3,NORMAL,MEDIUM,48.0,schedule_progress_gap_pct
618785,2026-04-01,0.9868,0.0028,54.6,HIGH,STABLE,0.0,NORMAL,MEDIUM,54.9,schedule_progress_gap_pct
618785,2026-05-01,0.9869,0.0148,55.0,HIGH,STABLE,0.4,NORMAL,HIGH,55.5,schedule_progress_gap_pct
618785,2026-06-01,0.989,0.0089,58.2,HIGH,STABLE,3.2,UNUSUAL,HIGH,59.9,schedule_progress_gap_pct
618785,2026-07-01,0.9891,0.0058,54.8,HIGH,STABLE,-3.4,NORMAL,MEDIUM,51.6,schedule_progress_gap_pct
618786,2026-04-01,0.9572,0.0051,50.5,HIGH,STABLE,0.0,NORMAL,MEDIUM,52.1,schedule_progress_gap_pct
618786,2026-05-01,0.959,0.0075,51.1,HIGH,STABLE,0.6,NORMAL,MEDIUM,53.0,schedule_progress_gap_pct
618786,2026-06-01,0.9658,0.0115,58.4,HIGH,MODERATE_RISE,7.3,ANOMALOUS,HIGH,63.3,schedule_progress_gap_pct
618786,2026-07-01,0.9661,0.0006,52.7,HIGH,DE_ESCALATING,-5.7,NORMAL,MEDIUM,47.5,schedule_progress_gap_pct
618787,2026-04-01,0.9906,0.0193,51.8,HIGH,STABLE,0.0,NORMAL,MEDIUM,53.2,schedule_progress_gap_pct
618787,2026-05-01,0.9906,0.0161,52.8,HIGH,STABLE,1.0,NORMAL,MEDIUM,54.7,schedule_progress_gap_pct
618787,2026-06-01,0.9918,0.0195,54.0,HIGH,STABLE,1.2,NORMAL,HIGH,55.5,schedule_progress_gap_pct
618787,2026-07-01,0.9919,0.0164,54.9,HIGH,STABLE,0.9,NORMAL,HIGH,55.7,schedule_progress_gap_pct
618788,2026-04-01,0.9875,0.0014,54.5,HIGH,STABLE,0.0,NORMAL,MEDIUM,53.2,schedule_progress_gap_pct
618788,2026-05-01,0.9876,0.001,54.5,HIGH,STABLE,0.0,NORMAL,MEDIUM,53.2,schedule_progress_gap_pct
618788,2026-06-01,0.9891,0.0016,54.6,HIGH,STABLE,0.1,NORMAL,MEDIUM,53.4,schedule_progress_gap_pct
618788,2026-07-01,0.9892,0.0016,54.6,HIGH,STABLE,0.0,NORMAL,MEDIUM,53.3,schedule_progress_gap_pct
618790,2026-04-01,0.9729,0.0093,44.9,MEDIUM,STABLE,0.0,NORMAL,MEDIUM,49.9,schedule_progress_gap_pct
618790,2026-05-01,0.9739,0.0046,45.0,MEDIUM,STABLE,0.1,NORMAL,MEDIUM,50.1,schedule_progress_gap_pct
618790,2026-06-01,0.978,0.014,52.4,HIGH,MODERATE_RISE,7.4,ANOMALOUS,HIGH,61.1,schedule_progress_gap_pct
618790,2026-07-01,0.979,0.0103,45.8,MEDIUM,DE_ESCALATING,-6.6,NORMAL,MEDIUM,43.8,schedule_progress_gap_pct
618791,2026-04-01,0.0101,0.0275,1.4,LOW,STABLE,0.0,NORMAL,LOW,28.4,schedule_progress_gap_pct
618791,2026-05-01,0.0109,0.0275,1.4,LOW,STABLE,0.0,NORMAL,LOW,28.4,schedule_progress_gap_pct
618791,2026-06-01,0.0135,0.0821,13.4,LOW,RAPID_ESCALATION,12.0,REQUIRES_VERIFICATION,MEDIUM,44.4,schedule_progress_gap_pct
618791,2026-07-01,0.0138,0.0169,1.1,LOW,DE_ESCALATING,-12.3,NORMAL,LOW,20.3,schedule_progress_gap_pct
618792,2026-04-01,0.9883,0.0009,44.7,MEDIUM,STABLE,0.0,NORMAL,MEDIUM,49.6,schedule_progress_gap_pct
618792,2026-05-01,0.9884,0.0017,45.9,MEDIUM,STABLE,1.2,NORMAL,MEDIUM,51.4,schedule_progress_gap_pct
618792,2026-06-01,0.9896,0.001,47.2,MEDIUM,STABLE,1.3,NORMAL,MEDIUM,52.1,schedule_progress_gap_pct
618792,2026-07-01,0.9897,0.001,48.5,MEDIUM,STABLE,1.3,NORMAL,MEDIUM,52.8,schedule_progress_gap_pct
618793,2026-04-01,0.981,0.0008,51.3,HIGH,STABLE,0.0,NORMAL,MEDIUM,53.1,schedule_progress_gap_pct
618793,2026-05-01,0.9812,0.0008,52.5,HIGH,STABLE,1.2,NORMAL,MEDIUM,54.9,schedule_progress_gap_pct
618793,2026-06-01,0.985,0.0166,52.4,HIGH,STABLE,-0.1,NORMAL,MEDIUM,53.5,schedule_progress_gap_pct
618793,2026-07-01,0.9853,0.0031,53.2,HIGH,STABLE,0.8,NORMAL,MEDIUM,54.8,schedule_progress_gap_pct
618794,2026-04-01,0.9918,0.0139,55.2,HIGH,STABLE,0.0,NORMAL,MEDIUM,51.5,schedule_progress_gap_pct
618794,2026-05-01,0.9921,0.0151,55.2,HIGH,STABLE,0.0,NORMAL,MEDIUM,51.5,schedule_progress_gap_pct
618794,2026-06-01,0.9928,0.0166,55.3,HIGH,STABLE,0.1,NORMAL,MEDIUM,51.7,schedule_progress_gap_pct
618794,2026-07-01,0.9929,0.0166,55.3,HIGH,STABLE,0.0,NORMAL,MEDIUM,51.6,schedule_progress_gap_pct
618795,2026-04-01,0.9885,0.0026,54.6,HIGH,STABLE,0.0,NORMAL,MEDIUM,54.9,schedule_progress_gap_pct
618795,2026-05-01,0.9887,0.0038,54.7,HIGH,STABLE,0.1,NORMAL,HIGH,55.0,schedule_progress_gap_pct
618795,2026-06-01,0.9902,0.0381,62.5,HIGH,MODERATE_RISE,7.8,ANOMALOUS,HIGH,66.6,schedule_progress_gap_pct
618795,2026-07-01,0.9904,0.0093,54.9,HIGH,DE_ESCALATING,-7.6,NORMAL,MEDIUM,47.4,schedule_progress_gap_pct
618796,2026-04-01,0.9945,0.0277,59.0,HIGH,STABLE,0.0,UNUSUAL,HIGH,55.1,schedule_progress_gap_pct
618796,2026-05-01,0.9945,0.0277,59.1,HIGH,STABLE,0.1,UNUSUAL,HIGH,55.2,schedule_progress_gap_pct
618796,2026-06-01,0.9952,0.0644,63.7,HIGH,STABLE,4.6,ANOMALOUS,HIGH,62.0,schedule_progress_gap_pct
618796,2026-07-01,0.9953,0.1098,62.0,HIGH,STABLE,-1.7,UNUSUAL,MEDIUM,54.9,schedule_progress_gap_pct
618797,2026-04-01,0.0083,0.0061,3.8,LOW,STABLE,0.0,NORMAL,LOW,28.9,schedule_progress_gap_pct
618797,2026-05-01,0.0101,0.0019,4.4,LOW,STABLE,0.6,UNUSUAL,LOW,29.8,schedule_progress_gap_pct
618797,2026-06-01,0.0112,0.0129,6.1,LOW,STABLE,1.7,UNUSUAL,MEDIUM,31.7,schedule_progress_gap_pct
618797,2026-07-01,0.0117,0.0019,2.9,LOW,STABLE,-3.2,NORMAL,LOW,25.2,schedule_progress_gap_pct
618798,2026-04-01,0.9885,0.006,54.8,HIGH,STABLE,0.0,NORMAL,HIGH,56.9,schedule_progress_gap_pct
618798,2026-05-01,0.9896,0.0486,56.3,HIGH,STABLE,1.5,NORMAL,HIGH,59.2,schedule_progress_gap_pct
618798,2026-06-01,0.9906,0.024,55.5,HIGH,STABLE,-0.8,NORMAL,HIGH,56.5,schedule_progress_gap_pct
618798,2026-07-01,0.9906,0.0208,55.4,HIGH,STABLE,-0.1,NORMAL,HIGH,57.1,schedule_progress_gap_pct
618799,2026-04-01,0.9926,0.1272,62.5,HIGH,STABLE,0.0,UNUSUAL,MEDIUM,54.7,schedule_progress_gap_pct
618799,2026-05-01,0.993,0.9257,87.1,CRITICAL,RAPID_ESCALATION,24.6,NORMAL,CRITICAL_INTERVENTION,77.0,schedule_progress_gap_pct
618799,2026-06-01,0.9938,0.9422,87.7,CRITICAL,STABLE,0.6,NORMAL,HIGH,67.9,schedule_progress_gap_pct
618799,2026-07-01,0.9939,0.9604,88.4,CRITICAL,STABLE,0.7,NORMAL,HIGH,68.2,schedule_progress_gap_pct
618800,2026-04-01,0.9645,0.0056,53.8,HIGH,STABLE,0.0,NORMAL,MEDIUM,54.8,schedule_progress_gap_pct
618800,2026-05-01,0.9684,0.0058,53.9,HIGH,STABLE,0.1,NORMAL,HIGH,55.0,schedule_progress_gap_pct
618800,2026-06-01,0.9714,0.0003,53.9,HIGH,STABLE,0.0,NORMAL,MEDIUM,54.9,schedule_progress_gap_pct
618800,2026-07-01,0.9716,0.0003,53.9,HIGH,STABLE,0.0,NORMAL,MEDIUM,54.9,schedule_progress_gap_pct
618801,2026-04-01,0.9674,0.0056,53.9,HIGH,STABLE,0.0,NORMAL,MEDIUM,54.3,schedule_progress_gap_pct
618801,2026-05-01,0.9711,0.0058,54.0,HIGH,STABLE,0.1,NORMAL,MEDIUM,54.5,schedule_progress_gap_pct
618801,2026-06-01,0.9739,0.0003,54.0,HIGH,STABLE,0.0,NORMAL,MEDIUM,54.4,schedule_progress_gap_pct
618801,2026-07-01,0.974,0.0005,54.0,HIGH,STABLE,0.0,NORMAL,MEDIUM,54.4,schedule_progress_gap_pct
618803,2026-04-01,0.9896,0.0499,54.2,HIGH,STABLE,0.0,NORMAL,MEDIUM,51.8,schedule_progress_gap_pct
618803,2026-05-01,0.9901,0.0584,55.6,HIGH,STABLE,1.4,NORMAL,MEDIUM,53.9,schedule_progress_gap_pct
618803,2026-06-01,0.9913,0.8861,85.5,CRITICAL,RAPID_ESCALATION,29.9,NORMAL,CRITICAL_INTERVENTION,77.4,schedule_progress_gap_pct
618803,2026-07-01,0.9915,0.8968,86.0,CRITICAL,STABLE,0.5,NORMAL,HIGH,68.2,schedule_progress_gap_pct
618804,2026-04-01,0.9935,0.0235,58.9,HIGH,STABLE,0.0,UNUSUAL,MEDIUM,52.0,schedule_progress_gap_pct
618804,2026-05-01,0.9939,0.0262,59.0,HIGH,STABLE,0.1,UNUSUAL,MEDIUM,52.1,schedule_progress_gap_pct
618804,2026-06-01,0.9946,0.0424,62.9,HIGH,STABLE,3.9,ANOMALOUS,HIGH,57.9,schedule_progress_gap_pct
618804,2026-07-01,0.9947,0.0412,59.5,HIGH,STABLE,-3.4,UNUSUAL,MEDIUM,48.9,schedule_progress_gap_pct
618805,2026-04-01,0.0088,0.0051,5.1,LOW,STABLE,0.0,UNUSUAL,LOW,28.7,schedule_progress_gap_pct
618805,2026-05-01,0.009,0.0034,2.6,LOW,STABLE,-2.5,NORMAL,LOW,24.9,schedule_progress_gap_pct
618805,2026-06-01,0.0101,0.0051,6.9,LOW,STABLE,4.3,UNUSUAL,MEDIUM,33.9,schedule_progress_gap_pct
618805,2026-07-01,0.0103,0.0013,4.5,LOW,STABLE,-2.4,NORMAL,LOW,26.0,schedule_progress_gap_pct
618806,2026-04-01,0.9867,0.0118,48.6,MEDIUM,STABLE,0.0,NORMAL,MEDIUM,49.2,schedule_progress_gap_pct
618806,2026-05-01,0.9873,0.0118,49.9,MEDIUM,STABLE,1.3,NORMAL,MEDIUM,51.1,schedule_progress_gap_pct
618806,2026-06-01,0.9884,0.0055,51.0,HIGH,STABLE,1.1,NORMAL,MEDIUM,51.5,schedule_progress_gap_pct
618806,2026-07-01,0.9885,0.0054,52.2,HIGH,STABLE,1.2,NORMAL,MEDIUM,52.2,schedule_progress_gap_pct
618807,2026-04-01,0.9875,0.0142,55.0,HIGH,STABLE,0.0,NORMAL,MEDIUM,52.0,schedule_progress_gap_pct
618807,2026-05-01,0.9887,0.0147,55.1,HIGH,STABLE,0.1,NORMAL,MEDIUM,52.1,schedule_progress_gap_pct
618807,2026-06-01,0.9898,0.0403,56.0,HIGH,STABLE,0.9,NORMAL,MEDIUM,53.4,schedule_progress_gap_pct
618807,2026-07-01,0.9902,0.081,57.4,HIGH,STABLE,1.4,NORMAL,MEDIUM,54.6,schedule_progress_gap_pct
618808,2026-04-01,0.973,0.0004,49.7,MEDIUM,STABLE,0.0,NORMAL,MEDIUM,51.7,schedule_progress_gap_pct
618808,2026-05-01,0.9737,0.0004,50.3,HIGH,STABLE,0.6,NORMAL,MEDIUM,52.6,schedule_progress_gap_pct
618808,2026-06-01,0.9768,0.0009,54.4,HIGH,STABLE,4.1,UNUSUAL,HIGH,58.2,schedule_progress_gap_pct
618808,2026-07-01,0.9769,0.001,52.1,HIGH,STABLE,-2.3,NORMAL,MEDIUM,50.6,schedule_progress_gap_pct
618809,2026-04-01,0.9848,0.0007,54.4,HIGH,STABLE,0.0,NORMAL,MEDIUM,52.7,schedule_progress_gap_pct
618809,2026-05-01,0.9851,0.001,54.4,HIGH,STABLE,0.0,NORMAL,MEDIUM,52.7,schedule_progress_gap_pct
618809,2026-06-01,0.9869,0.018,58.4,HIGH,STABLE,4.0,UNUSUAL,HIGH,58.7,schedule_progress_gap_pct
618809,2026-07-01,0.987,0.0212,55.2,HIGH,STABLE,-3.2,NORMAL,MEDIUM,49.9,schedule_progress_gap_pct
618810,2026-04-01,0.9871,0.0037,54.6,HIGH,STABLE,0.0,NORMAL,MEDIUM,53.5,schedule_progress_gap_pct
618810,2026-05-01,0.9873,0.0037,54.6,HIGH,STABLE,0.0,NORMAL,MEDIUM,53.5,schedule_progress_gap_pct
618810,2026-06-01,0.9889,0.0294,58.9,HIGH,STABLE,4.3,UNUSUAL,HIGH,60.0,schedule_progress_gap_pct
618810,2026-07-01,0.989,0.0114,55.0,HIGH,STABLE,-3.9,NORMAL,MEDIUM,49.8,schedule_progress_gap_pct
618811,2026-04-01,0.0079,0.0014,12.9,LOW,STABLE,0.0,NORMAL,MEDIUM,33.3,schedule_progress_gap_pct
618811,2026-05-01,0.0079,0.0014,14.1,LOW,STABLE,1.2,NORMAL,MEDIUM,35.1,schedule_progress_gap_pct
618811,2026-06-01,0.9558,0.0011,46.8,MEDIUM,RAPID_ESCALATION,32.7,NORMAL,HIGH,60.2,schedule_progress_gap_pct
618811,2026-07-01,0.9566,0.0011,51.1,HIGH,STABLE,4.3,UNUSUAL,HIGH,56.7,schedule_progress_gap_pct
618812,2026-04-01,0.9538,0.0014,48.8,MEDIUM,STABLE,0.0,NORMAL,MEDIUM,51.0,schedule_progress_gap_pct
618812,2026-05-01,0.954,0.0014,50.0,HIGH,STABLE,1.2,NORMAL,MEDIUM,52.8,schedule_progress_gap_pct
618812,2026-06-01,0.9597,0.002,54.3,HIGH,STABLE,4.3,UNUSUAL,HIGH,58.1,schedule_progress_gap_pct
618812,2026-07-01,0.9605,0.0014,52.0,HIGH,STABLE,-2.3,NORMAL,MEDIUM,50.3,schedule_progress_gap_pct
618813,2026-04-01,0.9585,0.0004,53.4,HIGH,STABLE,0.0,NORMAL,MEDIUM,53.3,schedule_progress_gap_pct
618813,2026-05-01,0.9588,0.0049,53.5,HIGH,STABLE,0.1,NORMAL,MEDIUM,53.5,schedule_progress_gap_pct
618813,2026-06-01,0.9632,0.001,53.6,HIGH,STABLE,0.1,NORMAL,MEDIUM,53.5,schedule_progress_gap_pct
618813,2026-07-01,0.9639,0.0005,53.6,HIGH,STABLE,0.0,NORMAL,MEDIUM,53.4,schedule_progress_gap_pct
618814,2026-04-01,0.9513,0.0011,50.6,HIGH,STABLE,0.0,NORMAL,MEDIUM,52.0,schedule_progress_gap_pct
618814,2026-06-01,0.9562,0.0011,53.3,HIGH,STABLE,2.7,NORMAL,HIGH,56.0,schedule_progress_gap_pct
618814,2026-07-01,0.9568,0.0004,53.3,HIGH,STABLE,0.0,NORMAL,MEDIUM,53.3,schedule_progress_gap_pct
618815,2026-04-01,0.9821,0.0013,49.6,MEDIUM,STABLE,0.0,NORMAL,MEDIUM,51.3,schedule_progress_gap_pct
618815,2026-05-01,0.9839,0.0004,49.4,MEDIUM,STABLE,-0.2,NORMAL,MEDIUM,51.0,schedule_progress_gap_pct
618815,2026-06-01,0.9863,0.0023,49.7,MEDIUM,STABLE,0.3,NORMAL,MEDIUM,51.7,schedule_progress_gap_pct
618815,2026-07-01,0.987,0.0023,50.0,HIGH,STABLE,0.3,NORMAL,MEDIUM,51.8,schedule_progress_gap_pct
618816,2026-05-01,0.0087,0.0008,10.9,LOW,STABLE,0.0,NORMAL,MEDIUM,32.0,schedule_progress_gap_pct
618816,2026-06-01,0.0102,0.0014,11.2,LOW,STABLE,0.3,NORMAL,MEDIUM,32.5,schedule_progress_gap_pct
618816,2026-07-01,0.0102,0.0017,12.4,LOW,STABLE,1.2,NORMAL,MEDIUM,34.0,schedule_progress_gap_pct
618817,2026-04-01,0.9728,0.0019,42.6,MEDIUM,STABLE,0.0,NORMAL,MEDIUM,47.4,schedule_progress_gap_pct
618817,2026-05-01,0.9733,0.0017,43.6,MEDIUM,STABLE,1.0,NORMAL,MEDIUM,48.9,schedule_progress_gap_pct
618817,2026-06-01,0.9762,0.0036,44.8,MEDIUM,STABLE,1.2,NORMAL,MEDIUM,49.7,schedule_progress_gap_pct
618817,2026-07-01,0.9769,0.0047,45.5,MEDIUM,STABLE,0.7,NORMAL,MEDIUM,49.6,schedule_progress_gap_pct
618818,2026-04-01,0.948,0.0062,51.1,HIGH,STABLE,0.0,NORMAL,MEDIUM,52.4,schedule_progress_gap_pct
618818,2026-05-01,0.9484,0.0013,52.1,HIGH,STABLE,1.0,NORMAL,MEDIUM,53.9,schedule_progress_gap_pct
618818,2026-06-01,0.9549,0.0074,56.4,HIGH,STABLE,4.3,ANOMALOUS,HIGH,59.3,schedule_progress_gap_pct
618818,2026-07-01,0.956,0.015,51.2,HIGH,DE_ESCALATING,-5.2,NORMAL,MEDIUM,47.2,schedule_progress_gap_pct
618819,2026-04-01,0.9922,0.1209,65.5,HIGH,STABLE,0.0,ANOMALOUS,MEDIUM,53.0,schedule_progress_gap_pct
618819,2026-05-01,0.9923,0.1209,65.5,HIGH,STABLE,0.0,ANOMALOUS,MEDIUM,53.0,schedule_progress_gap_pct
618820,2026-04-01,0.9889,0.0014,47.3,MEDIUM,STABLE,0.0,NORMAL,MEDIUM,49.3,schedule_progress_gap_pct
618820,2026-05-01,0.9893,0.001,48.5,MEDIUM,STABLE,1.2,NORMAL,MEDIUM,51.1,schedule_progress_gap_pct
618820,2026-06-01,0.9904,0.001,49.6,MEDIUM,STABLE,1.1,NORMAL,MEDIUM,51.6,schedule_progress_gap_pct
618820,2026-07-01,0.9906,0.0035,50.8,HIGH,STABLE,1.2,NORMAL,MEDIUM,52.3,schedule_progress_gap_pct
618821,2026-04-01,0.9888,0.0014,47.3,MEDIUM,STABLE,0.0,NORMAL,MEDIUM,49.6,schedule_progress_gap_pct
618821,2026-05-01,0.9889,0.0014,48.5,MEDIUM,STABLE,1.2,NORMAL,MEDIUM,51.4,schedule_progress_gap_pct
618821,2026-06-01,0.9899,0.0015,49.8,MEDIUM,STABLE,1.3,NORMAL,MEDIUM,52.1,schedule_progress_gap_pct
618821,2026-07-01,0.9911,0.0061,49.1,MEDIUM,STABLE,-0.7,NORMAL,MEDIUM,49.8,schedule_progress_gap_pct
618822,2026-04-01,0.9889,0.0014,46.9,MEDIUM,STABLE,0.0,NORMAL,MEDIUM,49.4,schedule_progress_gap_pct
618822,2026-05-01,0.989,0.0014,48.1,MEDIUM,STABLE,1.2,NORMAL,MEDIUM,51.2,schedule_progress_gap_pct
618822,2026-06-01,0.9901,0.0014,49.4,MEDIUM,STABLE,1.3,NORMAL,MEDIUM,52.0,schedule_progress_gap_pct
618822,2026-07-01,0.991,0.001,49.4,MEDIUM,STABLE,0.0,NORMAL,MEDIUM,50.7,schedule_progress_gap_pct
618823,2026-04-01,0.976,0.0004,54.1,HIGH,STABLE,0.0,NORMAL,MEDIUM,49.6,schedule_progress_gap_pct
618823,2026-05-01,0.9784,0.0005,54.2,HIGH,STABLE,0.1,NORMAL,MEDIUM,49.7,schedule_progress_gap_pct
618823,2026-06-01,0.9809,0.0005,54.3,HIGH,STABLE,0.1,NORMAL,MEDIUM,49.8,schedule_progress_gap_pct
618823,2026-07-01,0.9815,0.0004,54.3,HIGH,STABLE,0.0,NORMAL,MEDIUM,49.7,schedule_progress_gap_pct
618824,2026-04-01,0.9803,0.0013,54.3,HIGH,STABLE,0.0,NORMAL,MEDIUM,47.7,schedule_progress_gap_pct
618824,2026-05-01,0.982,0.0013,54.3,HIGH,STABLE,0.0,NORMAL,MEDIUM,47.7,schedule_progress_gap_pct
618824,2026-06-01,0.984,0.0045,54.5,HIGH,STABLE,0.2,NORMAL,MEDIUM,48.0,schedule_progress_gap_pct
618824,2026-07-01,0.9842,0.0013,54.4,HIGH,STABLE,-0.1,NORMAL,MEDIUM,47.7,schedule_progress_gap_pct
618825,2026-04-01,0.9939,0.0229,55.6,HIGH,STABLE,0.0,NORMAL,MEDIUM,52.3,schedule_progress_gap_pct
618825,2026-05-01,0.994,0.0228,55.6,HIGH,STABLE,0.0,NORMAL,MEDIUM,52.3,schedule_progress_gap_pct
618825,2026-06-01,0.9947,0.9353,97.5,CRITICAL,RAPID_ESCALATION,41.9,REQUIRES_VERIFICATION,CRITICAL_INTERVENTION,83.3,schedule_progress_gap_pct
618825,2026-07-01,0.9948,0.9648,88.6,CRITICAL,DE_ESCALATING,-8.9,NORMAL,HIGH,60.8,schedule_progress_gap_pct
618826,2026-04-01,0.9894,0.004,53.5,HIGH,STABLE,0.0,NORMAL,MEDIUM,52.6,schedule_progress_gap_pct
618826,2026-05-01,0.9898,0.0071,54.7,HIGH,STABLE,1.2,NORMAL,MEDIUM,54.4,schedule_progress_gap_pct
618826,2026-06-01,0.9907,0.0205,55.3,HIGH,STABLE,0.6,NORMAL,MEDIUM,54.1,schedule_progress_gap_pct
618826,2026-07-01,0.9908,0.0235,55.5,HIGH,STABLE,0.2,NORMAL,MEDIUM,53.8,schedule_progress_gap_pct
618827,2026-04-01,0.9854,0.0069,54.7,HIGH,STABLE,0.0,NORMAL,MEDIUM,53.9,schedule_progress_gap_pct
618827,2026-05-01,0.9881,0.0111,54.9,HIGH,STABLE,0.2,NORMAL,MEDIUM,54.2,schedule_progress_gap_pct
618827,2026-06-01,0.9893,0.0041,54.7,HIGH,STABLE,-0.2,NORMAL,MEDIUM,53.7,schedule_progress_gap_pct
618827,2026-07-01,0.9898,0.0079,54.9,HIGH,STABLE,0.2,NORMAL,MEDIUM,54.2,schedule_progress_gap_pct
618828,2026-04-01,0.9874,0.0068,50.8,HIGH,STABLE,0.0,NORMAL,MEDIUM,52.9,schedule_progress_gap_pct
618828,2026-05-01,0.9874,0.0058,52.0,HIGH,STABLE,1.2,NORMAL,MEDIUM,54.7,schedule_progress_gap_pct
618830,2026-04-01,0.9862,0.0047,52.7,HIGH,STABLE,0.0,NORMAL,MEDIUM,54.0,schedule_progress_gap_pct
618830,2026-05-01,0.9871,0.0032,53.9,HIGH,STABLE,1.2,NORMAL,HIGH,55.8,schedule_progress_gap_pct
618830,2026-06-01,0.9884,0.009,54.9,HIGH,STABLE,1.0,NORMAL,HIGH,56.1,schedule_progress_gap_pct
618830,2026-07-01,0.9885,0.003,54.6,HIGH,STABLE,-0.3,NORMAL,MEDIUM,54.7,schedule_progress_gap_pct
618831,2026-04-01,0.9672,0.0003,53.2,HIGH,STABLE,0.0,NORMAL,MEDIUM,54.1,schedule_progress_gap_pct
618831,2026-05-01,0.9678,0.0032,53.8,HIGH,STABLE,0.6,NORMAL,HIGH,55.0,schedule_progress_gap_pct
618831,2026-06-01,0.9716,0.0008,60.5,HIGH,MODERATE_RISE,6.7,ANOMALOUS,HIGH,64.4,schedule_progress_gap_pct
618831,2026-07-01,0.9722,0.004,54.0,HIGH,DE_ESCALATING,-6.5,NORMAL,MEDIUM,48.0,schedule_progress_gap_pct
618832,2026-04-01,0.0084,0.0006,5.9,LOW,STABLE,0.0,UNUSUAL,MEDIUM,30.0,schedule_progress_gap_pct
618832,2026-05-01,0.0088,0.001,3.1,LOW,STABLE,-2.8,NORMAL,LOW,25.8,schedule_progress_gap_pct
618832,2026-06-01,0.0101,0.0145,10.8,LOW,MODERATE_RISE,7.7,ANOMALOUS,MEDIUM,40.2,schedule_progress_gap_pct
618832,2026-07-01,0.0104,0.0014,4.6,LOW,DE_ESCALATING,-6.2,NORMAL,LOW,23.2,schedule_progress_gap_pct
618833,2026-04-01,0.9952,0.0554,56.7,HIGH,STABLE,0.0,NORMAL,MEDIUM,54.2,schedule_progress_gap_pct
618833,2026-05-01,0.9953,0.0573,56.8,HIGH,STABLE,0.1,NORMAL,MEDIUM,54.3,schedule_progress_gap_pct
618833,2026-06-01,0.9959,0.0305,62.5,HIGH,MODERATE_RISE,5.7,ANOMALOUS,HIGH,62.8,schedule_progress_gap_pct
618834,2026-04-01,0.9927,0.9384,87.6,CRITICAL,STABLE,0.0,NORMAL,HIGH,63.6,schedule_progress_gap_pct
618834,2026-05-01,0.9928,0.9389,87.6,CRITICAL,STABLE,0.0,NORMAL,HIGH,63.6,schedule_progress_gap_pct
618836,2026-04-01,0.9886,0.0099,54.9,HIGH,STABLE,0.0,NORMAL,HIGH,56.1,schedule_progress_gap_pct
618836,2026-05-01,0.9888,0.0099,54.9,HIGH,STABLE,0.0,NORMAL,HIGH,56.1,schedule_progress_gap_pct
618836,2026-06-01,0.9908,0.0208,58.7,HIGH,STABLE,3.8,UNUSUAL,HIGH,61.8,schedule_progress_gap_pct
618836,2026-07-01,0.9909,0.0253,55.5,HIGH,STABLE,-3.2,NORMAL,MEDIUM,53.2,schedule_progress_gap_pct
618837,2026-04-01,0.9865,0.0163,55.0,HIGH,STABLE,0.0,NORMAL,HIGH,56.0,schedule_progress_gap_pct
618837,2026-05-01,0.9868,0.0163,55.0,HIGH,STABLE,0.0,NORMAL,HIGH,56.0,schedule_progress_gap_pct
618837,2026-06-01,0.9888,0.0337,55.7,HIGH,STABLE,0.7,NORMAL,HIGH,57.1,schedule_progress_gap_pct
618837,2026-07-01,0.989,0.0237,55.4,HIGH,STABLE,-0.3,NORMAL,HIGH,55.9,schedule_progress_gap_pct
618838,2026-04-01,0.9912,0.0239,55.5,HIGH,STABLE,0.0,NORMAL,MEDIUM,52.9,schedule_progress_gap_pct
618838,2026-05-01,0.9913,0.0387,56.0,HIGH,STABLE,0.5,NORMAL,MEDIUM,53.6,schedule_progress_gap_pct
618838,2026-06-01,0.9924,0.0309,59.1,HIGH,STABLE,3.1,UNUSUAL,HIGH,57.8,schedule_progress_gap_pct
618838,2026-07-01,0.9924,0.0305,55.8,HIGH,STABLE,-3.3,NORMAL,MEDIUM,49.7,schedule_progress_gap_pct
618839,2026-04-01,0.9939,0.0243,55.6,HIGH,STABLE,0.0,NORMAL,HIGH,55.0,schedule_progress_gap_pct
618839,2026-05-01,0.9939,0.0243,55.6,HIGH,STABLE,0.0,NORMAL,HIGH,55.0,schedule_progress_gap_pct
618840,2026-04-01,0.996,0.0537,60.0,HIGH,STABLE,0.0,UNUSUAL,MEDIUM,54.8,schedule_progress_gap_pct
618840,2026-05-01,0.9961,0.0682,63.8,HIGH,STABLE,3.8,ANOMALOUS,HIGH,60.5,schedule_progress_gap_pct
618840,2026-06-01,0.9967,0.934,97.6,CRITICAL,RAPID_ESCALATION,33.8,REQUIRES_VERIFICATION,CRITICAL_INTERVENTION,83.6,schedule_progress_gap_pct
618840,2026-07-01,0.9967,0.9709,95.4,CRITICAL,STABLE,-2.2,ANOMALOUS,HIGH,70.3,schedule_progress_gap_pct
618841,2026-04-01,0.9908,0.0165,55.2,HIGH,STABLE,0.0,NORMAL,MEDIUM,51.3,schedule_progress_gap_pct
618841,2026-05-01,0.9912,0.024,55.5,HIGH,STABLE,0.3,NORMAL,MEDIUM,51.8,schedule_progress_gap_pct
618841,2026-06-01,0.992,0.0267,55.6,HIGH,STABLE,0.1,NORMAL,MEDIUM,51.6,schedule_progress_gap_pct
618841,2026-07-01,0.9921,0.0267,55.6,HIGH,STABLE,0.0,NORMAL,MEDIUM,51.5,schedule_progress_gap_pct
618842,2026-07-01,0.0093,0.0245,2.5,LOW,STABLE,0.0,NORMAL,LOW,28.3,schedule_progress_gap_pct
618843,2026-04-01,0.9664,0.0084,46.9,MEDIUM,STABLE,0.0,NORMAL,MEDIUM,44.0,schedule_progress_gap_pct
618843,2026-05-01,0.9678,0.0104,47.9,MEDIUM,STABLE,1.0,NORMAL,MEDIUM,45.5,schedule_progress_gap_pct
618843,2026-06-01,0.9716,0.0084,49.0,MEDIUM,STABLE,1.1,NORMAL,MEDIUM,46.1,schedule_progress_gap_pct
618843,2026-07-01,0.0155,0.0122,10.9,LOW,DE_ESCALATING,-38.1,NORMAL,LOW,18.0,schedule_progress_gap_pct
618844,2026-04-01,0.9905,0.0058,54.8,HIGH,STABLE,0.0,NORMAL,MEDIUM,54.7,schedule_progress_gap_pct
618844,2026-05-01,0.9905,0.0104,55.0,HIGH,STABLE,0.2,NORMAL,HIGH,55.0,schedule_progress_gap_pct
618844,2026-06-01,0.9916,0.0058,54.9,HIGH,STABLE,-0.1,NORMAL,MEDIUM,54.6,schedule_progress_gap_pct
618844,2026-07-01,0.9916,0.0283,55.7,HIGH,STABLE,0.8,NORMAL,HIGH,55.9,schedule_progress_gap_pct
618845,2026-04-01,0.9902,0.0102,55.0,HIGH,STABLE,0.0,NORMAL,HIGH,55.3,schedule_progress_gap_pct
618845,2026-05-01,0.9903,0.0102,55.0,HIGH,STABLE,0.0,NORMAL,HIGH,55.3,schedule_progress_gap_pct
618845,2026-06-01,0.9914,0.0102,55.0,HIGH,STABLE,0.0,NORMAL,HIGH,55.3,schedule_progress_gap_pct
618845,2026-07-01,0.9914,0.0226,55.4,HIGH,STABLE,0.4,NORMAL,HIGH,55.9,schedule_progress_gap_pct
618846,2026-04-01,0.9905,0.0057,54.8,HIGH,STABLE,0.0,NORMAL,HIGH,56.9,schedule_progress_gap_pct
618846,2026-05-01,0.9906,0.0057,54.8,HIGH,STABLE,0.0,NORMAL,HIGH,56.9,schedule_progress_gap_pct
618846,2026-06-01,0.9917,0.0057,54.9,HIGH,STABLE,0.1,NORMAL,HIGH,57.1,schedule_progress_gap_pct
618846,2026-07-01,0.9918,0.0057,54.9,HIGH,STABLE,0.0,NORMAL,HIGH,57.0,schedule_progress_gap_pct
618847,2026-04-01,0.9893,0.0017,54.6,HIGH,STABLE,0.0,NORMAL,HIGH,57.3,schedule_progress_gap_pct
618847,2026-05-01,0.9899,0.0024,54.7,HIGH,STABLE,0.1,NORMAL,HIGH,57.4,schedule_progress_gap_pct
618847,2026-06-01,0.9914,0.0038,64.8,HIGH,RAPID_ESCALATION,10.1,REQUIRES_VERIFICATION,HIGH,72.4,schedule_progress_gap_pct
618847,2026-07-01,0.9915,0.0038,54.8,HIGH,DE_ESCALATING,-10.0,NORMAL,MEDIUM,49.4,schedule_progress_gap_pct
618848,2026-04-01,0.0101,0.0041,7.3,LOW,STABLE,0.0,NORMAL,LOW,28.3,schedule_progress_gap_pct
618848,2026-05-01,0.0102,0.0024,8.4,LOW,STABLE,1.1,NORMAL,MEDIUM,30.0,schedule_progress_gap_pct
618848,2026-06-01,0.0112,0.0041,9.8,LOW,STABLE,1.4,NORMAL,MEDIUM,31.0,schedule_progress_gap_pct
618848,2026-07-01,0.014,0.013,6.9,LOW,STABLE,-2.9,NORMAL,LOW,25.2,schedule_progress_gap_pct
618849,2026-04-01,0.9924,0.0459,56.3,HIGH,STABLE,0.0,NORMAL,MEDIUM,51.5,schedule_progress_gap_pct
618849,2026-05-01,0.9924,0.0416,56.2,HIGH,STABLE,-0.1,NORMAL,MEDIUM,51.4,schedule_progress_gap_pct
618850,2026-04-01,0.9946,0.0133,55.2,HIGH,STABLE,0.0,NORMAL,HIGH,55.2,schedule_progress_gap_pct
618850,2026-05-01,0.9947,0.0133,55.3,HIGH,STABLE,0.1,NORMAL,HIGH,55.3,schedule_progress_gap_pct
618850,2026-06-01,0.9956,0.8734,92.0,CRITICAL,RAPID_ESCALATION,36.7,ANOMALOUS,CRITICAL_INTERVENTION,83.6,schedule_progress_gap_pct
618850,2026-07-01,0.9957,0.9543,91.5,CRITICAL,STABLE,-0.5,UNUSUAL,HIGH,72.8,schedule_progress_gap_pct
618851,2026-04-01,0.9929,0.0041,61.5,HIGH,STABLE,0.0,ANOMALOUS,HIGH,61.3,schedule_progress_gap_pct
618851,2026-05-01,0.9933,0.0088,55.0,HIGH,DE_ESCALATING,-6.5,NORMAL,MEDIUM,51.5,schedule_progress_gap_pct
618851,2026-06-01,0.9946,0.0006,61.4,HIGH,MODERATE_RISE,6.4,ANOMALOUS,HIGH,67.6,schedule_progress_gap_pct
618851,2026-07-01,0.9946,0.0006,54.8,HIGH,DE_ESCALATING,-6.6,NORMAL,MEDIUM,51.3,schedule_progress_gap_pct
618852,2026-04-01,0.9915,0.1184,58.8,HIGH,STABLE,0.0,NORMAL,MEDIUM,49.8,schedule_progress_gap_pct
618852,2026-05-01,0.9916,0.1176,58.8,HIGH,STABLE,0.0,NORMAL,MEDIUM,49.8,schedule_progress_gap_pct
618852,2026-06-01,0.9924,0.1129,58.6,HIGH,STABLE,-0.2,NORMAL,MEDIUM,49.5,schedule_progress_gap_pct
618852,2026-07-01,0.9925,0.1489,59.9,HIGH,STABLE,1.3,NORMAL,MEDIUM,51.6,schedule_progress_gap_pct
618853,2026-04-01,0.0293,0.0045,3.3,LOW,STABLE,0.0,NORMAL,LOW,24.2,schedule_progress_gap_pct
618853,2026-05-01,0.0302,0.0341,5.1,LOW,STABLE,1.8,NORMAL,LOW,26.9,schedule_progress_gap_pct
618853,2026-06-01,0.0348,0.0181,4.9,LOW,STABLE,-0.2,NORMAL,LOW,24.8,schedule_progress_gap_pct
618853,2026-07-01,0.9889,0.0209,43.5,MEDIUM,RAPID_ESCALATION,38.6,NORMAL,MEDIUM,54.3,schedule_progress_gap_pct
618854,2026-04-01,0.9921,0.0813,57.5,HIGH,STABLE,0.0,NORMAL,MEDIUM,53.7,schedule_progress_gap_pct
618854,2026-05-01,0.9921,0.0813,57.5,HIGH,STABLE,0.0,NORMAL,MEDIUM,53.7,schedule_progress_gap_pct
618855,2026-04-01,0.9915,0.035,55.9,HIGH,STABLE,0.0,NORMAL,MEDIUM,53.5,schedule_progress_gap_pct
618855,2026-05-01,0.9916,0.0406,56.1,HIGH,STABLE,0.2,NORMAL,MEDIUM,53.8,schedule_progress_gap_pct
618856,2026-04-01,0.9843,0.0113,54.8,HIGH,STABLE,0.0,NORMAL,MEDIUM,54.0,schedule_progress_gap_pct
618856,2026-05-01,0.9848,0.0129,54.8,HIGH,STABLE,0.0,NORMAL,MEDIUM,54.0,schedule_progress_gap_pct
618856,2026-06-01,0.9874,0.0144,55.0,HIGH,STABLE,0.2,NORMAL,MEDIUM,54.3,schedule_progress_gap_pct
618856,2026-07-01,0.9875,0.0104,54.9,HIGH,STABLE,-0.1,NORMAL,MEDIUM,53.9,schedule_progress_gap_pct
618858,2026-04-01,0.9841,0.0038,53.9,HIGH,STABLE,0.0,NORMAL,MEDIUM,53.0,schedule_progress_gap_pct
618858,2026-05-01,0.9851,0.0121,54.8,HIGH,STABLE,0.9,NORMAL,MEDIUM,54.4,schedule_progress_gap_pct
618858,2026-06-01,0.9873,0.0098,54.8,HIGH,STABLE,0.0,NORMAL,MEDIUM,53.5,schedule_progress_gap_pct
618858,2026-07-01,0.9874,0.0109,54.9,HIGH,STABLE,0.1,NORMAL,MEDIUM,53.6,schedule_progress_gap_pct
618859,2026-04-01,0.992,0.0358,55.9,HIGH,STABLE,0.0,NORMAL,MEDIUM,52.2,schedule_progress_gap_pct
618859,2026-05-01,0.9921,0.0358,55.9,HIGH,STABLE,0.0,NORMAL,MEDIUM,52.2,schedule_progress_gap_pct
618859,2026-06-01,0.9929,0.0364,56.0,HIGH,STABLE,0.1,NORMAL,MEDIUM,52.4,schedule_progress_gap_pct
618859,2026-07-01,0.993,0.0694,57.1,HIGH,STABLE,1.1,NORMAL,MEDIUM,53.9,schedule_progress_gap_pct
618861,2026-04-01,0.993,0.7967,82.6,CRITICAL,STABLE,0.0,NORMAL,HIGH,67.1,schedule_progress_gap_pct
618861,2026-05-01,0.9932,0.7799,82.0,CRITICAL,STABLE,-0.6,NORMAL,HIGH,66.2,schedule_progress_gap_pct
618861,2026-06-01,0.9938,0.9536,88.1,CRITICAL,MODERATE_RISE,6.1,NORMAL,CRITICAL_INTERVENTION,76.0,schedule_progress_gap_pct
618861,2026-07-01,0.9939,0.9612,88.4,CRITICAL,STABLE,0.3,NORMAL,HIGH,70.3,schedule_progress_gap_pct
618862,2026-04-01,0.9918,0.0269,55.6,HIGH,STABLE,0.0,NORMAL,HIGH,56.7,schedule_progress_gap_pct
618862,2026-05-01,0.9919,0.0296,55.7,HIGH,STABLE,0.1,NORMAL,HIGH,56.9,schedule_progress_gap_pct
618862,2026-06-01,0.9929,0.0153,55.3,HIGH,STABLE,-0.4,NORMAL,HIGH,56.2,schedule_progress_gap_pct
618862,2026-07-01,0.9929,0.0153,55.3,HIGH,STABLE,0.0,NORMAL,HIGH,56.6,schedule_progress_gap_pct
618863,2026-04-01,0.991,0.0188,51.3,HIGH,STABLE,0.0,NORMAL,MEDIUM,50.4,schedule_progress_gap_pct
618863,2026-05-01,0.9911,0.0411,52.6,HIGH,STABLE,1.3,NORMAL,MEDIUM,52.4,schedule_progress_gap_pct
618863,2026-06-01,0.9923,0.9601,85.3,CRITICAL,RAPID_ESCALATION,32.7,NORMAL,CRITICAL_INTERVENTION,77.4,schedule_progress_gap_pct
618863,2026-07-01,0.9924,0.9814,86.6,CRITICAL,STABLE,1.3,NORMAL,HIGH,69.4,schedule_progress_gap_pct
618864,2026-04-01,0.9913,0.0313,55.7,HIGH,STABLE,0.0,NORMAL,HIGH,56.0,schedule_progress_gap_pct
618864,2026-05-01,0.9915,0.041,56.1,HIGH,STABLE,0.4,NORMAL,HIGH,56.6,schedule_progress_gap_pct
618866,2026-04-01,0.0102,0.0141,5.6,LOW,STABLE,0.0,UNUSUAL,MEDIUM,31.6,schedule_progress_gap_pct
618866,2026-05-01,0.0112,0.0116,1.7,LOW,STABLE,-3.9,NORMAL,LOW,25.7,schedule_progress_gap_pct
618866,2026-06-01,0.0141,0.0239,4.7,LOW,STABLE,3.0,UNUSUAL,MEDIUM,34.1,schedule_progress_gap_pct
618866,2026-07-01,0.0151,0.0192,1.3,LOW,STABLE,-3.4,NORMAL,LOW,26.0,schedule_progress_gap_pct
618867,2026-04-01,0.0122,0.007,6.0,LOW,STABLE,0.0,NORMAL,MEDIUM,31.7,schedule_progress_gap_pct
618867,2026-05-01,0.9694,0.0125,44.3,MEDIUM,RAPID_ESCALATION,38.3,NORMAL,HIGH,60.8,schedule_progress_gap_pct
618867,2026-06-01,0.9747,0.0133,51.2,HIGH,MODERATE_RISE,6.9,ANOMALOUS,HIGH,61.2,schedule_progress_gap_pct
618867,2026-07-01,0.976,0.008,44.8,MEDIUM,DE_ESCALATING,-6.4,NORMAL,MEDIUM,44.7,schedule_progress_gap_pct
618868,2026-04-01,0.0213,0.0105,10.0,LOW,STABLE,0.0,NORMAL,MEDIUM,34.1,schedule_progress_gap_pct
618868,2026-05-01,0.9826,0.016,48.1,MEDIUM,RAPID_ESCALATION,38.1,NORMAL,HIGH,63.2,schedule_progress_gap_pct
618868,2026-06-01,0.9855,0.0093,55.3,HIGH,MODERATE_RISE,7.2,ANOMALOUS,HIGH,64.0,schedule_progress_gap_pct
618868,2026-07-01,0.9869,0.0202,48.3,MEDIUM,DE_ESCALATING,-7.0,NORMAL,MEDIUM,46.3,schedule_progress_gap_pct
618869,2026-04-01,0.0097,0.0091,4.9,LOW,STABLE,0.0,UNUSUAL,LOW,29.1,schedule_progress_gap_pct
618869,2026-05-01,0.0102,0.0097,1.8,LOW,STABLE,-3.1,NORMAL,LOW,24.4,schedule_progress_gap_pct
618869,2026-06-01,0.0123,0.044,13.4,LOW,RAPID_ESCALATION,11.6,REQUIRES_VERIFICATION,MEDIUM,43.3,schedule_progress_gap_pct
618869,2026-07-01,0.0125,0.0229,3.3,LOW,DE_ESCALATING,-10.1,NORMAL,LOW,20.3,schedule_progress_gap_pct
618870,2026-04-01,0.9638,0.0038,47.7,MEDIUM,STABLE,0.0,NORMAL,MEDIUM,49.6,schedule_progress_gap_pct
618870,2026-05-01,0.9674,0.0039,48.5,MEDIUM,STABLE,0.8,NORMAL,MEDIUM,50.8,schedule_progress_gap_pct
618870,2026-06-01,0.9715,0.0104,56.0,HIGH,MODERATE_RISE,7.5,ANOMALOUS,HIGH,61.3,schedule_progress_gap_pct
618870,2026-07-01,0.973,0.0067,49.6,MEDIUM,DE_ESCALATING,-6.4,NORMAL,MEDIUM,44.2,schedule_progress_gap_pct
618871,2026-04-01,0.0089,0.0007,3.2,LOW,STABLE,0.0,NORMAL,LOW,27.5,schedule_progress_gap_pct
618871,2026-05-01,0.9583,0.0005,41.6,MEDIUM,RAPID_ESCALATION,38.4,NORMAL,HIGH,56.7,schedule_progress_gap_pct
618871,2026-06-01,0.9635,0.0155,49.1,MEDIUM,MODERATE_RISE,7.5,ANOMALOUS,HIGH,57.9,schedule_progress_gap_pct
618871,2026-07-01,0.9644,0.0066,43.2,MEDIUM,DE_ESCALATING,-5.9,NORMAL,MEDIUM,41.6,schedule_progress_gap_pct
618872,2026-04-01,0.961,0.0075,49.2,MEDIUM,STABLE,0.0,NORMAL,MEDIUM,51.0,schedule_progress_gap_pct
618872,2026-05-01,0.9648,0.0005,49.9,MEDIUM,STABLE,0.7,NORMAL,MEDIUM,52.1,schedule_progress_gap_pct
618872,2026-06-01,0.9682,0.0044,57.6,HIGH,MODERATE_RISE,7.7,ANOMALOUS,HIGH,62.9,schedule_progress_gap_pct
618872,2026-07-01,0.969,0.0049,51.8,HIGH,DE_ESCALATING,-5.8,NORMAL,MEDIUM,46.5,schedule_progress_gap_pct
618873,2026-04-01,0.9595,0.0084,49.8,MEDIUM,STABLE,0.0,NORMAL,MEDIUM,52.0,schedule_progress_gap_pct
618873,2026-05-01,0.9641,0.0004,50.1,HIGH,STABLE,0.3,NORMAL,MEDIUM,52.4,schedule_progress_gap_pct
618873,2026-06-01,0.9675,0.0005,57.9,HIGH,MODERATE_RISE,7.8,ANOMALOUS,HIGH,63.8,schedule_progress_gap_pct
618873,2026-07-01,0.9682,0.0207,53.0,HIGH,STABLE,-4.9,NORMAL,MEDIUM,48.7,schedule_progress_gap_pct
618874,2026-04-01,0.9987,0.0716,67.5,HIGH,STABLE,0.0,REQUIRES_VERIFICATION,HIGH,60.0,schedule_progress_gap_pct
618874,2026-05-01,0.9987,0.0716,67.5,HIGH,STABLE,0.0,REQUIRES_VERIFICATION,HIGH,60.0,schedule_progress_gap_pct
618875,2026-04-01,0.9877,0.0479,56.2,HIGH,STABLE,0.0,NORMAL,MEDIUM,48.4,schedule_progress_gap_pct
618875,2026-05-01,0.9883,0.0324,55.7,HIGH,STABLE,-0.5,NORMAL,MEDIUM,47.6,schedule_progress_gap_pct
618875,2026-06-01,0.9894,0.0375,55.9,HIGH,STABLE,0.2,NORMAL,MEDIUM,48.4,schedule_progress_gap_pct
618875,2026-07-01,0.9894,0.036,55.8,HIGH,STABLE,-0.1,NORMAL,MEDIUM,48.1,schedule_progress_gap_pct
618878,2026-04-01,0.9888,0.0037,49.4,MEDIUM,STABLE,0.0,NORMAL,MEDIUM,49.6,schedule_progress_gap_pct
618878,2026-05-01,0.9891,0.0014,50.1,HIGH,STABLE,0.7,NORMAL,MEDIUM,50.7,schedule_progress_gap_pct
618878,2026-06-01,0.9906,0.0082,54.8,HIGH,STABLE,4.7,UNUSUAL,HIGH,57.0,schedule_progress_gap_pct
618878,2026-07-01,0.9907,0.0093,52.6,HIGH,STABLE,-2.2,NORMAL,MEDIUM,49.0,schedule_progress_gap_pct
618879,2026-04-01,0.0298,0.0581,3.2,LOW,STABLE,0.0,NORMAL,LOW,27.6,schedule_progress_gap_pct
618879,2026-05-01,0.0312,0.0397,2.6,LOW,STABLE,-0.6,NORMAL,LOW,26.7,schedule_progress_gap_pct
618879,2026-06-01,0.0377,0.0799,10.9,LOW,MODERATE_RISE,8.3,ANOMALOUS,MEDIUM,39.7,schedule_progress_gap_pct
618879,2026-07-01,0.0383,0.0639,3.8,LOW,DE_ESCALATING,-7.1,NORMAL,LOW,20.8,schedule_progress_gap_pct
618880,2026-04-01,0.979,0.0003,54.2,HIGH,STABLE,0.0,NORMAL,MEDIUM,52.6,schedule_progress_gap_pct
618880,2026-05-01,0.9799,0.0003,54.2,HIGH,STABLE,0.0,NORMAL,MEDIUM,52.6,schedule_progress_gap_pct
618880,2026-06-01,0.9825,0.0093,57.9,HIGH,STABLE,3.7,UNUSUAL,HIGH,58.1,schedule_progress_gap_pct
618880,2026-07-01,0.983,0.0013,54.4,HIGH,STABLE,-3.5,NORMAL,MEDIUM,49.2,schedule_progress_gap_pct
618881,2026-04-01,0.0113,0.0059,5.3,LOW,STABLE,0.0,NORMAL,LOW,29.2,schedule_progress_gap_pct
618881,2026-05-01,0.012,0.0054,5.3,LOW,STABLE,0.0,NORMAL,LOW,29.2,schedule_progress_gap_pct
618881,2026-06-01,0.0141,0.0061,5.4,LOW,STABLE,0.1,NORMAL,LOW,29.4,schedule_progress_gap_pct
618881,2026-07-01,0.0143,0.0072,6.2,LOW,STABLE,0.8,NORMAL,MEDIUM,30.5,schedule_progress_gap_pct
618882,2026-04-01,0.0093,0.0008,3.7,LOW,STABLE,0.0,NORMAL,LOW,25.8,schedule_progress_gap_pct
618882,2026-05-01,0.0097,0.0007,4.1,LOW,STABLE,0.4,NORMAL,LOW,26.4,schedule_progress_gap_pct
618882,2026-06-01,0.011,0.0007,4.4,LOW,STABLE,0.3,NORMAL,LOW,26.5,schedule_progress_gap_pct
618882,2026-07-01,0.0114,0.0008,4.8,LOW,STABLE,0.4,NORMAL,LOW,26.8,schedule_progress_gap_pct
618883,2026-04-01,0.9907,0.0061,51.4,HIGH,STABLE,0.0,NORMAL,MEDIUM,53.8,schedule_progress_gap_pct
618883,2026-05-01,0.9909,0.0341,53.3,HIGH,STABLE,1.9,NORMAL,HIGH,56.6,schedule_progress_gap_pct
618883,2026-06-01,0.9924,0.032,54.6,HIGH,STABLE,1.3,NORMAL,HIGH,56.7,schedule_progress_gap_pct
618883,2026-07-01,0.9924,0.0265,55.6,HIGH,STABLE,1.0,NORMAL,HIGH,56.9,schedule_progress_gap_pct
618884,2026-04-01,0.99,0.008,48.7,MEDIUM,STABLE,0.0,NORMAL,MEDIUM,52.0,schedule_progress_gap_pct
618884,2026-05-01,0.9901,0.0085,49.7,MEDIUM,STABLE,1.0,NORMAL,MEDIUM,53.5,schedule_progress_gap_pct
618884,2026-06-01,0.9911,0.0315,51.8,HIGH,STABLE,2.1,NORMAL,HIGH,55.6,schedule_progress_gap_pct
618884,2026-07-01,0.9914,0.0261,52.3,HIGH,STABLE,0.5,NORMAL,MEDIUM,54.3,schedule_progress_gap_pct
618885,2026-04-01,0.9892,0.0105,54.9,HIGH,STABLE,0.0,NORMAL,MEDIUM,52.0,schedule_progress_gap_pct
618885,2026-05-01,0.9902,0.0208,55.3,HIGH,STABLE,0.4,NORMAL,MEDIUM,52.6,schedule_progress_gap_pct
618885,2026-06-01,0.9912,0.0135,55.1,HIGH,STABLE,-0.2,NORMAL,MEDIUM,51.9,schedule_progress_gap_pct
618885,2026-07-01,0.9914,0.0091,55.0,HIGH,STABLE,-0.1,NORMAL,MEDIUM,51.9,schedule_progress_gap_pct
618886,2026-04-01,0.0094,0.001,4.6,LOW,STABLE,0.0,NORMAL,LOW,23.5,schedule_progress_gap_pct
618886,2026-05-01,0.0102,0.0021,4.3,LOW,STABLE,-0.3,NORMAL,LOW,23.0,schedule_progress_gap_pct
618886,2026-06-01,0.0119,0.0021,4.4,LOW,STABLE,0.1,NORMAL,LOW,23.5,schedule_progress_gap_pct
618886,2026-07-01,0.0123,0.0036,5.0,LOW,STABLE,0.6,NORMAL,LOW,24.3,schedule_progress_gap_pct
618887,2026-04-01,0.9901,0.0014,54.7,HIGH,STABLE,0.0,NORMAL,HIGH,56.2,schedule_progress_gap_pct
618887,2026-05-01,0.9902,0.001,54.6,HIGH,STABLE,-0.1,NORMAL,HIGH,56.0,schedule_progress_gap_pct
618887,2026-06-01,0.992,0.0386,66.0,HIGH,RAPID_ESCALATION,11.4,REQUIRES_VERIFICATION,HIGH,71.8,schedule_progress_gap_pct
618887,2026-07-01,0.9921,0.027,58.9,HIGH,DE_ESCALATING,-7.1,UNUSUAL,MEDIUM,51.2,schedule_progress_gap_pct
618888,2026-04-01,0.9882,0.0009,54.6,HIGH,STABLE,0.0,NORMAL,MEDIUM,54.0,schedule_progress_gap_pct
618888,2026-05-01,0.9886,0.0009,54.6,HIGH,STABLE,0.0,NORMAL,MEDIUM,54.0,schedule_progress_gap_pct
618888,2026-06-01,0.9909,0.0562,63.2,HIGH,MODERATE_RISE,8.6,ANOMALOUS,HIGH,66.9,schedule_progress_gap_pct
618888,2026-07-01,0.9913,0.0193,55.3,HIGH,DE_ESCALATING,-7.9,NORMAL,MEDIUM,46.4,schedule_progress_gap_pct
618889,2026-04-01,0.99,0.003,54.7,HIGH,STABLE,0.0,NORMAL,MEDIUM,54.6,schedule_progress_gap_pct
618889,2026-05-01,0.9901,0.003,54.7,HIGH,STABLE,0.0,NORMAL,MEDIUM,54.6,schedule_progress_gap_pct
618889,2026-06-01,0.9914,0.0326,55.8,HIGH,STABLE,1.1,NORMAL,HIGH,56.2,schedule_progress_gap_pct
618889,2026-07-01,0.9914,0.0139,55.1,HIGH,STABLE,-0.7,NORMAL,MEDIUM,54.1,schedule_progress_gap_pct
618890,2026-04-01,0.9879,0.0014,49.3,MEDIUM,STABLE,0.0,NORMAL,MEDIUM,49.8,schedule_progress_gap_pct
618890,2026-05-01,0.9883,0.0014,50.4,HIGH,STABLE,1.1,NORMAL,MEDIUM,51.5,schedule_progress_gap_pct
618890,2026-06-01,0.9896,0.0074,55.1,HIGH,STABLE,4.7,UNUSUAL,HIGH,57.4,schedule_progress_gap_pct
618890,2026-07-01,0.99,0.001,52.5,HIGH,STABLE,-2.6,NORMAL,MEDIUM,48.8,schedule_progress_gap_pct
618891,2026-04-01,0.9603,0.0004,45.9,MEDIUM,STABLE,0.0,NORMAL,MEDIUM,49.9,schedule_progress_gap_pct
618891,2026-05-01,0.9612,0.0004,46.8,MEDIUM,STABLE,0.9,NORMAL,MEDIUM,51.3,schedule_progress_gap_pct
618891,2026-06-01,0.9686,0.0016,45.9,MEDIUM,STABLE,-0.9,NORMAL,MEDIUM,49.0,schedule_progress_gap_pct
618891,2026-07-01,0.9693,0.0016,46.9,MEDIUM,STABLE,1.0,NORMAL,MEDIUM,51.4,schedule_progress_gap_pct
618892,2026-06-01,0.0081,0.0119,0.7,LOW,STABLE,0.0,NORMAL,LOW,26.5,schedule_progress_gap_pct
618892,2026-07-01,0.0082,0.0085,1.7,LOW,STABLE,1.0,NORMAL,LOW,28.0,schedule_progress_gap_pct
618893,2026-04-01,0.995,0.0301,59.2,HIGH,STABLE,0.0,UNUSUAL,HIGH,59.6,schedule_progress_gap_pct
618893,2026-05-01,0.9951,0.0301,59.2,HIGH,STABLE,0.0,UNUSUAL,HIGH,59.6,schedule_progress_gap_pct
618893,2026-06-01,0.9967,0.7967,92.8,CRITICAL,RAPID_ESCALATION,33.6,REQUIRES_VERIFICATION,CRITICAL_INTERVENTION,86.4,schedule_progress_gap_pct
618893,2026-07-01,0.9967,0.9687,92.1,CRITICAL,STABLE,-0.7,UNUSUAL,CRITICAL_INTERVENTION,75.4,schedule_progress_gap_pct
618894,2026-04-01,0.9913,0.0011,54.7,HIGH,STABLE,0.0,NORMAL,HIGH,55.6,schedule_progress_gap_pct
618894,2026-05-01,0.9918,0.0108,55.1,HIGH,STABLE,0.4,NORMAL,HIGH,56.2,schedule_progress_gap_pct
618894,2026-06-01,0.9931,0.0023,61.4,HIGH,MODERATE_RISE,6.3,ANOMALOUS,HIGH,65.2,schedule_progress_gap_pct
618894,2026-07-01,0.9934,0.0018,54.8,HIGH,DE_ESCALATING,-6.6,NORMAL,MEDIUM,49.0,schedule_progress_gap_pct
618895,2026-04-01,0.9915,0.0128,61.7,HIGH,STABLE,0.0,ANOMALOUS,HIGH,58.0,schedule_progress_gap_pct
618895,2026-05-01,0.9917,0.0022,54.7,HIGH,DE_ESCALATING,-7.0,NORMAL,MEDIUM,47.5,schedule_progress_gap_pct
618895,2026-06-01,0.9927,0.0181,65.3,HIGH,RAPID_ESCALATION,10.6,REQUIRES_VERIFICATION,HIGH,69.8,schedule_progress_gap_pct
618895,2026-07-01,0.9929,0.0022,54.8,HIGH,DE_ESCALATING,-10.5,NORMAL,MEDIUM,46.6,schedule_progress_gap_pct
618896,2026-04-01,0.9879,0.0135,55.0,HIGH,STABLE,0.0,NORMAL,MEDIUM,54.9,schedule_progress_gap_pct
618896,2026-05-01,0.988,0.011,54.9,HIGH,STABLE,-0.1,NORMAL,MEDIUM,54.7,schedule_progress_gap_pct
618896,2026-06-01,0.9902,0.0697,60.3,HIGH,MODERATE_RISE,5.4,UNUSUAL,HIGH,62.9,schedule_progress_gap_pct
618896,2026-07-01,0.9903,0.1757,60.8,HIGH,STABLE,0.5,NORMAL,HIGH,58.3,schedule_progress_gap_pct
618897,2026-04-01,0.9944,0.0082,61.7,HIGH,STABLE,0.0,ANOMALOUS,HIGH,60.1,schedule_progress_gap_pct
618897,2026-05-01,0.9944,0.0082,61.7,HIGH,STABLE,0.0,ANOMALOUS,HIGH,60.1,schedule_progress_gap_pct
618898,2026-04-01,0.0118,0.0022,5.0,LOW,STABLE,0.0,NORMAL,LOW,29.2,schedule_progress_gap_pct
618898,2026-05-01,0.0124,0.0022,5.4,LOW,STABLE,0.4,NORMAL,LOW,29.8,schedule_progress_gap_pct
618898,2026-06-01,0.0145,0.0022,5.6,LOW,STABLE,0.2,NORMAL,LOW,29.7,schedule_progress_gap_pct
618898,2026-07-01,0.0155,0.0022,5.6,LOW,STABLE,0.0,NORMAL,LOW,29.5,schedule_progress_gap_pct
618899,2026-04-01,0.9942,0.0082,58.4,HIGH,STABLE,0.0,UNUSUAL,HIGH,56.8,schedule_progress_gap_pct
618899,2026-05-01,0.9943,0.0082,58.4,HIGH,STABLE,0.0,UNUSUAL,HIGH,56.8,schedule_progress_gap_pct
618899,2026-06-01,0.9951,0.0128,61.8,HIGH,STABLE,3.4,ANOMALOUS,HIGH,61.9,schedule_progress_gap_pct
618899,2026-07-01,0.9951,0.0071,58.4,HIGH,STABLE,-3.4,UNUSUAL,MEDIUM,53.4,schedule_progress_gap_pct
618901,2026-04-01,0.9895,0.0085,54.9,HIGH,STABLE,0.0,NORMAL,MEDIUM,54.3,schedule_progress_gap_pct
618901,2026-05-01,0.9899,0.0225,55.4,HIGH,STABLE,0.5,NORMAL,HIGH,55.0,schedule_progress_gap_pct
618901,2026-06-01,0.991,0.0193,55.3,HIGH,STABLE,-0.1,NORMAL,MEDIUM,54.4,schedule_progress_gap_pct
618901,2026-07-01,0.9911,0.0241,55.5,HIGH,STABLE,0.2,NORMAL,MEDIUM,54.8,schedule_progress_gap_pct
618902,2026-04-01,0.9934,0.9768,92.2,CRITICAL,STABLE,0.0,UNUSUAL,HIGH,70.9,schedule_progress_gap_pct
618902,2026-05-01,0.9937,0.9666,91.9,CRITICAL,STABLE,-0.3,UNUSUAL,HIGH,70.4,schedule_progress_gap_pct
618902,2026-06-01,0.9946,0.9423,97.8,CRITICAL,MODERATE_RISE,5.9,REQUIRES_VERIFICATION,CRITICAL_INTERVENTION,79.6,schedule_progress_gap_pct
618902,2026-07-01,0.9946,0.9718,92.1,CRITICAL,DE_ESCALATING,-5.7,UNUSUAL,HIGH,65.1,schedule_progress_gap_pct
618903,2026-04-01,0.9946,0.0152,58.6,HIGH,STABLE,0.0,UNUSUAL,HIGH,55.6,schedule_progress_gap_pct
618903,2026-05-01,0.9946,0.0125,58.5,HIGH,STABLE,-0.1,UNUSUAL,HIGH,55.5,schedule_progress_gap_pct
618903,2026-06-01,0.9955,0.9137,96.8,CRITICAL,RAPID_ESCALATION,38.3,REQUIRES_VERIFICATION,CRITICAL_INTERVENTION,84.7,schedule_progress_gap_pct
618903,2026-07-01,0.9954,0.5204,76.3,CRITICAL,DE_ESCALATING,-20.5,UNUSUAL,HIGH,57.1,schedule_progress_gap_pct
618904,2026-04-01,0.9976,0.0618,67.1,HIGH,STABLE,0.0,REQUIRES_VERIFICATION,HIGH,62.4,schedule_progress_gap_pct
618904,2026-05-01,0.9976,0.0618,67.1,HIGH,STABLE,0.0,REQUIRES_VERIFICATION,HIGH,62.4,schedule_progress_gap_pct
618904,2026-06-01,0.9979,0.0513,66.7,HIGH,STABLE,-0.4,REQUIRES_VERIFICATION,HIGH,61.8,schedule_progress_gap_pct
618905,2026-04-01,0.0259,0.0133,5.8,LOW,STABLE,0.0,NORMAL,LOW,26.5,schedule_progress_gap_pct
618905,2026-05-01,0.0259,0.0343,7.9,LOW,STABLE,2.1,NORMAL,LOW,29.6,schedule_progress_gap_pct
618905,2026-06-01,0.9865,0.0096,45.3,MEDIUM,RAPID_ESCALATION,37.4,NORMAL,HIGH,56.2,schedule_progress_gap_pct
618905,2026-07-01,0.9873,0.0108,45.4,MEDIUM,STABLE,0.1,NORMAL,MEDIUM,46.4,schedule_progress_gap_pct
618906,2026-04-01,0.9866,0.0186,55.1,HIGH,STABLE,0.0,NORMAL,MEDIUM,53.2,schedule_progress_gap_pct
618906,2026-05-01,0.9871,0.0129,54.9,HIGH,STABLE,-0.2,NORMAL,MEDIUM,52.9,schedule_progress_gap_pct
618906,2026-06-01,0.9887,0.0749,63.8,HIGH,MODERATE_RISE,8.9,ANOMALOUS,HIGH,66.5,schedule_progress_gap_pct
618906,2026-07-01,0.9888,0.1422,59.5,HIGH,STABLE,-4.3,NORMAL,MEDIUM,51.1,schedule_progress_gap_pct
618907,2026-04-01,0.011,0.0067,7.0,LOW,STABLE,0.0,NORMAL,LOW,27.7,schedule_progress_gap_pct
618907,2026-05-01,0.0112,0.0068,8.0,LOW,STABLE,1.0,NORMAL,LOW,29.2,schedule_progress_gap_pct
618907,2026-06-01,0.0127,0.0111,15.9,LOW,MODERATE_RISE,7.9,ANOMALOUS,MEDIUM,40.1,schedule_progress_gap_pct
618907,2026-07-01,0.0128,0.0117,10.5,LOW,DE_ESCALATING,-5.4,NORMAL,LOW,24.1,schedule_progress_gap_pct
618908,2026-04-01,0.9805,0.0708,56.7,HIGH,STABLE,0.0,NORMAL,MEDIUM,48.0,schedule_progress_gap_pct
618908,2026-05-01,0.9817,0.0729,56.8,HIGH,STABLE,0.1,NORMAL,MEDIUM,48.1,schedule_progress_gap_pct
618908,2026-06-01,0.9834,0.0796,57.1,HIGH,STABLE,0.3,NORMAL,MEDIUM,48.5,schedule_progress_gap_pct
618908,2026-07-01,0.9834,0.0716,56.8,HIGH,STABLE,-0.3,NORMAL,MEDIUM,47.7,schedule_progress_gap_pct
618909,2026-04-01,0.9923,0.0005,54.7,HIGH,STABLE,0.0,NORMAL,HIGH,55.3,schedule_progress_gap_pct
618909,2026-05-01,0.9924,0.0005,54.7,HIGH,STABLE,0.0,NORMAL,HIGH,55.3,schedule_progress_gap_pct
618909,2026-06-01,0.9938,0.6403,87.2,CRITICAL,RAPID_ESCALATION,32.5,REQUIRES_VERIFICATION,CRITICAL_INTERVENTION,81.6,schedule_progress_gap_pct
618909,2026-07-01,0.9938,0.8122,83.2,CRITICAL,STABLE,-4.0,NORMAL,HIGH,65.6,schedule_progress_gap_pct
618910,2026-04-01,0.9921,0.0342,55.9,HIGH,STABLE,0.0,NORMAL,MEDIUM,52.1,schedule_progress_gap_pct
618910,2026-05-01,0.9924,0.0402,56.1,HIGH,STABLE,0.2,NORMAL,MEDIUM,52.4,schedule_progress_gap_pct
618910,2026-06-01,0.9931,0.0764,57.4,HIGH,STABLE,1.3,NORMAL,MEDIUM,54.2,schedule_progress_gap_pct
618911,2026-04-01,0.9862,0.0122,54.9,HIGH,STABLE,0.0,NORMAL,MEDIUM,52.1,schedule_progress_gap_pct
618911,2026-05-01,0.9871,0.0123,54.9,HIGH,STABLE,0.0,NORMAL,MEDIUM,52.1,schedule_progress_gap_pct
618911,2026-06-01,0.9885,0.0191,55.2,HIGH,STABLE,0.3,NORMAL,MEDIUM,52.6,schedule_progress_gap_pct
618911,2026-07-01,0.9886,0.0325,55.7,HIGH,STABLE,0.5,NORMAL,MEDIUM,53.0,schedule_progress_gap_pct
618912,2026-04-01,0.9885,0.0056,43.7,MEDIUM,STABLE,0.0,NORMAL,MEDIUM,48.2,schedule_progress_gap_pct
618912,2026-05-01,0.9885,0.0036,44.9,MEDIUM,STABLE,1.2,NORMAL,MEDIUM,50.0,schedule_progress_gap_pct
618913,2026-04-01,0.9936,0.0153,55.3,HIGH,STABLE,0.0,NORMAL,MEDIUM,52.1,schedule_progress_gap_pct
618913,2026-05-01,0.9936,0.0153,55.3,HIGH,STABLE,0.0,NORMAL,MEDIUM,52.1,schedule_progress_gap_pct
618914,2026-04-01,0.9755,0.0024,50.9,HIGH,STABLE,0.0,UNUSUAL,HIGH,56.9,schedule_progress_gap_pct
618914,2026-05-01,0.9771,0.0101,47.7,MEDIUM,STABLE,-3.2,NORMAL,MEDIUM,52.1,schedule_progress_gap_pct
618914,2026-06-01,0.98,0.006,48.1,MEDIUM,STABLE,0.4,NORMAL,HIGH,55.9,schedule_progress_gap_pct
618914,2026-07-01,0.981,0.0069,48.3,MEDIUM,STABLE,0.2,NORMAL,HIGH,55.8,schedule_progress_gap_pct
618915,2026-04-01,0.9914,0.0287,55.7,HIGH,STABLE,0.0,NORMAL,HIGH,55.8,schedule_progress_gap_pct
618915,2026-05-01,0.9914,0.0287,55.7,HIGH,STABLE,0.0,NORMAL,HIGH,55.8,schedule_progress_gap_pct
618916,2026-04-01,0.9922,0.0393,56.1,HIGH,STABLE,0.0,NORMAL,MEDIUM,54.5,schedule_progress_gap_pct
618916,2026-05-01,0.9923,0.0393,56.1,HIGH,STABLE,0.0,NORMAL,MEDIUM,54.5,schedule_progress_gap_pct
618917,2026-04-01,0.9877,0.0081,54.8,HIGH,STABLE,0.0,NORMAL,MEDIUM,51.1,schedule_progress_gap_pct
618917,2026-05-01,0.9881,0.0131,55.0,HIGH,STABLE,0.2,NORMAL,MEDIUM,51.4,schedule_progress_gap_pct
618917,2026-06-01,0.99,0.0136,55.1,HIGH,STABLE,0.1,NORMAL,MEDIUM,51.3,schedule_progress_gap_pct
618917,2026-07-01,0.9903,0.0136,55.1,HIGH,STABLE,0.0,NORMAL,MEDIUM,51.2,schedule_progress_gap_pct
618920,2026-04-01,0.9712,0.0018,48.4,MEDIUM,STABLE,0.0,NORMAL,MEDIUM,51.5,schedule_progress_gap_pct
618920,2026-05-01,0.9721,0.0044,49.3,MEDIUM,STABLE,0.9,NORMAL,MEDIUM,52.8,schedule_progress_gap_pct
618920,2026-06-01,0.9757,0.006,49.8,MEDIUM,STABLE,0.5,NORMAL,MEDIUM,52.7,schedule_progress_gap_pct
618920,2026-07-01,0.9768,0.0044,50.2,HIGH,STABLE,0.4,NORMAL,MEDIUM,52.8,schedule_progress_gap_pct
618921,2026-04-01,0.9798,0.0034,53.1,HIGH,STABLE,0.0,NORMAL,MEDIUM,54.6,schedule_progress_gap_pct
618921,2026-05-01,0.9799,0.0066,54.1,HIGH,STABLE,1.0,NORMAL,HIGH,56.1,schedule_progress_gap_pct
618921,2026-06-01,0.9837,0.0136,52.6,HIGH,STABLE,-1.5,NORMAL,MEDIUM,52.9,schedule_progress_gap_pct
618921,2026-07-01,0.9841,0.0051,52.8,HIGH,STABLE,0.2,NORMAL,MEDIUM,54.7,schedule_progress_gap_pct
618922,2026-04-01,0.9797,0.0259,42.0,MEDIUM,STABLE,0.0,NORMAL,MEDIUM,49.6,schedule_progress_gap_pct
618922,2026-05-01,0.9798,0.0264,42.8,MEDIUM,STABLE,0.8,NORMAL,MEDIUM,50.8,schedule_progress_gap_pct
618922,2026-06-01,0.9821,0.0132,43.3,MEDIUM,STABLE,0.5,NORMAL,MEDIUM,50.7,schedule_progress_gap_pct
618922,2026-07-01,0.9814,0.0047,44.8,MEDIUM,STABLE,1.5,NORMAL,MEDIUM,52.5,schedule_progress_gap_pct
618923,2026-04-01,0.0232,0.0168,10.7,LOW,STABLE,0.0,NORMAL,MEDIUM,34.3,schedule_progress_gap_pct
618923,2026-05-01,0.9831,0.0059,49.5,MEDIUM,RAPID_ESCALATION,38.8,NORMAL,HIGH,63.7,schedule_progress_gap_pct
618923,2026-06-01,0.9862,0.0121,56.7,HIGH,MODERATE_RISE,7.2,ANOMALOUS,HIGH,64.5,schedule_progress_gap_pct
618923,2026-07-01,0.9863,0.0331,52.1,HIGH,STABLE,-4.6,NORMAL,MEDIUM,50.4,schedule_progress_gap_pct
618924,2026-04-01,0.9816,0.0031,54.4,HIGH,STABLE,0.0,NORMAL,MEDIUM,47.5,schedule_progress_gap_pct
618924,2026-05-01,0.9835,0.0155,54.9,HIGH,STABLE,0.5,NORMAL,MEDIUM,48.3,schedule_progress_gap_pct
618924,2026-06-01,0.985,0.0194,55.1,HIGH,STABLE,0.2,NORMAL,MEDIUM,48.1,schedule_progress_gap_pct
618924,2026-07-01,0.9851,0.0194,55.1,HIGH,STABLE,0.0,NORMAL,MEDIUM,47.9,schedule_progress_gap_pct
618925,2026-04-01,0.9934,0.0462,56.4,HIGH,STABLE,0.0,NORMAL,MEDIUM,50.2,schedule_progress_gap_pct
618925,2026-05-01,0.9937,0.0501,56.5,HIGH,STABLE,0.1,NORMAL,MEDIUM,50.3,schedule_progress_gap_pct
618925,2026-06-01,0.9943,0.3245,72.7,HIGH,RAPID_ESCALATION,16.2,ANOMALOUS,HIGH,68.3,schedule_progress_gap_pct
618925,2026-07-01,0.9944,0.6873,78.8,CRITICAL,MODERATE_RISE,6.1,NORMAL,HIGH,67.5,schedule_progress_gap_pct
618926,2026-04-01,0.9634,0.0071,53.8,HIGH,STABLE,0.0,NORMAL,MEDIUM,54.4,schedule_progress_gap_pct
618926,2026-05-01,0.9636,0.0119,54.0,HIGH,STABLE,0.2,NORMAL,MEDIUM,54.7,schedule_progress_gap_pct
618926,2026-06-01,0.9682,0.0072,60.6,HIGH,MODERATE_RISE,6.6,ANOMALOUS,HIGH,64.4,schedule_progress_gap_pct
618926,2026-07-01,0.9686,0.0058,53.9,HIGH,DE_ESCALATING,-6.7,NORMAL,MEDIUM,47.7,schedule_progress_gap_pct
618927,2026-04-01,0.9789,0.0063,54.4,HIGH,STABLE,0.0,NORMAL,HIGH,55.9,schedule_progress_gap_pct
618927,2026-05-01,0.9805,0.0104,54.6,HIGH,STABLE,0.2,NORMAL,HIGH,56.2,schedule_progress_gap_pct
618927,2026-06-01,0.9831,0.0106,54.7,HIGH,STABLE,0.1,NORMAL,HIGH,56.1,schedule_progress_gap_pct
618927,2026-07-01,0.9837,0.0164,54.9,HIGH,STABLE,0.2,NORMAL,HIGH,56.3,schedule_progress_gap_pct
618928,2026-04-01,0.9766,0.0003,54.1,HIGH,STABLE,0.0,NORMAL,MEDIUM,53.0,schedule_progress_gap_pct
618928,2026-05-01,0.979,0.0073,54.4,HIGH,STABLE,0.3,NORMAL,MEDIUM,53.5,schedule_progress_gap_pct
618928,2026-06-01,0.982,0.0025,54.4,HIGH,STABLE,0.0,NORMAL,MEDIUM,53.2,schedule_progress_gap_pct
618928,2026-07-01,0.9821,0.0033,54.4,HIGH,STABLE,0.0,NORMAL,MEDIUM,53.2,schedule_progress_gap_pct
618929,2026-04-01,0.987,0.023,55.3,HIGH,STABLE,0.0,NORMAL,HIGH,56.0,schedule_progress_gap_pct
618929,2026-05-01,0.9879,0.0105,54.9,HIGH,STABLE,-0.4,NORMAL,HIGH,55.4,schedule_progress_gap_pct
618929,2026-06-01,0.9896,0.0103,54.9,HIGH,STABLE,0.0,NORMAL,HIGH,55.8,schedule_progress_gap_pct
618929,2026-07-01,0.9899,0.0115,55.0,HIGH,STABLE,0.1,NORMAL,HIGH,56.0,schedule_progress_gap_pct
618930,2026-04-01,0.01,0.0278,3.4,LOW,STABLE,0.0,NORMAL,LOW,28.5,schedule_progress_gap_pct
618930,2026-05-01,0.0105,0.0051,2.9,LOW,STABLE,-0.5,NORMAL,LOW,27.8,schedule_progress_gap_pct
618930,2026-06-01,0.0128,0.0051,2.3,LOW,STABLE,-0.6,NORMAL,LOW,27.4,schedule_progress_gap_pct
618930,2026-07-01,0.0133,0.0051,2.9,LOW,STABLE,0.6,NORMAL,LOW,28.9,schedule_progress_gap_pct
618931,2026-04-01,0.0088,0.0029,5.9,LOW,STABLE,0.0,NORMAL,LOW,28.2,schedule_progress_gap_pct
618931,2026-05-01,0.0091,0.0057,6.6,LOW,STABLE,0.7,NORMAL,LOW,29.3,schedule_progress_gap_pct
618931,2026-06-01,0.0105,0.0029,7.0,LOW,STABLE,0.4,NORMAL,LOW,29.2,schedule_progress_gap_pct
618931,2026-07-01,0.011,0.0035,7.5,LOW,STABLE,0.5,NORMAL,LOW,29.5,schedule_progress_gap_pct
618932,2026-04-01,0.0092,0.0155,5.1,LOW,STABLE,0.0,UNUSUAL,MEDIUM,30.3,schedule_progress_gap_pct
618932,2026-05-01,0.0106,0.0068,0.7,LOW,STABLE,-4.4,NORMAL,LOW,23.7,schedule_progress_gap_pct
618932,2026-06-01,0.0127,0.0249,11.4,LOW,RAPID_ESCALATION,10.7,REQUIRES_VERIFICATION,MEDIUM,43.4,schedule_progress_gap_pct
618932,2026-07-01,0.0137,0.0205,1.3,LOW,DE_ESCALATING,-10.1,NORMAL,LOW,20.4,schedule_progress_gap_pct
618933,2026-06-01,0.0118,0.0146,1.0,LOW,STABLE,0.0,NORMAL,LOW,28.0,schedule_progress_gap_pct
618933,2026-07-01,0.0118,0.0145,1.9,LOW,STABLE,0.9,NORMAL,LOW,29.3,schedule_progress_gap_pct
618934,2026-04-01,0.0043,0.0018,2.1,LOW,STABLE,0.0,NORMAL,MEDIUM,33.4,schedule_progress_gap_pct
618934,2026-05-01,0.0043,0.0018,2.7,LOW,STABLE,0.6,NORMAL,MEDIUM,34.3,schedule_progress_gap_pct
618934,2026-06-01,0.0049,0.0061,10.1,LOW,MODERATE_RISE,7.4,ANOMALOUS,MEDIUM,44.8,schedule_progress_gap_pct
618934,2026-07-01,0.0049,0.0019,4.0,LOW,DE_ESCALATING,-6.1,NORMAL,LOW,28.3,schedule_progress_gap_pct
618935,2026-04-01,0.9891,0.0096,52.4,HIGH,STABLE,0.0,NORMAL,MEDIUM,53.0,schedule_progress_gap_pct
618935,2026-05-01,0.9892,0.0101,53.6,HIGH,STABLE,1.2,NORMAL,MEDIUM,54.8,schedule_progress_gap_pct
618936,2026-04-01,0.9844,0.0066,54.6,HIGH,STABLE,0.0,NORMAL,MEDIUM,54.4,schedule_progress_gap_pct
618936,2026-05-01,0.9847,0.0049,54.6,HIGH,STABLE,0.0,NORMAL,MEDIUM,54.4,schedule_progress_gap_pct
618936,2026-06-01,0.9867,0.002,54.5,HIGH,STABLE,-0.1,NORMAL,MEDIUM,54.2,schedule_progress_gap_pct
618936,2026-07-01,0.9868,0.0018,54.5,HIGH,STABLE,0.0,NORMAL,MEDIUM,54.3,schedule_progress_gap_pct
618937,2026-04-01,0.9922,0.0471,56.3,HIGH,STABLE,0.0,NORMAL,MEDIUM,54.9,schedule_progress_gap_pct
618937,2026-05-01,0.9922,0.0517,56.5,HIGH,STABLE,0.2,NORMAL,HIGH,55.2,schedule_progress_gap_pct
618937,2026-06-01,0.9931,0.954,88.1,CRITICAL,RAPID_ESCALATION,31.6,NORMAL,CRITICAL_INTERVENTION,80.8,schedule_progress_gap_pct
618937,2026-07-01,0.9934,0.9738,88.8,CRITICAL,STABLE,0.7,NORMAL,HIGH,71.9,schedule_progress_gap_pct
618938,2026-04-01,0.9904,0.0147,55.1,HIGH,STABLE,0.0,NORMAL,MEDIUM,53.8,schedule_progress_gap_pct
618938,2026-05-01,0.9905,0.0154,55.2,HIGH,STABLE,0.1,NORMAL,MEDIUM,54.0,schedule_progress_gap_pct
618939,2026-04-01,0.0163,0.0084,3.2,LOW,STABLE,0.0,NORMAL,LOW,22.0,schedule_progress_gap_pct
618939,2026-05-01,0.0174,0.0146,3.5,LOW,STABLE,0.3,NORMAL,LOW,22.4,schedule_progress_gap_pct
618939,2026-06-01,0.0199,0.0084,3.8,LOW,STABLE,0.3,NORMAL,LOW,22.6,schedule_progress_gap_pct
618939,2026-07-01,0.0209,0.019,4.5,LOW,STABLE,0.7,NORMAL,LOW,23.3,schedule_progress_gap_pct
618941,2026-04-01,0.9822,0.0024,53.5,HIGH,STABLE,0.0,UNUSUAL,MEDIUM,52.9,schedule_progress_gap_pct
618941,2026-05-01,0.9827,0.0023,50.9,HIGH,STABLE,-2.6,NORMAL,MEDIUM,49.0,schedule_progress_gap_pct
618941,2026-06-01,0.9854,0.0363,52.3,HIGH,STABLE,1.4,NORMAL,MEDIUM,53.7,schedule_progress_gap_pct
618941,2026-07-01,0.9864,0.0399,52.4,HIGH,STABLE,0.1,NORMAL,MEDIUM,52.4,schedule_progress_gap_pct
618942,2026-04-01,0.9894,0.0256,55.5,HIGH,STABLE,0.0,NORMAL,MEDIUM,48.7,schedule_progress_gap_pct
618942,2026-05-01,0.9894,0.0254,55.5,HIGH,STABLE,0.0,NORMAL,MEDIUM,48.7,schedule_progress_gap_pct
618942,2026-06-01,0.9907,0.0227,55.4,HIGH,STABLE,-0.1,NORMAL,MEDIUM,48.6,schedule_progress_gap_pct
618942,2026-07-01,0.9908,0.0339,55.8,HIGH,STABLE,0.4,NORMAL,MEDIUM,49.3,schedule_progress_gap_pct
618943,2026-04-01,0.9986,0.0543,66.8,HIGH,STABLE,0.0,REQUIRES_VERIFICATION,HIGH,59.1,schedule_progress_gap_pct
618943,2026-05-01,0.9986,0.0543,66.8,HIGH,STABLE,0.0,REQUIRES_VERIFICATION,HIGH,59.1,schedule_progress_gap_pct
618944,2026-04-01,0.9614,0.002,53.5,HIGH,STABLE,0.0,NORMAL,MEDIUM,52.8,schedule_progress_gap_pct
618944,2026-05-01,0.964,0.002,53.6,HIGH,STABLE,0.1,NORMAL,MEDIUM,53.0,schedule_progress_gap_pct
618944,2026-06-01,0.9686,0.0019,60.4,HIGH,MODERATE_RISE,6.8,ANOMALOUS,HIGH,63.1,schedule_progress_gap_pct
618944,2026-07-01,0.9699,0.0026,53.9,HIGH,DE_ESCALATING,-6.5,NORMAL,MEDIUM,46.5,schedule_progress_gap_pct
618945,2026-04-01,0.9917,0.0121,55.1,HIGH,STABLE,0.0,NORMAL,MEDIUM,54.3,schedule_progress_gap_pct
618945,2026-05-01,0.9918,0.0223,55.5,HIGH,STABLE,0.4,NORMAL,MEDIUM,54.9,schedule_progress_gap_pct
618945,2026-06-01,0.9926,0.0055,54.9,HIGH,STABLE,-0.6,NORMAL,MEDIUM,53.6,schedule_progress_gap_pct
618945,2026-07-01,0.9927,0.0105,55.1,HIGH,STABLE,0.2,NORMAL,MEDIUM,54.5,schedule_progress_gap_pct
618946,2026-04-01,0.9905,0.0181,54.1,HIGH,STABLE,0.0,NORMAL,MEDIUM,54.6,schedule_progress_gap_pct
618946,2026-05-01,0.9906,0.0174,55.2,HIGH,STABLE,1.1,NORMAL,HIGH,56.3,schedule_progress_gap_pct
618947,2026-04-01,0.9914,0.0073,54.9,HIGH,STABLE,0.0,NORMAL,HIGH,55.1,schedule_progress_gap_pct
618947,2026-05-01,0.9917,0.0073,54.9,HIGH,STABLE,0.0,NORMAL,HIGH,55.1,schedule_progress_gap_pct
618947,2026-06-01,0.9926,0.0085,58.3,HIGH,STABLE,3.4,UNUSUAL,HIGH,60.2,schedule_progress_gap_pct
618947,2026-07-01,0.9926,0.0032,54.8,HIGH,STABLE,-3.5,NORMAL,MEDIUM,51.6,schedule_progress_gap_pct
618948,2026-04-01,0.0079,0.0019,1.6,LOW,STABLE,0.0,NORMAL,LOW,26.2,schedule_progress_gap_pct
618948,2026-05-01,0.008,0.0127,9.9,LOW,MODERATE_RISE,8.3,ANOMALOUS,MEDIUM,38.6,schedule_progress_gap_pct
618948,2026-06-01,0.0091,0.0074,10.7,LOW,STABLE,0.8,ANOMALOUS,MEDIUM,31.5,schedule_progress_gap_pct
618948,2026-07-01,0.0096,0.0054,4.4,LOW,DE_ESCALATING,-6.3,NORMAL,LOW,21.3,schedule_progress_gap_pct
618949,2026-04-01,0.9874,0.0057,48.7,MEDIUM,STABLE,0.0,NORMAL,MEDIUM,51.9,schedule_progress_gap_pct
618949,2026-05-01,0.9876,0.0023,49.8,MEDIUM,STABLE,1.1,NORMAL,MEDIUM,53.5,schedule_progress_gap_pct
618949,2026-06-01,0.9894,0.011,50.4,HIGH,STABLE,0.6,NORMAL,MEDIUM,53.3,schedule_progress_gap_pct
618949,2026-07-01,0.9896,0.0153,51.7,HIGH,STABLE,1.3,NORMAL,MEDIUM,54.7,schedule_progress_gap_pct
618950,2026-04-01,0.0083,0.0006,5.8,LOW,STABLE,0.0,UNUSUAL,MEDIUM,30.7,schedule_progress_gap_pct
618950,2026-05-01,0.0085,0.0034,3.4,LOW,STABLE,-2.4,NORMAL,LOW,27.1,schedule_progress_gap_pct
618950,2026-06-01,0.0097,0.0007,3.9,LOW,STABLE,0.5,NORMAL,MEDIUM,30.2,schedule_progress_gap_pct
618950,2026-07-01,0.0102,0.0008,4.3,LOW,STABLE,0.4,NORMAL,MEDIUM,30.3,schedule_progress_gap_pct
618951,2026-04-01,0.99,0.0066,54.8,HIGH,STABLE,0.0,NORMAL,MEDIUM,54.0,schedule_progress_gap_pct
618951,2026-05-01,0.9901,0.0115,55.0,HIGH,STABLE,0.2,NORMAL,MEDIUM,54.3,schedule_progress_gap_pct
618951,2026-06-01,0.9913,0.0068,54.9,HIGH,STABLE,-0.1,NORMAL,MEDIUM,54.0,schedule_progress_gap_pct
618951,2026-07-01,0.9914,0.0063,54.9,HIGH,STABLE,0.0,NORMAL,MEDIUM,54.1,schedule_progress_gap_pct
618952,2026-04-01,0.9884,0.2543,63.4,HIGH,STABLE,0.0,NORMAL,HIGH,60.3,schedule_progress_gap_pct
618952,2026-05-01,0.9886,0.2394,62.9,HIGH,STABLE,-0.5,NORMAL,HIGH,59.5,schedule_progress_gap_pct
618952,2026-06-01,0.9899,0.9785,92.1,CRITICAL,RAPID_ESCALATION,29.2,UNUSUAL,CRITICAL_INTERVENTION,84.6,schedule_progress_gap_pct
618952,2026-07-01,0.9907,0.9813,89.0,CRITICAL,STABLE,-3.1,NORMAL,HIGH,70.0,schedule_progress_gap_pct
618953,2026-04-01,0.993,0.2187,62.4,HIGH,STABLE,0.0,NORMAL,HIGH,58.1,schedule_progress_gap_pct
618953,2026-05-01,0.9933,0.22,62.4,HIGH,STABLE,0.0,NORMAL,HIGH,58.1,schedule_progress_gap_pct
618953,2026-06-01,0.9935,0.9829,92.4,CRITICAL,RAPID_ESCALATION,30.0,UNUSUAL,CRITICAL_INTERVENTION,83.1,schedule_progress_gap_pct
618953,2026-07-01,0.9936,0.9934,89.5,CRITICAL,STABLE,-2.9,NORMAL,HIGH,68.7,schedule_progress_gap_pct
618954,2026-04-01,0.0116,0.0046,10.7,LOW,STABLE,0.0,NORMAL,MEDIUM,32.9,schedule_progress_gap_pct
618954,2026-05-01,0.0118,0.0107,11.6,LOW,STABLE,0.9,NORMAL,MEDIUM,34.3,schedule_progress_gap_pct
618954,2026-06-01,0.0127,0.0046,11.2,LOW,STABLE,-0.4,NORMAL,MEDIUM,32.8,schedule_progress_gap_pct
618954,2026-07-01,0.0132,0.0114,11.8,LOW,STABLE,0.6,NORMAL,MEDIUM,34.1,schedule_progress_gap_pct
618955,2026-04-01,0.995,0.2442,66.6,HIGH,STABLE,0.0,UNUSUAL,HIGH,57.9,schedule_progress_gap_pct
618955,2026-05-01,0.995,0.2702,67.6,HIGH,STABLE,1.0,UNUSUAL,HIGH,59.4,schedule_progress_gap_pct
618955,2026-06-01,0.9954,0.8987,92.9,CRITICAL,RAPID_ESCALATION,25.3,ANOMALOUS,CRITICAL_INTERVENTION,81.1,schedule_progress_gap_pct
618955,2026-07-01,0.9954,0.9468,91.3,CRITICAL,STABLE,-1.6,UNUSUAL,HIGH,68.7,schedule_progress_gap_pct
618956,2026-04-01,0.0133,0.0007,12.4,LOW,STABLE,0.0,NORMAL,MEDIUM,30.0,schedule_progress_gap_pct
618956,2026-05-01,0.0138,0.0027,12.9,LOW,STABLE,0.5,NORMAL,MEDIUM,30.7,schedule_progress_gap_pct
618956,2026-06-01,0.9728,0.0025,51.5,HIGH,RAPID_ESCALATION,38.6,NORMAL,HIGH,59.5,schedule_progress_gap_pct
618956,2026-07-01,0.9736,0.0022,52.0,HIGH,STABLE,0.5,NORMAL,MEDIUM,50.3,schedule_progress_gap_pct
618957,2026-04-01,0.9922,0.0065,54.9,HIGH,STABLE,0.0,NORMAL,MEDIUM,53.7,schedule_progress_gap_pct
618957,2026-05-01,0.9923,0.0065,54.9,HIGH,STABLE,0.0,NORMAL,MEDIUM,53.7,schedule_progress_gap_pct
618957,2026-06-01,0.9932,0.0989,58.2,HIGH,STABLE,3.3,NORMAL,HIGH,58.6,schedule_progress_gap_pct
618957,2026-07-01,0.9933,0.0905,57.9,HIGH,STABLE,-0.3,NORMAL,MEDIUM,54.9,schedule_progress_gap_pct
618958,2026-04-01,0.9853,0.046,56.0,HIGH,STABLE,0.0,NORMAL,MEDIUM,54.9,schedule_progress_gap_pct
618958,2026-05-01,0.9853,0.0392,55.8,HIGH,STABLE,-0.2,NORMAL,MEDIUM,54.6,schedule_progress_gap_pct
618958,2026-06-01,0.9867,0.0392,55.8,HIGH,STABLE,0.0,NORMAL,MEDIUM,54.8,schedule_progress_gap_pct
618958,2026-07-01,0.9867,0.0392,55.8,HIGH,STABLE,0.0,NORMAL,MEDIUM,54.8,schedule_progress_gap_pct
618960,2026-04-01,0.9778,0.0137,54.6,HIGH,STABLE,0.0,NORMAL,MEDIUM,54.6,schedule_progress_gap_pct
618960,2026-05-01,0.9782,0.0058,54.3,HIGH,STABLE,-0.3,NORMAL,MEDIUM,54.2,schedule_progress_gap_pct
618960,2026-06-01,0.9807,0.0058,54.4,HIGH,STABLE,0.1,NORMAL,MEDIUM,54.6,schedule_progress_gap_pct
618960,2026-07-01,0.9808,0.0098,54.6,HIGH,STABLE,0.2,NORMAL,MEDIUM,54.8,schedule_progress_gap_pct
618961,2026-04-01,0.0095,0.003,4.1,LOW,STABLE,0.0,NORMAL,LOW,27.4,schedule_progress_gap_pct
618961,2026-05-01,0.0103,0.003,4.0,LOW,STABLE,-0.1,NORMAL,LOW,27.2,schedule_progress_gap_pct
618961,2026-06-01,0.0129,0.0048,2.6,LOW,STABLE,-1.4,NORMAL,LOW,25.2,schedule_progress_gap_pct
618961,2026-07-01,0.0142,0.0048,2.1,LOW,STABLE,-0.5,NORMAL,LOW,25.9,schedule_progress_gap_pct
618962,2026-04-01,0.0108,0.0019,5.0,LOW,STABLE,0.0,NORMAL,LOW,29.1,schedule_progress_gap_pct
618962,2026-05-01,0.0115,0.0019,5.0,LOW,STABLE,0.0,NORMAL,LOW,29.1,schedule_progress_gap_pct
618962,2026-06-01,0.0137,0.0022,4.9,LOW,STABLE,-0.1,NORMAL,LOW,28.9,schedule_progress_gap_pct
618962,2026-07-01,0.014,0.0022,5.9,LOW,STABLE,1.0,NORMAL,MEDIUM,30.5,schedule_progress_gap_pct
618963,2026-04-01,0.0167,0.0076,4.4,LOW,STABLE,0.0,NORMAL,LOW,27.6,schedule_progress_gap_pct
618963,2026-05-01,0.0172,0.0173,5.5,LOW,STABLE,1.1,NORMAL,LOW,29.2,schedule_progress_gap_pct
618963,2026-06-01,0.0205,0.0188,5.2,LOW,STABLE,-0.3,NORMAL,LOW,27.7,schedule_progress_gap_pct
618963,2026-07-01,0.0212,0.0131,5.7,LOW,STABLE,0.5,NORMAL,LOW,28.7,schedule_progress_gap_pct
618964,2026-04-01,0.0089,0.0021,5.0,LOW,STABLE,0.0,UNUSUAL,MEDIUM,30.0,schedule_progress_gap_pct
618964,2026-05-01,0.0092,0.0022,2.3,LOW,STABLE,-2.7,NORMAL,LOW,25.9,schedule_progress_gap_pct
618964,2026-06-01,0.0104,0.0241,10.8,LOW,MODERATE_RISE,8.5,ANOMALOUS,MEDIUM,41.4,schedule_progress_gap_pct
618964,2026-07-01,0.0106,0.0011,4.4,LOW,DE_ESCALATING,-6.4,NORMAL,LOW,23.3,schedule_progress_gap_pct
618966,2026-04-01,0.0104,0.0007,9.0,LOW,STABLE,0.0,UNUSUAL,MEDIUM,31.1,schedule_progress_gap_pct
618966,2026-05-01,0.0106,0.0007,6.8,LOW,STABLE,-2.2,NORMAL,LOW,27.8,schedule_progress_gap_pct
618966,2026-06-01,0.0123,0.0007,7.0,LOW,STABLE,0.2,NORMAL,MEDIUM,30.3,schedule_progress_gap_pct
618966,2026-07-01,0.0127,0.0007,7.8,LOW,STABLE,0.8,NORMAL,MEDIUM,31.3,schedule_progress_gap_pct
618967,2026-04-01,0.0226,0.0084,7.0,LOW,STABLE,0.0,NORMAL,LOW,25.4,schedule_progress_gap_pct
618967,2026-05-01,0.9824,0.0027,46.4,MEDIUM,RAPID_ESCALATION,39.4,NORMAL,HIGH,55.1,schedule_progress_gap_pct
618967,2026-06-01,0.984,0.0081,47.9,MEDIUM,STABLE,1.5,NORMAL,MEDIUM,47.4,schedule_progress_gap_pct
618967,2026-07-01,0.9843,0.0029,48.7,MEDIUM,STABLE,0.8,NORMAL,MEDIUM,47.1,schedule_progress_gap_pct
618968,2026-04-01,0.9919,0.0191,55.3,HIGH,STABLE,0.0,NORMAL,HIGH,55.1,schedule_progress_gap_pct
618968,2026-05-01,0.992,0.0193,55.4,HIGH,STABLE,0.1,NORMAL,HIGH,55.3,schedule_progress_gap_pct
618968,2026-06-01,0.9931,0.2537,70.2,HIGH,RAPID_ESCALATION,14.8,ANOMALOUS,HIGH,72.6,schedule_progress_gap_pct
618968,2026-07-01,0.9932,0.2051,61.9,HIGH,DE_ESCALATING,-8.3,NORMAL,MEDIUM,50.4,schedule_progress_gap_pct
618969,2026-04-01,0.9885,0.0091,54.9,HIGH,STABLE,0.0,NORMAL,HIGH,56.4,schedule_progress_gap_pct
618969,2026-05-01,0.9888,0.0069,58.1,HIGH,STABLE,3.2,UNUSUAL,HIGH,61.2,schedule_progress_gap_pct
618969,2026-06-01,0.99,0.0067,58.1,HIGH,STABLE,0.0,UNUSUAL,HIGH,58.0,schedule_progress_gap_pct
618969,2026-07-01,0.9902,0.0072,54.9,HIGH,STABLE,-3.2,NORMAL,MEDIUM,53.2,schedule_progress_gap_pct
618970,2026-04-01,0.9913,0.0159,55.2,HIGH,STABLE,0.0,NORMAL,MEDIUM,54.8,schedule_progress_gap_pct
618970,2026-05-01,0.9914,0.016,55.2,HIGH,STABLE,0.0,NORMAL,MEDIUM,54.8,schedule_progress_gap_pct
618970,2026-06-01,0.993,0.1917,64.7,HIGH,MODERATE_RISE,9.5,UNUSUAL,HIGH,69.1,schedule_progress_gap_pct
618970,2026-07-01,0.9931,0.1232,59.0,HIGH,DE_ESCALATING,-5.7,NORMAL,MEDIUM,51.0,schedule_progress_gap_pct
618976,2026-05-01,0.8484,0.0046,41.1,MEDIUM,STABLE,0.0,UNUSUAL,HIGH,57.4,schedule_progress_gap_pct
618976,2026-06-01,0.8553,0.0097,48.3,MEDIUM,MODERATE_RISE,7.2,REQUIRES_VERIFICATION,HIGH,68.2,schedule_progress_gap_pct
618976,2026-07-01,0.0027,0.0068,14.1,LOW,DE_ESCALATING,-34.2,REQUIRES_VERIFICATION,MEDIUM,35.9,schedule_progress_gap_pct
618977,2026-04-01,0.9723,0.0021,42.6,MEDIUM,STABLE,0.0,NORMAL,MEDIUM,49.0,schedule_progress_gap_pct
618977,2026-05-01,0.9726,0.0007,43.7,MEDIUM,STABLE,1.1,NORMAL,MEDIUM,50.6,schedule_progress_gap_pct
618977,2026-06-01,0.9729,0.0059,51.7,HIGH,MODERATE_RISE,8.0,ANOMALOUS,HIGH,61.5,schedule_progress_gap_pct
618977,2026-07-01,0.9732,0.0006,46.1,MEDIUM,DE_ESCALATING,-5.6,NORMAL,MEDIUM,45.1,schedule_progress_gap_pct
618982,2026-05-01,0.9914,0.0033,46.9,MEDIUM,STABLE,0.0,NORMAL,MEDIUM,47.4,schedule_progress_gap_pct
618982,2026-06-01,0.9914,0.0033,47.7,MEDIUM,STABLE,0.8,NORMAL,MEDIUM,48.6,schedule_progress_gap_pct
618982,2026-07-01,0.9916,0.0068,48.3,MEDIUM,STABLE,0.6,NORMAL,MEDIUM,48.7,schedule_progress_gap_pct
619003,2026-04-01,0.9937,0.0078,55.0,HIGH,STABLE,0.0,NORMAL,MEDIUM,53.3,schedule_progress_gap_pct
619003,2026-05-01,0.9937,0.0078,55.0,HIGH,STABLE,0.0,NORMAL,MEDIUM,53.3,schedule_progress_gap_pct
619003,2026-06-01,0.9948,0.8902,95.9,CRITICAL,RAPID_ESCALATION,40.9,REQUIRES_VERIFICATION,CRITICAL_INTERVENTION,83.7,schedule_progress_gap_pct
619003,2026-07-01,0.9948,0.9848,92.6,CRITICAL,STABLE,-3.3,UNUSUAL,HIGH,68.8,schedule_progress_gap_pct
619004,2026-04-01,0.0076,0.0048,4.4,LOW,STABLE,0.0,NORMAL,LOW,26.4,schedule_progress_gap_pct
619004,2026-05-01,0.0077,0.0048,5.5,LOW,STABLE,1.1,NORMAL,LOW,28.0,schedule_progress_gap_pct
619004,2026-06-01,0.0079,0.0151,6.7,LOW,STABLE,1.2,NORMAL,LOW,28.7,schedule_progress_gap_pct
619004,2026-07-01,0.0082,0.0142,7.1,LOW,STABLE,0.4,NORMAL,LOW,28.1,schedule_progress_gap_pct
619005,2026-04-01,0.009,0.01,0.8,LOW,STABLE,0.0,NORMAL,LOW,21.5,schedule_progress_gap_pct
619005,2026-05-01,0.009,0.0074,2.0,LOW,STABLE,1.2,NORMAL,LOW,23.3,schedule_progress_gap_pct
619005,2026-06-01,0.0091,0.0012,3.0,LOW,STABLE,1.0,NORMAL,LOW,23.6,schedule_progress_gap_pct
619005,2026-07-01,0.0093,0.0013,4.0,LOW,STABLE,1.0,NORMAL,LOW,24.1,schedule_progress_gap_pct
619008,2026-04-01,0.0096,0.0286,6.3,LOW,STABLE,0.0,NORMAL,LOW,22.9,schedule_progress_gap_pct
619008,2026-05-01,0.0198,0.1126,11.3,LOW,MODERATE_RISE,5.0,ANOMALOUS,MEDIUM,30.4,schedule_progress_gap_pct
619008,2026-06-01,0.0199,0.1238,5.1,LOW,DE_ESCALATING,-6.2,NORMAL,LOW,16.1,schedule_progress_gap_pct
619008,2026-07-01,0.02,0.1239,5.1,LOW,STABLE,0.0,NORMAL,LOW,22.3,schedule_progress_gap_pct
619009,2026-05-01,0.0069,0.0016,0.3,LOW,STABLE,0.0,NORMAL,LOW,25.1,schedule_progress_gap_pct
619009,2026-06-01,0.0069,0.0019,1.7,LOW,STABLE,1.4,NORMAL,LOW,27.2,schedule_progress_gap_pct
619009,2026-07-01,0.0069,0.0019,3.0,LOW,STABLE,1.3,NORMAL,LOW,27.7,schedule_progress_gap_pct
619010,2026-04-01,0.9874,0.0194,55.2,HIGH,STABLE,0.0,NORMAL,MEDIUM,51.4,schedule_progress_gap_pct
619010,2026-05-01,0.9875,0.02,55.2,HIGH,STABLE,0.0,NORMAL,MEDIUM,51.4,schedule_progress_gap_pct
619010,2026-06-01,0.992,0.0271,58.9,HIGH,STABLE,3.7,UNUSUAL,HIGH,56.9,schedule_progress_gap_pct
619010,2026-07-01,0.992,0.0231,55.5,HIGH,STABLE,-3.4,NORMAL,MEDIUM,48.1,schedule_progress_gap_pct
619013,2026-06-01,0.9858,0.0067,54.7,HIGH,STABLE,0.0,NORMAL,MEDIUM,51.2,schedule_progress_gap_pct
619013,2026-07-01,0.9862,0.0054,54.6,HIGH,STABLE,-0.1,NORMAL,MEDIUM,51.0,schedule_progress_gap_pct
619014,2026-06-01,0.0112,0.0074,2.1,LOW,STABLE,0.0,NORMAL,LOW,23.2,schedule_progress_gap_pct
619014,2026-07-01,0.0119,0.0071,2.4,LOW,STABLE,0.3,NORMAL,LOW,23.7,schedule_progress_gap_pct
619028,2026-07-01,0.9692,0.0065,52.3,HIGH,STABLE,0.0,NORMAL,MEDIUM,46.2,schedule_progress_gap_pct
619029,2026-04-01,0.9804,0.0011,54.3,HIGH,STABLE,0.0,NORMAL,MEDIUM,49.3,schedule_progress_gap_pct
619029,2026-05-01,0.9813,0.0018,54.3,HIGH,STABLE,0.0,NORMAL,MEDIUM,49.3,schedule_progress_gap_pct
619029,2026-06-01,0.9839,0.0009,54.4,HIGH,STABLE,0.1,NORMAL,MEDIUM,49.5,schedule_progress_gap_pct
619029,2026-07-01,0.9849,0.0009,54.4,HIGH,STABLE,0.0,NORMAL,MEDIUM,49.4,schedule_progress_gap_pct
619033,2026-07-01,0.9891,0.0043,54.7,HIGH,STABLE,0.0,NORMAL,MEDIUM,47.9,schedule_progress_gap_pct
619038,2026-04-01,0.9942,0.0247,55.6,HIGH,STABLE,0.0,NORMAL,MEDIUM,51.6,schedule_progress_gap_pct
619038,2026-05-01,0.9942,0.0106,55.1,HIGH,STABLE,-0.5,NORMAL,MEDIUM,50.8,schedule_progress_gap_pct
619038,2026-06-01,0.9943,0.0302,55.8,HIGH,STABLE,0.7,NORMAL,MEDIUM,52.4,schedule_progress_gap_pct
619038,2026-07-01,0.9943,0.0176,55.4,HIGH,STABLE,-0.4,NORMAL,MEDIUM,51.1,schedule_progress_gap_pct
619042,2026-04-01,0.031,0.0853,11.3,LOW,STABLE,0.0,NORMAL,LOW,25.5,schedule_progress_gap_pct
619042,2026-05-01,0.0323,0.0853,11.2,LOW,STABLE,-0.1,NORMAL,LOW,25.3,schedule_progress_gap_pct
619042,2026-06-01,0.0325,0.0891,12.0,LOW,STABLE,0.8,NORMAL,LOW,26.6,schedule_progress_gap_pct
619042,2026-07-01,0.033,0.057,11.5,LOW,STABLE,-0.5,NORMAL,LOW,25.1,schedule_progress_gap_pct
619043,2026-07-01,0.9711,0.0044,52.4,HIGH,STABLE,0.0,NORMAL,MEDIUM,48.6,schedule_progress_gap_pct
619045,2026-04-01,0.9605,0.0057,53.6,HIGH,STABLE,0.0,NORMAL,MEDIUM,53.7,schedule_progress_gap_pct
619045,2026-05-01,0.9648,0.0049,53.8,HIGH,STABLE,0.2,NORMAL,MEDIUM,54.0,schedule_progress_gap_pct
619045,2026-06-01,0.9681,0.0004,53.7,HIGH,STABLE,-0.1,NORMAL,MEDIUM,53.6,schedule_progress_gap_pct
619045,2026-07-01,0.9682,0.0004,53.7,HIGH,STABLE,0.0,NORMAL,MEDIUM,53.7,schedule_progress_gap_pct
619049,2026-07-01,0.9906,0.0243,48.2,MEDIUM,STABLE,0.0,NORMAL,HIGH,55.6,schedule_progress_gap_pct
619051,2026-05-01,0.7124,0.0031,35.0,MEDIUM,STABLE,0.0,UNUSUAL,HIGH,55.7,schedule_progress_gap_pct
619051,2026-06-01,0.7255,0.0183,42.6,MEDIUM,MODERATE_RISE,7.6,REQUIRES_VERIFICATION,HIGH,67.1,schedule_progress_gap_pct
619051,2026-07-01,0.0012,0.0174,13.7,LOW,DE_ESCALATING,-28.9,REQUIRES_VERIFICATION,MEDIUM,37.0,schedule_progress_gap_pct
619056,2026-05-01,0.9144,0.002,38.8,MEDIUM,STABLE,0.0,NORMAL,MEDIUM,54.1,schedule_progress_gap_pct
619056,2026-06-01,0.9157,0.0121,49.7,MEDIUM,RAPID_ESCALATION,10.9,REQUIRES_VERIFICATION,HIGH,69.6,schedule_progress_gap_pct
619056,2026-07-01,0.9165,0.0013,43.0,MEDIUM,DE_ESCALATING,-6.7,UNUSUAL,MEDIUM,49.5,schedule_progress_gap_pct
619057,2026-04-01,0.0311,0.0129,6.4,LOW,STABLE,0.0,NORMAL,LOW,27.5,schedule_progress_gap_pct
619057,2026-05-01,0.0313,0.0127,7.3,LOW,STABLE,0.9,NORMAL,LOW,28.8,schedule_progress_gap_pct
619057,2026-06-01,0.0314,0.0127,8.4,LOW,STABLE,1.1,NORMAL,LOW,29.6,schedule_progress_gap_pct
619057,2026-07-01,0.9873,0.0079,47.4,MEDIUM,RAPID_ESCALATION,39.0,NORMAL,HIGH,58.0,schedule_progress_gap_pct
619059,2026-04-01,0.9871,0.0005,54.5,HIGH,STABLE,0.0,NORMAL,MEDIUM,49.5,schedule_progress_gap_pct
619059,2026-05-01,0.9872,0.0058,54.7,HIGH,STABLE,0.2,NORMAL,MEDIUM,49.8,schedule_progress_gap_pct
619059,2026-06-01,0.9881,0.0045,54.7,HIGH,STABLE,0.0,NORMAL,MEDIUM,49.6,schedule_progress_gap_pct
619059,2026-07-01,0.9881,0.0025,54.6,HIGH,STABLE,-0.1,NORMAL,MEDIUM,49.4,schedule_progress_gap_pct
619060,2026-06-01,0.9863,0.0143,55.0,HIGH,STABLE,0.0,NORMAL,MEDIUM,50.0,schedule_progress_gap_pct
619060,2026-07-01,0.9866,0.0089,54.8,HIGH,STABLE,-0.2,NORMAL,MEDIUM,49.7,schedule_progress_gap_pct
619061,2026-05-01,0.0079,0.0234,1.1,LOW,STABLE,0.0,NORMAL,LOW,25.5,schedule_progress_gap_pct
619061,2026-06-01,0.0082,0.0181,1.0,LOW,STABLE,-0.1,NORMAL,LOW,25.4,schedule_progress_gap_pct
619061,2026-07-01,0.0086,0.0139,1.2,LOW,STABLE,0.2,NORMAL,LOW,25.8,schedule_progress_gap_pct
619063,2026-04-01,0.9911,0.0109,55.0,HIGH,STABLE,0.0,NORMAL,HIGH,55.4,schedule_progress_gap_pct
619063,2026-05-01,0.9913,0.0102,55.0,HIGH,STABLE,0.0,NORMAL,HIGH,55.4,schedule_progress_gap_pct
619064,2026-04-01,0.977,0.0171,54.7,HIGH,STABLE,0.0,NORMAL,HIGH,55.8,schedule_progress_gap_pct
619064,2026-05-01,0.979,0.0171,54.8,HIGH,STABLE,0.1,NORMAL,HIGH,56.0,schedule_progress_gap_pct
619064,2026-06-01,0.9818,0.0385,58.9,HIGH,STABLE,4.1,UNUSUAL,HIGH,62.0,schedule_progress_gap_pct
619064,2026-07-01,0.9819,0.0322,55.4,HIGH,STABLE,-3.5,NORMAL,MEDIUM,52.7,schedule_progress_gap_pct
619065,2026-06-01,0.9935,0.029,65.8,HIGH,STABLE,0.0,REQUIRES_VERIFICATION,HIGH,61.1,schedule_progress_gap_pct
619065,2026-07-01,0.9935,0.0096,55.1,HIGH,DE_ESCALATING,-10.7,NORMAL,MEDIUM,47.7,schedule_progress_gap_pct
619066,2026-04-01,0.9872,0.015,55.0,HIGH,STABLE,0.0,NORMAL,HIGH,57.6,schedule_progress_gap_pct
619066,2026-05-01,0.9873,0.0151,55.0,HIGH,STABLE,0.0,NORMAL,HIGH,57.6,schedule_progress_gap_pct
619066,2026-06-01,0.9888,0.002,54.6,HIGH,STABLE,-0.4,NORMAL,HIGH,57.0,schedule_progress_gap_pct
619066,2026-07-01,0.9894,0.0073,54.8,HIGH,STABLE,0.2,NORMAL,HIGH,57.7,schedule_progress_gap_pct
619067,2026-04-01,0.9962,0.062,63.6,HIGH,STABLE,0.0,ANOMALOUS,MEDIUM,54.4,schedule_progress_gap_pct
619067,2026-05-01,0.9962,0.062,63.6,HIGH,STABLE,0.0,ANOMALOUS,MEDIUM,54.4,schedule_progress_gap_pct
619068,2026-04-01,0.9826,0.004,54.4,HIGH,STABLE,0.0,NORMAL,HIGH,57.2,schedule_progress_gap_pct
619068,2026-05-01,0.9829,0.0011,54.4,HIGH,STABLE,0.0,NORMAL,HIGH,57.2,schedule_progress_gap_pct
619068,2026-06-01,0.9865,0.0048,61.2,HIGH,MODERATE_RISE,6.8,ANOMALOUS,HIGH,67.4,schedule_progress_gap_pct
619068,2026-07-01,0.987,0.0048,54.6,HIGH,DE_ESCALATING,-6.6,NORMAL,MEDIUM,50.7,schedule_progress_gap_pct
619069,2026-04-01,0.9939,0.0771,52.9,HIGH,STABLE,0.0,NORMAL,MEDIUM,49.1,schedule_progress_gap_pct
619069,2026-05-01,0.9939,0.0771,53.1,HIGH,STABLE,0.2,NORMAL,MEDIUM,49.4,schedule_progress_gap_pct
619069,2026-06-01,0.9948,0.9421,83.6,CRITICAL,RAPID_ESCALATION,30.5,NORMAL,HIGH,74.4,schedule_progress_gap_pct
619069,2026-07-01,0.9949,0.9745,85.0,CRITICAL,STABLE,1.4,NORMAL,HIGH,66.5,schedule_progress_gap_pct
619070,2026-04-01,0.998,0.0501,66.7,HIGH,STABLE,0.0,REQUIRES_VERIFICATION,HIGH,58.9,schedule_progress_gap_pct
619071,2026-04-01,0.9821,0.0003,54.3,HIGH,STABLE,0.0,NORMAL,HIGH,55.9,schedule_progress_gap_pct
619071,2026-05-01,0.9824,0.0045,54.5,HIGH,STABLE,0.2,NORMAL,HIGH,56.2,schedule_progress_gap_pct
619071,2026-06-01,0.985,0.0013,57.7,HIGH,STABLE,3.2,UNUSUAL,HIGH,60.8,schedule_progress_gap_pct
619071,2026-07-01,0.9851,0.0013,54.5,HIGH,STABLE,-3.2,NORMAL,MEDIUM,52.8,schedule_progress_gap_pct
619072,2026-04-01,0.9906,0.014,55.1,HIGH,STABLE,0.0,NORMAL,MEDIUM,54.4,schedule_progress_gap_pct
619072,2026-05-01,0.9907,0.0058,54.8,HIGH,STABLE,-0.3,NORMAL,MEDIUM,53.9,schedule_progress_gap_pct
619072,2026-06-01,0.9921,0.2144,62.2,HIGH,MODERATE_RISE,7.4,NORMAL,HIGH,65.3,schedule_progress_gap_pct
619072,2026-07-01,0.9921,0.1891,61.3,HIGH,STABLE,-0.9,NORMAL,HIGH,56.6,schedule_progress_gap_pct
619073,2026-04-01,0.9933,0.0104,55.1,HIGH,STABLE,0.0,NORMAL,MEDIUM,54.7,schedule_progress_gap_pct
619073,2026-05-01,0.9934,0.0072,55.0,HIGH,STABLE,-0.1,NORMAL,MEDIUM,54.6,schedule_progress_gap_pct
619073,2026-06-01,0.9943,0.4515,73.9,HIGH,RAPID_ESCALATION,18.9,UNUSUAL,HIGH,74.1,schedule_progress_gap_pct
619073,2026-07-01,0.9944,0.9467,87.9,CRITICAL,RAPID_ESCALATION,14.0,NORMAL,CRITICAL_INTERVENTION,81.1,schedule_progress_gap_pct
619074,2026-04-01,0.9978,0.0188,65.6,HIGH,STABLE,0.0,REQUIRES_VERIFICATION,HIGH,60.8,schedule_progress_gap_pct
619074,2026-05-01,0.9978,0.0188,65.6,HIGH,STABLE,0.0,REQUIRES_VERIFICATION,HIGH,60.8,schedule_progress_gap_pct
619074,2026-06-01,0.9981,0.014,65.4,HIGH,STABLE,-0.2,REQUIRES_VERIFICATION,HIGH,60.5,schedule_progress_gap_pct
619074,2026-07-01,0.9981,0.014,65.4,HIGH,STABLE,0.0,REQUIRES_VERIFICATION,HIGH,60.7,schedule_progress_gap_pct
619075,2026-04-01,0.9978,0.0506,66.7,HIGH,STABLE,0.0,REQUIRES_VERIFICATION,HIGH,58.0,schedule_progress_gap_pct
619075,2026-05-01,0.9978,0.0462,66.5,HIGH,STABLE,-0.2,REQUIRES_VERIFICATION,HIGH,57.7,schedule_progress_gap_pct
619076,2026-04-01,0.993,0.0154,55.3,HIGH,STABLE,0.0,NORMAL,HIGH,55.5,schedule_progress_gap_pct
619076,2026-05-01,0.9933,0.0154,55.3,HIGH,STABLE,0.0,NORMAL,HIGH,55.5,schedule_progress_gap_pct
619076,2026-06-01,0.9939,0.0153,55.3,HIGH,STABLE,0.0,NORMAL,HIGH,55.5,schedule_progress_gap_pct
619076,2026-07-01,0.994,0.0191,55.4,HIGH,STABLE,0.1,NORMAL,HIGH,55.6,schedule_progress_gap_pct
619077,2026-04-01,0.995,0.0215,62.2,HIGH,STABLE,0.0,ANOMALOUS,MEDIUM,54.6,schedule_progress_gap_pct
619077,2026-05-01,0.9951,0.0215,62.2,HIGH,STABLE,0.0,ANOMALOUS,MEDIUM,54.6,schedule_progress_gap_pct
619077,2026-06-01,0.9957,0.065,67.1,HIGH,STABLE,4.9,REQUIRES_VERIFICATION,HIGH,62.0,schedule_progress_gap_pct
619077,2026-07-01,0.9957,0.0624,60.3,HIGH,DE_ESCALATING,-6.8,UNUSUAL,MEDIUM,46.9,schedule_progress_gap_pct
619078,2026-04-01,0.9909,0.0105,55.0,HIGH,STABLE,0.0,NORMAL,HIGH,55.7,schedule_progress_gap_pct
619078,2026-05-01,0.9909,0.0105,55.0,HIGH,STABLE,0.0,NORMAL,HIGH,55.7,schedule_progress_gap_pct
619078,2026-06-01,0.9924,0.001,61.3,HIGH,MODERATE_RISE,6.3,ANOMALOUS,HIGH,65.2,schedule_progress_gap_pct
619078,2026-07-01,0.9925,0.001,54.7,HIGH,DE_ESCALATING,-6.6,NORMAL,MEDIUM,49.0,schedule_progress_gap_pct
619080,2026-04-01,0.9856,0.0071,53.3,HIGH,STABLE,0.0,NORMAL,MEDIUM,53.2,schedule_progress_gap_pct
619080,2026-05-01,0.9865,0.0004,53.0,HIGH,STABLE,-0.3,NORMAL,MEDIUM,52.7,schedule_progress_gap_pct
619080,2026-06-01,0.9888,0.0205,53.6,HIGH,STABLE,0.6,NORMAL,MEDIUM,53.9,schedule_progress_gap_pct
619080,2026-07-01,0.9895,0.0161,53.5,HIGH,STABLE,-0.1,NORMAL,MEDIUM,53.2,schedule_progress_gap_pct
619083,2026-04-01,0.999,0.1326,66.2,HIGH,STABLE,0.0,ANOMALOUS,MEDIUM,54.5,schedule_progress_gap_pct
619083,2026-05-01,0.999,0.1383,66.4,HIGH,STABLE,0.2,ANOMALOUS,MEDIUM,54.8,schedule_progress_gap_pct
619084,2026-04-01,0.999,0.0659,67.3,HIGH,STABLE,0.0,REQUIRES_VERIFICATION,HIGH,57.1,schedule_progress_gap_pct
619084,2026-05-01,0.999,0.0659,67.3,HIGH,STABLE,0.0,REQUIRES_VERIFICATION,HIGH,57.1,schedule_progress_gap_pct
619086,2026-04-01,0.9981,0.0723,67.5,HIGH,STABLE,0.0,REQUIRES_VERIFICATION,HIGH,59.4,schedule_progress_gap_pct
619086,2026-05-01,0.9982,0.0723,67.5,HIGH,STABLE,0.0,REQUIRES_VERIFICATION,HIGH,59.4,schedule_progress_gap_pct
619086,2026-06-01,0.9983,0.0567,66.9,HIGH,STABLE,-0.6,REQUIRES_VERIFICATION,HIGH,58.5,schedule_progress_gap_pct
619086,2026-07-01,0.9983,0.0723,67.5,HIGH,STABLE,0.6,REQUIRES_VERIFICATION,HIGH,61.3,schedule_progress_gap_pct
619087,2026-04-01,0.9853,0.015,54.9,HIGH,STABLE,0.0,NORMAL,HIGH,56.2,schedule_progress_gap_pct
619087,2026-05-01,0.9858,0.0116,54.8,HIGH,STABLE,-0.1,NORMAL,HIGH,56.1,schedule_progress_gap_pct
619087,2026-06-01,0.9875,0.0292,55.5,HIGH,STABLE,0.7,NORMAL,HIGH,57.2,schedule_progress_gap_pct
619087,2026-07-01,0.9883,0.0114,54.9,HIGH,STABLE,-0.6,NORMAL,HIGH,55.6,schedule_progress_gap_pct
619089,2026-04-01,0.9895,0.0074,44.4,MEDIUM,STABLE,0.0,NORMAL,MEDIUM,50.7,schedule_progress_gap_pct
619089,2026-05-01,0.9898,0.0077,44.8,MEDIUM,STABLE,0.4,NORMAL,MEDIUM,51.3,schedule_progress_gap_pct
619089,2026-06-01,0.9899,0.0039,45.5,MEDIUM,STABLE,0.7,NORMAL,MEDIUM,51.9,schedule_progress_gap_pct
619089,2026-07-01,0.9905,0.0115,45.6,MEDIUM,STABLE,0.1,NORMAL,MEDIUM,51.4,schedule_progress_gap_pct
619090,2026-04-01,0.994,0.0952,61.4,HIGH,STABLE,0.0,UNUSUAL,HIGH,59.5,schedule_progress_gap_pct
619090,2026-05-01,0.9941,0.091,61.2,HIGH,STABLE,-0.2,UNUSUAL,HIGH,59.2,schedule_progress_gap_pct
619090,2026-06-01,0.9949,0.934,94.1,CRITICAL,RAPID_ESCALATION,32.9,ANOMALOUS,CRITICAL_INTERVENTION,85.8,schedule_progress_gap_pct
619090,2026-07-01,0.995,0.9639,91.8,CRITICAL,STABLE,-2.3,UNUSUAL,HIGH,72.4,schedule_progress_gap_pct
619092,2026-04-01,0.9931,0.0069,55.0,HIGH,STABLE,0.0,NORMAL,MEDIUM,53.7,schedule_progress_gap_pct
619092,2026-05-01,0.9932,0.0069,55.0,HIGH,STABLE,0.0,NORMAL,MEDIUM,53.7,schedule_progress_gap_pct
619092,2026-06-01,0.9942,0.9071,89.8,CRITICAL,RAPID_ESCALATION,34.8,UNUSUAL,CRITICAL_INTERVENTION,81.1,schedule_progress_gap_pct
619092,2026-07-01,0.9942,0.9573,88.3,CRITICAL,STABLE,-1.5,NORMAL,HIGH,68.8,schedule_progress_gap_pct
619093,2026-04-01,0.9839,0.0004,53.1,HIGH,STABLE,0.0,NORMAL,MEDIUM,51.0,schedule_progress_gap_pct
619093,2026-05-01,0.9843,0.0024,53.8,HIGH,STABLE,0.7,NORMAL,MEDIUM,52.1,schedule_progress_gap_pct
619093,2026-06-01,0.9862,0.0024,54.5,HIGH,STABLE,0.7,NORMAL,MEDIUM,52.4,schedule_progress_gap_pct
619093,2026-07-01,0.9867,0.0023,54.5,HIGH,STABLE,0.0,NORMAL,MEDIUM,51.7,schedule_progress_gap_pct
619094,2026-04-01,0.9896,0.0009,54.6,HIGH,STABLE,0.0,NORMAL,MEDIUM,54.3,schedule_progress_gap_pct
619094,2026-05-01,0.9889,0.0009,54.6,HIGH,STABLE,0.0,NORMAL,MEDIUM,54.3,schedule_progress_gap_pct
619094,2026-06-01,0.9901,0.0017,54.7,HIGH,STABLE,0.1,NORMAL,MEDIUM,54.4,schedule_progress_gap_pct
619094,2026-07-01,0.9902,0.0019,54.7,HIGH,STABLE,0.0,NORMAL,MEDIUM,54.3,schedule_progress_gap_pct
619095,2026-04-01,0.9914,0.035,55.9,HIGH,STABLE,0.0,NORMAL,MEDIUM,52.0,schedule_progress_gap_pct
619095,2026-05-01,0.9914,0.0406,56.1,HIGH,STABLE,0.2,NORMAL,MEDIUM,52.3,schedule_progress_gap_pct
619095,2026-06-01,0.9923,0.0406,56.1,HIGH,STABLE,0.0,NORMAL,MEDIUM,52.1,schedule_progress_gap_pct
619095,2026-07-01,0.9938,0.0426,56.2,HIGH,STABLE,0.1,NORMAL,MEDIUM,52.3,schedule_progress_gap_pct
619096,2026-04-01,0.9969,0.0121,61.9,HIGH,STABLE,0.0,ANOMALOUS,HIGH,58.9,schedule_progress_gap_pct
619096,2026-05-01,0.9969,0.0121,61.9,HIGH,STABLE,0.0,ANOMALOUS,HIGH,58.9,schedule_progress_gap_pct
619096,2026-06-01,0.9977,0.8052,93.1,CRITICAL,RAPID_ESCALATION,31.2,REQUIRES_VERIFICATION,CRITICAL_INTERVENTION,84.5,schedule_progress_gap_pct
619096,2026-07-01,0.9977,0.9685,95.4,CRITICAL,STABLE,2.3,ANOMALOUS,CRITICAL_INTERVENTION,78.0,schedule_progress_gap_pct
619097,2026-04-01,0.9948,0.0139,55.3,HIGH,STABLE,0.0,NORMAL,MEDIUM,54.5,schedule_progress_gap_pct
619097,2026-05-01,0.9948,0.0142,55.3,HIGH,STABLE,0.0,NORMAL,MEDIUM,54.5,schedule_progress_gap_pct
619097,2026-06-01,0.9958,0.9112,96.7,CRITICAL,RAPID_ESCALATION,41.4,REQUIRES_VERIFICATION,CRITICAL_INTERVENTION,85.2,schedule_progress_gap_pct
619097,2026-07-01,0.9958,0.9747,92.2,CRITICAL,STABLE,-4.5,UNUSUAL,HIGH,68.4,schedule_progress_gap_pct
619098,2026-04-01,0.9923,0.0065,54.9,HIGH,STABLE,0.0,NORMAL,MEDIUM,54.9,schedule_progress_gap_pct
619098,2026-05-01,0.9924,0.0068,54.9,HIGH,STABLE,0.0,NORMAL,MEDIUM,54.9,schedule_progress_gap_pct
619098,2026-06-01,0.9931,0.0065,55.0,HIGH,STABLE,0.1,NORMAL,HIGH,55.1,schedule_progress_gap_pct
619098,2026-07-01,0.9932,0.0058,54.9,HIGH,STABLE,-0.1,NORMAL,MEDIUM,54.8,schedule_progress_gap_pct
619099,2026-04-01,0.9801,0.0021,50.8,HIGH,STABLE,0.0,UNUSUAL,MEDIUM,53.7,schedule_progress_gap_pct
619099,2026-05-01,0.9803,0.0021,48.7,MEDIUM,STABLE,-2.1,NORMAL,MEDIUM,50.5,schedule_progress_gap_pct
619099,2026-06-01,0.9835,0.0115,57.0,HIGH,MODERATE_RISE,8.3,ANOMALOUS,HIGH,65.1,schedule_progress_gap_pct
619099,2026-07-01,0.984,0.0085,50.9,HIGH,DE_ESCALATING,-6.1,NORMAL,MEDIUM,47.6,schedule_progress_gap_pct
619100,2026-04-01,0.9929,0.0198,55.4,HIGH,STABLE,0.0,NORMAL,MEDIUM,53.4,schedule_progress_gap_pct
619100,2026-05-01,0.993,0.0148,55.2,HIGH,STABLE,-0.2,NORMAL,MEDIUM,53.1,schedule_progress_gap_pct
619100,2026-06-01,0.9937,0.0309,55.8,HIGH,STABLE,0.6,NORMAL,MEDIUM,54.2,schedule_progress_gap_pct
619100,2026-07-01,0.9937,0.0277,55.7,HIGH,STABLE,-0.1,NORMAL,MEDIUM,53.5,schedule_progress_gap_pct
619101,2026-04-01,0.9808,0.0018,51.4,HIGH,STABLE,0.0,NORMAL,MEDIUM,51.1,schedule_progress_gap_pct
619101,2026-05-01,0.9809,0.0016,52.6,HIGH,STABLE,1.2,NORMAL,MEDIUM,52.9,schedule_progress_gap_pct
619101,2026-06-01,0.9827,0.0017,53.9,HIGH,STABLE,1.3,NORMAL,MEDIUM,53.6,schedule_progress_gap_pct
619101,2026-07-01,0.9828,0.0017,54.4,HIGH,STABLE,0.5,NORMAL,MEDIUM,53.1,schedule_progress_gap_pct
619102,2026-04-01,0.0075,0.0025,1.7,LOW,STABLE,0.0,NORMAL,LOW,28.5,schedule_progress_gap_pct
619102,2026-05-01,0.0075,0.0025,2.9,LOW,STABLE,1.2,NORMAL,MEDIUM,30.3,schedule_progress_gap_pct
619102,2026-06-01,0.0084,0.0019,4.2,LOW,STABLE,1.3,NORMAL,MEDIUM,31.0,schedule_progress_gap_pct
619102,2026-07-01,0.0087,0.0115,5.1,LOW,STABLE,0.9,NORMAL,MEDIUM,31.1,schedule_progress_gap_pct
619103,2026-04-01,0.9963,0.034,66.0,HIGH,STABLE,0.0,REQUIRES_VERIFICATION,HIGH,59.5,schedule_progress_gap_pct
619103,2026-05-01,0.9963,0.0377,62.8,HIGH,STABLE,-3.2,ANOMALOUS,MEDIUM,54.7,schedule_progress_gap_pct
619103,2026-06-01,0.997,0.0314,66.0,HIGH,STABLE,3.2,REQUIRES_VERIFICATION,HIGH,62.7,schedule_progress_gap_pct
619103,2026-07-01,0.997,0.0243,62.3,HIGH,STABLE,-3.7,ANOMALOUS,MEDIUM,54.0,schedule_progress_gap_pct
619105,2026-04-01,0.0094,0.0184,10.3,LOW,STABLE,0.0,ANOMALOUS,MEDIUM,32.9,schedule_progress_gap_pct
619105,2026-05-01,0.0099,0.0065,3.6,LOW,DE_ESCALATING,-6.7,NORMAL,LOW,22.9,schedule_progress_gap_pct
619105,2026-06-01,0.0116,0.0111,15.0,LOW,RAPID_ESCALATION,11.4,REQUIRES_VERIFICATION,MEDIUM,45.3,schedule_progress_gap_pct
619105,2026-07-01,0.012,0.0048,5.4,LOW,DE_ESCALATING,-9.6,NORMAL,LOW,22.5,schedule_progress_gap_pct
619106,2026-04-01,0.9714,0.0004,50.2,HIGH,STABLE,0.0,NORMAL,MEDIUM,51.8,schedule_progress_gap_pct
619106,2026-05-01,0.9727,0.0004,50.7,HIGH,STABLE,0.5,NORMAL,MEDIUM,52.5,schedule_progress_gap_pct
619106,2026-06-01,0.9761,0.0004,51.4,HIGH,STABLE,0.7,NORMAL,MEDIUM,53.1,schedule_progress_gap_pct
619106,2026-07-01,0.9771,0.0004,51.9,HIGH,STABLE,0.5,NORMAL,MEDIUM,53.1,schedule_progress_gap_pct
619107,2026-04-01,0.9561,0.0012,47.6,MEDIUM,STABLE,0.0,UNUSUAL,MEDIUM,51.0,schedule_progress_gap_pct
619107,2026-05-01,0.9572,0.0022,45.2,MEDIUM,STABLE,-2.4,NORMAL,MEDIUM,47.4,schedule_progress_gap_pct
619107,2026-06-01,0.9636,0.0056,52.6,HIGH,MODERATE_RISE,7.4,ANOMALOUS,HIGH,60.9,schedule_progress_gap_pct
619107,2026-07-01,0.9646,0.0046,46.7,MEDIUM,DE_ESCALATING,-5.9,NORMAL,MEDIUM,44.6,schedule_progress_gap_pct
619108,2026-04-01,0.9685,0.0018,41.5,MEDIUM,STABLE,0.0,NORMAL,MEDIUM,48.3,schedule_progress_gap_pct
619108,2026-05-01,0.97,0.0019,41.9,MEDIUM,STABLE,0.4,NORMAL,MEDIUM,48.9,schedule_progress_gap_pct
619108,2026-06-01,0.9748,0.0106,49.4,MEDIUM,MODERATE_RISE,7.5,ANOMALOUS,HIGH,59.7,schedule_progress_gap_pct
619108,2026-07-01,0.9755,0.0093,43.5,MEDIUM,DE_ESCALATING,-5.9,NORMAL,MEDIUM,43.4,schedule_progress_gap_pct
619109,2026-04-01,0.992,0.0319,62.4,HIGH,STABLE,0.0,ANOMALOUS,HIGH,57.8,schedule_progress_gap_pct
619109,2026-05-01,0.9922,0.0267,55.6,HIGH,DE_ESCALATING,-6.8,NORMAL,MEDIUM,47.6,schedule_progress_gap_pct
619109,2026-06-01,0.9929,0.0121,55.1,HIGH,STABLE,-0.5,NORMAL,MEDIUM,53.6,schedule_progress_gap_pct
619109,2026-07-01,0.993,0.0161,55.3,HIGH,STABLE,0.2,NORMAL,MEDIUM,54.4,schedule_progress_gap_pct
619111,2026-04-01,0.9923,0.0417,59.4,HIGH,STABLE,0.0,UNUSUAL,HIGH,55.3,schedule_progress_gap_pct
619111,2026-05-01,0.9924,0.0266,55.6,HIGH,STABLE,-3.8,NORMAL,MEDIUM,49.6,schedule_progress_gap_pct
619111,2026-06-01,0.9931,0.0426,56.2,HIGH,STABLE,0.6,NORMAL,MEDIUM,54.3,schedule_progress_gap_pct
619111,2026-07-01,0.9932,0.0369,56.0,HIGH,STABLE,-0.2,NORMAL,MEDIUM,53.4,schedule_progress_gap_pct
619112,2026-04-01,0.9893,0.0111,55.0,HIGH,STABLE,0.0,NORMAL,MEDIUM,53.8,schedule_progress_gap_pct
619112,2026-05-01,0.9894,0.0111,55.0,HIGH,STABLE,0.0,NORMAL,MEDIUM,53.8,schedule_progress_gap_pct
619112,2026-06-01,0.9909,0.0058,54.8,HIGH,STABLE,-0.2,NORMAL,MEDIUM,53.5,schedule_progress_gap_pct
619112,2026-07-01,0.991,0.0107,55.0,HIGH,STABLE,0.2,NORMAL,MEDIUM,54.0,schedule_progress_gap_pct
619113,2026-06-01,0.999,0.0446,66.5,HIGH,STABLE,0.0,REQUIRES_VERIFICATION,HIGH,57.4,schedule_progress_gap_pct
619114,2026-04-01,0.9762,0.001,54.1,HIGH,STABLE,0.0,NORMAL,MEDIUM,53.5,schedule_progress_gap_pct
619114,2026-05-01,0.978,0.0008,54.1,HIGH,STABLE,0.0,NORMAL,MEDIUM,53.5,schedule_progress_gap_pct
619114,2026-06-01,0.98,0.0008,54.2,HIGH,STABLE,0.1,NORMAL,MEDIUM,53.7,schedule_progress_gap_pct
619114,2026-07-01,0.9801,0.0008,54.2,HIGH,STABLE,0.0,NORMAL,MEDIUM,53.6,schedule_progress_gap_pct
619117,2026-04-01,0.996,0.0064,61.7,HIGH,STABLE,0.0,ANOMALOUS,HIGH,57.1,schedule_progress_gap_pct
619117,2026-05-01,0.996,0.0064,61.7,HIGH,STABLE,0.0,ANOMALOUS,HIGH,57.1,schedule_progress_gap_pct
619117,2026-06-01,0.9966,0.923,97.2,CRITICAL,RAPID_ESCALATION,35.5,REQUIRES_VERIFICATION,CRITICAL_INTERVENTION,84.9,schedule_progress_gap_pct
619117,2026-07-01,0.9966,0.9427,94.5,CRITICAL,STABLE,-2.7,ANOMALOUS,HIGH,70.8,schedule_progress_gap_pct
619118,2026-04-01,0.9956,0.0128,58.6,HIGH,STABLE,0.0,UNUSUAL,HIGH,58.8,schedule_progress_gap_pct
619118,2026-05-01,0.9956,0.0128,58.6,HIGH,STABLE,0.0,UNUSUAL,HIGH,58.8,schedule_progress_gap_pct
619118,2026-06-01,0.9966,0.266,74.2,HIGH,RAPID_ESCALATION,15.6,REQUIRES_VERIFICATION,CRITICAL_INTERVENTION,76.6,schedule_progress_gap_pct
619118,2026-07-01,0.9966,0.3082,72.3,HIGH,STABLE,-1.9,ANOMALOUS,HIGH,63.7,schedule_progress_gap_pct
619119,2026-04-01,0.9953,0.0248,55.7,HIGH,STABLE,0.0,NORMAL,MEDIUM,54.1,schedule_progress_gap_pct
619119,2026-05-01,0.9954,0.0216,55.6,HIGH,STABLE,-0.1,NORMAL,MEDIUM,53.9,schedule_progress_gap_pct
619119,2026-06-01,0.9961,0.9161,93.5,CRITICAL,RAPID_ESCALATION,37.9,ANOMALOUS,CRITICAL_INTERVENTION,83.0,schedule_progress_gap_pct
619119,2026-07-01,0.9961,0.9736,92.2,CRITICAL,STABLE,-1.3,UNUSUAL,HIGH,71.0,schedule_progress_gap_pct
619120,2026-04-01,0.9937,0.0147,61.9,HIGH,STABLE,0.0,ANOMALOUS,HIGH,60.9,schedule_progress_gap_pct
619120,2026-05-01,0.9938,0.0147,55.3,HIGH,DE_ESCALATING,-6.6,NORMAL,MEDIUM,51.0,schedule_progress_gap_pct
619120,2026-06-01,0.9953,0.7505,87.7,CRITICAL,RAPID_ESCALATION,32.4,ANOMALOUS,CRITICAL_INTERVENTION,83.8,schedule_progress_gap_pct
619120,2026-07-01,0.9953,0.9817,89.2,CRITICAL,STABLE,1.5,NORMAL,CRITICAL_INTERVENTION,76.1,schedule_progress_gap_pct
619121,2026-04-01,0.9951,0.0128,58.6,HIGH,STABLE,0.0,UNUSUAL,HIGH,58.8,schedule_progress_gap_pct
619121,2026-05-01,0.9952,0.0131,55.3,HIGH,STABLE,-3.3,NORMAL,MEDIUM,53.8,schedule_progress_gap_pct
619122,2026-04-01,0.9903,0.1819,61.0,HIGH,STABLE,0.0,NORMAL,HIGH,58.1,schedule_progress_gap_pct
619122,2026-05-01,0.9904,0.1376,59.4,HIGH,STABLE,-1.6,NORMAL,HIGH,55.7,schedule_progress_gap_pct
619123,2026-04-01,0.9829,0.0023,53.4,HIGH,STABLE,0.0,NORMAL,MEDIUM,52.2,schedule_progress_gap_pct
619123,2026-05-01,0.9845,0.002,53.6,HIGH,STABLE,0.2,NORMAL,MEDIUM,52.5,schedule_progress_gap_pct
619123,2026-06-01,0.9862,0.0088,54.8,HIGH,STABLE,1.2,NORMAL,MEDIUM,54.1,schedule_progress_gap_pct
619123,2026-07-01,0.9863,0.0049,54.6,HIGH,STABLE,-0.2,NORMAL,MEDIUM,52.6,schedule_progress_gap_pct
619124,2026-04-01,0.9848,0.007,51.2,HIGH,STABLE,0.0,NORMAL,MEDIUM,50.8,schedule_progress_gap_pct
619124,2026-05-01,0.9856,0.0075,52.3,HIGH,STABLE,1.1,NORMAL,MEDIUM,52.4,schedule_progress_gap_pct
619124,2026-06-01,0.9869,0.0027,53.4,HIGH,STABLE,1.1,NORMAL,MEDIUM,53.0,schedule_progress_gap_pct
619124,2026-07-01,0.987,0.0028,54.6,HIGH,STABLE,1.2,NORMAL,MEDIUM,53.7,schedule_progress_gap_pct
619125,2026-04-01,0.9777,0.0002,54.1,HIGH,STABLE,0.0,NORMAL,MEDIUM,53.6,schedule_progress_gap_pct
619125,2026-05-01,0.9791,0.0045,54.3,HIGH,STABLE,0.2,NORMAL,MEDIUM,53.9,schedule_progress_gap_pct
619125,2026-06-01,0.9812,0.0004,54.3,HIGH,STABLE,0.0,NORMAL,MEDIUM,53.7,schedule_progress_gap_pct
619125,2026-07-01,0.9813,0.0008,54.3,HIGH,STABLE,0.0,NORMAL,MEDIUM,53.7,schedule_progress_gap_pct
619126,2026-04-01,0.9851,0.0034,50.0,HIGH,STABLE,0.0,NORMAL,MEDIUM,51.1,schedule_progress_gap_pct
619126,2026-05-01,0.9859,0.0028,51.3,HIGH,STABLE,1.3,NORMAL,MEDIUM,53.1,schedule_progress_gap_pct
619126,2026-06-01,0.9872,0.0026,52.6,HIGH,STABLE,1.3,NORMAL,MEDIUM,53.7,schedule_progress_gap_pct
619126,2026-07-01,0.9873,0.0063,54.0,HIGH,STABLE,1.4,NORMAL,MEDIUM,54.5,schedule_progress_gap_pct
619127,2026-04-01,0.9712,0.0007,53.9,HIGH,STABLE,0.0,NORMAL,HIGH,55.9,schedule_progress_gap_pct
619127,2026-05-01,0.9731,0.0047,54.1,HIGH,STABLE,0.2,NORMAL,HIGH,56.2,schedule_progress_gap_pct
619127,2026-06-01,0.9754,0.0011,60.7,HIGH,MODERATE_RISE,6.6,ANOMALOUS,HIGH,65.9,schedule_progress_gap_pct
619127,2026-07-01,0.9761,0.0054,54.2,HIGH,DE_ESCALATING,-6.5,NORMAL,MEDIUM,49.6,schedule_progress_gap_pct
619128,2026-04-01,0.991,0.0101,55.0,HIGH,STABLE,0.0,NORMAL,MEDIUM,52.0,schedule_progress_gap_pct
619128,2026-05-01,0.9912,0.0111,55.0,HIGH,STABLE,0.0,NORMAL,MEDIUM,52.0,schedule_progress_gap_pct
619128,2026-06-01,0.9921,0.0407,56.1,HIGH,STABLE,1.1,NORMAL,MEDIUM,53.7,schedule_progress_gap_pct
619128,2026-07-01,0.9922,0.0453,56.3,HIGH,STABLE,0.2,NORMAL,MEDIUM,52.9,schedule_progress_gap_pct
619129,2026-04-01,0.9841,0.0274,55.3,HIGH,STABLE,0.0,NORMAL,HIGH,55.0,schedule_progress_gap_pct
619129,2026-05-01,0.9843,0.0217,55.1,HIGH,STABLE,-0.2,NORMAL,MEDIUM,54.7,schedule_progress_gap_pct
619129,2026-06-01,0.9863,0.047,59.4,HIGH,STABLE,4.3,UNUSUAL,HIGH,61.3,schedule_progress_gap_pct
619129,2026-07-01,0.9863,0.0366,55.7,HIGH,STABLE,-3.7,NORMAL,MEDIUM,51.5,schedule_progress_gap_pct
619130,2026-04-01,0.9788,0.0079,54.4,HIGH,STABLE,0.0,NORMAL,MEDIUM,53.8,schedule_progress_gap_pct
619130,2026-05-01,0.9791,0.0074,54.4,HIGH,STABLE,0.0,NORMAL,MEDIUM,53.8,schedule_progress_gap_pct
619130,2026-06-01,0.9815,0.0074,54.5,HIGH,STABLE,0.1,NORMAL,MEDIUM,54.0,schedule_progress_gap_pct
619130,2026-07-01,0.9816,0.0124,54.7,HIGH,STABLE,0.2,NORMAL,MEDIUM,54.2,schedule_progress_gap_pct
619131,2026-04-01,0.9946,0.0115,58.5,HIGH,STABLE,0.0,UNUSUAL,MEDIUM,54.8,schedule_progress_gap_pct
619131,2026-05-01,0.9946,0.0118,58.5,HIGH,STABLE,0.0,UNUSUAL,MEDIUM,54.8,schedule_progress_gap_pct
619131,2026-06-01,0.9954,0.027,62.4,HIGH,STABLE,3.9,ANOMALOUS,HIGH,60.7,schedule_progress_gap_pct
619131,2026-07-01,0.9954,0.0155,58.7,HIGH,STABLE,-3.7,UNUSUAL,MEDIUM,51.2,schedule_progress_gap_pct
619132,2026-04-01,0.9868,0.0009,54.5,HIGH,STABLE,0.0,NORMAL,HIGH,55.6,schedule_progress_gap_pct
619132,2026-05-01,0.9877,0.0028,54.6,HIGH,STABLE,0.1,NORMAL,HIGH,55.7,schedule_progress_gap_pct
619132,2026-06-01,0.9897,0.0165,65.2,HIGH,RAPID_ESCALATION,10.6,REQUIRES_VERIFICATION,HIGH,70.9,schedule_progress_gap_pct
619132,2026-07-01,0.9899,0.0148,55.1,HIGH,DE_ESCALATING,-10.1,NORMAL,MEDIUM,47.9,schedule_progress_gap_pct
619134,2026-04-01,0.9843,0.0016,52.7,HIGH,STABLE,0.0,NORMAL,MEDIUM,54.3,schedule_progress_gap_pct
619134,2026-05-01,0.9856,0.0041,52.8,HIGH,STABLE,0.1,NORMAL,MEDIUM,54.5,schedule_progress_gap_pct
619134,2026-06-01,0.9881,0.0129,60.9,HIGH,MODERATE_RISE,8.1,ANOMALOUS,HIGH,66.5,schedule_progress_gap_pct
619134,2026-07-01,0.9889,0.0146,54.3,HIGH,DE_ESCALATING,-6.6,NORMAL,MEDIUM,48.5,schedule_progress_gap_pct
619136,2026-04-01,0.9898,0.036,44.9,MEDIUM,STABLE,0.0,NORMAL,MEDIUM,46.9,schedule_progress_gap_pct
619136,2026-05-01,0.99,0.0298,45.8,MEDIUM,STABLE,0.9,NORMAL,MEDIUM,48.3,schedule_progress_gap_pct
619136,2026-06-01,0.991,0.0289,47.1,MEDIUM,STABLE,1.3,NORMAL,MEDIUM,49.3,schedule_progress_gap_pct
619136,2026-07-01,0.9911,0.0316,48.5,MEDIUM,STABLE,1.4,NORMAL,MEDIUM,50.1,schedule_progress_gap_pct
619137,2026-04-01,0.994,0.0621,56.9,HIGH,STABLE,0.0,NORMAL,MEDIUM,54.8,schedule_progress_gap_pct
619138,2026-04-01,0.9784,0.042,58.9,HIGH,STABLE,0.0,UNUSUAL,MEDIUM,51.5,schedule_progress_gap_pct
619138,2026-05-01,0.9801,0.0321,55.3,HIGH,STABLE,-3.6,NORMAL,MEDIUM,46.1,schedule_progress_gap_pct
619138,2026-06-01,0.9823,0.0316,55.4,HIGH,STABLE,0.1,NORMAL,MEDIUM,49.9,schedule_progress_gap_pct
619138,2026-07-01,0.9825,0.0501,56.1,HIGH,STABLE,0.7,NORMAL,MEDIUM,50.7,schedule_progress_gap_pct
619139,2026-04-01,0.9651,0.0056,53.8,HIGH,STABLE,0.0,NORMAL,MEDIUM,54.0,schedule_progress_gap_pct
619139,2026-05-01,0.9688,0.0056,54.0,HIGH,STABLE,0.2,NORMAL,MEDIUM,54.3,schedule_progress_gap_pct
619139,2026-06-01,0.9718,0.0003,53.9,HIGH,STABLE,-0.1,NORMAL,MEDIUM,54.0,schedule_progress_gap_pct
619139,2026-07-01,0.9719,0.0003,53.9,HIGH,STABLE,0.0,NORMAL,MEDIUM,54.1,schedule_progress_gap_pct
619140,2026-04-01,0.9782,0.0046,54.3,HIGH,STABLE,0.0,NORMAL,MEDIUM,54.5,schedule_progress_gap_pct
619140,2026-05-01,0.981,0.0046,54.4,HIGH,STABLE,0.1,NORMAL,MEDIUM,54.7,schedule_progress_gap_pct
619140,2026-06-01,0.9828,0.0004,54.3,HIGH,STABLE,-0.1,NORMAL,MEDIUM,54.4,schedule_progress_gap_pct
619140,2026-07-01,0.984,0.0105,54.7,HIGH,STABLE,0.4,NORMAL,HIGH,55.1,schedule_progress_gap_pct
619141,2026-04-01,0.9803,0.0069,54.5,HIGH,STABLE,0.0,NORMAL,MEDIUM,53.0,schedule_progress_gap_pct
619141,2026-05-01,0.9804,0.0039,54.4,HIGH,STABLE,-0.1,NORMAL,MEDIUM,52.8,schedule_progress_gap_pct
619141,2026-06-01,0.9823,0.0089,54.6,HIGH,STABLE,0.2,NORMAL,MEDIUM,53.2,schedule_progress_gap_pct
619141,2026-07-01,0.9828,0.0093,54.6,HIGH,STABLE,0.0,NORMAL,MEDIUM,53.0,schedule_progress_gap_pct
619142,2026-04-01,0.9884,0.0585,56.6,HIGH,STABLE,0.0,NORMAL,MEDIUM,49.1,schedule_progress_gap_pct
619142,2026-05-01,0.9885,0.0767,57.2,HIGH,STABLE,0.6,NORMAL,MEDIUM,50.0,schedule_progress_gap_pct
619142,2026-06-01,0.9896,0.4942,71.9,HIGH,RAPID_ESCALATION,14.7,NORMAL,HIGH,66.8,schedule_progress_gap_pct
619142,2026-07-01,0.9896,0.4731,71.1,HIGH,STABLE,-0.8,NORMAL,HIGH,55.6,schedule_progress_gap_pct
619143,2026-04-01,0.9612,0.0038,48.2,MEDIUM,STABLE,0.0,NORMAL,MEDIUM,49.6,schedule_progress_gap_pct
619143,2026-05-01,0.9618,0.0004,49.2,MEDIUM,STABLE,1.0,NORMAL,MEDIUM,51.1,schedule_progress_gap_pct
619143,2026-06-01,0.966,0.0022,50.4,HIGH,STABLE,1.2,NORMAL,MEDIUM,51.9,schedule_progress_gap_pct
619143,2026-07-01,0.9671,0.0005,51.0,HIGH,STABLE,0.6,NORMAL,MEDIUM,51.6,schedule_progress_gap_pct
619144,2026-04-01,0.9959,0.0447,63.0,HIGH,STABLE,0.0,ANOMALOUS,HIGH,59.2,schedule_progress_gap_pct
619144,2026-05-01,0.996,0.0447,63.0,HIGH,STABLE,0.0,ANOMALOUS,HIGH,59.2,schedule_progress_gap_pct
619145,2026-04-01,0.9956,0.0537,60.0,HIGH,STABLE,0.0,UNUSUAL,HIGH,55.8,schedule_progress_gap_pct
619145,2026-05-01,0.9957,0.0581,60.2,HIGH,STABLE,0.2,UNUSUAL,HIGH,56.1,schedule_progress_gap_pct
619145,2026-06-01,0.9966,0.9459,94.6,CRITICAL,RAPID_ESCALATION,34.4,ANOMALOUS,CRITICAL_INTERVENTION,83.1,schedule_progress_gap_pct
619145,2026-07-01,0.9963,0.9761,92.3,CRITICAL,STABLE,-2.3,UNUSUAL,HIGH,69.6,schedule_progress_gap_pct
619146,2026-04-01,0.9958,0.0447,59.7,HIGH,STABLE,0.0,UNUSUAL,HIGH,55.1,schedule_progress_gap_pct
619146,2026-05-01,0.9958,0.0435,59.7,HIGH,STABLE,0.0,UNUSUAL,HIGH,55.1,schedule_progress_gap_pct
619146,2026-06-01,0.9964,0.9484,94.7,CRITICAL,RAPID_ESCALATION,35.0,ANOMALOUS,CRITICAL_INTERVENTION,82.6,schedule_progress_gap_pct
619147,2026-04-01,0.994,0.9587,91.6,CRITICAL,STABLE,0.0,UNUSUAL,HIGH,70.2,schedule_progress_gap_pct
619147,2026-05-01,0.994,0.9586,91.6,CRITICAL,STABLE,0.0,UNUSUAL,HIGH,70.2,schedule_progress_gap_pct
619149,2026-04-01,0.9917,0.0082,55.0,HIGH,STABLE,0.0,NORMAL,HIGH,55.7,schedule_progress_gap_pct
619149,2026-05-01,0.9918,0.0077,54.9,HIGH,STABLE,-0.1,NORMAL,HIGH,55.6,schedule_progress_gap_pct
619149,2026-06-01,0.9931,0.0325,59.2,HIGH,STABLE,4.3,UNUSUAL,HIGH,62.1,schedule_progress_gap_pct
619149,2026-07-01,0.9935,0.0218,55.5,HIGH,STABLE,-3.7,NORMAL,MEDIUM,52.3,schedule_progress_gap_pct
619150,2026-04-01,0.9954,0.0079,61.7,HIGH,STABLE,0.0,ANOMALOUS,HIGH,59.6,schedule_progress_gap_pct
619150,2026-05-01,0.9955,0.0079,61.7,HIGH,STABLE,0.0,ANOMALOUS,HIGH,59.6,schedule_progress_gap_pct
619150,2026-06-01,0.9966,0.7861,92.4,CRITICAL,RAPID_ESCALATION,30.7,REQUIRES_VERIFICATION,CRITICAL_INTERVENTION,85.0,schedule_progress_gap_pct
619150,2026-07-01,0.9966,0.9312,94.1,CRITICAL,STABLE,1.7,ANOMALOUS,CRITICAL_INTERVENTION,77.5,schedule_progress_gap_pct
619152,2026-04-01,0.9957,0.0334,56.0,HIGH,STABLE,0.0,NORMAL,MEDIUM,54.8,schedule_progress_gap_pct
619152,2026-05-01,0.9957,0.0334,59.3,HIGH,STABLE,3.3,UNUSUAL,HIGH,59.8,schedule_progress_gap_pct
619152,2026-06-01,0.9966,0.88,95.7,CRITICAL,RAPID_ESCALATION,36.4,REQUIRES_VERIFICATION,CRITICAL_INTERVENTION,84.7,schedule_progress_gap_pct
619152,2026-07-01,0.9963,0.1339,62.8,HIGH,DE_ESCALATING,-32.9,UNUSUAL,MEDIUM,51.9,schedule_progress_gap_pct
619153,2026-04-01,0.9847,0.0243,55.2,HIGH,STABLE,0.0,NORMAL,MEDIUM,53.8,schedule_progress_gap_pct
619153,2026-05-01,0.985,0.0334,55.6,HIGH,STABLE,0.4,NORMAL,MEDIUM,54.4,schedule_progress_gap_pct
619153,2026-06-01,0.9881,0.0451,59.4,HIGH,STABLE,3.8,UNUSUAL,HIGH,59.7,schedule_progress_gap_pct
619153,2026-07-01,0.9885,0.0236,55.4,HIGH,STABLE,-4.0,NORMAL,MEDIUM,49.9,schedule_progress_gap_pct
619154,2026-04-01,0.9852,0.0033,54.5,HIGH,STABLE,0.0,NORMAL,MEDIUM,54.9,schedule_progress_gap_pct
619154,2026-05-01,0.9865,0.0086,54.8,HIGH,STABLE,0.3,NORMAL,HIGH,55.3,schedule_progress_gap_pct
619154,2026-06-01,0.9881,0.008,54.8,HIGH,STABLE,0.0,NORMAL,HIGH,55.0,schedule_progress_gap_pct
619154,2026-07-01,0.9887,0.0095,54.9,HIGH,STABLE,0.1,NORMAL,HIGH,55.2,schedule_progress_gap_pct
619155,2026-04-01,0.9868,0.0028,54.6,HIGH,STABLE,0.0,NORMAL,HIGH,55.2,schedule_progress_gap_pct
619155,2026-05-01,0.9874,0.0004,54.5,HIGH,STABLE,-0.1,NORMAL,HIGH,55.0,schedule_progress_gap_pct
619155,2026-06-01,0.9889,0.0097,61.5,HIGH,MODERATE_RISE,7.0,ANOMALOUS,HIGH,65.6,schedule_progress_gap_pct
619155,2026-07-01,0.9891,0.001,54.6,HIGH,DE_ESCALATING,-6.9,NORMAL,MEDIUM,48.3,schedule_progress_gap_pct
619156,2026-05-01,0.9417,0.0062,37.9,MEDIUM,STABLE,0.0,NORMAL,MEDIUM,47.3,schedule_progress_gap_pct
619156,2026-06-01,0.9477,0.006,42.7,MEDIUM,STABLE,4.8,UNUSUAL,MEDIUM,54.5,schedule_progress_gap_pct
619156,2026-07-01,0.0079,0.006,3.0,LOW,DE_ESCALATING,-39.7,NORMAL,LOW,21.9,schedule_progress_gap_pct
619157,2026-04-01,0.9946,0.0286,55.8,HIGH,STABLE,0.0,NORMAL,MEDIUM,53.3,schedule_progress_gap_pct
619157,2026-05-01,0.9946,0.0283,55.8,HIGH,STABLE,0.0,NORMAL,MEDIUM,53.3,schedule_progress_gap_pct
619157,2026-06-01,0.9953,0.0763,60.8,HIGH,MODERATE_RISE,5.0,UNUSUAL,HIGH,60.8,schedule_progress_gap_pct
619157,2026-07-01,0.9953,0.0613,57.0,HIGH,STABLE,-3.8,NORMAL,MEDIUM,50.1,schedule_progress_gap_pct
619158,2026-04-01,0.9923,0.0233,55.5,HIGH,STABLE,0.0,NORMAL,MEDIUM,53.1,schedule_progress_gap_pct
619158,2026-05-01,0.9926,0.0201,55.4,HIGH,STABLE,-0.1,NORMAL,MEDIUM,53.0,schedule_progress_gap_pct
619158,2026-06-01,0.9934,0.0971,58.1,HIGH,STABLE,2.7,NORMAL,HIGH,57.1,schedule_progress_gap_pct
619158,2026-07-01,0.9934,0.09,57.9,HIGH,STABLE,-0.2,NORMAL,MEDIUM,54.1,schedule_progress_gap_pct
619160,2026-04-01,0.9914,0.0529,56.5,HIGH,STABLE,0.0,NORMAL,MEDIUM,48.2,schedule_progress_gap_pct
619160,2026-05-01,0.9914,0.0588,56.7,HIGH,STABLE,0.2,NORMAL,MEDIUM,48.5,schedule_progress_gap_pct
619160,2026-06-01,0.9922,0.046,56.3,HIGH,STABLE,-0.4,NORMAL,MEDIUM,47.7,schedule_progress_gap_pct
619160,2026-07-01,0.9923,0.0588,56.7,HIGH,STABLE,0.4,NORMAL,MEDIUM,48.7,schedule_progress_gap_pct
619161,2026-04-01,0.9685,0.0048,48.5,MEDIUM,STABLE,0.0,NORMAL,MEDIUM,51.6,schedule_progress_gap_pct
619161,2026-05-01,0.97,0.0089,49.1,MEDIUM,STABLE,0.6,NORMAL,MEDIUM,52.5,schedule_progress_gap_pct
619161,2026-06-01,0.9742,0.0015,49.3,MEDIUM,STABLE,0.2,NORMAL,MEDIUM,52.2,schedule_progress_gap_pct
619161,2026-07-01,0.9762,0.0044,49.0,MEDIUM,STABLE,-0.3,NORMAL,MEDIUM,51.5,schedule_progress_gap_pct
619162,2026-04-01,0.9926,0.0639,56.9,HIGH,STABLE,0.0,NORMAL,MEDIUM,52.7,schedule_progress_gap_pct
619162,2026-05-01,0.9926,0.0709,57.2,HIGH,STABLE,0.3,NORMAL,MEDIUM,53.2,schedule_progress_gap_pct
619162,2026-06-01,0.9934,0.0522,56.6,HIGH,STABLE,-0.6,NORMAL,MEDIUM,52.0,schedule_progress_gap_pct
619162,2026-07-01,0.9935,0.0522,56.6,HIGH,STABLE,0.0,NORMAL,MEDIUM,52.6,schedule_progress_gap_pct
619163,2026-04-01,0.9923,0.0157,55.2,HIGH,STABLE,0.0,NORMAL,HIGH,55.2,schedule_progress_gap_pct
619163,2026-05-01,0.9927,0.0318,55.8,HIGH,STABLE,0.6,NORMAL,HIGH,56.1,schedule_progress_gap_pct
619163,2026-06-01,0.9934,0.0207,55.5,HIGH,STABLE,-0.3,NORMAL,HIGH,55.0,schedule_progress_gap_pct
619163,2026-07-01,0.9935,0.0298,55.8,HIGH,STABLE,0.3,NORMAL,HIGH,55.8,schedule_progress_gap_pct
619164,2026-04-01,0.992,0.0209,55.4,HIGH,STABLE,0.0,NORMAL,MEDIUM,54.6,schedule_progress_gap_pct
619164,2026-05-01,0.9921,0.0149,55.2,HIGH,STABLE,-0.2,NORMAL,MEDIUM,54.3,schedule_progress_gap_pct
619164,2026-06-01,0.9934,0.0254,65.6,HIGH,RAPID_ESCALATION,10.4,REQUIRES_VERIFICATION,HIGH,69.7,schedule_progress_gap_pct
619164,2026-07-01,0.9935,0.0042,54.9,HIGH,DE_ESCALATING,-10.7,NORMAL,MEDIUM,46.3,schedule_progress_gap_pct
619165,2026-04-01,0.9924,0.0738,52.9,HIGH,STABLE,0.0,NORMAL,MEDIUM,46.6,schedule_progress_gap_pct
619165,2026-05-01,0.9926,0.0738,53.2,HIGH,STABLE,0.3,NORMAL,MEDIUM,47.0,schedule_progress_gap_pct
619165,2026-06-01,0.9933,0.0738,53.5,HIGH,STABLE,0.3,NORMAL,MEDIUM,47.2,schedule_progress_gap_pct
619165,2026-07-01,0.9935,0.0738,53.8,HIGH,STABLE,0.3,NORMAL,MEDIUM,47.3,schedule_progress_gap_pct
619166,2026-04-01,0.9908,0.0286,49.1,MEDIUM,STABLE,0.0,UNUSUAL,MEDIUM,49.8,schedule_progress_gap_pct
619166,2026-05-01,0.991,0.0243,46.8,MEDIUM,STABLE,-2.3,NORMAL,MEDIUM,46.4,schedule_progress_gap_pct
619166,2026-06-01,0.9912,0.0169,47.9,MEDIUM,STABLE,1.1,NORMAL,MEDIUM,50.3,schedule_progress_gap_pct
619166,2026-07-01,0.9913,0.0161,49.1,MEDIUM,STABLE,1.2,NORMAL,MEDIUM,51.0,schedule_progress_gap_pct
619167,2026-04-01,0.9927,0.0032,54.8,HIGH,STABLE,0.0,NORMAL,MEDIUM,53.1,schedule_progress_gap_pct
619167,2026-05-01,0.9928,0.0027,54.8,HIGH,STABLE,0.0,NORMAL,MEDIUM,53.1,schedule_progress_gap_pct
619167,2026-06-01,0.9936,0.5331,76.7,CRITICAL,RAPID_ESCALATION,21.9,UNUSUAL,HIGH,74.1,schedule_progress_gap_pct
619167,2026-07-01,0.9938,0.5123,72.7,HIGH,STABLE,-4.0,NORMAL,HIGH,58.1,schedule_progress_gap_pct
619168,2026-04-01,0.992,0.0255,55.6,HIGH,STABLE,0.0,NORMAL,HIGH,55.7,schedule_progress_gap_pct
619168,2026-05-01,0.9921,0.0256,55.6,HIGH,STABLE,0.0,NORMAL,HIGH,55.7,schedule_progress_gap_pct
619168,2026-06-01,0.993,0.0511,63.1,HIGH,MODERATE_RISE,7.5,ANOMALOUS,HIGH,66.9,schedule_progress_gap_pct
619168,2026-07-01,0.9931,0.0499,56.5,HIGH,DE_ESCALATING,-6.6,NORMAL,MEDIUM,49.5,schedule_progress_gap_pct
619181,2026-04-01,0.9727,0.0005,51.5,HIGH,STABLE,0.0,NORMAL,MEDIUM,51.5,schedule_progress_gap_pct
619181,2026-05-01,0.9728,0.0005,52.8,HIGH,STABLE,1.3,NORMAL,MEDIUM,53.5,schedule_progress_gap_pct
619181,2026-06-01,0.9757,0.0004,53.9,HIGH,STABLE,1.1,NORMAL,MEDIUM,53.8,schedule_progress_gap_pct
619181,2026-07-01,0.9771,0.0031,54.2,HIGH,STABLE,0.3,NORMAL,MEDIUM,53.2,schedule_progress_gap_pct
619183,2026-06-01,0.9825,0.0063,45.5,MEDIUM,STABLE,0.0,NORMAL,MEDIUM,43.3,schedule_progress_gap_pct
619183,2026-07-01,0.9827,0.0031,46.5,MEDIUM,STABLE,1.0,NORMAL,MEDIUM,44.8,schedule_progress_gap_pct
619184,2026-04-01,0.9868,0.053,56.3,HIGH,STABLE,0.0,NORMAL,MEDIUM,48.8,schedule_progress_gap_pct
619184,2026-05-01,0.9874,0.0426,56.0,HIGH,STABLE,-0.3,NORMAL,MEDIUM,48.4,schedule_progress_gap_pct
619184,2026-06-01,0.9881,0.0521,56.3,HIGH,STABLE,0.3,NORMAL,MEDIUM,49.1,schedule_progress_gap_pct
619184,2026-07-01,0.9882,0.0521,56.4,HIGH,STABLE,0.1,NORMAL,MEDIUM,49.0,schedule_progress_gap_pct
619185,2026-04-01,0.9794,0.0363,55.4,HIGH,STABLE,0.0,NORMAL,MEDIUM,47.9,schedule_progress_gap_pct
619185,2026-05-01,0.9796,0.0324,55.3,HIGH,STABLE,-0.1,NORMAL,MEDIUM,47.8,schedule_progress_gap_pct
619185,2026-06-01,0.9816,0.0392,55.6,HIGH,STABLE,0.3,NORMAL,MEDIUM,48.3,schedule_progress_gap_pct
619185,2026-07-01,0.9821,0.0642,56.5,HIGH,STABLE,0.9,NORMAL,MEDIUM,49.4,schedule_progress_gap_pct
619186,2026-04-01,0.9642,0.028,54.5,HIGH,STABLE,0.0,NORMAL,MEDIUM,48.8,schedule_progress_gap_pct
619186,2026-05-01,0.9644,0.0171,54.2,HIGH,STABLE,-0.3,NORMAL,MEDIUM,48.3,schedule_progress_gap_pct
619186,2026-06-01,0.9647,0.028,54.6,HIGH,STABLE,0.4,NORMAL,MEDIUM,49.2,schedule_progress_gap_pct
619186,2026-07-01,0.9654,0.0208,54.3,HIGH,STABLE,-0.3,NORMAL,MEDIUM,48.4,schedule_progress_gap_pct
619187,2026-04-01,0.016,0.018,5.6,LOW,STABLE,0.0,NORMAL,LOW,22.4,schedule_progress_gap_pct
619187,2026-05-01,0.0166,0.018,6.2,LOW,STABLE,0.6,NORMAL,LOW,23.3,schedule_progress_gap_pct
619187,2026-06-01,0.0173,0.018,6.7,LOW,STABLE,0.5,NORMAL,LOW,23.4,schedule_progress_gap_pct
619187,2026-07-01,0.018,0.0136,7.1,LOW,STABLE,0.4,NORMAL,LOW,23.5,schedule_progress_gap_pct
619191,2026-04-01,0.0349,0.1321,6.0,LOW,STABLE,0.0,NORMAL,LOW,23.6,schedule_progress_gap_pct
619191,2026-05-01,0.037,0.1069,5.2,LOW,STABLE,-0.8,NORMAL,LOW,22.4,schedule_progress_gap_pct
619191,2026-06-01,0.0383,0.1111,5.4,LOW,STABLE,0.2,NORMAL,LOW,23.5,schedule_progress_gap_pct
619193,2026-04-01,0.9959,0.9618,95.1,CRITICAL,STABLE,0.0,ANOMALOUS,HIGH,69.5,schedule_progress_gap_pct
619193,2026-05-01,0.996,0.9618,95.1,CRITICAL,STABLE,0.0,ANOMALOUS,HIGH,69.5,schedule_progress_gap_pct
619193,2026-06-01,0.996,0.9618,95.1,CRITICAL,STABLE,0.0,ANOMALOUS,HIGH,69.5,schedule_progress_gap_pct
619193,2026-07-01,0.9961,0.9613,95.1,CRITICAL,STABLE,0.0,ANOMALOUS,HIGH,69.5,schedule_progress_gap_pct
619194,2026-06-01,0.009,0.0194,2.2,LOW,STABLE,0.0,NORMAL,LOW,21.0,schedule_progress_gap_pct
619194,2026-07-01,0.0104,0.0304,4.8,LOW,STABLE,2.6,UNUSUAL,LOW,24.9,schedule_progress_gap_pct
619196,2026-05-01,0.0247,0.0059,5.4,LOW,STABLE,0.0,NORMAL,LOW,25.3,schedule_progress_gap_pct
619196,2026-06-01,0.0253,0.005,6.3,LOW,STABLE,0.9,NORMAL,LOW,26.7,schedule_progress_gap_pct
619197,2026-04-01,0.9923,0.0389,56.1,HIGH,STABLE,0.0,NORMAL,MEDIUM,54.9,schedule_progress_gap_pct
619197,2026-05-01,0.9931,0.0167,55.3,HIGH,STABLE,-0.8,NORMAL,MEDIUM,53.7,schedule_progress_gap_pct
619197,2026-06-01,0.9932,0.0373,56.0,HIGH,STABLE,0.7,NORMAL,HIGH,55.5,schedule_progress_gap_pct
619197,2026-07-01,0.9935,0.0469,56.4,HIGH,STABLE,0.4,NORMAL,HIGH,55.4,schedule_progress_gap_pct
619198,2026-04-01,0.9929,0.0344,55.9,HIGH,STABLE,0.0,NORMAL,HIGH,56.1,schedule_progress_gap_pct
619198,2026-05-01,0.993,0.048,56.4,HIGH,STABLE,0.5,NORMAL,HIGH,56.8,schedule_progress_gap_pct
619198,2026-06-01,0.9937,0.0351,56.0,HIGH,STABLE,-0.4,NORMAL,HIGH,55.7,schedule_progress_gap_pct
619198,2026-07-01,0.9938,0.0406,56.2,HIGH,STABLE,0.2,NORMAL,HIGH,56.4,schedule_progress_gap_pct
619199,2026-04-01,0.0341,0.0183,17.0,LOW,STABLE,0.0,NORMAL,MEDIUM,35.9,schedule_progress_gap_pct
619199,2026-05-01,0.0345,0.0268,17.3,LOW,STABLE,0.3,NORMAL,MEDIUM,36.4,schedule_progress_gap_pct
619199,2026-06-01,0.0402,0.0564,25.2,MEDIUM,MODERATE_RISE,7.9,ANOMALOUS,MEDIUM,47.9,schedule_progress_gap_pct
619199,2026-07-01,0.9912,0.0431,56.2,HIGH,RAPID_ESCALATION,31.0,NORMAL,HIGH,65.5,schedule_progress_gap_pct
619200,2026-04-01,0.9776,0.0195,54.8,HIGH,STABLE,0.0,NORMAL,HIGH,55.4,schedule_progress_gap_pct
619200,2026-05-01,0.9785,0.0215,58.2,HIGH,STABLE,3.4,UNUSUAL,HIGH,60.5,schedule_progress_gap_pct
619200,2026-06-01,0.9813,0.0298,65.3,HIGH,MODERATE_RISE,7.1,REQUIRES_VERIFICATION,HIGH,67.7,schedule_progress_gap_pct
619200,2026-07-01,0.9815,0.0405,59.0,HIGH,DE_ESCALATING,-6.3,UNUSUAL,MEDIUM,51.2,schedule_progress_gap_pct
619201,2026-04-01,0.9875,0.001,52.0,HIGH,STABLE,0.0,NORMAL,MEDIUM,54.2,schedule_progress_gap_pct
619201,2026-05-01,0.988,0.0058,52.6,HIGH,STABLE,0.6,NORMAL,HIGH,55.1,schedule_progress_gap_pct
619201,2026-06-01,0.9899,0.0035,59.9,HIGH,MODERATE_RISE,7.3,ANOMALOUS,HIGH,65.4,schedule_progress_gap_pct
619201,2026-07-01,0.99,0.0041,54.5,HIGH,DE_ESCALATING,-5.4,NORMAL,MEDIUM,50.0,schedule_progress_gap_pct
619202,2026-04-01,0.9939,0.9697,92.0,CRITICAL,STABLE,0.0,UNUSUAL,HIGH,74.9,schedule_progress_gap_pct
619202,2026-05-01,0.9939,0.9742,92.2,CRITICAL,STABLE,0.2,UNUSUAL,CRITICAL_INTERVENTION,75.2,schedule_progress_gap_pct
619202,2026-06-01,0.9947,0.9704,95.3,CRITICAL,STABLE,3.1,ANOMALOUS,CRITICAL_INTERVENTION,79.7,schedule_progress_gap_pct
619202,2026-07-01,0.9949,0.9666,95.2,CRITICAL,STABLE,-0.1,ANOMALOUS,CRITICAL_INTERVENTION,76.4,schedule_progress_gap_pct
619203,2026-04-01,0.9932,0.0238,55.6,HIGH,STABLE,0.0,NORMAL,MEDIUM,54.8,schedule_progress_gap_pct
619203,2026-05-01,0.9936,0.0237,55.6,HIGH,STABLE,0.0,NORMAL,MEDIUM,54.8,schedule_progress_gap_pct
619203,2026-06-01,0.9943,0.0238,55.6,HIGH,STABLE,0.0,NORMAL,MEDIUM,54.8,schedule_progress_gap_pct
619203,2026-07-01,0.9949,0.0315,59.2,HIGH,STABLE,3.6,UNUSUAL,HIGH,60.2,schedule_progress_gap_pct
619204,2026-06-01,0.0117,0.0118,3.9,LOW,STABLE,0.0,NORMAL,LOW,24.7,schedule_progress_gap_pct
619204,2026-07-01,0.0117,0.0088,5.5,LOW,STABLE,1.6,NORMAL,LOW,27.1,schedule_progress_gap_pct
619205,2026-04-01,0.9902,0.018,55.2,HIGH,STABLE,0.0,NORMAL,HIGH,56.2,schedule_progress_gap_pct
619205,2026-05-01,0.9904,0.0181,55.3,HIGH,STABLE,0.1,NORMAL,HIGH,56.4,schedule_progress_gap_pct
619205,2026-06-01,0.992,0.0235,58.8,HIGH,STABLE,3.5,UNUSUAL,HIGH,61.5,schedule_progress_gap_pct
619205,2026-07-01,0.9921,0.0429,56.2,HIGH,STABLE,-2.6,NORMAL,MEDIUM,54.1,schedule_progress_gap_pct
619206,2026-04-01,0.9888,0.0087,58.2,HIGH,STABLE,0.0,UNUSUAL,HIGH,59.2,schedule_progress_gap_pct
619206,2026-05-01,0.989,0.0016,54.6,HIGH,STABLE,-3.6,NORMAL,MEDIUM,53.8,schedule_progress_gap_pct
619206,2026-06-01,0.9916,0.0368,62.6,HIGH,MODERATE_RISE,8.0,ANOMALOUS,HIGH,69.4,schedule_progress_gap_pct
619206,2026-07-01,0.9916,0.0217,55.4,HIGH,DE_ESCALATING,-7.2,NORMAL,MEDIUM,50.6,schedule_progress_gap_pct
619207,2026-04-01,0.9854,0.0011,54.5,HIGH,STABLE,0.0,NORMAL,HIGH,56.9,schedule_progress_gap_pct
619207,2026-05-01,0.9866,0.0011,54.5,HIGH,STABLE,0.0,NORMAL,HIGH,56.9,schedule_progress_gap_pct
619207,2026-06-01,0.9893,0.0025,58.0,HIGH,STABLE,3.5,UNUSUAL,HIGH,62.1,schedule_progress_gap_pct
619207,2026-07-01,0.9894,0.0026,54.7,HIGH,STABLE,-3.3,NORMAL,MEDIUM,53.7,schedule_progress_gap_pct
619208,2026-04-01,0.9738,0.0029,54.1,HIGH,STABLE,0.0,NORMAL,HIGH,57.8,schedule_progress_gap_pct
619208,2026-05-01,0.9748,0.003,54.1,HIGH,STABLE,0.0,NORMAL,HIGH,57.8,schedule_progress_gap_pct
619208,2026-06-01,0.9808,0.0196,58.2,HIGH,STABLE,4.1,UNUSUAL,HIGH,64.0,schedule_progress_gap_pct
619208,2026-07-01,0.9809,0.0198,54.9,HIGH,STABLE,-3.3,NORMAL,MEDIUM,54.9,schedule_progress_gap_pct
619209,2026-04-01,0.9928,0.0576,56.7,HIGH,STABLE,0.0,NORMAL,HIGH,56.5,schedule_progress_gap_pct
619209,2026-05-01,0.9929,0.0577,56.7,HIGH,STABLE,0.0,NORMAL,HIGH,56.5,schedule_progress_gap_pct
619210,2026-04-01,0.9935,0.0207,55.5,HIGH,STABLE,0.0,NORMAL,HIGH,55.2,schedule_progress_gap_pct
619210,2026-05-01,0.9936,0.0361,56.0,HIGH,STABLE,0.5,NORMAL,HIGH,55.9,schedule_progress_gap_pct
619210,2026-06-01,0.9945,0.9094,89.9,CRITICAL,RAPID_ESCALATION,33.9,UNUSUAL,CRITICAL_INTERVENTION,82.4,schedule_progress_gap_pct
619210,2026-07-01,0.9946,0.9464,87.9,CRITICAL,STABLE,-2.0,NORMAL,HIGH,69.4,schedule_progress_gap_pct
619211,2026-04-01,0.9848,0.0018,53.3,HIGH,STABLE,0.0,NORMAL,HIGH,55.5,schedule_progress_gap_pct
619211,2026-05-01,0.9851,0.0061,54.4,HIGH,STABLE,1.1,NORMAL,HIGH,57.1,schedule_progress_gap_pct
619211,2026-06-01,0.9868,0.0061,54.7,HIGH,STABLE,0.3,NORMAL,HIGH,56.5,schedule_progress_gap_pct
619211,2026-07-01,0.9868,0.0096,54.8,HIGH,STABLE,0.1,NORMAL,HIGH,56.3,schedule_progress_gap_pct
619212,2026-04-01,0.9841,0.0004,54.4,HIGH,STABLE,0.0,NORMAL,MEDIUM,54.1,schedule_progress_gap_pct
619212,2026-05-01,0.9853,0.0033,54.5,HIGH,STABLE,0.1,NORMAL,MEDIUM,54.3,schedule_progress_gap_pct
619212,2026-06-01,0.9866,0.0003,54.5,HIGH,STABLE,0.0,NORMAL,MEDIUM,54.2,schedule_progress_gap_pct
619212,2026-07-01,0.9871,0.0022,54.6,HIGH,STABLE,0.1,NORMAL,MEDIUM,54.3,schedule_progress_gap_pct
619213,2026-04-01,0.9925,0.0716,57.2,HIGH,STABLE,0.0,NORMAL,MEDIUM,54.0,schedule_progress_gap_pct
619213,2026-05-01,0.9925,0.0761,57.4,HIGH,STABLE,0.2,NORMAL,MEDIUM,54.3,schedule_progress_gap_pct
619213,2026-06-01,0.9933,0.0991,58.2,HIGH,STABLE,0.8,NORMAL,HIGH,55.3,schedule_progress_gap_pct
619213,2026-07-01,0.9934,0.1046,58.4,HIGH,STABLE,0.2,NORMAL,MEDIUM,54.8,schedule_progress_gap_pct
619214,2026-04-01,0.9918,0.0436,56.2,HIGH,STABLE,0.0,NORMAL,MEDIUM,53.0,schedule_progress_gap_pct
619214,2026-05-01,0.992,0.0539,56.6,HIGH,STABLE,0.4,NORMAL,MEDIUM,53.6,schedule_progress_gap_pct
619214,2026-06-01,0.9928,0.0541,56.6,HIGH,STABLE,0.0,NORMAL,MEDIUM,53.2,schedule_progress_gap_pct
619214,2026-07-01,0.9928,0.0586,56.8,HIGH,STABLE,0.2,NORMAL,MEDIUM,53.5,schedule_progress_gap_pct
619215,2026-04-01,0.9952,0.0216,55.6,HIGH,STABLE,0.0,NORMAL,MEDIUM,54.0,schedule_progress_gap_pct
619215,2026-05-01,0.9953,0.0216,55.6,HIGH,STABLE,0.0,NORMAL,MEDIUM,54.0,schedule_progress_gap_pct
619215,2026-06-01,0.996,0.9003,93.0,CRITICAL,RAPID_ESCALATION,37.4,ANOMALOUS,CRITICAL_INTERVENTION,82.7,schedule_progress_gap_pct
619215,2026-07-01,0.996,0.96,91.7,CRITICAL,STABLE,-1.3,UNUSUAL,HIGH,70.7,schedule_progress_gap_pct
619216,2026-04-01,0.9843,0.0008,54.4,HIGH,STABLE,0.0,NORMAL,MEDIUM,54.8,schedule_progress_gap_pct
619216,2026-05-01,0.9856,0.0032,54.5,HIGH,STABLE,0.1,NORMAL,HIGH,55.0,schedule_progress_gap_pct
619216,2026-06-01,0.9875,0.0062,54.7,HIGH,STABLE,0.2,NORMAL,HIGH,55.2,schedule_progress_gap_pct
619216,2026-07-01,0.988,0.0064,54.7,HIGH,STABLE,0.0,NORMAL,HIGH,55.0,schedule_progress_gap_pct
619217,2026-04-01,0.9941,0.0035,58.2,HIGH,STABLE,0.0,UNUSUAL,HIGH,57.1,schedule_progress_gap_pct
619217,2026-05-01,0.9942,0.0085,58.4,HIGH,STABLE,0.2,UNUSUAL,HIGH,57.4,schedule_progress_gap_pct
619217,2026-06-01,0.9953,0.2577,73.8,HIGH,RAPID_ESCALATION,15.4,REQUIRES_VERIFICATION,HIGH,74.9,schedule_progress_gap_pct
619217,2026-07-01,0.9954,0.1453,63.2,HIGH,DE_ESCALATING,-10.6,UNUSUAL,MEDIUM,51.6,schedule_progress_gap_pct
619218,2026-04-01,0.9941,0.0179,58.7,HIGH,STABLE,0.0,UNUSUAL,HIGH,56.7,schedule_progress_gap_pct
619218,2026-05-01,0.9942,0.0161,58.6,HIGH,STABLE,-0.1,UNUSUAL,HIGH,56.5,schedule_progress_gap_pct
619218,2026-06-01,0.9952,0.2912,75.0,CRITICAL,RAPID_ESCALATION,16.4,REQUIRES_VERIFICATION,HIGH,74.8,schedule_progress_gap_pct
619218,2026-07-01,0.9952,0.2813,68.0,HIGH,DE_ESCALATING,-7.0,UNUSUAL,MEDIUM,54.3,schedule_progress_gap_pct
619219,2026-04-01,0.9943,0.0116,58.5,HIGH,STABLE,0.0,UNUSUAL,HIGH,56.9,schedule_progress_gap_pct
619219,2026-05-01,0.9944,0.0119,58.5,HIGH,STABLE,0.0,UNUSUAL,HIGH,56.9,schedule_progress_gap_pct
619219,2026-06-01,0.9953,0.0215,65.6,HIGH,MODERATE_RISE,7.1,REQUIRES_VERIFICATION,HIGH,67.6,schedule_progress_gap_pct
619219,2026-07-01,0.9953,0.0079,58.4,HIGH,DE_ESCALATING,-7.2,UNUSUAL,MEDIUM,49.7,schedule_progress_gap_pct
619220,2026-04-01,0.9929,0.0028,61.4,HIGH,STABLE,0.0,ANOMALOUS,HIGH,58.2,schedule_progress_gap_pct
619220,2026-05-01,0.9929,0.0022,54.8,HIGH,DE_ESCALATING,-6.6,NORMAL,MEDIUM,48.3,schedule_progress_gap_pct
619220,2026-06-01,0.9936,0.0092,55.1,HIGH,STABLE,0.3,NORMAL,HIGH,55.4,schedule_progress_gap_pct
619220,2026-07-01,0.9937,0.0019,54.8,HIGH,STABLE,-0.3,NORMAL,MEDIUM,54.6,schedule_progress_gap_pct
619221,2026-07-01,0.0094,0.0031,2.5,LOW,STABLE,0.0,NORMAL,LOW,22.6,schedule_progress_gap_pct
619222,2026-04-01,0.9912,0.0419,56.1,HIGH,STABLE,0.0,NORMAL,MEDIUM,51.6,schedule_progress_gap_pct
619222,2026-05-01,0.9913,0.0336,55.8,HIGH,STABLE,-0.3,NORMAL,MEDIUM,51.1,schedule_progress_gap_pct
619222,2026-06-01,0.9923,0.9765,88.9,CRITICAL,RAPID_ESCALATION,33.1,NORMAL,CRITICAL_INTERVENTION,78.0,schedule_progress_gap_pct
619222,2026-07-01,0.9924,0.9875,89.3,CRITICAL,STABLE,0.4,NORMAL,HIGH,68.6,schedule_progress_gap_pct
619223,2026-04-01,0.0041,0.0184,9.1,LOW,STABLE,0.0,UNUSUAL,MEDIUM,40.0,schedule_progress_gap_pct
619223,2026-05-01,0.0041,0.0142,9.3,LOW,STABLE,0.2,UNUSUAL,MEDIUM,40.3,schedule_progress_gap_pct
619223,2026-06-01,0.0042,0.0087,9.4,LOW,STABLE,0.1,UNUSUAL,MEDIUM,40.2,schedule_progress_gap_pct
619224,2026-04-01,0.0165,0.0086,8.2,LOW,STABLE,0.0,NORMAL,LOW,29.7,schedule_progress_gap_pct
619224,2026-05-01,0.0168,0.0067,8.9,LOW,STABLE,0.7,NORMAL,MEDIUM,30.8,schedule_progress_gap_pct
619224,2026-06-01,0.017,0.0067,9.6,LOW,STABLE,0.7,NORMAL,MEDIUM,31.1,schedule_progress_gap_pct
619225,2026-04-01,0.0171,0.0067,15.9,LOW,STABLE,0.0,NORMAL,LOW,29.4,schedule_progress_gap_pct
619225,2026-05-01,0.0172,0.0099,16.0,LOW,STABLE,0.1,NORMAL,LOW,29.6,schedule_progress_gap_pct
619225,2026-06-01,0.0173,0.0099,16.0,LOW,STABLE,0.0,NORMAL,LOW,29.5,schedule_progress_gap_pct
619226,2026-04-01,0.0178,0.0075,4.8,LOW,STABLE,0.0,NORMAL,LOW,23.9,schedule_progress_gap_pct
619226,2026-05-01,0.0189,0.001,4.5,LOW,STABLE,-0.3,NORMAL,LOW,23.4,schedule_progress_gap_pct
619226,2026-06-01,0.0194,0.001,5.1,LOW,STABLE,0.6,NORMAL,LOW,24.6,schedule_progress_gap_pct
619248,2026-07-01,0.0113,0.0546,2.4,LOW,STABLE,0.0,NORMAL,LOW,24.5,schedule_progress_gap_pct
619253,2026-05-01,0.0147,0.0504,2.4,LOW,STABLE,0.0,NORMAL,LOW,25.1,schedule_progress_gap_pct
619253,2026-06-01,0.0153,0.0431,2.1,LOW,STABLE,-0.3,NORMAL,LOW,24.6,schedule_progress_gap_pct
619253,2026-07-01,0.0168,0.0431,2.2,LOW,STABLE,0.1,NORMAL,LOW,25.1,schedule_progress_gap_pct
619265,2026-07-01,0.0071,0.0016,0.3,LOW,STABLE,0.0,NORMAL,LOW,25.0,schedule_progress_gap_pct
619270,2026-07-01,0.0102,0.0014,15.5,LOW,STABLE,0.0,NORMAL,MEDIUM,33.6,schedule_progress_gap_pct
619271,2026-07-01,0.0088,0.0018,0.4,LOW,STABLE,0.0,NORMAL,LOW,22.9,schedule_progress_gap_pct
619289,2026-04-01,0.9896,0.0098,54.9,HIGH,STABLE,0.0,NORMAL,HIGH,55.5,schedule_progress_gap_pct
619289,2026-05-01,0.9899,0.0094,54.9,HIGH,STABLE,0.0,NORMAL,HIGH,55.5,schedule_progress_gap_pct
619289,2026-06-01,0.9908,0.0167,58.5,HIGH,STABLE,3.6,UNUSUAL,HIGH,60.9,schedule_progress_gap_pct
619289,2026-07-01,0.9908,0.0114,55.0,HIGH,STABLE,-3.5,NORMAL,MEDIUM,52.0,schedule_progress_gap_pct
619291,2026-04-01,0.9898,0.0011,54.6,HIGH,STABLE,0.0,NORMAL,MEDIUM,51.2,schedule_progress_gap_pct
619291,2026-05-01,0.9898,0.0011,54.6,HIGH,STABLE,0.0,NORMAL,MEDIUM,51.2,schedule_progress_gap_pct
619291,2026-06-01,0.9899,0.0015,54.7,HIGH,STABLE,0.1,NORMAL,MEDIUM,51.4,schedule_progress_gap_pct
619292,2026-04-01,0.9906,0.0028,54.7,HIGH,STABLE,0.0,NORMAL,MEDIUM,53.9,schedule_progress_gap_pct
619292,2026-05-01,0.9906,0.0061,54.8,HIGH,STABLE,0.1,NORMAL,MEDIUM,54.0,schedule_progress_gap_pct
619292,2026-06-01,0.9907,0.0027,54.7,HIGH,STABLE,-0.1,NORMAL,MEDIUM,53.8,schedule_progress_gap_pct
619292,2026-07-01,0.9908,0.0027,54.7,HIGH,STABLE,0.0,NORMAL,MEDIUM,53.9,schedule_progress_gap_pct
619293,2026-04-01,0.0177,0.0022,1.4,LOW,STABLE,0.0,NORMAL,LOW,25.7,schedule_progress_gap_pct
619293,2026-05-01,0.0197,0.0022,0.9,LOW,STABLE,-0.5,NORMAL,LOW,25.0,schedule_progress_gap_pct
619293,2026-06-01,0.0207,0.0022,1.0,LOW,STABLE,0.1,NORMAL,LOW,25.6,schedule_progress_gap_pct
619293,2026-07-01,0.0223,0.0083,1.2,LOW,STABLE,0.2,NORMAL,LOW,25.8,schedule_progress_gap_pct
619294,2026-04-01,0.0083,0.0051,2.2,LOW,STABLE,0.0,NORMAL,LOW,26.2,schedule_progress_gap_pct
619294,2026-05-01,0.0084,0.0051,3.1,LOW,STABLE,0.9,NORMAL,LOW,27.5,schedule_progress_gap_pct
619294,2026-06-01,0.0089,0.0008,2.8,LOW,STABLE,-0.3,NORMAL,LOW,26.2,schedule_progress_gap_pct
619294,2026-07-01,0.009,0.006,10.6,LOW,MODERATE_RISE,7.8,ANOMALOUS,MEDIUM,38.2,schedule_progress_gap_pct
619295,2026-04-01,0.0083,0.0018,5.6,LOW,STABLE,0.0,NORMAL,LOW,28.0,schedule_progress_gap_pct
619295,2026-05-01,0.0083,0.0018,6.9,LOW,STABLE,1.3,NORMAL,LOW,29.9,schedule_progress_gap_pct
619295,2026-06-01,0.0084,0.0018,8.2,LOW,STABLE,1.3,NORMAL,MEDIUM,30.6,schedule_progress_gap_pct
619295,2026-07-01,0.0084,0.0018,9.5,LOW,STABLE,1.3,NORMAL,MEDIUM,31.2,schedule_progress_gap_pct
619297,2026-07-01,0.0096,0.0513,2.2,LOW,STABLE,0.0,NORMAL,LOW,25.8,schedule_progress_gap_pct
619298,2026-06-01,0.0096,0.0172,1.0,LOW,STABLE,0.0,NORMAL,LOW,26.9,schedule_progress_gap_pct
619298,2026-07-01,0.0096,0.0085,1.5,LOW,STABLE,0.5,NORMAL,LOW,27.6,schedule_progress_gap_pct
619299,2026-06-01,0.011,0.0197,1.1,LOW,STABLE,0.0,NORMAL,LOW,23.1,schedule_progress_gap_pct
619299,2026-07-01,0.0111,0.0077,1.9,LOW,STABLE,0.8,NORMAL,LOW,24.3,schedule_progress_gap_pct
619300,2026-06-01,0.0115,0.0199,1.2,LOW,STABLE,0.0,NORMAL,LOW,22.6,schedule_progress_gap_pct
619300,2026-07-01,0.0115,0.0088,2.4,LOW,STABLE,1.2,NORMAL,LOW,24.4,schedule_progress_gap_pct
619301,2026-04-01,0.9948,0.0299,55.8,HIGH,STABLE,0.0,NORMAL,MEDIUM,51.9,schedule_progress_gap_pct
619301,2026-05-01,0.9948,0.0305,55.9,HIGH,STABLE,0.1,NORMAL,MEDIUM,52.1,schedule_progress_gap_pct
619301,2026-06-01,0.9951,0.8965,92.8,CRITICAL,RAPID_ESCALATION,36.9,ANOMALOUS,CRITICAL_INTERVENTION,80.4,schedule_progress_gap_pct
619301,2026-07-01,0.9952,0.9445,87.9,CRITICAL,STABLE,-4.9,NORMAL,HIGH,63.1,schedule_progress_gap_pct
619305,2026-04-01,0.9889,0.0145,55.1,HIGH,STABLE,0.0,NORMAL,HIGH,55.8,schedule_progress_gap_pct
619305,2026-05-01,0.9896,0.0105,54.9,HIGH,STABLE,-0.2,NORMAL,HIGH,55.5,schedule_progress_gap_pct
619305,2026-06-01,0.9899,0.0078,58.2,HIGH,STABLE,3.3,UNUSUAL,HIGH,60.6,schedule_progress_gap_pct
619305,2026-07-01,0.99,0.0115,55.0,HIGH,STABLE,-3.2,NORMAL,MEDIUM,52.5,schedule_progress_gap_pct
619306,2026-04-01,0.9921,0.0119,55.1,HIGH,STABLE,0.0,NORMAL,MEDIUM,53.8,schedule_progress_gap_pct
619306,2026-05-01,0.9922,0.006,54.9,HIGH,STABLE,-0.2,NORMAL,MEDIUM,53.5,schedule_progress_gap_pct
619306,2026-06-01,0.9926,0.0138,58.5,HIGH,STABLE,3.6,UNUSUAL,HIGH,59.1,schedule_progress_gap_pct
619306,2026-07-01,0.9927,0.0195,55.4,HIGH,STABLE,-3.1,NORMAL,MEDIUM,50.9,schedule_progress_gap_pct
619307,2026-04-01,0.9898,0.0101,58.2,HIGH,STABLE,0.0,UNUSUAL,HIGH,56.4,schedule_progress_gap_pct
619307,2026-05-01,0.9901,0.0033,54.7,HIGH,STABLE,-3.5,NORMAL,MEDIUM,51.2,schedule_progress_gap_pct
619307,2026-06-01,0.9907,0.0299,62.3,HIGH,MODERATE_RISE,7.6,ANOMALOUS,HIGH,66.1,schedule_progress_gap_pct
619307,2026-07-01,0.9908,0.0081,54.9,HIGH,DE_ESCALATING,-7.4,NORMAL,MEDIUM,47.4,schedule_progress_gap_pct
619308,2026-04-01,0.9939,0.1235,59.1,HIGH,STABLE,0.0,NORMAL,HIGH,55.1,schedule_progress_gap_pct
619308,2026-05-01,0.9939,0.1235,59.1,HIGH,STABLE,0.0,NORMAL,HIGH,55.1,schedule_progress_gap_pct
619308,2026-06-01,0.9939,0.1986,61.7,HIGH,STABLE,2.6,NORMAL,HIGH,59.0,schedule_progress_gap_pct
619308,2026-07-01,0.994,0.2096,62.1,HIGH,STABLE,0.4,NORMAL,HIGH,57.0,schedule_progress_gap_pct
619312,2026-04-01,0.0348,0.1393,6.3,LOW,STABLE,0.0,NORMAL,LOW,23.4,schedule_progress_gap_pct
619312,2026-05-01,0.0369,0.1509,6.8,LOW,STABLE,0.5,NORMAL,LOW,24.2,schedule_progress_gap_pct
619312,2026-06-01,0.0382,0.1751,7.7,LOW,STABLE,0.9,NORMAL,LOW,25.0,schedule_progress_gap_pct
619313,2026-04-01,0.0395,0.0555,8.5,LOW,STABLE,0.0,NORMAL,LOW,27.9,schedule_progress_gap_pct
619313,2026-05-01,0.0422,0.0291,7.1,LOW,STABLE,-1.4,NORMAL,LOW,25.8,schedule_progress_gap_pct
619313,2026-06-01,0.0449,0.0395,7.0,LOW,STABLE,-0.1,NORMAL,LOW,27.1,schedule_progress_gap_pct
619314,2026-05-01,0.0093,0.0066,9.1,LOW,STABLE,0.0,NORMAL,MEDIUM,37.5,schedule_progress_gap_pct
619314,2026-06-01,0.0106,0.007,15.2,LOW,MODERATE_RISE,6.1,ANOMALOUS,MEDIUM,46.6,schedule_progress_gap_pct
619316,2026-04-01,0.015,0.0017,6.4,LOW,STABLE,0.0,NORMAL,LOW,26.9,schedule_progress_gap_pct
619316,2026-05-01,0.0155,0.0101,7.3,LOW,STABLE,0.9,NORMAL,LOW,28.3,schedule_progress_gap_pct
619316,2026-06-01,0.0156,0.0017,8.3,LOW,STABLE,1.0,NORMAL,LOW,28.9,schedule_progress_gap_pct
619317,2026-04-01,0.9981,0.0877,68.0,HIGH,STABLE,0.0,REQUIRES_VERIFICATION,HIGH,63.7,schedule_progress_gap_pct
619317,2026-05-01,0.9983,0.0479,66.6,HIGH,STABLE,-1.4,REQUIRES_VERIFICATION,HIGH,61.6,schedule_progress_gap_pct
619317,2026-06-01,0.9986,0.0389,66.3,HIGH,STABLE,-0.3,REQUIRES_VERIFICATION,HIGH,62.6,schedule_progress_gap_pct
619317,2026-07-01,0.9986,0.0421,66.4,HIGH,STABLE,0.1,REQUIRES_VERIFICATION,HIGH,63.0,schedule_progress_gap_pct
619318,2026-04-01,0.971,0.0384,55.2,HIGH,STABLE,0.0,NORMAL,MEDIUM,54.9,schedule_progress_gap_pct
619318,2026-05-01,0.9711,0.0193,54.5,HIGH,STABLE,-0.7,NORMAL,MEDIUM,53.9,schedule_progress_gap_pct
619318,2026-06-01,0.9739,0.0192,54.6,HIGH,STABLE,0.1,NORMAL,MEDIUM,54.7,schedule_progress_gap_pct
619318,2026-07-01,0.974,0.0193,54.6,HIGH,STABLE,0.0,NORMAL,MEDIUM,54.6,schedule_progress_gap_pct
619320,2026-04-01,0.9981,0.0705,67.4,HIGH,STABLE,0.0,REQUIRES_VERIFICATION,HIGH,62.8,schedule_progress_gap_pct
619320,2026-05-01,0.9981,0.0648,67.2,HIGH,STABLE,-0.2,REQUIRES_VERIFICATION,HIGH,62.5,schedule_progress_gap_pct
619328,2026-05-01,0.0315,0.1296,5.8,LOW,STABLE,0.0,NORMAL,MEDIUM,33.7,schedule_progress_gap_pct
619328,2026-06-01,0.0316,0.1312,5.9,LOW,STABLE,0.1,NORMAL,MEDIUM,33.9,schedule_progress_gap_pct
701101,2026-04-01,0.0617,0.4539,18.6,LOW,STABLE,0.0,NORMAL,MEDIUM,36.2,schedule_progress_gap_pct
701101,2026-05-01,0.9936,0.4591,56.3,HIGH,RAPID_ESCALATION,37.7,NORMAL,HIGH,65.1,schedule_progress_gap_pct
701101,2026-06-01,0.9936,0.4283,55.3,HIGH,STABLE,-1.0,NORMAL,MEDIUM,53.6,schedule_progress_gap_pct
701101,2026-07-01,0.9937,0.4795,57.4,HIGH,STABLE,2.1,NORMAL,HIGH,57.7,schedule_progress_gap_pct
701105,2026-04-01,0.996,0.0558,56.8,HIGH,STABLE,0.0,NORMAL,MEDIUM,49.8,schedule_progress_gap_pct
701105,2026-05-01,0.996,0.0534,56.7,HIGH,STABLE,-0.1,NORMAL,MEDIUM,49.7,schedule_progress_gap_pct
701107,2026-04-01,0.9958,0.0567,56.8,HIGH,STABLE,0.0,NORMAL,MEDIUM,52.9,schedule_progress_gap_pct
701107,2026-05-01,0.9958,0.0571,56.8,HIGH,STABLE,0.0,NORMAL,MEDIUM,52.9,schedule_progress_gap_pct
701107,2026-06-01,0.9959,0.0539,56.7,HIGH,STABLE,-0.1,NORMAL,MEDIUM,52.7,schedule_progress_gap_pct
701107,2026-07-01,0.996,0.1679,64.0,HIGH,MODERATE_RISE,7.3,UNUSUAL,HIGH,63.8,schedule_progress_gap_pct
701113,2026-04-01,0.0191,0.0143,10.7,LOW,STABLE,0.0,NORMAL,MEDIUM,35.3,schedule_progress_gap_pct
701113,2026-05-01,0.0199,0.0143,10.9,LOW,STABLE,0.2,NORMAL,MEDIUM,35.6,schedule_progress_gap_pct
701113,2026-06-01,0.0207,0.0143,11.2,LOW,STABLE,0.3,NORMAL,MEDIUM,35.8,schedule_progress_gap_pct
701113,2026-07-01,0.0215,0.0093,11.3,LOW,STABLE,0.1,NORMAL,MEDIUM,35.7,schedule_progress_gap_pct
701121,2026-04-01,0.9936,0.0112,53.1,HIGH,STABLE,0.0,NORMAL,MEDIUM,49.0,schedule_progress_gap_pct
701121,2026-05-01,0.9938,0.0323,54.5,HIGH,STABLE,1.4,NORMAL,MEDIUM,51.1,schedule_progress_gap_pct
701121,2026-06-01,0.994,0.0376,55.2,HIGH,STABLE,0.7,NORMAL,MEDIUM,50.8,schedule_progress_gap_pct
701121,2026-07-01,0.9943,0.0376,56.0,HIGH,STABLE,0.8,NORMAL,MEDIUM,51.3,schedule_progress_gap_pct
701122,2026-04-01,0.9861,0.0023,53.8,HIGH,STABLE,0.0,NORMAL,MEDIUM,51.2,schedule_progress_gap_pct
701122,2026-05-01,0.9865,0.0023,54.5,HIGH,STABLE,0.7,NORMAL,MEDIUM,52.2,schedule_progress_gap_pct
701122,2026-06-01,0.9869,0.0022,54.6,HIGH,STABLE,0.1,NORMAL,MEDIUM,51.7,schedule_progress_gap_pct
701122,2026-07-01,0.9873,0.0049,54.7,HIGH,STABLE,0.1,NORMAL,MEDIUM,51.7,schedule_progress_gap_pct
701126,2026-04-01,0.0507,0.034,7.3,LOW,STABLE,0.0,NORMAL,MEDIUM,30.8,schedule_progress_gap_pct
701126,2026-05-01,0.9923,0.0278,44.8,MEDIUM,RAPID_ESCALATION,37.5,NORMAL,HIGH,59.6,schedule_progress_gap_pct
701126,2026-06-01,0.0551,0.0354,7.3,LOW,DE_ESCALATING,-37.5,NORMAL,LOW,22.8,schedule_progress_gap_pct
701126,2026-07-01,0.9928,0.0336,45.1,MEDIUM,RAPID_ESCALATION,37.8,NORMAL,HIGH,59.7,schedule_progress_gap_pct
701127,2026-04-01,0.9932,0.0086,41.7,MEDIUM,STABLE,0.0,NORMAL,MEDIUM,44.5,schedule_progress_gap_pct
701127,2026-05-01,0.9933,0.0215,42.9,MEDIUM,STABLE,1.2,NORMAL,MEDIUM,46.3,schedule_progress_gap_pct
701127,2026-06-01,0.9936,0.0196,43.1,MEDIUM,STABLE,0.2,NORMAL,MEDIUM,45.4,schedule_progress_gap_pct
701127,2026-07-01,0.9936,0.0212,44.0,MEDIUM,STABLE,0.9,NORMAL,MEDIUM,46.5,schedule_progress_gap_pct
701128,2026-04-01,0.99,0.0047,50.2,HIGH,STABLE,0.0,NORMAL,MEDIUM,50.9,schedule_progress_gap_pct
701128,2026-05-01,0.9905,0.0065,50.5,HIGH,STABLE,0.3,NORMAL,MEDIUM,51.3,schedule_progress_gap_pct
701128,2026-06-01,0.991,0.0066,50.7,HIGH,STABLE,0.2,NORMAL,MEDIUM,51.3,schedule_progress_gap_pct
701128,2026-07-01,0.9915,0.0066,50.6,HIGH,STABLE,-0.1,NORMAL,MEDIUM,51.0,schedule_progress_gap_pct
701167,2026-04-01,0.9914,0.0281,49.3,MEDIUM,STABLE,0.0,NORMAL,MEDIUM,53.0,schedule_progress_gap_pct
701167,2026-05-01,0.9916,0.0496,50.1,HIGH,STABLE,0.8,NORMAL,MEDIUM,54.2,schedule_progress_gap_pct
701167,2026-06-01,0.9918,0.0476,50.1,HIGH,STABLE,0.0,NORMAL,MEDIUM,53.4,schedule_progress_gap_pct
701167,2026-07-01,0.9919,0.0343,49.8,MEDIUM,STABLE,-0.3,NORMAL,MEDIUM,52.9,schedule_progress_gap_pct
701168,2026-04-01,0.9917,0.0013,54.7,HIGH,STABLE,0.0,NORMAL,MEDIUM,54.4,schedule_progress_gap_pct
701168,2026-05-01,0.9921,0.0003,54.7,HIGH,STABLE,0.0,NORMAL,MEDIUM,54.4,schedule_progress_gap_pct
701168,2026-06-01,0.9923,0.005,54.9,HIGH,STABLE,0.2,NORMAL,MEDIUM,54.7,schedule_progress_gap_pct
701168,2026-07-01,0.9925,0.005,54.9,HIGH,STABLE,0.0,NORMAL,MEDIUM,54.5,schedule_progress_gap_pct
701170,2026-04-01,0.0599,0.0381,6.0,LOW,STABLE,0.0,NORMAL,LOW,29.8,schedule_progress_gap_pct
701170,2026-05-01,0.9936,0.0339,43.5,MEDIUM,RAPID_ESCALATION,37.5,NORMAL,HIGH,58.6,schedule_progress_gap_pct
701170,2026-06-01,0.9936,0.0293,43.7,MEDIUM,STABLE,0.2,NORMAL,MEDIUM,48.9,schedule_progress_gap_pct
701170,2026-07-01,0.9937,0.0444,44.5,MEDIUM,STABLE,0.8,NORMAL,MEDIUM,49.9,schedule_progress_gap_pct
701171,2026-04-01,0.0514,0.1524,9.9,LOW,STABLE,0.0,NORMAL,MEDIUM,31.3,schedule_progress_gap_pct
701171,2026-05-01,0.0517,0.1536,10.6,LOW,STABLE,0.7,NORMAL,MEDIUM,32.3,schedule_progress_gap_pct
701171,2026-06-01,0.052,0.135,10.6,LOW,STABLE,0.0,NORMAL,MEDIUM,31.6,schedule_progress_gap_pct
701171,2026-07-01,0.9925,0.9106,79.2,CRITICAL,RAPID_ESCALATION,68.6,UNUSUAL,CRITICAL_INTERVENTION,75.9,schedule_progress_gap_pct
701173,2026-04-01,0.0296,0.0066,11.7,LOW,STABLE,0.0,NORMAL,MEDIUM,33.0,schedule_progress_gap_pct
701173,2026-05-01,0.032,0.0171,11.0,LOW,STABLE,-0.7,NORMAL,MEDIUM,31.9,schedule_progress_gap_pct
701173,2026-06-01,0.0335,0.0194,10.6,LOW,STABLE,-0.4,NORMAL,MEDIUM,32.0,schedule_progress_gap_pct
701173,2026-07-01,0.0355,0.0299,10.6,LOW,STABLE,0.0,NORMAL,MEDIUM,32.4,schedule_progress_gap_pct
701228,2026-04-01,0.9991,0.9993,99.9,CRITICAL,STABLE,0.0,REQUIRES_VERIFICATION,CRITICAL_INTERVENTION,79.9,schedule_progress_gap_pct
701228,2026-05-01,0.9991,0.9992,99.9,CRITICAL,STABLE,0.0,REQUIRES_VERIFICATION,CRITICAL_INTERVENTION,79.9,schedule_progress_gap_pct
701228,2026-06-01,0.9991,0.9987,99.9,CRITICAL,STABLE,0.0,REQUIRES_VERIFICATION,CRITICAL_INTERVENTION,79.9,schedule_progress_gap_pct
701228,2026-07-01,0.9993,0.9927,99.7,CRITICAL,STABLE,-0.2,REQUIRES_VERIFICATION,CRITICAL_INTERVENTION,79.6,schedule_progress_gap_pct
701263,2026-04-01,0.9999,0.9886,99.6,CRITICAL,STABLE,0.0,REQUIRES_VERIFICATION,CRITICAL_INTERVENTION,89.3,schedule_progress_gap_pct
701263,2026-05-01,0.9999,0.9932,99.8,CRITICAL,STABLE,0.2,REQUIRES_VERIFICATION,CRITICAL_INTERVENTION,89.6,schedule_progress_gap_pct
701289,2026-04-01,0.9924,0.019,65.4,HIGH,STABLE,0.0,REQUIRES_VERIFICATION,HIGH,71.4,schedule_progress_gap_pct
701289,2026-05-01,0.9925,0.013,58.5,HIGH,DE_ESCALATING,-6.9,UNUSUAL,HIGH,61.0,schedule_progress_gap_pct
701289,2026-06-01,0.993,0.0339,65.9,HIGH,MODERATE_RISE,7.4,REQUIRES_VERIFICATION,CRITICAL_INTERVENTION,79.0,schedule_progress_gap_pct
701289,2026-07-01,0.9939,0.0383,66.1,HIGH,STABLE,0.2,REQUIRES_VERIFICATION,HIGH,71.9,schedule_progress_gap_pct
701324,2026-04-01,0.9956,0.0571,66.8,HIGH,STABLE,0.0,REQUIRES_VERIFICATION,HIGH,69.1,schedule_progress_gap_pct
701324,2026-05-01,1.0,0.6865,89.0,CRITICAL,RAPID_ESCALATION,22.2,REQUIRES_VERIFICATION,CRITICAL_INTERVENTION,90.2,schedule_progress_gap_pct
701324,2026-06-01,1.0,0.8948,96.3,CRITICAL,MODERATE_RISE,7.3,REQUIRES_VERIFICATION,CRITICAL_INTERVENTION,91.2,schedule_progress_gap_pct
701324,2026-07-01,0.9962,0.0228,58.9,HIGH,DE_ESCALATING,-37.4,UNUSUAL,HIGH,57.2,schedule_progress_gap_pct
701329,2026-04-01,0.9926,0.0433,62.8,HIGH,STABLE,0.0,ANOMALOUS,HIGH,68.0,schedule_progress_gap_pct
701329,2026-05-01,1.0,0.8295,94.0,CRITICAL,RAPID_ESCALATION,31.2,REQUIRES_VERIFICATION,CRITICAL_INTERVENTION,93.6,schedule_progress_gap_pct
701329,2026-06-01,1.0,0.9775,99.2,CRITICAL,MODERATE_RISE,5.2,REQUIRES_VERIFICATION,CRITICAL_INTERVENTION,91.4,schedule_progress_gap_pct
701329,2026-07-01,0.9936,0.0482,56.4,HIGH,DE_ESCALATING,-42.8,NORMAL,HIGH,56.8,schedule_progress_gap_pct
701330,2026-04-01,0.993,0.0058,47.1,MEDIUM,STABLE,0.0,NORMAL,HIGH,56.8,schedule_progress_gap_pct
701330,2026-05-01,0.9932,0.0058,47.3,MEDIUM,STABLE,0.2,NORMAL,HIGH,57.1,schedule_progress_gap_pct
701330,2026-06-01,0.9932,0.0058,47.5,MEDIUM,STABLE,0.2,NORMAL,HIGH,57.2,schedule_progress_gap_pct
701338,2026-04-01,0.0141,0.0345,11.6,LOW,STABLE,0.0,NORMAL,MEDIUM,38.0,schedule_progress_gap_pct
701338,2026-05-01,0.0143,0.0311,11.6,LOW,STABLE,0.0,NORMAL,MEDIUM,38.0,schedule_progress_gap_pct
701338,2026-06-01,0.0145,0.0297,11.6,LOW,STABLE,0.0,NORMAL,MEDIUM,38.0,schedule_progress_gap_pct
701343,2026-04-01,0.9957,0.0023,54.9,HIGH,STABLE,0.0,NORMAL,HIGH,57.1,schedule_progress_gap_pct
701343,2026-05-01,0.9957,0.0016,54.9,HIGH,STABLE,0.0,NORMAL,HIGH,57.1,schedule_progress_gap_pct
701343,2026-06-01,0.9957,0.0066,55.1,HIGH,STABLE,0.2,NORMAL,HIGH,57.4,schedule_progress_gap_pct
701344,2026-04-01,0.9953,0.0651,57.1,HIGH,STABLE,0.0,NORMAL,MEDIUM,54.9,schedule_progress_gap_pct
701344,2026-05-01,0.9953,0.1003,58.3,HIGH,STABLE,1.2,NORMAL,HIGH,56.7,schedule_progress_gap_pct
701344,2026-06-01,0.9953,0.1745,60.9,HIGH,STABLE,2.6,NORMAL,HIGH,59.4,schedule_progress_gap_pct
701344,2026-07-01,0.9961,0.1698,60.8,HIGH,STABLE,-0.1,NORMAL,HIGH,56.6,schedule_progress_gap_pct
701346,2026-04-01,0.9928,0.053,63.2,HIGH,STABLE,0.0,ANOMALOUS,HIGH,65.7,schedule_progress_gap_pct
701346,2026-05-01,0.9929,0.0302,55.8,HIGH,DE_ESCALATING,-7.4,NORMAL,MEDIUM,54.6,schedule_progress_gap_pct
701346,2026-06-01,0.9929,0.0229,55.5,HIGH,STABLE,-0.3,NORMAL,HIGH,61.5,schedule_progress_gap_pct
701346,2026-07-01,0.9945,0.0194,62.1,HIGH,MODERATE_RISE,6.6,ANOMALOUS,HIGH,71.7,schedule_progress_gap_pct
701349,2026-04-01,0.9952,0.9903,92.9,CRITICAL,STABLE,0.0,ANOMALOUS,CRITICAL_INTERVENTION,80.9,schedule_progress_gap_pct
701349,2026-05-01,0.9953,0.9951,93.4,CRITICAL,STABLE,0.5,ANOMALOUS,CRITICAL_INTERVENTION,81.6,schedule_progress_gap_pct
701349,2026-06-01,0.9953,0.9981,93.9,CRITICAL,STABLE,0.5,ANOMALOUS,CRITICAL_INTERVENTION,81.9,schedule_progress_gap_pct
701349,2026-07-01,0.9962,0.9988,94.4,CRITICAL,STABLE,0.5,ANOMALOUS,CRITICAL_INTERVENTION,82.1,schedule_progress_gap_pct
701354,2026-04-01,0.9954,0.1114,65.3,HIGH,STABLE,0.0,ANOMALOUS,HIGH,66.1,schedule_progress_gap_pct
701370,2026-04-01,0.9896,0.0531,56.4,HIGH,STABLE,0.0,NORMAL,MEDIUM,49.6,schedule_progress_gap_pct
701370,2026-05-01,0.9896,0.0531,56.4,HIGH,STABLE,0.0,NORMAL,MEDIUM,49.6,schedule_progress_gap_pct
701370,2026-06-01,0.9897,0.0531,56.4,HIGH,STABLE,0.0,NORMAL,MEDIUM,49.6,schedule_progress_gap_pct
701370,2026-07-01,0.9897,0.0531,56.4,HIGH,STABLE,0.0,NORMAL,MEDIUM,49.6,schedule_progress_gap_pct
701372,2026-04-01,0.9994,0.9996,88.2,CRITICAL,STABLE,0.0,UNUSUAL,CRITICAL_INTERVENTION,81.0,schedule_progress_gap_pct
701372,2026-05-01,0.9994,0.9995,91.6,CRITICAL,STABLE,3.4,ANOMALOUS,CRITICAL_INTERVENTION,86.1,schedule_progress_gap_pct
701372,2026-06-01,0.9994,0.9996,88.4,CRITICAL,STABLE,-3.2,UNUSUAL,CRITICAL_INTERVENTION,77.9,schedule_progress_gap_pct
701372,2026-07-01,0.9994,0.9996,88.5,CRITICAL,STABLE,0.1,UNUSUAL,CRITICAL_INTERVENTION,81.2,schedule_progress_gap_pct
701376,2026-04-01,0.997,0.9992,89.9,CRITICAL,STABLE,0.0,NORMAL,CRITICAL_INTERVENTION,75.9,schedule_progress_gap_pct
701376,2026-05-01,0.9971,0.9992,89.9,CRITICAL,STABLE,0.0,NORMAL,CRITICAL_INTERVENTION,75.9,schedule_progress_gap_pct
701376,2026-06-01,0.9971,0.9992,89.9,CRITICAL,STABLE,0.0,NORMAL,CRITICAL_INTERVENTION,75.9,schedule_progress_gap_pct
701376,2026-07-01,0.9971,0.9992,89.9,CRITICAL,STABLE,0.0,NORMAL,CRITICAL_INTERVENTION,75.9,schedule_progress_gap_pct
701377,2026-04-01,0.9977,0.9992,89.9,CRITICAL,STABLE,0.0,NORMAL,HIGH,70.2,schedule_progress_gap_pct
701377,2026-05-01,0.9977,0.9992,89.9,CRITICAL,STABLE,0.0,NORMAL,HIGH,70.2,schedule_progress_gap_pct
701377,2026-06-01,0.9977,0.9992,89.9,CRITICAL,STABLE,0.0,NORMAL,HIGH,70.2,schedule_progress_gap_pct
701377,2026-07-01,0.9977,0.9992,89.9,CRITICAL,STABLE,0.0,NORMAL,HIGH,70.2,schedule_progress_gap_pct
701383,2026-04-01,0.9969,0.9994,86.0,CRITICAL,STABLE,0.0,NORMAL,HIGH,69.4,schedule_progress_gap_pct
701383,2026-05-01,0.9969,0.9987,86.1,CRITICAL,STABLE,0.1,NORMAL,HIGH,69.6,schedule_progress_gap_pct
701383,2026-06-01,0.9969,0.9987,86.2,CRITICAL,STABLE,0.1,NORMAL,HIGH,69.6,schedule_progress_gap_pct
701383,2026-07-01,0.997,0.9988,86.3,CRITICAL,STABLE,0.1,NORMAL,HIGH,69.7,schedule_progress_gap_pct
701386,2026-04-01,0.9989,0.9993,93.2,CRITICAL,STABLE,0.0,UNUSUAL,CRITICAL_INTERVENTION,79.8,schedule_progress_gap_pct
701386,2026-05-01,0.9989,0.9993,93.2,CRITICAL,STABLE,0.0,UNUSUAL,CRITICAL_INTERVENTION,79.8,schedule_progress_gap_pct
701386,2026-06-01,0.9989,0.9993,93.2,CRITICAL,STABLE,0.0,UNUSUAL,CRITICAL_INTERVENTION,79.8,schedule_progress_gap_pct
701386,2026-07-01,0.9989,0.9993,93.2,CRITICAL,STABLE,0.0,UNUSUAL,CRITICAL_INTERVENTION,79.8,schedule_progress_gap_pct
701391,2026-04-01,0.9979,0.9858,99.4,CRITICAL,STABLE,0.0,REQUIRES_VERIFICATION,HIGH,70.4,schedule_progress_gap_pct
701391,2026-05-01,0.9979,0.9839,99.4,CRITICAL,STABLE,0.0,REQUIRES_VERIFICATION,HIGH,70.4,schedule_progress_gap_pct
701391,2026-06-01,0.998,0.9878,99.5,CRITICAL,STABLE,0.1,REQUIRES_VERIFICATION,HIGH,70.6,schedule_progress_gap_pct
701391,2026-07-01,0.9981,0.9884,99.5,CRITICAL,STABLE,0.0,REQUIRES_VERIFICATION,HIGH,70.5,schedule_progress_gap_pct
701396,2026-04-01,0.9966,0.974,95.6,CRITICAL,STABLE,0.0,ANOMALOUS,HIGH,69.2,schedule_progress_gap_pct
701396,2026-05-01,0.9966,0.974,95.6,CRITICAL,STABLE,0.0,ANOMALOUS,HIGH,69.2,schedule_progress_gap_pct
701396,2026-06-01,0.9972,0.6307,87.0,CRITICAL,DE_ESCALATING,-8.6,REQUIRES_VERIFICATION,HIGH,56.9,schedule_progress_gap_pct
701396,2026-07-01,0.9972,0.9198,97.1,CRITICAL,RAPID_ESCALATION,10.1,REQUIRES_VERIFICATION,CRITICAL_INTERVENTION,80.0,schedule_progress_gap_pct
701398,2026-04-01,0.9967,0.995,89.7,CRITICAL,STABLE,0.0,NORMAL,HIGH,65.6,schedule_progress_gap_pct
701398,2026-05-01,0.9969,0.9113,96.8,CRITICAL,MODERATE_RISE,7.1,REQUIRES_VERIFICATION,CRITICAL_INTERVENTION,76.2,schedule_progress_gap_pct
701398,2026-06-01,0.9969,0.9904,92.8,CRITICAL,STABLE,-4.0,UNUSUAL,HIGH,63.1,schedule_progress_gap_pct
701398,2026-07-01,0.9969,0.9821,92.6,CRITICAL,STABLE,-0.2,UNUSUAL,HIGH,66.8,schedule_progress_gap_pct
701399,2026-04-01,0.9912,0.1203,48.6,MEDIUM,STABLE,0.0,NORMAL,MEDIUM,47.1,schedule_progress_gap_pct
701399,2026-05-01,0.9913,0.1203,48.7,MEDIUM,STABLE,0.1,NORMAL,MEDIUM,47.3,schedule_progress_gap_pct
701399,2026-06-01,0.9913,0.1396,49.6,MEDIUM,STABLE,0.9,NORMAL,MEDIUM,48.5,schedule_progress_gap_pct
701399,2026-07-01,0.9914,0.1421,49.8,MEDIUM,STABLE,0.2,NORMAL,MEDIUM,47.9,schedule_progress_gap_pct
701400,2026-04-01,0.9967,0.9993,83.6,CRITICAL,STABLE,0.0,NORMAL,HIGH,69.3,schedule_progress_gap_pct
701400,2026-05-01,0.9969,0.9995,86.9,CRITICAL,STABLE,3.3,UNUSUAL,HIGH,74.3,schedule_progress_gap_pct
701400,2026-06-01,0.9969,0.9959,83.6,CRITICAL,STABLE,-3.3,NORMAL,HIGH,66.0,schedule_progress_gap_pct
701400,2026-07-01,0.9969,0.9959,83.7,CRITICAL,STABLE,0.1,NORMAL,HIGH,69.5,schedule_progress_gap_pct
701402,2026-04-01,0.9981,0.9989,88.2,CRITICAL,STABLE,0.0,UNUSUAL,HIGH,74.2,schedule_progress_gap_pct
701402,2026-05-01,0.9982,0.9991,91.6,CRITICAL,STABLE,3.4,ANOMALOUS,CRITICAL_INTERVENTION,79.3,schedule_progress_gap_pct
701402,2026-06-01,0.9982,0.9989,88.4,CRITICAL,STABLE,-3.2,UNUSUAL,HIGH,71.1,schedule_progress_gap_pct
701402,2026-07-01,0.9982,0.999,88.6,CRITICAL,STABLE,0.2,UNUSUAL,HIGH,74.6,schedule_progress_gap_pct
701404,2026-04-01,0.9969,0.9993,89.9,CRITICAL,STABLE,0.0,NORMAL,HIGH,71.1,schedule_progress_gap_pct
701404,2026-05-01,0.9969,0.9993,89.9,CRITICAL,STABLE,0.0,NORMAL,HIGH,71.1,schedule_progress_gap_pct
701404,2026-06-01,0.9969,0.9993,89.9,CRITICAL,STABLE,0.0,NORMAL,HIGH,71.1,schedule_progress_gap_pct
701404,2026-07-01,0.9969,0.9993,89.9,CRITICAL,STABLE,0.0,NORMAL,HIGH,71.1,schedule_progress_gap_pct
701405,2026-04-01,0.9953,0.024,55.7,HIGH,STABLE,0.0,NORMAL,HIGH,61.5,schedule_progress_gap_pct
701405,2026-05-01,0.9953,0.024,55.7,HIGH,STABLE,0.0,NORMAL,HIGH,61.5,schedule_progress_gap_pct
701405,2026-06-01,0.9954,0.0186,55.5,HIGH,STABLE,-0.2,NORMAL,HIGH,61.2,schedule_progress_gap_pct
701405,2026-07-01,0.9954,0.024,55.7,HIGH,STABLE,0.2,NORMAL,HIGH,61.7,schedule_progress_gap_pct
701406,2026-04-01,0.9973,0.9992,89.9,CRITICAL,STABLE,0.0,NORMAL,HIGH,72.4,schedule_progress_gap_pct
701406,2026-05-01,0.9973,0.9992,89.9,CRITICAL,STABLE,0.0,NORMAL,HIGH,72.4,schedule_progress_gap_pct
701406,2026-06-01,0.9973,0.9992,89.9,CRITICAL,STABLE,0.0,NORMAL,HIGH,72.4,schedule_progress_gap_pct
701408,2026-04-01,0.9978,0.9994,96.5,CRITICAL,STABLE,0.0,ANOMALOUS,HIGH,74.7,schedule_progress_gap_pct
701408,2026-05-01,0.9978,0.9994,96.5,CRITICAL,STABLE,0.0,ANOMALOUS,HIGH,74.7,schedule_progress_gap_pct
701408,2026-06-01,0.9978,0.9994,96.5,CRITICAL,STABLE,0.0,ANOMALOUS,HIGH,74.7,schedule_progress_gap_pct
701408,2026-07-01,0.9978,0.9994,96.5,CRITICAL,STABLE,0.0,ANOMALOUS,HIGH,74.7,schedule_progress_gap_pct
701410,2026-04-01,0.9966,0.9967,93.0,CRITICAL,STABLE,0.0,UNUSUAL,HIGH,74.0,schedule_progress_gap_pct
701410,2026-05-01,0.9969,0.9965,96.4,CRITICAL,STABLE,3.4,ANOMALOUS,CRITICAL_INTERVENTION,79.1,schedule_progress_gap_pct
701410,2026-06-01,0.9969,0.9987,89.8,CRITICAL,DE_ESCALATING,-6.6,NORMAL,HIGH,65.8,schedule_progress_gap_pct
701410,2026-07-01,0.9969,0.9987,89.8,CRITICAL,STABLE,0.0,NORMAL,HIGH,72.4,schedule_progress_gap_pct
701411,2026-04-01,0.995,0.1087,58.6,HIGH,STABLE,0.0,NORMAL,HIGH,58.4,schedule_progress_gap_pct
701411,2026-05-01,0.995,0.1087,58.6,HIGH,STABLE,0.0,NORMAL,HIGH,58.4,schedule_progress_gap_pct
701411,2026-06-01,0.995,0.1087,58.6,HIGH,STABLE,0.0,NORMAL,HIGH,58.4,schedule_progress_gap_pct
701411,2026-07-01,0.995,0.1096,58.6,HIGH,STABLE,0.0,NORMAL,HIGH,58.4,schedule_progress_gap_pct
701412,2026-04-01,0.9905,0.0074,64.9,HIGH,STABLE,0.0,REQUIRES_VERIFICATION,HIGH,60.4,schedule_progress_gap_pct
701412,2026-05-01,0.9914,0.0194,65.3,HIGH,STABLE,0.4,REQUIRES_VERIFICATION,HIGH,61.0,schedule_progress_gap_pct
701412,2026-06-01,0.9914,0.0141,65.1,HIGH,STABLE,-0.2,REQUIRES_VERIFICATION,HIGH,60.3,schedule_progress_gap_pct
701412,2026-07-01,0.9927,0.0091,65.0,HIGH,STABLE,-0.1,REQUIRES_VERIFICATION,HIGH,60.3,schedule_progress_gap_pct
701415,2026-04-01,0.9995,0.9969,98.7,CRITICAL,STABLE,0.0,REQUIRES_VERIFICATION,CRITICAL_INTERVENTION,83.7,schedule_progress_gap_pct
701415,2026-05-01,0.9995,0.9988,99.0,CRITICAL,STABLE,0.3,REQUIRES_VERIFICATION,CRITICAL_INTERVENTION,84.2,schedule_progress_gap_pct
701415,2026-06-01,0.9995,0.9988,99.2,CRITICAL,STABLE,0.2,REQUIRES_VERIFICATION,CRITICAL_INTERVENTION,84.2,schedule_progress_gap_pct
701415,2026-07-01,0.9995,0.9968,99.3,CRITICAL,STABLE,0.1,REQUIRES_VERIFICATION,CRITICAL_INTERVENTION,84.1,schedule_progress_gap_pct
701565,2026-04-01,0.9928,0.0078,55.0,HIGH,STABLE,0.0,NORMAL,HIGH,59.6,schedule_progress_gap_pct
701565,2026-05-01,0.9929,0.0078,55.0,HIGH,STABLE,0.0,NORMAL,HIGH,59.6,schedule_progress_gap_pct
701565,2026-06-01,0.9932,0.0142,55.2,HIGH,STABLE,0.2,NORMAL,HIGH,59.9,schedule_progress_gap_pct
701565,2026-07-01,0.9938,0.0101,55.1,HIGH,STABLE,-0.1,NORMAL,HIGH,59.6,schedule_progress_gap_pct
701570,2026-04-01,0.9951,0.0719,57.3,HIGH,STABLE,0.0,NORMAL,MEDIUM,48.6,schedule_progress_gap_pct
701570,2026-05-01,0.9952,0.1126,58.7,HIGH,STABLE,1.4,NORMAL,MEDIUM,50.7,schedule_progress_gap_pct
701570,2026-06-01,0.9952,0.0839,57.7,HIGH,STABLE,-1.0,NORMAL,MEDIUM,47.8,schedule_progress_gap_pct
701570,2026-07-01,0.9953,0.0997,58.3,HIGH,STABLE,0.6,NORMAL,MEDIUM,49.7,schedule_progress_gap_pct
701574,2026-04-01,0.9899,0.0343,40.8,MEDIUM,STABLE,0.0,NORMAL,MEDIUM,50.5,schedule_progress_gap_pct
701574,2026-05-01,0.9903,0.0406,41.0,MEDIUM,STABLE,0.2,NORMAL,MEDIUM,50.8,schedule_progress_gap_pct
701574,2026-06-01,0.9907,0.0681,42.0,MEDIUM,STABLE,1.0,NORMAL,MEDIUM,52.1,schedule_progress_gap_pct
701574,2026-07-01,0.991,0.067,42.0,MEDIUM,STABLE,0.0,NORMAL,MEDIUM,51.1,schedule_progress_gap_pct
701593,2026-04-01,0.9679,0.0089,57.3,HIGH,STABLE,0.0,UNUSUAL,HIGH,66.7,schedule_progress_gap_pct
701593,2026-05-01,0.9681,0.0089,57.3,HIGH,STABLE,0.0,UNUSUAL,HIGH,66.7,schedule_progress_gap_pct
701593,2026-06-01,0.9706,0.029,64.8,HIGH,MODERATE_RISE,7.5,REQUIRES_VERIFICATION,CRITICAL_INTERVENTION,77.9,schedule_progress_gap_pct
701593,2026-07-01,0.9709,0.0332,65.0,HIGH,STABLE,0.2,REQUIRES_VERIFICATION,HIGH,70.7,schedule_progress_gap_pct
701597,2026-04-01,0.9951,0.006,55.0,HIGH,STABLE,0.0,NORMAL,MEDIUM,54.5,schedule_progress_gap_pct
701597,2026-05-01,0.9953,0.006,55.0,HIGH,STABLE,0.0,NORMAL,MEDIUM,54.5,schedule_progress_gap_pct
701597,2026-06-01,0.9953,0.0233,55.6,HIGH,STABLE,0.6,NORMAL,HIGH,55.4,schedule_progress_gap_pct
701597,2026-07-01,0.9954,0.0126,58.6,HIGH,STABLE,3.0,UNUSUAL,HIGH,59.3,schedule_progress_gap_pct
701598,2026-04-01,0.996,0.0055,58.3,HIGH,STABLE,0.0,UNUSUAL,HIGH,55.3,schedule_progress_gap_pct
701598,2026-05-01,0.996,0.0058,58.3,HIGH,STABLE,0.0,UNUSUAL,HIGH,55.3,schedule_progress_gap_pct
701598,2026-06-01,0.996,0.0081,58.4,HIGH,STABLE,0.1,UNUSUAL,HIGH,55.4,schedule_progress_gap_pct
701598,2026-07-01,0.9961,0.0081,61.7,HIGH,STABLE,3.3,ANOMALOUS,HIGH,60.3,schedule_progress_gap_pct
701599,2026-04-01,0.9941,0.0017,54.8,HIGH,STABLE,0.0,NORMAL,HIGH,55.2,schedule_progress_gap_pct
701599,2026-05-01,0.9942,0.0183,55.4,HIGH,STABLE,0.6,NORMAL,HIGH,56.1,schedule_progress_gap_pct
701599,2026-06-01,0.9943,0.0089,58.4,HIGH,STABLE,3.0,UNUSUAL,HIGH,60.0,schedule_progress_gap_pct
701599,2026-07-01,0.9945,0.0117,58.5,HIGH,STABLE,0.1,UNUSUAL,HIGH,57.2,schedule_progress_gap_pct
701602,2026-04-01,0.9926,0.0019,54.8,HIGH,STABLE,0.0,NORMAL,HIGH,58.2,schedule_progress_gap_pct
701602,2026-05-01,0.9925,0.0023,54.8,HIGH,STABLE,0.0,NORMAL,HIGH,58.2,schedule_progress_gap_pct
701602,2026-06-01,0.9926,0.0023,54.8,HIGH,STABLE,0.0,NORMAL,HIGH,58.2,schedule_progress_gap_pct
701602,2026-07-01,0.9926,0.0102,58.4,HIGH,STABLE,3.6,UNUSUAL,HIGH,63.6,schedule_progress_gap_pct
701657,2026-05-01,0.9803,0.0006,54.2,HIGH,STABLE,0.0,NORMAL,HIGH,55.2,schedule_progress_gap_pct
701657,2026-06-01,0.9809,0.0004,54.3,HIGH,STABLE,0.1,NORMAL,HIGH,55.3,schedule_progress_gap_pct
701657,2026-07-01,0.9815,0.0004,54.3,HIGH,STABLE,0.0,NORMAL,HIGH,55.2,schedule_progress_gap_pct
701719,2026-04-01,0.9964,0.995,89.7,CRITICAL,STABLE,0.0,NORMAL,HIGH,68.9,schedule_progress_gap_pct
701719,2026-05-01,0.9965,0.9987,89.8,CRITICAL,STABLE,0.1,NORMAL,HIGH,69.0,schedule_progress_gap_pct
701719,2026-06-01,0.9965,0.9986,89.8,CRITICAL,STABLE,0.0,NORMAL,HIGH,68.9,schedule_progress_gap_pct
701719,2026-07-01,0.9965,0.9985,89.8,CRITICAL,STABLE,0.0,NORMAL,HIGH,68.9,schedule_progress_gap_pct
701766,2026-04-01,0.9895,0.1618,60.2,HIGH,STABLE,0.0,NORMAL,MEDIUM,49.7,schedule_progress_gap_pct
701766,2026-05-01,0.9895,0.1571,60.1,HIGH,STABLE,-0.1,NORMAL,MEDIUM,49.5,schedule_progress_gap_pct
701766,2026-06-01,0.9896,0.1608,60.2,HIGH,STABLE,0.1,NORMAL,MEDIUM,49.8,schedule_progress_gap_pct
701766,2026-07-01,0.9897,0.1504,59.9,HIGH,STABLE,-0.3,NORMAL,MEDIUM,49.2,schedule_progress_gap_pct
701991,2026-04-01,0.9953,0.1223,59.1,HIGH,STABLE,0.0,NORMAL,MEDIUM,54.0,schedule_progress_gap_pct
701991,2026-05-01,0.9955,0.1002,58.3,HIGH,STABLE,-0.8,NORMAL,MEDIUM,52.8,schedule_progress_gap_pct
701991,2026-06-01,0.9955,0.1123,58.7,HIGH,STABLE,0.4,NORMAL,MEDIUM,54.2,schedule_progress_gap_pct
701991,2026-07-01,0.9956,0.1164,58.9,HIGH,STABLE,0.2,NORMAL,MEDIUM,54.1,schedule_progress_gap_pct
702625,2026-04-01,0.9933,0.0189,55.4,HIGH,STABLE,0.0,NORMAL,HIGH,60.7,schedule_progress_gap_pct
702625,2026-05-01,0.9936,0.009,58.4,HIGH,STABLE,3.0,UNUSUAL,HIGH,65.2,schedule_progress_gap_pct
702625,2026-06-01,0.9937,0.0065,61.6,HIGH,STABLE,3.2,ANOMALOUS,HIGH,67.0,schedule_progress_gap_pct
702625,2026-07-01,0.9939,0.0094,61.7,HIGH,STABLE,0.1,ANOMALOUS,HIGH,64.0,schedule_progress_gap_pct
702626,2026-04-01,0.9941,0.0092,61.7,HIGH,STABLE,0.0,ANOMALOUS,HIGH,64.2,schedule_progress_gap_pct
702626,2026-05-01,0.9942,0.0092,61.7,HIGH,STABLE,0.0,ANOMALOUS,HIGH,64.2,schedule_progress_gap_pct
702626,2026-06-01,0.9943,0.0092,61.7,HIGH,STABLE,0.0,ANOMALOUS,HIGH,64.2,schedule_progress_gap_pct
702626,2026-07-01,0.9944,0.0096,61.7,HIGH,STABLE,0.0,ANOMALOUS,HIGH,64.2,schedule_progress_gap_pct
702627,2026-04-01,0.9832,0.0196,61.6,HIGH,STABLE,0.0,ANOMALOUS,HIGH,66.1,schedule_progress_gap_pct
702627,2026-05-01,0.9833,0.0194,55.0,HIGH,DE_ESCALATING,-6.6,NORMAL,HIGH,56.2,schedule_progress_gap_pct
702627,2026-06-01,0.9833,0.0147,54.8,HIGH,STABLE,-0.2,NORMAL,HIGH,62.5,schedule_progress_gap_pct
702627,2026-07-01,0.9834,0.0147,54.8,HIGH,STABLE,0.0,NORMAL,HIGH,62.7,schedule_progress_gap_pct
702628,2026-04-01,0.9945,0.0324,55.9,HIGH,STABLE,0.0,NORMAL,HIGH,62.6,schedule_progress_gap_pct
702628,2026-05-01,0.9946,0.0271,55.7,HIGH,STABLE,-0.2,NORMAL,HIGH,62.3,schedule_progress_gap_pct
702628,2026-06-01,0.9947,0.0255,55.7,HIGH,STABLE,0.0,NORMAL,HIGH,62.5,schedule_progress_gap_pct
702628,2026-07-01,0.995,0.0277,62.4,HIGH,MODERATE_RISE,6.7,ANOMALOUS,HIGH,72.6,schedule_progress_gap_pct
702629,2026-04-01,0.993,0.0273,55.7,HIGH,STABLE,0.0,NORMAL,HIGH,61.6,schedule_progress_gap_pct
702629,2026-05-01,0.9932,0.0302,55.8,HIGH,STABLE,0.1,NORMAL,HIGH,61.7,schedule_progress_gap_pct
702629,2026-06-01,0.9934,0.021,55.5,HIGH,STABLE,-0.3,NORMAL,HIGH,61.2,schedule_progress_gap_pct
702629,2026-07-01,0.9937,0.0355,62.6,HIGH,MODERATE_RISE,7.1,ANOMALOUS,HIGH,72.1,schedule_progress_gap_pct
702630,2026-04-01,0.9933,0.0272,59.0,HIGH,STABLE,0.0,UNUSUAL,HIGH,64.5,schedule_progress_gap_pct
702630,2026-05-01,0.9939,0.0378,62.7,HIGH,STABLE,3.7,ANOMALOUS,HIGH,70.0,schedule_progress_gap_pct
702630,2026-06-01,0.9941,0.036,62.6,HIGH,STABLE,-0.1,ANOMALOUS,HIGH,66.2,schedule_progress_gap_pct
702630,2026-07-01,0.9943,0.0321,62.5,HIGH,STABLE,-0.1,ANOMALOUS,HIGH,66.1,schedule_progress_gap_pct
702632,2026-04-01,0.9922,0.03,62.3,HIGH,STABLE,0.0,REQUIRES_VERIFICATION,HIGH,68.7,schedule_progress_gap_pct
702632,2026-05-01,0.9925,0.03,62.5,HIGH,STABLE,0.2,REQUIRES_VERIFICATION,HIGH,69.0,schedule_progress_gap_pct
702632,2026-06-01,0.993,0.0266,62.6,HIGH,STABLE,0.1,REQUIRES_VERIFICATION,HIGH,68.9,schedule_progress_gap_pct
702632,2026-07-01,0.9935,0.03,62.8,HIGH,STABLE,0.2,REQUIRES_VERIFICATION,HIGH,69.1,schedule_progress_gap_pct
702635,2026-04-01,0.9987,0.9995,99.9,CRITICAL,STABLE,0.0,REQUIRES_VERIFICATION,CRITICAL_INTERVENTION,87.7,schedule_progress_gap_pct
702635,2026-05-01,0.9987,0.9994,99.9,CRITICAL,STABLE,0.0,REQUIRES_VERIFICATION,CRITICAL_INTERVENTION,87.7,schedule_progress_gap_pct
702635,2026-06-01,0.9987,0.9989,96.5,CRITICAL,STABLE,-3.4,ANOMALOUS,CRITICAL_INTERVENTION,82.6,schedule_progress_gap_pct
702635,2026-07-01,0.9987,0.9994,99.9,CRITICAL,STABLE,3.4,REQUIRES_VERIFICATION,CRITICAL_INTERVENTION,91.1,schedule_progress_gap_pct
702637,2026-04-01,0.9993,0.999,99.3,CRITICAL,STABLE,0.0,REQUIRES_VERIFICATION,CRITICAL_INTERVENTION,86.9,schedule_progress_gap_pct
702637,2026-05-01,0.9993,0.999,99.7,CRITICAL,STABLE,0.4,REQUIRES_VERIFICATION,CRITICAL_INTERVENTION,87.5,schedule_progress_gap_pct
702637,2026-06-01,0.9993,0.9988,96.5,CRITICAL,STABLE,-3.2,ANOMALOUS,CRITICAL_INTERVENTION,82.3,schedule_progress_gap_pct
702637,2026-07-01,0.9995,0.9674,98.8,CRITICAL,STABLE,2.3,REQUIRES_VERIFICATION,CRITICAL_INTERVENTION,89.0,schedule_progress_gap_pct
702639,2026-04-01,0.9988,0.9995,99.9,CRITICAL,STABLE,0.0,REQUIRES_VERIFICATION,CRITICAL_INTERVENTION,84.5,schedule_progress_gap_pct
702664,2026-04-01,0.0226,0.0054,15.8,LOW,STABLE,0.0,NORMAL,MEDIUM,36.5,schedule_progress_gap_pct
702664,2026-05-01,0.0233,0.0057,16.0,LOW,STABLE,0.2,NORMAL,MEDIUM,36.8,schedule_progress_gap_pct
702664,2026-06-01,0.0235,0.0059,16.1,LOW,STABLE,0.1,NORMAL,MEDIUM,36.7,schedule_progress_gap_pct
702664,2026-07-01,0.0248,0.0054,16.2,LOW,STABLE,0.1,NORMAL,MEDIUM,36.8,schedule_progress_gap_pct
702665,2026-04-01,0.0312,0.0216,11.8,LOW,STABLE,0.0,NORMAL,MEDIUM,41.6,schedule_progress_gap_pct
702665,2026-05-01,0.0322,0.0236,18.6,LOW,MODERATE_RISE,6.8,ANOMALOUS,MEDIUM,51.8,schedule_progress_gap_pct
702665,2026-06-01,0.0323,0.0154,12.0,LOW,DE_ESCALATING,-6.6,NORMAL,MEDIUM,35.1,schedule_progress_gap_pct
702665,2026-07-01,0.0351,0.0299,19.1,LOW,MODERATE_RISE,7.1,ANOMALOUS,MEDIUM,52.4,schedule_progress_gap_pct
702674,2026-04-01,0.9947,0.1451,59.9,HIGH,STABLE,0.0,NORMAL,MEDIUM,50.0,schedule_progress_gap_pct
702674,2026-05-01,0.9948,0.1475,60.0,HIGH,STABLE,0.1,NORMAL,MEDIUM,50.1,schedule_progress_gap_pct
702674,2026-06-01,0.9948,0.1525,60.1,HIGH,STABLE,0.1,NORMAL,MEDIUM,50.2,schedule_progress_gap_pct
702674,2026-07-01,0.9948,0.1576,60.3,HIGH,STABLE,0.2,NORMAL,MEDIUM,50.4,schedule_progress_gap_pct
702699,2026-04-01,0.9943,0.1337,59.5,HIGH,STABLE,0.0,NORMAL,MEDIUM,49.5,schedule_progress_gap_pct
702699,2026-05-01,0.9944,0.1184,58.9,HIGH,STABLE,-0.6,NORMAL,MEDIUM,48.6,schedule_progress_gap_pct
702699,2026-06-01,0.9944,0.1183,58.9,HIGH,STABLE,0.0,NORMAL,MEDIUM,49.2,schedule_progress_gap_pct
702699,2026-07-01,0.9945,0.1183,58.9,HIGH,STABLE,0.0,NORMAL,MEDIUM,49.2,schedule_progress_gap_pct
702734,2026-04-01,0.9943,0.0286,55.8,HIGH,STABLE,0.0,NORMAL,MEDIUM,49.6,schedule_progress_gap_pct
702734,2026-05-01,0.9943,0.0286,55.8,HIGH,STABLE,0.0,NORMAL,MEDIUM,49.6,schedule_progress_gap_pct
702734,2026-06-01,0.9943,0.0282,55.8,HIGH,STABLE,0.0,NORMAL,MEDIUM,49.6,schedule_progress_gap_pct
702734,2026-07-01,0.9944,0.0282,55.8,HIGH,STABLE,0.0,NORMAL,MEDIUM,49.6,schedule_progress_gap_pct
702741,2026-04-01,0.9941,0.072,57.3,HIGH,STABLE,0.0,NORMAL,MEDIUM,49.5,schedule_progress_gap_pct
702741,2026-05-01,0.9941,0.072,57.3,HIGH,STABLE,0.0,NORMAL,MEDIUM,49.5,schedule_progress_gap_pct
702741,2026-06-01,0.9941,0.0764,57.4,HIGH,STABLE,0.1,NORMAL,MEDIUM,49.6,schedule_progress_gap_pct
702741,2026-07-01,0.9942,0.0764,57.4,HIGH,STABLE,0.0,NORMAL,MEDIUM,49.5,schedule_progress_gap_pct
702742,2026-04-01,0.9926,0.1525,60.0,HIGH,STABLE,0.0,NORMAL,MEDIUM,49.7,schedule_progress_gap_pct
702742,2026-05-01,0.9927,0.1525,60.0,HIGH,STABLE,0.0,NORMAL,MEDIUM,49.7,schedule_progress_gap_pct
702742,2026-06-01,0.9927,0.1736,60.8,HIGH,STABLE,0.8,NORMAL,MEDIUM,50.9,schedule_progress_gap_pct
702742,2026-07-01,0.9927,0.1836,61.1,HIGH,STABLE,0.3,NORMAL,MEDIUM,50.6,schedule_progress_gap_pct
702746,2026-04-01,0.9945,0.0661,57.1,HIGH,STABLE,0.0,NORMAL,MEDIUM,50.3,schedule_progress_gap_pct
702746,2026-05-01,0.9945,0.066,57.1,HIGH,STABLE,0.0,NORMAL,MEDIUM,50.3,schedule_progress_gap_pct
702746,2026-06-01,0.9945,0.066,57.1,HIGH,STABLE,0.0,NORMAL,MEDIUM,50.3,schedule_progress_gap_pct
702746,2026-07-01,0.9946,0.066,57.1,HIGH,STABLE,0.0,NORMAL,MEDIUM,50.3,schedule_progress_gap_pct
702760,2026-04-01,0.9941,0.1252,59.1,HIGH,STABLE,0.0,NORMAL,MEDIUM,49.4,schedule_progress_gap_pct
702760,2026-05-01,0.9941,0.1252,59.1,HIGH,STABLE,0.0,NORMAL,MEDIUM,49.4,schedule_progress_gap_pct
702760,2026-06-01,0.9941,0.1252,59.1,HIGH,STABLE,0.0,NORMAL,MEDIUM,49.4,schedule_progress_gap_pct
702760,2026-07-01,0.9942,0.1252,59.1,HIGH,STABLE,0.0,NORMAL,MEDIUM,49.4,schedule_progress_gap_pct
702793,2026-04-01,0.9958,0.0274,55.8,HIGH,STABLE,0.0,NORMAL,MEDIUM,49.7,schedule_progress_gap_pct
702793,2026-05-01,0.9958,0.0274,55.8,HIGH,STABLE,0.0,NORMAL,MEDIUM,49.7,schedule_progress_gap_pct
702793,2026-06-01,0.9959,0.0274,55.8,HIGH,STABLE,0.0,NORMAL,MEDIUM,49.7,schedule_progress_gap_pct
702793,2026-07-01,0.9959,0.0274,55.8,HIGH,STABLE,0.0,NORMAL,MEDIUM,49.7,schedule_progress_gap_pct
702808,2026-04-01,0.9948,0.9472,82.8,CRITICAL,STABLE,0.0,NORMAL,HIGH,61.8,schedule_progress_gap_pct
702808,2026-05-01,0.9949,0.9484,83.2,CRITICAL,STABLE,0.4,NORMAL,HIGH,62.4,schedule_progress_gap_pct
702808,2026-06-01,0.995,0.9497,83.6,CRITICAL,STABLE,0.4,NORMAL,HIGH,62.6,schedule_progress_gap_pct
702808,2026-07-01,0.995,0.9497,83.9,CRITICAL,STABLE,0.3,NORMAL,HIGH,62.6,schedule_progress_gap_pct
702810,2026-04-01,0.9952,0.0229,55.6,HIGH,STABLE,0.0,NORMAL,MEDIUM,50.8,schedule_progress_gap_pct
702810,2026-05-01,0.9952,0.07,57.3,HIGH,STABLE,1.7,NORMAL,MEDIUM,53.4,schedule_progress_gap_pct
702810,2026-06-01,0.9952,0.0577,56.8,HIGH,STABLE,-0.5,NORMAL,MEDIUM,50.9,schedule_progress_gap_pct
702810,2026-07-01,0.9953,0.0577,56.8,HIGH,STABLE,0.0,NORMAL,MEDIUM,51.4,schedule_progress_gap_pct
702833,2026-04-01,0.9943,0.2034,61.9,HIGH,STABLE,0.0,NORMAL,MEDIUM,51.4,schedule_progress_gap_pct
702833,2026-05-01,0.9944,0.172,60.8,HIGH,STABLE,-1.1,NORMAL,MEDIUM,49.7,schedule_progress_gap_pct
702833,2026-06-01,0.9944,0.1734,60.8,HIGH,STABLE,0.0,NORMAL,MEDIUM,50.8,schedule_progress_gap_pct
702833,2026-07-01,0.9944,0.1668,60.6,HIGH,STABLE,-0.2,NORMAL,MEDIUM,50.5,schedule_progress_gap_pct
702840,2026-04-01,0.9963,0.1151,58.9,HIGH,STABLE,0.0,NORMAL,MEDIUM,50.1,schedule_progress_gap_pct
702851,2026-04-01,0.9962,0.2324,63.0,HIGH,STABLE,0.0,NORMAL,MEDIUM,52.6,schedule_progress_gap_pct
702851,2026-05-01,0.9963,0.2208,62.6,HIGH,STABLE,-0.4,NORMAL,MEDIUM,52.0,schedule_progress_gap_pct
702851,2026-06-01,0.9963,0.2295,62.9,HIGH,STABLE,0.3,NORMAL,MEDIUM,52.9,schedule_progress_gap_pct
702854,2026-04-01,0.9963,0.2962,65.2,HIGH,STABLE,0.0,NORMAL,MEDIUM,52.8,schedule_progress_gap_pct
702949,2026-04-01,0.9956,0.092,58.0,HIGH,STABLE,0.0,NORMAL,MEDIUM,53.2,schedule_progress_gap_pct
702949,2026-05-01,0.9957,0.0911,58.0,HIGH,STABLE,0.0,NORMAL,MEDIUM,53.2,schedule_progress_gap_pct
702949,2026-06-01,0.9957,0.1098,58.7,HIGH,STABLE,0.7,NORMAL,MEDIUM,54.2,schedule_progress_gap_pct
702949,2026-07-01,0.9957,0.1035,58.4,HIGH,STABLE,-0.3,NORMAL,MEDIUM,53.1,schedule_progress_gap_pct
702958,2026-04-01,0.9959,0.9439,87.9,CRITICAL,STABLE,0.0,NORMAL,HIGH,63.3,schedule_progress_gap_pct
702958,2026-05-01,0.996,0.937,87.6,CRITICAL,STABLE,-0.3,NORMAL,HIGH,62.9,schedule_progress_gap_pct
702958,2026-06-01,0.996,0.9418,87.8,CRITICAL,STABLE,0.2,NORMAL,HIGH,63.5,schedule_progress_gap_pct
702958,2026-07-01,0.9959,0.9145,86.8,CRITICAL,STABLE,-1.0,NORMAL,HIGH,61.8,schedule_progress_gap_pct
703021,2026-04-01,0.9911,0.315,65.7,HIGH,STABLE,0.0,NORMAL,MEDIUM,54.3,schedule_progress_gap_pct
703021,2026-05-01,0.9945,0.1178,62.2,HIGH,STABLE,-3.5,UNUSUAL,MEDIUM,49.1,schedule_progress_gap_pct
703021,2026-06-01,0.9945,0.122,59.0,HIGH,STABLE,-3.2,NORMAL,MEDIUM,47.8,schedule_progress_gap_pct
703021,2026-07-01,0.9945,0.124,59.1,HIGH,STABLE,0.1,NORMAL,MEDIUM,51.1,schedule_progress_gap_pct
703057,2026-04-01,0.9949,0.0666,57.1,HIGH,STABLE,0.0,NORMAL,MEDIUM,50.4,schedule_progress_gap_pct
703057,2026-05-01,0.995,0.0618,57.0,HIGH,STABLE,-0.1,NORMAL,MEDIUM,50.2,schedule_progress_gap_pct
703057,2026-06-01,0.9951,0.0662,57.1,HIGH,STABLE,0.1,NORMAL,MEDIUM,50.5,schedule_progress_gap_pct
703057,2026-07-01,0.9951,0.0654,57.1,HIGH,STABLE,0.0,NORMAL,MEDIUM,50.4,schedule_progress_gap_pct
703585,2026-04-01,0.9914,0.0881,57.7,HIGH,STABLE,0.0,NORMAL,MEDIUM,51.0,schedule_progress_gap_pct
703585,2026-05-01,0.9914,0.1086,58.5,HIGH,STABLE,0.8,NORMAL,MEDIUM,52.2,schedule_progress_gap_pct
703585,2026-06-01,0.9915,0.1198,58.9,HIGH,STABLE,0.4,NORMAL,MEDIUM,52.0,schedule_progress_gap_pct
703586,2026-04-01,0.9939,0.9923,89.5,CRITICAL,STABLE,0.0,NORMAL,HIGH,68.5,schedule_progress_gap_pct
703586,2026-05-01,0.994,0.9957,89.6,CRITICAL,STABLE,0.1,NORMAL,HIGH,68.7,schedule_progress_gap_pct
703586,2026-06-01,0.994,0.996,89.6,CRITICAL,STABLE,0.0,NORMAL,HIGH,68.6,schedule_progress_gap_pct
703586,2026-07-01,0.993,0.9964,89.6,CRITICAL,STABLE,0.0,NORMAL,HIGH,68.6,schedule_progress_gap_pct
704495,2026-04-01,0.9961,0.0148,62.0,HIGH,STABLE,0.0,ANOMALOUS,MEDIUM,54.2,schedule_progress_gap_pct
704495,2026-05-01,0.9961,0.0147,62.0,HIGH,STABLE,0.0,ANOMALOUS,MEDIUM,54.2,schedule_progress_gap_pct
704495,2026-06-01,0.9961,0.0144,65.3,HIGH,STABLE,3.3,REQUIRES_VERIFICATION,HIGH,59.1,schedule_progress_gap_pct
704495,2026-07-01,0.9962,0.0148,65.4,HIGH,STABLE,0.1,REQUIRES_VERIFICATION,HIGH,56.0,schedule_progress_gap_pct
705237,2026-04-01,1.0,0.9967,98.1,CRITICAL,STABLE,0.0,REQUIRES_VERIFICATION,CRITICAL_INTERVENTION,89.0,schedule_progress_gap_pct
705237,2026-05-01,1.0,0.9968,98.4,CRITICAL,STABLE,0.3,REQUIRES_VERIFICATION,CRITICAL_INTERVENTION,89.5,schedule_progress_gap_pct
705237,2026-06-01,1.0,0.9968,98.6,CRITICAL,STABLE,0.2,REQUIRES_VERIFICATION,CRITICAL_INTERVENTION,89.5,schedule_progress_gap_pct
705237,2026-07-01,1.0,0.9968,98.9,CRITICAL,STABLE,0.3,REQUIRES_VERIFICATION,CRITICAL_INTERVENTION,89.8,schedule_progress_gap_pct
705253,2026-04-01,0.9961,0.9963,89.7,CRITICAL,STABLE,0.0,NORMAL,HIGH,69.0,schedule_progress_gap_pct
705253,2026-05-01,0.9962,0.9964,93.0,CRITICAL,STABLE,3.3,UNUSUAL,HIGH,74.0,schedule_progress_gap_pct
705253,2026-06-01,0.9962,0.9963,89.7,CRITICAL,STABLE,-3.3,NORMAL,HIGH,65.7,schedule_progress_gap_pct
705253,2026-07-01,0.9962,0.9963,89.7,CRITICAL,STABLE,0.0,NORMAL,HIGH,69.0,schedule_progress_gap_pct
705356,2026-04-01,0.0761,0.9984,38.7,MEDIUM,STABLE,0.0,NORMAL,MEDIUM,48.8,schedule_progress_gap_pct
705356,2026-05-01,0.0718,0.9984,40.1,MEDIUM,STABLE,1.4,NORMAL,MEDIUM,50.9,schedule_progress_gap_pct
705356,2026-06-01,0.0723,0.9984,40.3,MEDIUM,STABLE,0.2,NORMAL,MEDIUM,49.8,schedule_progress_gap_pct
705356,2026-07-01,0.0629,0.999,38.7,MEDIUM,STABLE,-1.6,NORMAL,MEDIUM,47.2,schedule_progress_gap_pct
705357,2026-04-01,0.0341,0.9851,53.5,HIGH,STABLE,0.0,ANOMALOUS,MEDIUM,46.0,schedule_progress_gap_pct
705357,2026-05-01,0.0343,0.9851,53.6,HIGH,STABLE,0.1,ANOMALOUS,MEDIUM,46.2,schedule_progress_gap_pct
705357,2026-06-01,0.0345,0.9851,53.7,HIGH,STABLE,0.1,ANOMALOUS,MEDIUM,46.2,schedule_progress_gap_pct
705357,2026-07-01,0.0344,0.9519,55.8,HIGH,STABLE,2.1,REQUIRES_VERIFICATION,MEDIUM,49.3,schedule_progress_gap_pct
705358,2026-04-01,0.0496,0.9934,45.0,MEDIUM,STABLE,0.0,ANOMALOUS,MEDIUM,53.4,schedule_progress_gap_pct
705358,2026-05-01,0.0506,0.9934,45.0,MEDIUM,STABLE,0.0,ANOMALOUS,MEDIUM,53.4,schedule_progress_gap_pct
705358,2026-06-01,0.051,0.9988,38.7,MEDIUM,DE_ESCALATING,-6.3,NORMAL,MEDIUM,44.0,schedule_progress_gap_pct
705358,2026-07-01,0.048,0.9841,38.0,MEDIUM,STABLE,-0.7,NORMAL,MEDIUM,49.2,schedule_progress_gap_pct
705359,2026-04-01,0.9905,0.9893,89.1,CRITICAL,STABLE,0.0,NORMAL,HIGH,73.1,schedule_progress_gap_pct
705359,2026-05-01,0.9906,0.9976,89.5,CRITICAL,STABLE,0.4,NORMAL,HIGH,73.7,schedule_progress_gap_pct
705359,2026-06-01,0.9908,0.9913,89.1,CRITICAL,STABLE,-0.4,NORMAL,HIGH,72.7,schedule_progress_gap_pct
705359,2026-07-01,0.9909,0.9976,89.6,CRITICAL,STABLE,0.5,NORMAL,HIGH,73.8,schedule_progress_gap_pct
705362,2026-04-01,0.9937,0.0193,55.4,HIGH,STABLE,0.0,NORMAL,MEDIUM,53.2,schedule_progress_gap_pct
705362,2026-05-01,0.9937,0.0193,55.4,HIGH,STABLE,0.0,NORMAL,MEDIUM,53.2,schedule_progress_gap_pct
705362,2026-06-01,0.9937,0.0193,55.4,HIGH,STABLE,0.0,NORMAL,MEDIUM,53.2,schedule_progress_gap_pct
705364,2026-04-01,0.9878,0.1103,58.2,HIGH,STABLE,0.0,NORMAL,MEDIUM,53.6,schedule_progress_gap_pct
705364,2026-05-01,0.9879,0.1059,58.1,HIGH,STABLE,-0.1,NORMAL,MEDIUM,53.4,schedule_progress_gap_pct
705364,2026-06-01,0.9879,0.1085,58.3,HIGH,STABLE,0.2,NORMAL,MEDIUM,53.8,schedule_progress_gap_pct
705366,2026-04-01,0.9962,0.9884,89.4,CRITICAL,STABLE,0.0,NORMAL,HIGH,73.5,schedule_progress_gap_pct
705366,2026-05-01,0.9962,0.9906,89.5,CRITICAL,STABLE,0.1,NORMAL,HIGH,73.6,schedule_progress_gap_pct
705366,2026-06-01,0.9963,0.9921,89.6,CRITICAL,STABLE,0.1,NORMAL,HIGH,73.7,schedule_progress_gap_pct
705366,2026-07-01,0.9967,0.944,91.2,CRITICAL,STABLE,1.6,UNUSUAL,CRITICAL_INTERVENTION,76.0,schedule_progress_gap_pct
705368,2026-04-01,0.9897,0.9943,89.4,CRITICAL,STABLE,0.0,NORMAL,HIGH,72.6,schedule_progress_gap_pct
705368,2026-05-01,0.9898,0.9943,89.4,CRITICAL,STABLE,0.0,NORMAL,HIGH,72.6,schedule_progress_gap_pct
705368,2026-06-01,0.9898,0.9964,89.5,CRITICAL,STABLE,0.1,NORMAL,HIGH,72.7,schedule_progress_gap_pct
705368,2026-07-01,0.9892,0.9443,90.9,CRITICAL,STABLE,1.4,UNUSUAL,HIGH,74.7,schedule_progress_gap_pct
705373,2026-04-01,0.9953,0.9982,79.8,CRITICAL,STABLE,0.0,NORMAL,HIGH,67.5,schedule_progress_gap_pct
705373,2026-05-01,0.9954,0.9962,86.3,CRITICAL,MODERATE_RISE,6.5,ANOMALOUS,CRITICAL_INTERVENTION,77.2,schedule_progress_gap_pct
705373,2026-06-01,0.9954,0.9959,79.9,CRITICAL,DE_ESCALATING,-6.4,NORMAL,HIGH,61.1,schedule_progress_gap_pct
705373,2026-07-01,0.9954,0.9984,83.9,CRITICAL,STABLE,4.0,UNUSUAL,HIGH,73.5,schedule_progress_gap_pct
705375,2026-04-01,0.9925,0.9996,80.9,CRITICAL,STABLE,0.0,UNUSUAL,HIGH,68.4,schedule_progress_gap_pct
705375,2026-05-01,0.9925,0.9994,77.6,CRITICAL,STABLE,-3.3,NORMAL,HIGH,63.4,schedule_progress_gap_pct
705375,2026-06-01,0.9926,0.9993,77.7,CRITICAL,STABLE,0.1,NORMAL,HIGH,66.9,schedule_progress_gap_pct
705375,2026-07-01,0.9921,0.9996,83.1,CRITICAL,MODERATE_RISE,5.4,NORMAL,HIGH,74.9,schedule_progress_gap_pct
705385,2026-04-01,0.024,0.013,3.3,LOW,STABLE,0.0,NORMAL,MEDIUM,31.2,schedule_progress_gap_pct
705385,2026-05-01,0.0241,0.013,3.7,LOW,STABLE,0.4,NORMAL,MEDIUM,31.8,schedule_progress_gap_pct
705385,2026-06-01,0.0242,0.0129,4.1,LOW,STABLE,0.4,NORMAL,MEDIUM,32.0,schedule_progress_gap_pct
705385,2026-07-01,0.0191,0.0649,9.6,LOW,MODERATE_RISE,5.5,ANOMALOUS,MEDIUM,39.8,schedule_progress_gap_pct
705391,2026-04-01,0.9936,0.9992,82.0,CRITICAL,STABLE,0.0,NORMAL,CRITICAL_INTERVENTION,76.6,schedule_progress_gap_pct
705391,2026-05-01,0.9938,0.995,91.8,CRITICAL,MODERATE_RISE,9.8,REQUIRES_VERIFICATION,CRITICAL_INTERVENTION,91.3,schedule_progress_gap_pct
705391,2026-06-01,0.994,0.9992,92.0,CRITICAL,STABLE,0.2,REQUIRES_VERIFICATION,CRITICAL_INTERVENTION,81.8,schedule_progress_gap_pct
705391,2026-07-01,0.9944,0.9851,90.1,CRITICAL,STABLE,-1.9,REQUIRES_VERIFICATION,CRITICAL_INTERVENTION,78.7,schedule_progress_gap_pct
705392,2026-04-01,0.9902,0.2406,69.6,HIGH,STABLE,0.0,ANOMALOUS,HIGH,67.7,schedule_progress_gap_pct
705392,2026-05-01,0.9908,0.6185,82.9,CRITICAL,RAPID_ESCALATION,13.3,ANOMALOUS,CRITICAL_INTERVENTION,84.3,schedule_progress_gap_pct
705392,2026-06-01,0.9913,0.995,96.1,CRITICAL,RAPID_ESCALATION,13.2,ANOMALOUS,CRITICAL_INTERVENTION,90.9,schedule_progress_gap_pct
705392,2026-07-01,0.9895,0.9976,89.5,CRITICAL,DE_ESCALATING,-6.6,NORMAL,HIGH,71.0,schedule_progress_gap_pct
705394,2026-04-01,0.999,0.1701,67.5,HIGH,STABLE,0.0,ANOMALOUS,HIGH,60.9,schedule_progress_gap_pct
705394,2026-05-01,0.999,0.1838,68.0,HIGH,STABLE,0.5,ANOMALOUS,HIGH,61.7,schedule_progress_gap_pct
705394,2026-06-01,0.999,0.1838,68.0,HIGH,STABLE,0.0,ANOMALOUS,HIGH,61.2,schedule_progress_gap_pct
705394,2026-07-01,0.999,0.3073,75.7,CRITICAL,MODERATE_RISE,7.7,REQUIRES_VERIFICATION,HIGH,72.7,schedule_progress_gap_pct
705396,2026-04-01,0.9697,0.0274,54.7,HIGH,STABLE,0.0,NORMAL,HIGH,61.0,schedule_progress_gap_pct
705396,2026-05-01,0.9699,0.0307,54.9,HIGH,STABLE,0.2,NORMAL,HIGH,61.3,schedule_progress_gap_pct
705396,2026-06-01,0.97,0.0307,54.9,HIGH,STABLE,0.0,NORMAL,HIGH,61.1,schedule_progress_gap_pct
705401,2026-04-01,0.9899,0.969,88.5,CRITICAL,STABLE,0.0,NORMAL,HIGH,67.5,schedule_progress_gap_pct
705401,2026-05-01,0.9903,0.9752,88.7,CRITICAL,STABLE,0.2,NORMAL,HIGH,67.8,schedule_progress_gap_pct
705401,2026-06-01,0.9906,0.9761,88.8,CRITICAL,STABLE,0.1,NORMAL,HIGH,67.8,schedule_progress_gap_pct
705401,2026-07-01,0.9902,0.9523,91.2,CRITICAL,STABLE,2.4,UNUSUAL,HIGH,71.3,schedule_progress_gap_pct
705410,2026-04-01,0.9885,0.9996,79.6,CRITICAL,STABLE,0.0,NORMAL,HIGH,68.5,schedule_progress_gap_pct
705410,2026-05-01,0.9888,0.9996,79.2,CRITICAL,STABLE,-0.4,NORMAL,HIGH,67.9,schedule_progress_gap_pct
705410,2026-06-01,0.9889,0.9994,79.3,CRITICAL,STABLE,0.1,NORMAL,HIGH,68.4,schedule_progress_gap_pct
705410,2026-07-01,0.9895,0.9891,79.4,CRITICAL,STABLE,0.1,NORMAL,HIGH,68.5,schedule_progress_gap_pct
705419,2026-04-01,0.9918,0.0193,47.6,MEDIUM,STABLE,0.0,NORMAL,MEDIUM,53.8,schedule_progress_gap_pct
705419,2026-05-01,0.9919,0.0161,47.9,MEDIUM,STABLE,0.3,NORMAL,MEDIUM,54.2,schedule_progress_gap_pct
705419,2026-06-01,0.9923,0.0194,47.5,MEDIUM,STABLE,-0.4,NORMAL,MEDIUM,53.3,schedule_progress_gap_pct
705419,2026-07-01,0.9934,0.9242,80.6,CRITICAL,RAPID_ESCALATION,33.1,NORMAL,CRITICAL_INTERVENTION,80.3,schedule_progress_gap_pct
705424,2026-04-01,0.0228,0.0156,16.3,LOW,STABLE,0.0,NORMAL,MEDIUM,35.9,schedule_progress_gap_pct
705424,2026-05-01,0.0232,0.0295,16.8,LOW,STABLE,0.5,NORMAL,MEDIUM,36.6,schedule_progress_gap_pct
705424,2026-06-01,0.0234,0.0007,16.0,LOW,STABLE,-0.8,NORMAL,MEDIUM,34.9,schedule_progress_gap_pct
705424,2026-07-01,0.0254,0.0157,21.2,LOW,MODERATE_RISE,5.2,ANOMALOUS,MEDIUM,43.5,schedule_progress_gap_pct
705428,2026-04-01,0.9781,0.0133,49.0,MEDIUM,STABLE,0.0,NORMAL,HIGH,59.9,schedule_progress_gap_pct
705428,2026-05-01,0.9789,0.0146,55.6,HIGH,MODERATE_RISE,6.6,ANOMALOUS,HIGH,69.8,schedule_progress_gap_pct
705428,2026-06-01,0.9792,0.0133,49.1,MEDIUM,DE_ESCALATING,-6.5,NORMAL,MEDIUM,53.4,schedule_progress_gap_pct
705429,2026-04-01,0.9865,0.015,55.7,HIGH,STABLE,0.0,ANOMALOUS,HIGH,67.0,schedule_progress_gap_pct
705429,2026-05-01,0.987,0.015,59.3,HIGH,STABLE,3.6,REQUIRES_VERIFICATION,HIGH,72.4,schedule_progress_gap_pct
705429,2026-06-01,0.9881,0.015,58.8,HIGH,STABLE,-0.5,REQUIRES_VERIFICATION,HIGH,68.0,schedule_progress_gap_pct
705432,2026-04-01,0.9991,0.9995,99.9,CRITICAL,STABLE,0.0,REQUIRES_VERIFICATION,CRITICAL_INTERVENTION,83.4,schedule_progress_gap_pct
705432,2026-05-01,0.9991,0.9995,99.9,CRITICAL,STABLE,0.0,REQUIRES_VERIFICATION,CRITICAL_INTERVENTION,83.4,schedule_progress_gap_pct
705432,2026-06-01,0.999,0.9995,99.9,CRITICAL,STABLE,0.0,REQUIRES_VERIFICATION,CRITICAL_INTERVENTION,83.4,schedule_progress_gap_pct
705432,2026-07-01,0.999,0.9996,96.5,CRITICAL,STABLE,-3.4,ANOMALOUS,CRITICAL_INTERVENTION,78.3,schedule_progress_gap_pct
705433,2026-04-01,0.9911,0.0193,46.8,MEDIUM,STABLE,0.0,NORMAL,MEDIUM,51.3,schedule_progress_gap_pct
705433,2026-05-01,0.9912,0.0294,47.3,MEDIUM,STABLE,0.5,NORMAL,MEDIUM,52.1,schedule_progress_gap_pct
705433,2026-06-01,0.9912,0.0346,47.7,MEDIUM,STABLE,0.4,NORMAL,MEDIUM,52.2,schedule_progress_gap_pct
705433,2026-07-01,0.9913,0.0346,47.8,MEDIUM,STABLE,0.1,NORMAL,MEDIUM,51.9,schedule_progress_gap_pct
705434,2026-04-01,0.9964,0.0224,55.6,HIGH,STABLE,0.0,NORMAL,HIGH,57.3,schedule_progress_gap_pct
705434,2026-05-01,0.9965,0.2206,65.9,HIGH,RAPID_ESCALATION,10.3,UNUSUAL,HIGH,72.5,schedule_progress_gap_pct
705434,2026-06-01,0.9966,0.2576,67.2,HIGH,STABLE,1.3,UNUSUAL,HIGH,64.4,schedule_progress_gap_pct
705436,2026-04-01,0.0167,0.0301,16.7,LOW,STABLE,0.0,NORMAL,MEDIUM,37.8,schedule_progress_gap_pct
705436,2026-05-01,0.0168,0.0236,16.5,LOW,STABLE,-0.2,NORMAL,MEDIUM,37.5,schedule_progress_gap_pct
705436,2026-06-01,0.0168,0.0162,16.2,LOW,STABLE,-0.3,NORMAL,MEDIUM,37.2,schedule_progress_gap_pct
705437,2026-04-01,0.9918,0.9968,86.9,CRITICAL,STABLE,0.0,ANOMALOUS,HIGH,70.2,schedule_progress_gap_pct
705437,2026-05-01,0.9918,0.9969,87.1,CRITICAL,STABLE,0.2,ANOMALOUS,HIGH,70.5,schedule_progress_gap_pct
705437,2026-06-01,0.9919,0.9991,80.8,CRITICAL,DE_ESCALATING,-6.3,NORMAL,HIGH,60.8,schedule_progress_gap_pct
705444,2026-04-01,0.996,0.9987,89.8,CRITICAL,STABLE,0.0,NORMAL,CRITICAL_INTERVENTION,76.8,schedule_progress_gap_pct
705444,2026-05-01,0.9961,0.999,89.8,CRITICAL,STABLE,0.0,NORMAL,CRITICAL_INTERVENTION,76.8,schedule_progress_gap_pct
705444,2026-06-01,0.9962,0.9995,93.1,CRITICAL,STABLE,3.3,UNUSUAL,CRITICAL_INTERVENTION,81.7,schedule_progress_gap_pct
705444,2026-07-01,0.9962,0.9993,89.8,CRITICAL,STABLE,-3.3,NORMAL,HIGH,73.5,schedule_progress_gap_pct
705450,2026-04-01,0.9956,0.047,56.5,HIGH,STABLE,0.0,NORMAL,MEDIUM,51.3,schedule_progress_gap_pct
705450,2026-05-01,0.9957,0.0698,57.3,HIGH,STABLE,0.8,NORMAL,MEDIUM,52.5,schedule_progress_gap_pct
705450,2026-06-01,0.9957,0.066,57.1,HIGH,STABLE,-0.2,NORMAL,MEDIUM,51.4,schedule_progress_gap_pct
705450,2026-07-01,0.9957,0.0693,57.3,HIGH,STABLE,0.2,NORMAL,MEDIUM,51.9,schedule_progress_gap_pct
705453,2026-04-01,0.0408,0.9746,57.5,HIGH,STABLE,0.0,REQUIRES_VERIFICATION,MEDIUM,52.2,schedule_progress_gap_pct
705453,2026-05-01,0.0411,0.9793,57.9,HIGH,STABLE,0.4,REQUIRES_VERIFICATION,MEDIUM,52.8,schedule_progress_gap_pct
705453,2026-06-01,0.0413,0.9784,58.0,HIGH,STABLE,0.1,REQUIRES_VERIFICATION,MEDIUM,52.6,schedule_progress_gap_pct
705453,2026-07-01,0.0429,0.933,56.3,HIGH,STABLE,-1.7,REQUIRES_VERIFICATION,MEDIUM,49.9,schedule_progress_gap_pct
705454,2026-04-01,0.0391,0.9976,43.2,MEDIUM,STABLE,0.0,NORMAL,MEDIUM,49.9,schedule_progress_gap_pct
705454,2026-05-01,0.0395,0.9972,43.4,MEDIUM,STABLE,0.2,NORMAL,MEDIUM,50.2,schedule_progress_gap_pct
705454,2026-06-01,0.0397,0.9976,43.6,MEDIUM,STABLE,0.2,NORMAL,MEDIUM,50.3,schedule_progress_gap_pct
705454,2026-07-01,0.0296,0.9877,49.4,MEDIUM,MODERATE_RISE,5.8,NORMAL,HIGH,58.8,schedule_progress_gap_pct
705457,2026-04-01,0.993,0.9992,78.2,CRITICAL,STABLE,0.0,NORMAL,HIGH,67.1,schedule_progress_gap_pct
705457,2026-05-01,0.993,0.9992,78.3,CRITICAL,STABLE,0.1,NORMAL,HIGH,67.2,schedule_progress_gap_pct
705457,2026-06-01,0.9931,0.9992,78.5,CRITICAL,STABLE,0.2,NORMAL,HIGH,67.4,schedule_progress_gap_pct
705457,2026-07-01,0.9927,0.9968,87.4,CRITICAL,MODERATE_RISE,8.9,ANOMALOUS,CRITICAL_INTERVENTION,80.6,schedule_progress_gap_pct
705458,2026-04-01,0.9942,0.9965,92.9,CRITICAL,STABLE,0.0,UNUSUAL,HIGH,70.1,schedule_progress_gap_pct
705458,2026-05-01,0.9942,0.9986,89.7,CRITICAL,STABLE,-3.2,NORMAL,HIGH,65.3,schedule_progress_gap_pct
705458,2026-06-01,0.9943,0.9985,89.7,CRITICAL,STABLE,0.0,NORMAL,HIGH,68.5,schedule_progress_gap_pct
705458,2026-07-01,0.0256,0.9492,37.5,MEDIUM,DE_ESCALATING,-52.2,UNUSUAL,MEDIUM,34.4,schedule_progress_gap_pct
705479,2026-04-01,0.0367,0.0523,11.7,LOW,STABLE,0.0,NORMAL,MEDIUM,34.3,schedule_progress_gap_pct
705479,2026-05-01,0.0369,0.0257,10.9,LOW,STABLE,-0.8,NORMAL,MEDIUM,33.1,schedule_progress_gap_pct
705479,2026-06-01,0.0383,0.0496,11.4,LOW,STABLE,0.5,NORMAL,MEDIUM,34.7,schedule_progress_gap_pct
705479,2026-07-01,0.0414,0.0528,10.1,LOW,STABLE,-1.3,UNUSUAL,MEDIUM,32.2,schedule_progress_gap_pct
705480,2026-04-01,0.9866,0.0405,47.7,MEDIUM,STABLE,0.0,NORMAL,HIGH,57.8,schedule_progress_gap_pct
705480,2026-05-01,0.9868,0.0378,47.7,MEDIUM,STABLE,0.0,NORMAL,HIGH,57.8,schedule_progress_gap_pct
705480,2026-06-01,0.9868,0.0378,47.8,MEDIUM,STABLE,0.1,NORMAL,HIGH,57.9,schedule_progress_gap_pct
705480,2026-07-01,0.985,0.0481,48.5,MEDIUM,STABLE,0.7,NORMAL,HIGH,58.9,schedule_progress_gap_pct
705481,2026-04-01,0.9916,0.9992,80.8,CRITICAL,STABLE,0.0,NORMAL,HIGH,70.5,schedule_progress_gap_pct
705481,2026-05-01,0.9918,0.9994,80.6,CRITICAL,STABLE,-0.2,NORMAL,HIGH,70.2,schedule_progress_gap_pct
705481,2026-07-01,0.9926,0.9994,86.2,CRITICAL,MODERATE_RISE,5.6,ANOMALOUS,CRITICAL_INTERVENTION,78.8,schedule_progress_gap_pct
705482,2026-04-01,0.9944,0.0362,56.0,HIGH,STABLE,0.0,NORMAL,MEDIUM,53.2,schedule_progress_gap_pct
705482,2026-05-01,0.9945,0.0314,55.9,HIGH,STABLE,-0.1,NORMAL,MEDIUM,53.0,schedule_progress_gap_pct
705482,2026-06-01,0.9945,0.0279,55.8,HIGH,STABLE,-0.1,NORMAL,MEDIUM,53.0,schedule_progress_gap_pct
705489,2026-04-01,0.9867,0.9289,90.3,CRITICAL,STABLE,0.0,UNUSUAL,HIGH,69.6,schedule_progress_gap_pct
705489,2026-05-01,0.9912,0.0511,59.7,HIGH,DE_ESCALATING,-30.6,UNUSUAL,MEDIUM,46.3,schedule_progress_gap_pct
705489,2026-07-01,0.9914,0.0569,56.6,HIGH,STABLE,-3.1,NORMAL,MEDIUM,49.6,schedule_progress_gap_pct
705490,2026-04-01,0.9799,0.0025,54.3,HIGH,STABLE,0.0,NORMAL,HIGH,57.0,schedule_progress_gap_pct
705490,2026-05-01,0.9817,0.0074,54.5,HIGH,STABLE,0.2,NORMAL,HIGH,57.3,schedule_progress_gap_pct
705490,2026-06-01,0.9808,0.0079,54.5,HIGH,STABLE,0.0,NORMAL,HIGH,57.1,schedule_progress_gap_pct
705490,2026-07-01,0.9824,0.0132,58.1,HIGH,STABLE,3.6,UNUSUAL,HIGH,62.5,schedule_progress_gap_pct
705491,2026-04-01,0.0163,0.0194,16.3,LOW,STABLE,0.0,NORMAL,MEDIUM,30.1,schedule_progress_gap_pct
705491,2026-05-01,0.0165,0.0171,16.3,LOW,STABLE,0.0,NORMAL,MEDIUM,30.1,schedule_progress_gap_pct
705491,2026-06-01,0.0166,0.0182,16.3,LOW,STABLE,0.0,NORMAL,MEDIUM,30.1,schedule_progress_gap_pct
705491,2026-07-01,0.0169,0.0437,17.2,LOW,STABLE,0.9,NORMAL,MEDIUM,31.4,schedule_progress_gap_pct
705492,2026-04-01,0.9921,0.2571,56.3,HIGH,STABLE,0.0,NORMAL,MEDIUM,53.7,schedule_progress_gap_pct
705492,2026-05-01,0.9922,0.1901,54.2,HIGH,STABLE,-2.1,NORMAL,MEDIUM,50.5,schedule_progress_gap_pct
705492,2026-06-01,0.9923,0.1828,54.1,HIGH,STABLE,-0.1,NORMAL,MEDIUM,52.5,schedule_progress_gap_pct
705492,2026-07-01,0.9921,0.1045,58.3,HIGH,STABLE,4.2,NORMAL,HIGH,58.9,schedule_progress_gap_pct
705493,2026-04-01,0.9984,0.0286,65.9,HIGH,STABLE,0.0,REQUIRES_VERIFICATION,HIGH,65.0,schedule_progress_gap_pct
705493,2026-05-01,0.9984,0.0286,65.9,HIGH,STABLE,0.0,REQUIRES_VERIFICATION,HIGH,65.0,schedule_progress_gap_pct
705493,2026-06-01,0.9984,0.0285,65.9,HIGH,STABLE,0.0,REQUIRES_VERIFICATION,HIGH,65.0,schedule_progress_gap_pct
705493,2026-07-01,0.9926,0.0155,55.2,HIGH,DE_ESCALATING,-10.7,NORMAL,MEDIUM,51.6,schedule_progress_gap_pct
705494,2026-04-01,0.9978,0.0074,55.2,HIGH,STABLE,0.0,NORMAL,HIGH,57.0,schedule_progress_gap_pct
705494,2026-05-01,0.9978,0.011,61.9,HIGH,MODERATE_RISE,6.7,ANOMALOUS,HIGH,67.1,schedule_progress_gap_pct
705494,2026-06-01,0.9978,0.0113,58.6,HIGH,STABLE,-3.3,UNUSUAL,HIGH,55.4,schedule_progress_gap_pct
705494,2026-07-01,0.9976,0.0143,58.7,HIGH,STABLE,0.1,UNUSUAL,HIGH,58.9,schedule_progress_gap_pct
705495,2026-04-01,0.0217,0.0209,16.6,LOW,STABLE,0.0,NORMAL,MEDIUM,35.6,schedule_progress_gap_pct
705495,2026-05-01,0.022,0.0209,16.6,LOW,STABLE,0.0,NORMAL,MEDIUM,35.6,schedule_progress_gap_pct
705495,2026-06-01,0.0221,0.0093,16.2,LOW,STABLE,-0.4,NORMAL,MEDIUM,35.0,schedule_progress_gap_pct
705495,2026-07-01,0.0199,0.0296,11.7,LOW,STABLE,-4.5,NORMAL,LOW,28.7,schedule_progress_gap_pct
705496,2026-04-01,0.9922,0.0307,65.8,HIGH,STABLE,0.0,REQUIRES_VERIFICATION,HIGH,61.3,schedule_progress_gap_pct
705496,2026-05-01,0.9923,0.0279,65.7,HIGH,STABLE,-0.1,REQUIRES_VERIFICATION,HIGH,61.2,schedule_progress_gap_pct
705496,2026-06-01,0.9924,0.0467,62.9,HIGH,STABLE,-2.8,ANOMALOUS,HIGH,57.1,schedule_progress_gap_pct
705496,2026-07-01,0.9929,0.0494,66.4,HIGH,STABLE,3.5,REQUIRES_VERIFICATION,HIGH,65.1,schedule_progress_gap_pct
705498,2026-04-01,0.0491,0.9983,43.2,MEDIUM,STABLE,0.0,NORMAL,MEDIUM,47.0,schedule_progress_gap_pct
705498,2026-05-01,0.0494,0.9943,43.3,MEDIUM,STABLE,0.1,NORMAL,MEDIUM,47.1,schedule_progress_gap_pct
705498,2026-06-01,0.0497,0.9942,43.5,MEDIUM,STABLE,0.2,NORMAL,MEDIUM,47.3,schedule_progress_gap_pct
705498,2026-07-01,0.0507,0.9961,43.9,MEDIUM,STABLE,0.4,NORMAL,MEDIUM,47.7,schedule_progress_gap_pct
705500,2026-04-01,0.994,0.9989,79.4,CRITICAL,STABLE,0.0,NORMAL,HIGH,63.7,schedule_progress_gap_pct
705500,2026-05-01,0.994,0.9989,79.6,CRITICAL,STABLE,0.2,NORMAL,HIGH,64.0,schedule_progress_gap_pct
705500,2026-06-01,0.9941,0.9989,79.9,CRITICAL,STABLE,0.3,NORMAL,HIGH,64.3,schedule_progress_gap_pct
705500,2026-07-01,0.9942,0.9988,80.0,CRITICAL,STABLE,0.1,NORMAL,HIGH,64.1,schedule_progress_gap_pct
705502,2026-04-01,0.9947,0.9994,76.5,CRITICAL,STABLE,0.0,NORMAL,HIGH,65.6,schedule_progress_gap_pct
705502,2026-05-01,0.9938,0.9995,80.3,CRITICAL,STABLE,3.8,NORMAL,HIGH,71.3,schedule_progress_gap_pct
705502,2026-06-01,0.9938,0.9995,80.6,CRITICAL,STABLE,0.3,NORMAL,HIGH,68.0,schedule_progress_gap_pct
705502,2026-07-01,0.994,0.9993,80.8,CRITICAL,STABLE,0.2,NORMAL,HIGH,68.0,schedule_progress_gap_pct
705504,2026-04-01,0.9949,0.9996,78.3,CRITICAL,STABLE,0.0,NORMAL,HIGH,67.9,schedule_progress_gap_pct
705504,2026-05-01,0.9949,0.9996,78.6,CRITICAL,STABLE,0.3,NORMAL,HIGH,68.4,schedule_progress_gap_pct
705504,2026-06-01,0.9949,0.9996,78.9,CRITICAL,STABLE,0.3,NORMAL,HIGH,68.5,schedule_progress_gap_pct
705504,2026-07-01,0.9953,0.999,78.7,CRITICAL,STABLE,-0.2,NORMAL,HIGH,67.9,schedule_progress_gap_pct
705505,2026-04-01,0.9942,0.9932,79.4,CRITICAL,STABLE,0.0,NORMAL,HIGH,64.3,schedule_progress_gap_pct
705505,2026-05-01,0.9942,0.9971,79.9,CRITICAL,STABLE,0.5,NORMAL,HIGH,65.1,schedule_progress_gap_pct
705505,2026-06-01,0.9943,0.997,80.2,CRITICAL,STABLE,0.3,NORMAL,HIGH,65.0,schedule_progress_gap_pct
705505,2026-07-01,0.9944,0.9985,80.4,CRITICAL,STABLE,0.2,NORMAL,HIGH,65.0,schedule_progress_gap_pct
705506,2026-04-01,0.9957,0.998,80.7,CRITICAL,STABLE,0.0,NORMAL,HIGH,66.7,schedule_progress_gap_pct
705506,2026-05-01,0.9958,0.998,81.1,CRITICAL,STABLE,0.4,NORMAL,HIGH,67.3,schedule_progress_gap_pct
705506,2026-06-01,0.9958,0.998,81.5,CRITICAL,STABLE,0.4,NORMAL,HIGH,67.5,schedule_progress_gap_pct
705506,2026-07-01,0.9958,0.998,81.9,CRITICAL,STABLE,0.4,NORMAL,HIGH,67.7,schedule_progress_gap_pct
705507,2026-04-01,0.986,0.0126,50.8,HIGH,STABLE,0.0,NORMAL,MEDIUM,54.8,schedule_progress_gap_pct
705507,2026-05-01,0.985,0.017,52.6,HIGH,STABLE,1.8,NORMAL,HIGH,57.5,schedule_progress_gap_pct
705507,2026-06-01,0.9862,0.1449,55.9,HIGH,STABLE,3.3,NORMAL,HIGH,60.6,schedule_progress_gap_pct
705507,2026-07-01,0.9866,0.3868,64.6,HIGH,MODERATE_RISE,8.7,NORMAL,HIGH,70.4,schedule_progress_gap_pct
705510,2026-04-01,0.9942,0.9939,80.5,CRITICAL,STABLE,0.0,NORMAL,HIGH,67.3,schedule_progress_gap_pct
705510,2026-05-01,0.9943,0.996,80.6,CRITICAL,STABLE,0.1,NORMAL,HIGH,67.5,schedule_progress_gap_pct
705510,2026-06-01,0.9943,0.9988,80.9,CRITICAL,STABLE,0.3,NORMAL,HIGH,67.8,schedule_progress_gap_pct
705510,2026-07-01,0.9934,0.9993,84.7,CRITICAL,STABLE,3.8,NORMAL,HIGH,73.2,schedule_progress_gap_pct
705511,2026-04-01,0.9943,0.1007,52.8,HIGH,STABLE,0.0,NORMAL,MEDIUM,54.2,schedule_progress_gap_pct
705511,2026-05-01,0.9944,0.1329,54.1,HIGH,STABLE,1.3,NORMAL,HIGH,56.1,schedule_progress_gap_pct
705511,2026-06-01,0.9942,0.1509,55.7,HIGH,STABLE,1.6,NORMAL,HIGH,57.2,schedule_progress_gap_pct
705511,2026-07-01,0.9941,0.0899,57.9,HIGH,STABLE,2.2,NORMAL,HIGH,58.9,schedule_progress_gap_pct
705512,2026-04-01,0.9949,0.0176,55.4,HIGH,STABLE,0.0,NORMAL,HIGH,57.1,schedule_progress_gap_pct
705512,2026-05-01,0.9949,0.0327,55.9,HIGH,STABLE,0.5,NORMAL,HIGH,57.9,schedule_progress_gap_pct
705512,2026-06-01,0.9949,0.0288,55.8,HIGH,STABLE,-0.1,NORMAL,HIGH,57.2,schedule_progress_gap_pct
705512,2026-07-01,0.9953,0.2106,65.5,HIGH,MODERATE_RISE,9.7,UNUSUAL,HIGH,71.9,schedule_progress_gap_pct
705513,2026-04-01,0.9892,0.061,45.2,MEDIUM,STABLE,0.0,NORMAL,MEDIUM,51.8,schedule_progress_gap_pct
705513,2026-05-01,0.9894,0.0658,45.4,MEDIUM,STABLE,0.2,NORMAL,MEDIUM,52.1,schedule_progress_gap_pct
705513,2026-06-01,0.9883,0.0429,47.0,MEDIUM,STABLE,1.6,NORMAL,MEDIUM,54.3,schedule_progress_gap_pct
705513,2026-07-01,0.9869,0.0594,51.2,HIGH,STABLE,4.2,NORMAL,HIGH,59.0,schedule_progress_gap_pct
705514,2026-04-01,0.9965,0.0182,58.8,HIGH,STABLE,0.0,UNUSUAL,HIGH,55.6,schedule_progress_gap_pct
705514,2026-05-01,0.9965,0.0247,59.0,HIGH,STABLE,0.2,UNUSUAL,HIGH,55.9,schedule_progress_gap_pct
705514,2026-06-01,0.9965,0.0183,58.8,HIGH,STABLE,-0.2,UNUSUAL,HIGH,55.4,schedule_progress_gap_pct
705514,2026-07-01,0.9948,0.0526,66.6,HIGH,MODERATE_RISE,7.8,REQUIRES_VERIFICATION,HIGH,67.3,schedule_progress_gap_pct
705515,2026-04-01,0.0571,0.9959,40.7,MEDIUM,STABLE,0.0,NORMAL,MEDIUM,47.1,schedule_progress_gap_pct
705515,2026-05-01,0.0583,0.9957,40.7,MEDIUM,STABLE,0.0,NORMAL,MEDIUM,47.1,schedule_progress_gap_pct
705515,2026-06-01,0.0585,0.9977,41.0,MEDIUM,STABLE,0.3,NORMAL,MEDIUM,47.6,schedule_progress_gap_pct
705515,2026-07-01,0.0608,0.9983,42.6,MEDIUM,STABLE,1.6,NORMAL,MEDIUM,49.7,schedule_progress_gap_pct
705526,2026-04-01,0.9938,0.3337,55.8,HIGH,STABLE,0.0,NORMAL,MEDIUM,51.8,schedule_progress_gap_pct
705526,2026-05-01,0.9941,0.2477,52.2,HIGH,STABLE,-3.6,NORMAL,MEDIUM,46.4,schedule_progress_gap_pct
705526,2026-06-01,0.9941,0.1885,50.4,HIGH,STABLE,-1.8,NORMAL,MEDIUM,47.3,schedule_progress_gap_pct
705526,2026-07-01,0.9939,0.9964,82.0,CRITICAL,RAPID_ESCALATION,31.6,NORMAL,HIGH,74.9,schedule_progress_gap_pct
705527,2026-04-01,0.0649,0.9982,40.8,MEDIUM,STABLE,0.0,NORMAL,MEDIUM,47.3,schedule_progress_gap_pct
705527,2026-05-01,0.0655,0.9982,41.1,MEDIUM,STABLE,0.3,NORMAL,MEDIUM,47.8,schedule_progress_gap_pct
705527,2026-06-01,0.0658,0.9982,41.4,MEDIUM,STABLE,0.3,NORMAL,MEDIUM,47.9,schedule_progress_gap_pct
705527,2026-07-01,0.0627,0.9986,42.4,MEDIUM,STABLE,1.0,NORMAL,MEDIUM,49.1,schedule_progress_gap_pct
705528,2026-04-01,0.9951,0.1846,54.1,HIGH,STABLE,0.0,NORMAL,MEDIUM,54.9,schedule_progress_gap_pct
705528,2026-05-01,0.9951,0.1723,54.1,HIGH,STABLE,0.0,NORMAL,MEDIUM,54.9,schedule_progress_gap_pct
705528,2026-06-01,0.9952,0.1657,54.2,HIGH,STABLE,0.1,NORMAL,HIGH,55.0,schedule_progress_gap_pct
705528,2026-07-01,0.9954,0.3503,64.3,HIGH,RAPID_ESCALATION,10.1,NORMAL,HIGH,70.0,schedule_progress_gap_pct
705562,2026-04-01,0.9932,0.1318,49.4,MEDIUM,STABLE,0.0,NORMAL,MEDIUM,50.8,schedule_progress_gap_pct
705562,2026-05-01,0.9932,0.1204,49.2,MEDIUM,STABLE,-0.2,NORMAL,MEDIUM,50.5,schedule_progress_gap_pct
705562,2026-06-01,0.9932,0.0771,48.0,MEDIUM,STABLE,-1.2,NORMAL,MEDIUM,48.9,schedule_progress_gap_pct
705562,2026-07-01,0.9933,0.9751,80.0,CRITICAL,RAPID_ESCALATION,32.0,NORMAL,CRITICAL_INTERVENTION,76.1,schedule_progress_gap_pct
705567,2026-04-01,0.9941,0.9879,83.6,CRITICAL,STABLE,0.0,NORMAL,HIGH,68.1,schedule_progress_gap_pct
705567,2026-05-01,0.9941,0.9891,84.0,CRITICAL,STABLE,0.4,NORMAL,HIGH,68.7,schedule_progress_gap_pct
705567,2026-06-01,0.9941,0.9919,84.6,CRITICAL,STABLE,0.6,NORMAL,HIGH,69.2,schedule_progress_gap_pct
705567,2026-07-01,0.9949,0.0669,50.3,HIGH,DE_ESCALATING,-34.3,NORMAL,MEDIUM,43.4,schedule_progress_gap_pct
705572,2026-04-01,0.0601,0.0962,7.5,LOW,STABLE,0.0,NORMAL,MEDIUM,34.9,schedule_progress_gap_pct
705572,2026-05-01,0.0607,0.1823,14.1,LOW,MODERATE_RISE,6.6,UNUSUAL,MEDIUM,44.8,schedule_progress_gap_pct
705572,2026-06-01,0.0609,0.0983,8.1,LOW,DE_ESCALATING,-6.0,NORMAL,LOW,29.2,schedule_progress_gap_pct
705572,2026-07-01,0.0583,0.1672,12.0,LOW,STABLE,3.9,NORMAL,MEDIUM,41.1,schedule_progress_gap_pct
705583,2026-04-01,0.9874,0.0288,55.5,HIGH,STABLE,0.0,NORMAL,MEDIUM,52.5,schedule_progress_gap_pct
705583,2026-05-01,0.9875,0.0289,55.5,HIGH,STABLE,0.0,NORMAL,MEDIUM,52.5,schedule_progress_gap_pct
705583,2026-06-01,0.9875,0.0289,55.5,HIGH,STABLE,0.0,NORMAL,MEDIUM,52.5,schedule_progress_gap_pct
705583,2026-07-01,0.9875,0.0173,55.1,HIGH,STABLE,-0.4,NORMAL,MEDIUM,51.9,schedule_progress_gap_pct
705588,2026-04-01,0.993,0.9989,87.7,CRITICAL,STABLE,0.0,NORMAL,HIGH,68.9,schedule_progress_gap_pct
705588,2026-05-01,0.9931,0.9956,87.9,CRITICAL,STABLE,0.2,NORMAL,HIGH,69.2,schedule_progress_gap_pct
705588,2026-06-01,0.9931,0.9956,88.3,CRITICAL,STABLE,0.4,NORMAL,HIGH,69.6,schedule_progress_gap_pct
705588,2026-07-01,0.9937,0.9872,87.0,CRITICAL,STABLE,-1.3,NORMAL,HIGH,67.3,schedule_progress_gap_pct
705598,2026-04-01,0.9959,0.1283,59.3,HIGH,STABLE,0.0,NORMAL,HIGH,58.3,schedule_progress_gap_pct
705598,2026-05-01,0.9959,0.1362,59.6,HIGH,STABLE,0.3,NORMAL,HIGH,58.8,schedule_progress_gap_pct
705598,2026-06-01,0.9961,0.3938,68.6,HIGH,MODERATE_RISE,9.0,NORMAL,HIGH,72.0,schedule_progress_gap_pct
705598,2026-07-01,0.9961,0.1898,64.8,HIGH,STABLE,-3.8,UNUSUAL,HIGH,57.3,schedule_progress_gap_pct
705608,2026-04-01,0.0336,0.0182,15.2,LOW,STABLE,0.0,UNUSUAL,MEDIUM,39.0,schedule_progress_gap_pct
705608,2026-05-01,0.0351,0.0174,11.7,LOW,STABLE,-3.5,NORMAL,MEDIUM,33.7,schedule_progress_gap_pct
705608,2026-06-01,0.0372,0.0125,11.1,LOW,STABLE,-0.6,NORMAL,MEDIUM,36.3,schedule_progress_gap_pct
705608,2026-07-01,0.0374,0.0025,11.1,LOW,STABLE,0.0,NORMAL,MEDIUM,36.9,schedule_progress_gap_pct
705610,2026-04-01,0.9918,0.9823,81.7,CRITICAL,STABLE,0.0,UNUSUAL,HIGH,62.9,schedule_progress_gap_pct
705610,2026-05-01,0.9919,0.9823,81.9,CRITICAL,STABLE,0.2,UNUSUAL,HIGH,63.2,schedule_progress_gap_pct
705610,2026-06-01,0.9919,0.9846,79.0,CRITICAL,STABLE,-2.9,NORMAL,HIGH,58.6,schedule_progress_gap_pct
705610,2026-07-01,0.9862,0.9816,88.8,CRITICAL,MODERATE_RISE,9.8,NORMAL,CRITICAL_INTERVENTION,76.2,schedule_progress_gap_pct
705612,2026-04-01,0.9952,0.9939,86.0,CRITICAL,STABLE,0.0,ANOMALOUS,HIGH,71.6,schedule_progress_gap_pct
705612,2026-05-01,0.9952,0.9939,86.2,CRITICAL,STABLE,0.2,ANOMALOUS,HIGH,71.9,schedule_progress_gap_pct
705612,2026-06-01,0.9952,0.996,80.0,CRITICAL,DE_ESCALATING,-6.2,NORMAL,HIGH,62.4,schedule_progress_gap_pct
705613,2026-04-01,0.9944,0.9992,84.2,CRITICAL,STABLE,0.0,UNUSUAL,HIGH,71.7,schedule_progress_gap_pct
705613,2026-05-01,0.9945,0.9992,84.4,CRITICAL,STABLE,0.2,UNUSUAL,HIGH,72.0,schedule_progress_gap_pct
705613,2026-06-01,0.9945,0.9991,81.4,CRITICAL,STABLE,-3.0,NORMAL,HIGH,67.3,schedule_progress_gap_pct
705616,2026-04-01,0.9941,0.9962,81.1,CRITICAL,STABLE,0.0,NORMAL,HIGH,69.4,schedule_progress_gap_pct
705616,2026-05-01,0.9941,0.9993,81.5,CRITICAL,STABLE,0.4,NORMAL,HIGH,70.0,schedule_progress_gap_pct
705616,2026-06-01,0.9942,0.9993,81.8,CRITICAL,STABLE,0.3,NORMAL,HIGH,70.1,schedule_progress_gap_pct
705616,2026-07-01,0.9937,0.9995,84.4,CRITICAL,STABLE,2.6,NORMAL,HIGH,73.7,schedule_progress_gap_pct
705617,2026-04-01,0.9942,0.9969,80.8,CRITICAL,STABLE,0.0,NORMAL,HIGH,71.1,schedule_progress_gap_pct
705617,2026-05-01,0.9942,0.9969,81.2,CRITICAL,STABLE,0.4,NORMAL,HIGH,71.7,schedule_progress_gap_pct
705617,2026-06-01,0.9943,0.9947,81.4,CRITICAL,STABLE,0.2,NORMAL,HIGH,71.6,schedule_progress_gap_pct
705617,2026-07-01,0.9939,0.0065,47.4,MEDIUM,DE_ESCALATING,-34.0,NORMAL,MEDIUM,46.4,schedule_progress_gap_pct
705628,2026-04-01,0.9928,0.0113,45.5,MEDIUM,STABLE,0.0,NORMAL,MEDIUM,52.9,schedule_progress_gap_pct
705628,2026-05-01,0.9931,0.0113,45.2,MEDIUM,STABLE,-0.3,NORMAL,MEDIUM,52.4,schedule_progress_gap_pct
705628,2026-06-01,0.9931,0.0067,45.4,MEDIUM,STABLE,0.2,NORMAL,MEDIUM,53.0,schedule_progress_gap_pct
705628,2026-07-01,0.9933,0.0198,45.8,MEDIUM,STABLE,0.4,NORMAL,MEDIUM,53.4,schedule_progress_gap_pct
705629,2026-04-01,0.9915,0.9992,82.7,CRITICAL,STABLE,0.0,NORMAL,HIGH,70.6,schedule_progress_gap_pct
705629,2026-05-01,0.9922,0.9997,81.5,CRITICAL,STABLE,-1.2,NORMAL,HIGH,68.8,schedule_progress_gap_pct
705629,2026-06-01,0.9923,0.9995,81.8,CRITICAL,STABLE,0.3,NORMAL,HIGH,70.5,schedule_progress_gap_pct
705629,2026-07-01,0.9929,0.9992,85.8,CRITICAL,STABLE,4.0,UNUSUAL,CRITICAL_INTERVENTION,76.2,schedule_progress_gap_pct
705632,2026-04-01,0.9936,0.9984,83.8,CRITICAL,STABLE,0.0,UNUSUAL,HIGH,66.6,schedule_progress_gap_pct
705632,2026-05-01,0.9935,0.9981,81.1,CRITICAL,STABLE,-2.7,NORMAL,HIGH,62.5,schedule_progress_gap_pct
705632,2026-06-01,0.9936,0.998,81.4,CRITICAL,STABLE,0.3,NORMAL,HIGH,65.7,schedule_progress_gap_pct
705632,2026-07-01,0.9929,0.9934,88.7,CRITICAL,MODERATE_RISE,7.3,NORMAL,CRITICAL_INTERVENTION,76.3,schedule_progress_gap_pct
705633,2026-04-01,0.9951,0.9993,81.1,CRITICAL,STABLE,0.0,UNUSUAL,HIGH,71.4,schedule_progress_gap_pct
705633,2026-05-01,0.9952,0.9992,81.4,CRITICAL,STABLE,0.3,UNUSUAL,HIGH,71.9,schedule_progress_gap_pct
705633,2026-06-01,0.9952,0.9988,78.4,CRITICAL,STABLE,-3.0,NORMAL,HIGH,67.1,schedule_progress_gap_pct
705635,2026-04-01,0.9919,0.9976,89.6,CRITICAL,STABLE,0.0,NORMAL,HIGH,72.3,schedule_progress_gap_pct
705635,2026-05-01,0.9924,0.9969,96.2,CRITICAL,MODERATE_RISE,6.6,ANOMALOUS,CRITICAL_INTERVENTION,82.2,schedule_progress_gap_pct
705635,2026-06-01,0.9925,0.9976,89.6,CRITICAL,DE_ESCALATING,-6.6,NORMAL,HIGH,65.7,schedule_progress_gap_pct
705635,2026-07-01,0.9928,0.9822,92.4,CRITICAL,STABLE,2.8,UNUSUAL,CRITICAL_INTERVENTION,76.5,schedule_progress_gap_pct
705638,2026-04-01,0.0211,0.0008,14.7,LOW,STABLE,0.0,NORMAL,MEDIUM,32.8,schedule_progress_gap_pct
705638,2026-05-01,0.022,0.0008,14.6,LOW,STABLE,-0.1,NORMAL,MEDIUM,32.7,schedule_progress_gap_pct
705638,2026-06-01,0.0228,0.003,14.8,LOW,STABLE,0.2,NORMAL,MEDIUM,33.1,schedule_progress_gap_pct
705638,2026-07-01,0.0221,0.0085,13.9,LOW,STABLE,-0.9,NORMAL,MEDIUM,31.5,schedule_progress_gap_pct
705639,2026-04-01,0.0192,0.0205,12.3,LOW,STABLE,0.0,NORMAL,MEDIUM,30.6,schedule_progress_gap_pct
705639,2026-05-01,0.0194,0.0093,12.3,LOW,STABLE,0.0,NORMAL,MEDIUM,30.6,schedule_progress_gap_pct
705639,2026-06-01,0.0202,0.0107,12.1,LOW,STABLE,-0.2,NORMAL,MEDIUM,30.3,schedule_progress_gap_pct
705639,2026-07-01,0.0194,0.0134,9.1,LOW,STABLE,-3.0,NORMAL,LOW,26.0,schedule_progress_gap_pct
705648,2026-04-01,0.9947,0.0731,50.0,HIGH,STABLE,0.0,NORMAL,HIGH,57.9,schedule_progress_gap_pct
705648,2026-05-01,0.9948,0.1001,51.3,HIGH,STABLE,1.3,NORMAL,HIGH,59.8,schedule_progress_gap_pct
705648,2026-06-01,0.9948,0.1171,52.3,HIGH,STABLE,1.0,NORMAL,HIGH,60.0,schedule_progress_gap_pct
705650,2026-04-01,0.991,0.9994,76.9,CRITICAL,STABLE,0.0,NORMAL,HIGH,70.4,schedule_progress_gap_pct
705650,2026-05-01,0.9911,0.9939,80.2,CRITICAL,STABLE,3.3,UNUSUAL,CRITICAL_INTERVENTION,75.3,schedule_progress_gap_pct
705650,2026-06-01,0.9913,0.9995,77.3,CRITICAL,STABLE,-2.9,NORMAL,HIGH,67.7,schedule_progress_gap_pct
705659,2026-04-01,0.0524,0.9964,41.5,MEDIUM,STABLE,0.0,NORMAL,MEDIUM,44.5,schedule_progress_gap_pct
705659,2026-05-01,0.0541,0.9885,40.9,MEDIUM,STABLE,-0.6,NORMAL,MEDIUM,43.6,schedule_progress_gap_pct
705659,2026-06-01,0.0544,0.9917,41.4,MEDIUM,STABLE,0.5,NORMAL,MEDIUM,45.0,schedule_progress_gap_pct
705659,2026-07-01,0.0554,0.997,41.8,MEDIUM,STABLE,0.4,NORMAL,MEDIUM,45.1,schedule_progress_gap_pct
705660,2026-04-01,0.0565,0.9938,43.8,MEDIUM,STABLE,0.0,NORMAL,MEDIUM,51.3,schedule_progress_gap_pct
705660,2026-05-01,0.0571,0.9954,47.5,MEDIUM,STABLE,3.7,UNUSUAL,HIGH,56.8,schedule_progress_gap_pct
705660,2026-06-01,0.0575,0.9954,47.8,MEDIUM,STABLE,0.3,UNUSUAL,MEDIUM,53.6,schedule_progress_gap_pct
705661,2026-04-01,0.9951,0.9977,83.0,CRITICAL,STABLE,0.0,NORMAL,HIGH,68.5,schedule_progress_gap_pct
705661,2026-05-01,0.9951,0.9956,83.3,CRITICAL,STABLE,0.3,NORMAL,HIGH,68.9,schedule_progress_gap_pct
705661,2026-06-01,0.9951,0.9955,83.6,CRITICAL,STABLE,0.3,NORMAL,HIGH,69.1,schedule_progress_gap_pct
705661,2026-07-01,0.9945,0.9992,87.4,CRITICAL,STABLE,3.8,NORMAL,HIGH,74.5,schedule_progress_gap_pct
705663,2026-04-01,0.0505,0.0163,8.3,LOW,STABLE,0.0,NORMAL,LOW,27.9,schedule_progress_gap_pct
705663,2026-05-01,0.0511,0.0347,9.5,LOW,STABLE,1.2,NORMAL,LOW,29.7,schedule_progress_gap_pct
705663,2026-06-01,0.0514,0.0177,9.6,LOW,STABLE,0.1,NORMAL,LOW,28.6,schedule_progress_gap_pct
705663,2026-07-01,0.0433,0.1654,19.8,LOW,RAPID_ESCALATION,10.2,NORMAL,MEDIUM,43.6,schedule_progress_gap_pct
705667,2026-04-01,0.9938,0.0079,47.3,MEDIUM,STABLE,0.0,NORMAL,HIGH,56.2,schedule_progress_gap_pct
705667,2026-05-01,0.9939,0.0079,47.4,MEDIUM,STABLE,0.1,NORMAL,HIGH,56.3,schedule_progress_gap_pct
705667,2026-06-01,0.994,0.0079,47.7,MEDIUM,STABLE,0.3,NORMAL,HIGH,56.7,schedule_progress_gap_pct
705667,2026-07-01,0.9952,0.1415,57.9,HIGH,RAPID_ESCALATION,10.2,NORMAL,HIGH,71.5,schedule_progress_gap_pct
705668,2026-04-01,0.994,0.981,79.4,CRITICAL,STABLE,0.0,NORMAL,HIGH,70.1,schedule_progress_gap_pct
705668,2026-05-01,0.9941,0.9771,79.4,CRITICAL,STABLE,0.0,NORMAL,HIGH,70.1,schedule_progress_gap_pct
705668,2026-06-01,0.9941,0.9807,79.9,CRITICAL,STABLE,0.5,NORMAL,HIGH,70.8,schedule_progress_gap_pct
705668,2026-07-01,0.9942,0.9801,79.5,CRITICAL,STABLE,-0.4,NORMAL,HIGH,69.7,schedule_progress_gap_pct
705728,2026-04-01,0.9877,0.0133,58.0,HIGH,STABLE,0.0,REQUIRES_VERIFICATION,HIGH,69.0,schedule_progress_gap_pct
705728,2026-05-01,0.9886,0.0133,58.0,HIGH,STABLE,0.0,REQUIRES_VERIFICATION,HIGH,69.0,schedule_progress_gap_pct
705728,2026-06-01,0.9886,0.0236,58.6,HIGH,STABLE,0.6,REQUIRES_VERIFICATION,HIGH,69.9,schedule_progress_gap_pct
705728,2026-07-01,0.9889,0.0352,58.9,HIGH,STABLE,0.3,REQUIRES_VERIFICATION,HIGH,69.8,schedule_progress_gap_pct
705730,2026-04-01,0.9888,0.998,88.0,CRITICAL,STABLE,0.0,NORMAL,CRITICAL_INTERVENTION,75.8,schedule_progress_gap_pct
705730,2026-05-01,0.9889,0.9949,88.0,CRITICAL,STABLE,0.0,NORMAL,CRITICAL_INTERVENTION,75.8,schedule_progress_gap_pct
705730,2026-06-01,0.9891,0.9984,88.3,CRITICAL,STABLE,0.3,NORMAL,CRITICAL_INTERVENTION,76.2,schedule_progress_gap_pct
705735,2026-04-01,0.9816,0.9825,88.6,CRITICAL,STABLE,0.0,NORMAL,HIGH,70.2,schedule_progress_gap_pct
705735,2026-05-01,0.9815,0.9825,88.6,CRITICAL,STABLE,0.0,NORMAL,HIGH,70.2,schedule_progress_gap_pct
705735,2026-06-01,0.9843,0.9743,88.5,CRITICAL,STABLE,-0.1,NORMAL,HIGH,70.0,schedule_progress_gap_pct
705735,2026-07-01,0.9844,0.9742,88.5,CRITICAL,STABLE,0.0,NORMAL,HIGH,70.1,schedule_progress_gap_pct
705741,2026-04-01,0.9693,0.0004,53.8,HIGH,STABLE,0.0,NORMAL,MEDIUM,52.1,schedule_progress_gap_pct
705741,2026-05-01,0.9695,0.005,54.0,HIGH,STABLE,0.2,NORMAL,MEDIUM,52.4,schedule_progress_gap_pct
705741,2026-06-01,0.9696,0.0007,53.8,HIGH,STABLE,-0.2,NORMAL,MEDIUM,51.9,schedule_progress_gap_pct
705741,2026-07-01,0.9705,0.0087,54.1,HIGH,STABLE,0.3,NORMAL,MEDIUM,52.5,schedule_progress_gap_pct
705742,2026-04-01,0.0105,0.0131,1.3,LOW,STABLE,0.0,NORMAL,LOW,29.9,schedule_progress_gap_pct
705742,2026-05-01,0.0084,0.0153,6.2,LOW,STABLE,4.9,NORMAL,MEDIUM,37.2,schedule_progress_gap_pct
705742,2026-07-01,0.0088,0.0225,4.4,LOW,STABLE,-1.8,UNUSUAL,LOW,29.6,schedule_progress_gap_pct
705747,2026-04-01,0.9785,0.0644,56.4,HIGH,STABLE,0.0,NORMAL,MEDIUM,54.1,schedule_progress_gap_pct
705747,2026-05-01,0.9786,0.0644,56.4,HIGH,STABLE,0.0,NORMAL,MEDIUM,54.1,schedule_progress_gap_pct
705747,2026-06-01,0.9787,0.0564,56.1,HIGH,STABLE,-0.3,NORMAL,MEDIUM,53.6,schedule_progress_gap_pct
705752,2026-04-01,0.0522,0.0244,2.9,LOW,STABLE,0.0,NORMAL,LOW,27.0,schedule_progress_gap_pct
705752,2026-05-01,0.0532,0.042,3.6,LOW,STABLE,0.7,NORMAL,LOW,28.0,schedule_progress_gap_pct
705752,2026-06-01,0.0534,0.0274,3.1,LOW,STABLE,-0.5,NORMAL,LOW,26.6,schedule_progress_gap_pct
705752,2026-07-01,0.0545,0.0149,2.8,LOW,STABLE,-0.3,NORMAL,LOW,26.6,schedule_progress_gap_pct
705761,2026-04-01,0.9727,0.0035,54.0,HIGH,STABLE,0.0,NORMAL,MEDIUM,54.5,schedule_progress_gap_pct
705761,2026-05-01,0.973,0.0013,54.0,HIGH,STABLE,0.0,NORMAL,MEDIUM,54.5,schedule_progress_gap_pct
705761,2026-06-01,0.9732,0.0016,54.0,HIGH,STABLE,0.0,NORMAL,MEDIUM,54.5,schedule_progress_gap_pct
705761,2026-07-01,0.9739,0.0014,54.0,HIGH,STABLE,0.0,NORMAL,MEDIUM,54.5,schedule_progress_gap_pct
705762,2026-04-01,0.9708,0.0006,53.9,HIGH,STABLE,0.0,NORMAL,MEDIUM,52.1,schedule_progress_gap_pct
705762,2026-05-01,0.971,0.0006,53.9,HIGH,STABLE,0.0,NORMAL,MEDIUM,52.1,schedule_progress_gap_pct
705762,2026-06-01,0.9717,0.0012,53.9,HIGH,STABLE,0.0,NORMAL,MEDIUM,52.1,schedule_progress_gap_pct
705763,2026-04-01,0.0125,0.0077,6.6,LOW,STABLE,0.0,NORMAL,MEDIUM,36.6,schedule_progress_gap_pct
705763,2026-05-01,0.0128,0.0009,12.9,LOW,MODERATE_RISE,6.3,ANOMALOUS,MEDIUM,46.0,schedule_progress_gap_pct
705763,2026-06-01,0.0141,0.0059,12.2,LOW,STABLE,-0.7,ANOMALOUS,MEDIUM,38.7,schedule_progress_gap_pct
705764,2026-04-01,0.9868,0.0135,52.5,HIGH,STABLE,0.0,NORMAL,MEDIUM,50.0,schedule_progress_gap_pct
705764,2026-05-01,0.9869,0.0466,54.2,HIGH,STABLE,1.7,NORMAL,MEDIUM,52.5,schedule_progress_gap_pct
705764,2026-06-01,0.987,0.0216,53.9,HIGH,STABLE,-0.3,NORMAL,MEDIUM,50.4,schedule_progress_gap_pct
705764,2026-07-01,0.988,0.9704,87.9,CRITICAL,RAPID_ESCALATION,34.0,NORMAL,CRITICAL_INTERVENTION,77.7,schedule_progress_gap_pct
705765,2026-04-01,0.0396,0.2095,19.3,LOW,STABLE,0.0,NORMAL,MEDIUM,34.5,schedule_progress_gap_pct
705765,2026-05-01,0.0399,0.1759,18.4,LOW,STABLE,-0.9,NORMAL,MEDIUM,33.2,schedule_progress_gap_pct
705765,2026-06-01,0.0401,0.1516,17.8,LOW,STABLE,-0.6,NORMAL,MEDIUM,33.2,schedule_progress_gap_pct
705765,2026-07-01,0.0394,0.0158,15.2,LOW,STABLE,-2.6,NORMAL,LOW,29.9,schedule_progress_gap_pct
705766,2026-04-01,0.9937,0.0533,51.4,HIGH,STABLE,0.0,NORMAL,MEDIUM,47.7,schedule_progress_gap_pct
705766,2026-05-01,0.9938,0.0964,53.3,HIGH,STABLE,1.9,NORMAL,MEDIUM,50.6,schedule_progress_gap_pct
705766,2026-06-01,0.9938,0.1353,55.0,HIGH,STABLE,1.7,NORMAL,MEDIUM,51.2,schedule_progress_gap_pct
705766,2026-07-01,0.9937,0.1194,58.9,HIGH,STABLE,3.9,NORMAL,HIGH,55.4,schedule_progress_gap_pct
705771,2026-04-01,0.0504,0.0595,11.2,LOW,STABLE,0.0,NORMAL,LOW,29.3,schedule_progress_gap_pct
705771,2026-05-01,0.0521,0.0346,10.2,LOW,STABLE,-1.0,NORMAL,LOW,27.8,schedule_progress_gap_pct
705771,2026-06-01,0.0523,0.0383,10.8,LOW,STABLE,0.6,NORMAL,LOW,29.7,schedule_progress_gap_pct
705772,2026-04-01,0.9899,0.0479,48.1,MEDIUM,STABLE,0.0,NORMAL,MEDIUM,53.7,schedule_progress_gap_pct
705772,2026-05-01,0.9903,0.0475,47.7,MEDIUM,STABLE,-0.4,NORMAL,MEDIUM,53.1,schedule_progress_gap_pct
705772,2026-06-01,0.9905,0.0481,47.7,MEDIUM,STABLE,0.0,NORMAL,MEDIUM,53.5,schedule_progress_gap_pct
705772,2026-07-01,0.9915,0.0116,44.9,MEDIUM,STABLE,-2.8,NORMAL,MEDIUM,49.3,schedule_progress_gap_pct
705774,2026-04-01,0.9941,0.0143,54.0,HIGH,STABLE,0.0,NORMAL,MEDIUM,52.2,schedule_progress_gap_pct
705774,2026-05-01,0.9941,0.0244,54.9,HIGH,STABLE,0.9,NORMAL,MEDIUM,53.6,schedule_progress_gap_pct
705774,2026-06-01,0.9941,0.0412,56.1,HIGH,STABLE,1.2,NORMAL,MEDIUM,54.5,schedule_progress_gap_pct
705774,2026-07-01,0.9944,0.035,56.0,HIGH,STABLE,-0.1,NORMAL,MEDIUM,53.1,schedule_progress_gap_pct
705777,2026-04-01,0.9806,0.1402,59.1,HIGH,STABLE,0.0,NORMAL,MEDIUM,50.9,schedule_progress_gap_pct
705777,2026-05-01,0.9808,0.1604,59.8,HIGH,STABLE,0.7,NORMAL,MEDIUM,51.9,schedule_progress_gap_pct
705777,2026-06-01,0.9809,0.1578,59.8,HIGH,STABLE,0.0,NORMAL,MEDIUM,51.2,schedule_progress_gap_pct
705777,2026-07-01,0.9805,0.0399,58.9,HIGH,STABLE,-0.9,UNUSUAL,MEDIUM,49.9,schedule_progress_gap_pct
705780,2026-04-01,0.9949,0.0273,46.9,MEDIUM,STABLE,0.0,NORMAL,MEDIUM,52.9,schedule_progress_gap_pct
705780,2026-05-01,0.9949,0.0269,47.2,MEDIUM,STABLE,0.3,NORMAL,MEDIUM,53.4,schedule_progress_gap_pct
705780,2026-06-01,0.995,0.0269,47.5,MEDIUM,STABLE,0.3,NORMAL,MEDIUM,53.5,schedule_progress_gap_pct
705780,2026-07-01,0.9955,0.1115,58.7,HIGH,RAPID_ESCALATION,11.2,NORMAL,HIGH,68.8,schedule_progress_gap_pct
705782,2026-04-01,0.9931,0.978,85.0,CRITICAL,STABLE,0.0,NORMAL,HIGH,65.6,schedule_progress_gap_pct
705782,2026-05-01,0.9932,0.9866,85.3,CRITICAL,STABLE,0.3,NORMAL,HIGH,66.0,schedule_progress_gap_pct
705782,2026-06-01,0.9932,0.9833,85.5,CRITICAL,STABLE,0.2,NORMAL,HIGH,66.0,schedule_progress_gap_pct
705782,2026-07-01,0.9933,0.9894,89.4,CRITICAL,STABLE,3.9,NORMAL,HIGH,71.7,schedule_progress_gap_pct
705783,2026-04-01,0.9898,0.0374,55.9,HIGH,STABLE,0.0,NORMAL,MEDIUM,49.1,schedule_progress_gap_pct
705783,2026-05-01,0.9899,0.0476,56.3,HIGH,STABLE,0.4,NORMAL,MEDIUM,49.7,schedule_progress_gap_pct
705783,2026-06-01,0.9899,0.0476,56.3,HIGH,STABLE,0.0,NORMAL,MEDIUM,49.3,schedule_progress_gap_pct
705783,2026-07-01,0.9917,0.0375,56.0,HIGH,STABLE,-0.3,NORMAL,MEDIUM,48.9,schedule_progress_gap_pct
705785,2026-04-01,0.9785,0.012,54.6,HIGH,STABLE,0.0,NORMAL,MEDIUM,50.9,schedule_progress_gap_pct
705785,2026-05-01,0.9787,0.0623,56.3,HIGH,STABLE,1.7,NORMAL,MEDIUM,53.4,schedule_progress_gap_pct
705785,2026-06-01,0.9788,0.0696,56.6,HIGH,STABLE,0.3,NORMAL,MEDIUM,52.2,schedule_progress_gap_pct
705785,2026-07-01,0.9804,0.0449,55.8,HIGH,STABLE,-0.8,NORMAL,MEDIUM,50.7,schedule_progress_gap_pct
705793,2026-04-01,0.9946,0.9911,96.1,CRITICAL,STABLE,0.0,ANOMALOUS,CRITICAL_INTERVENTION,81.0,schedule_progress_gap_pct
705793,2026-05-01,0.9946,0.9895,89.4,CRITICAL,DE_ESCALATING,-6.7,NORMAL,HIGH,71.0,schedule_progress_gap_pct
705793,2026-06-01,0.9947,0.9845,89.2,CRITICAL,STABLE,-0.2,NORMAL,CRITICAL_INTERVENTION,77.4,schedule_progress_gap_pct
705793,2026-07-01,0.9947,0.9806,89.1,CRITICAL,STABLE,-0.1,NORMAL,CRITICAL_INTERVENTION,77.4,schedule_progress_gap_pct
705799,2026-04-01,0.0607,0.9979,45.1,MEDIUM,STABLE,0.0,NORMAL,MEDIUM,50.0,schedule_progress_gap_pct
705799,2026-05-01,0.061,0.9979,45.6,MEDIUM,STABLE,0.5,NORMAL,MEDIUM,50.7,schedule_progress_gap_pct
705799,2026-06-01,0.0613,0.9979,46.0,MEDIUM,STABLE,0.4,NORMAL,MEDIUM,50.8,schedule_progress_gap_pct
705918,2026-04-01,0.9838,0.0038,54.5,HIGH,STABLE,0.0,NORMAL,MEDIUM,54.8,schedule_progress_gap_pct
705918,2026-05-01,0.9838,0.0047,54.5,HIGH,STABLE,0.0,NORMAL,MEDIUM,54.8,schedule_progress_gap_pct
705918,2026-06-01,0.9839,0.0047,54.5,HIGH,STABLE,0.0,NORMAL,MEDIUM,54.8,schedule_progress_gap_pct
705919,2026-04-01,0.0289,0.0059,9.6,LOW,STABLE,0.0,NORMAL,MEDIUM,32.2,schedule_progress_gap_pct
705919,2026-05-01,0.0301,0.0144,9.8,LOW,STABLE,0.2,NORMAL,MEDIUM,32.5,schedule_progress_gap_pct
705919,2026-06-01,0.0302,0.0063,9.9,LOW,STABLE,0.1,NORMAL,MEDIUM,32.4,schedule_progress_gap_pct
705919,2026-07-01,0.0304,0.0064,10.3,LOW,STABLE,0.4,NORMAL,MEDIUM,32.9,schedule_progress_gap_pct
705933,2026-04-01,0.0577,0.9556,35.8,MEDIUM,STABLE,0.0,NORMAL,MEDIUM,44.4,schedule_progress_gap_pct
705933,2026-05-01,0.058,0.957,35.8,MEDIUM,STABLE,0.0,NORMAL,MEDIUM,44.4,schedule_progress_gap_pct
705933,2026-06-01,0.0632,0.9523,35.9,MEDIUM,STABLE,0.1,NORMAL,MEDIUM,44.6,schedule_progress_gap_pct
705933,2026-07-01,0.0656,0.9565,36.1,MEDIUM,STABLE,0.2,NORMAL,MEDIUM,44.8,schedule_progress_gap_pct
705941,2026-04-01,0.9505,0.0013,59.7,HIGH,STABLE,0.0,ANOMALOUS,HIGH,65.8,schedule_progress_gap_pct
705941,2026-05-01,0.951,0.0013,59.7,HIGH,STABLE,0.0,ANOMALOUS,HIGH,65.8,schedule_progress_gap_pct
705941,2026-06-01,0.9513,0.0011,53.1,HIGH,DE_ESCALATING,-6.6,NORMAL,HIGH,55.9,schedule_progress_gap_pct
705941,2026-07-01,0.9515,0.0011,53.1,HIGH,STABLE,0.0,NORMAL,HIGH,62.5,schedule_progress_gap_pct
706718,2026-04-01,0.9896,0.0225,55.4,HIGH,STABLE,0.0,NORMAL,MEDIUM,51.5,schedule_progress_gap_pct
706718,2026-05-01,0.9898,0.0224,55.4,HIGH,STABLE,0.0,NORMAL,MEDIUM,51.5,schedule_progress_gap_pct
706718,2026-06-01,0.99,0.0224,55.4,HIGH,STABLE,0.0,NORMAL,MEDIUM,51.5,schedule_progress_gap_pct
706718,2026-07-01,0.9901,0.0321,55.7,HIGH,STABLE,0.3,NORMAL,MEDIUM,51.9,schedule_progress_gap_pct
706724,2026-04-01,0.995,0.9992,80.0,CRITICAL,STABLE,0.0,NORMAL,HIGH,68.1,schedule_progress_gap_pct
706724,2026-05-01,0.9951,0.9992,80.2,CRITICAL,STABLE,0.2,NORMAL,HIGH,68.4,schedule_progress_gap_pct
706724,2026-06-01,0.9952,0.9992,80.4,CRITICAL,STABLE,0.2,NORMAL,HIGH,68.5,schedule_progress_gap_pct
706724,2026-07-01,0.9952,0.9992,80.6,CRITICAL,STABLE,0.2,NORMAL,HIGH,68.6,schedule_progress_gap_pct
706757,2026-04-01,0.9901,0.9926,87.1,CRITICAL,STABLE,0.0,NORMAL,HIGH,65.0,schedule_progress_gap_pct
706757,2026-05-01,0.9902,0.9926,87.2,CRITICAL,STABLE,0.1,NORMAL,HIGH,65.2,schedule_progress_gap_pct
706757,2026-06-01,0.9902,0.9947,87.4,CRITICAL,STABLE,0.2,NORMAL,HIGH,65.4,schedule_progress_gap_pct
706759,2026-04-01,0.9941,0.0398,50.2,HIGH,STABLE,0.0,UNUSUAL,MEDIUM,54.4,schedule_progress_gap_pct
706759,2026-05-01,0.9941,0.0235,46.6,MEDIUM,STABLE,-3.6,NORMAL,MEDIUM,49.0,schedule_progress_gap_pct
706759,2026-06-01,0.9941,0.0235,47.0,MEDIUM,STABLE,0.4,NORMAL,MEDIUM,53.2,schedule_progress_gap_pct
706759,2026-07-01,0.9943,0.0197,48.1,MEDIUM,STABLE,1.1,NORMAL,MEDIUM,54.4,schedule_progress_gap_pct
706763,2026-04-01,0.0523,0.0896,7.8,LOW,STABLE,0.0,NORMAL,MEDIUM,30.4,schedule_progress_gap_pct
706763,2026-05-01,0.0526,0.0761,7.9,LOW,STABLE,0.1,NORMAL,MEDIUM,30.5,schedule_progress_gap_pct
706763,2026-06-01,0.0536,0.1445,10.5,LOW,STABLE,2.6,NORMAL,MEDIUM,34.3,schedule_progress_gap_pct
706763,2026-07-01,0.0608,0.9579,37.1,MEDIUM,RAPID_ESCALATION,26.6,NORMAL,HIGH,55.0,schedule_progress_gap_pct
706775,2026-04-01,0.9889,0.0142,58.7,HIGH,STABLE,0.0,ANOMALOUS,HIGH,69.4,schedule_progress_gap_pct
706775,2026-05-01,0.9891,0.0142,58.6,HIGH,STABLE,-0.1,ANOMALOUS,HIGH,69.2,schedule_progress_gap_pct
706775,2026-06-01,0.9935,0.0129,57.4,HIGH,STABLE,-1.2,REQUIRES_VERIFICATION,HIGH,67.5,schedule_progress_gap_pct
706775,2026-07-01,0.0485,0.0392,20.7,LOW,DE_ESCALATING,-36.7,REQUIRES_VERIFICATION,MEDIUM,42.4,schedule_progress_gap_pct
706776,2026-04-01,0.9824,0.0032,54.4,HIGH,STABLE,0.0,NORMAL,HIGH,59.0,schedule_progress_gap_pct
706776,2026-05-01,0.9827,0.0151,58.1,HIGH,STABLE,3.7,UNUSUAL,HIGH,64.5,schedule_progress_gap_pct
706776,2026-06-01,0.9828,0.0051,54.5,HIGH,STABLE,-3.6,NORMAL,HIGH,55.4,schedule_progress_gap_pct
706777,2026-04-01,0.9778,0.0134,54.6,HIGH,STABLE,0.0,NORMAL,HIGH,56.4,schedule_progress_gap_pct
706777,2026-05-01,0.978,0.023,54.9,HIGH,STABLE,0.3,NORMAL,HIGH,56.9,schedule_progress_gap_pct
706777,2026-06-01,0.9781,0.018,54.8,HIGH,STABLE,-0.1,NORMAL,HIGH,56.4,schedule_progress_gap_pct
706779,2026-04-01,0.9991,0.1146,65.6,HIGH,STABLE,0.0,ANOMALOUS,HIGH,66.4,schedule_progress_gap_pct
706779,2026-05-01,0.9991,0.1478,66.7,HIGH,STABLE,1.1,ANOMALOUS,HIGH,68.0,schedule_progress_gap_pct
706779,2026-06-01,0.9991,0.1082,65.4,HIGH,STABLE,-1.3,ANOMALOUS,HIGH,65.0,schedule_progress_gap_pct
706780,2026-04-01,0.0012,0.0034,18.5,LOW,STABLE,0.0,UNUSUAL,MEDIUM,47.9,schedule_progress_gap_pct
706780,2026-05-01,0.0013,0.0078,25.3,MEDIUM,MODERATE_RISE,6.8,REQUIRES_VERIFICATION,HIGH,58.1,schedule_progress_gap_pct
706780,2026-06-01,0.0013,0.0034,18.5,LOW,DE_ESCALATING,-6.8,UNUSUAL,MEDIUM,41.1,schedule_progress_gap_pct
706781,2026-04-01,0.9945,0.0173,55.4,HIGH,STABLE,0.0,NORMAL,HIGH,62.3,schedule_progress_gap_pct
706781,2026-05-01,0.9946,0.0174,55.4,HIGH,STABLE,0.0,NORMAL,HIGH,62.3,schedule_progress_gap_pct
706781,2026-06-01,0.9947,0.0157,58.6,HIGH,STABLE,3.2,UNUSUAL,HIGH,67.1,schedule_progress_gap_pct
706811,2026-04-01,0.9958,0.9969,89.7,CRITICAL,STABLE,0.0,NORMAL,HIGH,74.8,schedule_progress_gap_pct
706811,2026-05-01,0.9958,0.9944,89.6,CRITICAL,STABLE,-0.1,NORMAL,HIGH,74.7,schedule_progress_gap_pct
706811,2026-06-01,0.9959,0.9969,93.0,CRITICAL,STABLE,3.4,UNUSUAL,CRITICAL_INTERVENTION,79.9,schedule_progress_gap_pct
706811,2026-07-01,0.996,0.9944,89.6,CRITICAL,STABLE,-3.4,NORMAL,HIGH,71.4,schedule_progress_gap_pct
706835,2026-04-01,0.9685,0.0017,50.6,HIGH,STABLE,0.0,NORMAL,MEDIUM,53.2,schedule_progress_gap_pct
706835,2026-05-01,0.9686,0.0017,51.5,HIGH,STABLE,0.9,NORMAL,MEDIUM,54.5,schedule_progress_gap_pct
706835,2026-06-01,0.9688,0.0013,52.4,HIGH,STABLE,0.9,NORMAL,HIGH,55.0,schedule_progress_gap_pct
706837,2026-04-01,0.0393,0.0118,2.0,LOW,STABLE,0.0,NORMAL,LOW,23.5,schedule_progress_gap_pct
706837,2026-05-01,0.0398,0.0117,2.0,LOW,STABLE,0.0,NORMAL,LOW,23.5,schedule_progress_gap_pct
706837,2026-06-01,0.04,0.0232,2.4,LOW,STABLE,0.4,NORMAL,LOW,24.1,schedule_progress_gap_pct
706837,2026-07-01,0.0402,0.0159,2.5,LOW,STABLE,0.1,NORMAL,LOW,23.9,schedule_progress_gap_pct
706854,2026-04-01,0.0162,0.0004,7.3,LOW,STABLE,0.0,NORMAL,MEDIUM,31.0,schedule_progress_gap_pct
706854,2026-05-01,0.0166,0.0004,7.3,LOW,STABLE,0.0,NORMAL,MEDIUM,31.0,schedule_progress_gap_pct
706854,2026-06-01,0.0172,0.0004,7.0,LOW,STABLE,-0.3,NORMAL,MEDIUM,30.5,schedule_progress_gap_pct
706854,2026-07-01,0.0197,0.0058,4.3,LOW,STABLE,-2.7,UNUSUAL,LOW,26.8,schedule_progress_gap_pct
706860,2026-04-01,0.9895,0.0084,54.9,HIGH,STABLE,0.0,NORMAL,MEDIUM,52.1,schedule_progress_gap_pct
706860,2026-05-01,0.9895,0.0084,54.9,HIGH,STABLE,0.0,NORMAL,MEDIUM,52.1,schedule_progress_gap_pct
706860,2026-06-01,0.9896,0.009,54.9,HIGH,STABLE,0.0,NORMAL,MEDIUM,52.1,schedule_progress_gap_pct
706860,2026-07-01,0.9872,0.0164,58.4,HIGH,STABLE,3.5,UNUSUAL,HIGH,57.4,schedule_progress_gap_pct
706866,2026-04-01,0.9912,0.0076,49.1,MEDIUM,STABLE,0.0,NORMAL,MEDIUM,46.6,schedule_progress_gap_pct
706866,2026-05-01,0.9918,0.0008,48.2,MEDIUM,STABLE,-0.9,NORMAL,MEDIUM,45.2,schedule_progress_gap_pct
706866,2026-06-01,0.9919,0.0007,49.0,MEDIUM,STABLE,0.8,NORMAL,MEDIUM,47.3,schedule_progress_gap_pct
706866,2026-07-01,0.9916,0.0063,53.5,HIGH,STABLE,4.5,NORMAL,MEDIUM,53.3,schedule_progress_gap_pct
706922,2026-04-01,0.9961,0.0052,58.3,HIGH,STABLE,0.0,UNUSUAL,HIGH,55.0,schedule_progress_gap_pct
706922,2026-05-01,0.9962,0.013,58.6,HIGH,STABLE,0.3,UNUSUAL,HIGH,55.4,schedule_progress_gap_pct
706922,2026-06-01,0.9962,0.0052,58.3,HIGH,STABLE,-0.3,UNUSUAL,MEDIUM,54.7,schedule_progress_gap_pct
706950,2026-04-01,0.9956,0.9877,89.4,CRITICAL,STABLE,0.0,NORMAL,HIGH,69.9,schedule_progress_gap_pct
706950,2026-05-01,0.9956,0.9721,88.8,CRITICAL,STABLE,-0.6,NORMAL,HIGH,69.0,schedule_progress_gap_pct
706950,2026-06-01,0.9956,0.9916,89.5,CRITICAL,STABLE,0.7,NORMAL,HIGH,70.6,schedule_progress_gap_pct
707039,2026-07-01,0.0522,0.9469,36.1,MEDIUM,STABLE,0.0,NORMAL,MEDIUM,39.4,schedule_progress_gap_pct
707215,2026-04-01,0.9938,0.968,88.6,CRITICAL,STABLE,0.0,NORMAL,HIGH,68.6,schedule_progress_gap_pct
707215,2026-05-01,0.994,0.9694,88.7,CRITICAL,STABLE,0.1,NORMAL,HIGH,68.7,schedule_progress_gap_pct
707215,2026-06-01,0.9941,0.9787,89.0,CRITICAL,STABLE,0.3,NORMAL,HIGH,69.1,schedule_progress_gap_pct
707215,2026-07-01,0.0502,0.9872,40.5,MEDIUM,DE_ESCALATING,-48.5,NORMAL,MEDIUM,36.5,schedule_progress_gap_pct
707229,2026-05-01,0.9951,0.0364,56.1,HIGH,STABLE,0.0,NORMAL,MEDIUM,48.8,schedule_progress_gap_pct
707229,2026-06-01,0.9951,0.0364,56.1,HIGH,STABLE,0.0,NORMAL,MEDIUM,48.8,schedule_progress_gap_pct
707229,2026-07-01,0.9952,0.063,57.0,HIGH,STABLE,0.9,NORMAL,MEDIUM,50.1,schedule_progress_gap_pct
707410,2026-04-01,0.9923,0.0257,55.6,HIGH,STABLE,0.0,NORMAL,MEDIUM,53.1,schedule_progress_gap_pct
707410,2026-05-01,0.9924,0.0257,55.6,HIGH,STABLE,0.0,NORMAL,MEDIUM,53.1,schedule_progress_gap_pct
707410,2026-06-01,0.9924,0.0257,55.6,HIGH,STABLE,0.0,NORMAL,MEDIUM,53.1,schedule_progress_gap_pct
707410,2026-07-01,0.9925,0.0291,55.7,HIGH,STABLE,0.1,NORMAL,MEDIUM,53.2,schedule_progress_gap_pct
709747,2026-04-01,0.0367,0.9533,49.8,MEDIUM,STABLE,0.0,NORMAL,MEDIUM,47.3,schedule_progress_gap_pct
709747,2026-05-01,0.0369,0.9533,49.8,MEDIUM,STABLE,0.0,NORMAL,MEDIUM,47.3,schedule_progress_gap_pct
709747,2026-06-01,0.0371,0.9597,50.1,HIGH,STABLE,0.3,NORMAL,MEDIUM,47.8,schedule_progress_gap_pct
709747,2026-07-01,0.0373,0.9597,50.1,HIGH,STABLE,0.0,NORMAL,MEDIUM,47.5,schedule_progress_gap_pct
709750,2026-04-01,0.9917,0.0014,54.7,HIGH,STABLE,0.0,NORMAL,MEDIUM,48.0,schedule_progress_gap_pct
709750,2026-05-01,0.9921,0.0015,54.7,HIGH,STABLE,0.0,NORMAL,MEDIUM,48.0,schedule_progress_gap_pct
709750,2026-06-01,0.9923,0.0062,54.9,HIGH,STABLE,0.2,NORMAL,MEDIUM,48.3,schedule_progress_gap_pct
709750,2026-07-01,0.9926,0.0023,54.8,HIGH,STABLE,-0.1,NORMAL,MEDIUM,47.9,schedule_progress_gap_pct
709752,2026-04-01,0.9952,0.0692,57.2,HIGH,STABLE,0.0,NORMAL,MEDIUM,48.4,schedule_progress_gap_pct
709752,2026-05-01,0.9953,0.1187,59.0,HIGH,STABLE,1.8,NORMAL,MEDIUM,51.1,schedule_progress_gap_pct
709752,2026-06-01,0.9954,0.2465,63.4,HIGH,STABLE,4.4,NORMAL,HIGH,55.9,schedule_progress_gap_pct
709752,2026-07-01,0.9955,0.6759,78.5,CRITICAL,RAPID_ESCALATION,15.1,NORMAL,HIGH,69.0,schedule_progress_gap_pct
709753,2026-04-01,0.9938,0.0149,45.9,MEDIUM,STABLE,0.0,NORMAL,MEDIUM,49.2,schedule_progress_gap_pct
709753,2026-05-01,0.994,0.0141,46.5,MEDIUM,STABLE,0.6,NORMAL,MEDIUM,50.1,schedule_progress_gap_pct
709753,2026-06-01,0.9942,0.0142,46.9,MEDIUM,STABLE,0.4,NORMAL,MEDIUM,50.1,schedule_progress_gap_pct
709753,2026-07-01,0.9943,0.0152,47.4,MEDIUM,STABLE,0.5,NORMAL,MEDIUM,50.5,schedule_progress_gap_pct
709754,2026-04-01,0.0436,0.0468,3.4,LOW,STABLE,0.0,NORMAL,LOW,21.4,schedule_progress_gap_pct
709754,2026-05-01,0.0448,0.0401,3.2,LOW,STABLE,-0.2,NORMAL,LOW,21.1,schedule_progress_gap_pct
709754,2026-06-01,0.0468,0.0852,4.9,LOW,STABLE,1.7,NORMAL,LOW,23.8,schedule_progress_gap_pct
709755,2026-04-01,0.0479,0.1317,6.5,LOW,STABLE,0.0,NORMAL,LOW,26.1,schedule_progress_gap_pct
709755,2026-05-01,0.0494,0.1281,6.5,LOW,STABLE,0.0,NORMAL,LOW,26.1,schedule_progress_gap_pct
709755,2026-06-01,0.0505,0.1264,6.4,LOW,STABLE,-0.1,NORMAL,LOW,25.9,schedule_progress_gap_pct
709757,2026-04-01,0.0172,0.0005,4.0,LOW,STABLE,0.0,NORMAL,LOW,29.3,schedule_progress_gap_pct
709758,2026-04-01,0.0163,0.0033,4.3,LOW,STABLE,0.0,NORMAL,MEDIUM,31.8,schedule_progress_gap_pct
709759,2026-04-01,0.0542,0.0794,4.9,LOW,STABLE,0.0,NORMAL,LOW,25.9,schedule_progress_gap_pct
709759,2026-05-01,0.0579,0.0674,4.7,LOW,STABLE,-0.2,NORMAL,LOW,25.6,schedule_progress_gap_pct
709759,2026-06-01,0.0594,0.0816,5.2,LOW,STABLE,0.5,NORMAL,LOW,26.6,schedule_progress_gap_pct
709760,2026-04-01,0.9937,0.0253,45.1,MEDIUM,STABLE,0.0,NORMAL,MEDIUM,43.7,schedule_progress_gap_pct
709760,2026-05-01,0.9944,0.0314,44.6,MEDIUM,STABLE,-0.5,NORMAL,MEDIUM,43.0,schedule_progress_gap_pct
709770,2026-04-01,0.009,0.0208,11.1,LOW,STABLE,0.0,NORMAL,LOW,25.1,schedule_progress_gap_pct
709770,2026-05-01,0.009,0.0208,11.4,LOW,STABLE,0.3,NORMAL,LOW,25.6,schedule_progress_gap_pct
709770,2026-06-01,0.0091,0.0293,11.9,LOW,STABLE,0.5,NORMAL,LOW,26.0,schedule_progress_gap_pct
709771,2026-04-01,0.0124,0.0041,12.5,LOW,STABLE,0.0,NORMAL,MEDIUM,32.0,schedule_progress_gap_pct
709771,2026-05-01,0.0125,0.0029,12.7,LOW,STABLE,0.2,NORMAL,MEDIUM,32.3,schedule_progress_gap_pct
709771,2026-06-01,0.0125,0.0029,13.0,LOW,STABLE,0.3,NORMAL,MEDIUM,32.5,schedule_progress_gap_pct
709772,2026-04-01,0.0108,0.0021,12.9,LOW,STABLE,0.0,NORMAL,MEDIUM,30.9,schedule_progress_gap_pct
709772,2026-05-01,0.0108,0.0012,13.1,LOW,STABLE,0.2,NORMAL,MEDIUM,31.2,schedule_progress_gap_pct
709772,2026-06-01,0.0109,0.0012,13.4,LOW,STABLE,0.3,NORMAL,MEDIUM,31.5,schedule_progress_gap_pct
709773,2026-04-01,0.964,0.0132,51.1,HIGH,STABLE,0.0,NORMAL,MEDIUM,49.6,schedule_progress_gap_pct
709773,2026-05-01,0.008,0.0018,10.2,LOW,DE_ESCALATING,-40.9,NORMAL,LOW,21.1,schedule_progress_gap_pct
709773,2026-06-01,0.008,0.0077,10.6,LOW,STABLE,0.4,NORMAL,LOW,29.7,schedule_progress_gap_pct
709774,2026-04-01,0.9927,0.0041,47.5,MEDIUM,STABLE,0.0,NORMAL,MEDIUM,47.3,schedule_progress_gap_pct
709774,2026-05-01,0.9929,0.0098,47.9,MEDIUM,STABLE,0.4,NORMAL,MEDIUM,47.9,schedule_progress_gap_pct
709774,2026-06-01,0.993,0.0168,48.6,MEDIUM,STABLE,0.7,NORMAL,MEDIUM,48.5,schedule_progress_gap_pct
709774,2026-07-01,0.9936,0.0152,49.0,MEDIUM,STABLE,0.4,NORMAL,MEDIUM,48.4,schedule_progress_gap_pct
709776,2026-04-01,0.0481,0.035,5.9,LOW,STABLE,0.0,NORMAL,LOW,24.6,schedule_progress_gap_pct
709776,2026-05-01,0.0495,0.028,5.8,LOW,STABLE,-0.1,NORMAL,LOW,24.5,schedule_progress_gap_pct
709776,2026-06-01,0.0507,0.0247,5.9,LOW,STABLE,0.1,NORMAL,LOW,24.7,schedule_progress_gap_pct
709777,2026-04-01,0.991,0.0119,55.1,HIGH,STABLE,0.0,NORMAL,MEDIUM,50.4,schedule_progress_gap_pct
709777,2026-05-01,0.9916,0.0123,55.1,HIGH,STABLE,0.0,NORMAL,MEDIUM,50.4,schedule_progress_gap_pct
709777,2026-06-01,0.9919,0.0123,55.1,HIGH,STABLE,0.0,NORMAL,MEDIUM,50.4,schedule_progress_gap_pct
709777,2026-07-01,0.9923,0.0053,54.9,HIGH,STABLE,-0.2,NORMAL,MEDIUM,50.1,schedule_progress_gap_pct
709778,2026-04-01,0.9935,0.0349,51.3,HIGH,STABLE,0.0,NORMAL,MEDIUM,47.9,schedule_progress_gap_pct
709778,2026-05-01,0.9936,0.0358,51.5,HIGH,STABLE,0.2,NORMAL,MEDIUM,48.2,schedule_progress_gap_pct
709778,2026-06-01,0.9938,0.0309,51.7,HIGH,STABLE,0.2,NORMAL,MEDIUM,48.3,schedule_progress_gap_pct
709778,2026-07-01,0.9941,0.0369,52.4,HIGH,STABLE,0.7,NORMAL,MEDIUM,49.2,schedule_progress_gap_pct
709779,2026-04-01,0.9888,0.0062,53.6,HIGH,STABLE,0.0,NORMAL,MEDIUM,52.1,schedule_progress_gap_pct
709779,2026-05-01,0.9891,0.0009,53.7,HIGH,STABLE,0.1,NORMAL,MEDIUM,52.2,schedule_progress_gap_pct
709779,2026-06-01,0.9895,0.0038,53.9,HIGH,STABLE,0.2,NORMAL,MEDIUM,52.4,schedule_progress_gap_pct
709779,2026-07-01,0.9899,0.0048,54.4,HIGH,STABLE,0.5,NORMAL,MEDIUM,53.0,schedule_progress_gap_pct
709780,2026-04-01,0.0495,0.0424,9.9,LOW,STABLE,0.0,NORMAL,LOW,27.4,schedule_progress_gap_pct
709780,2026-05-01,0.0503,0.0237,9.6,LOW,STABLE,-0.3,NORMAL,LOW,26.9,schedule_progress_gap_pct
709780,2026-06-01,0.051,0.0487,10.9,LOW,STABLE,1.3,NORMAL,LOW,29.2,schedule_progress_gap_pct
709781,2026-04-01,0.0325,0.0125,9.3,LOW,STABLE,0.0,NORMAL,LOW,26.1,schedule_progress_gap_pct
709781,2026-05-01,0.0331,0.0125,9.4,LOW,STABLE,0.1,NORMAL,LOW,26.3,schedule_progress_gap_pct
709781,2026-06-01,0.0344,0.0123,9.3,LOW,STABLE,-0.1,NORMAL,LOW,26.0,schedule_progress_gap_pct
709781,2026-07-01,0.0364,0.0083,9.2,LOW,STABLE,-0.1,NORMAL,LOW,26.0,schedule_progress_gap_pct
709782,2026-04-01,0.9952,0.0162,47.7,MEDIUM,STABLE,0.0,NORMAL,MEDIUM,43.7,schedule_progress_gap_pct
709782,2026-05-01,0.9953,0.0316,48.8,MEDIUM,STABLE,1.1,NORMAL,MEDIUM,45.4,schedule_progress_gap_pct
709783,2026-04-01,0.9946,0.946,87.9,CRITICAL,STABLE,0.0,NORMAL,HIGH,63.8,schedule_progress_gap_pct
709783,2026-05-01,0.9947,0.9592,88.4,CRITICAL,STABLE,0.5,NORMAL,HIGH,64.6,schedule_progress_gap_pct
709783,2026-06-01,0.995,0.968,88.7,CRITICAL,STABLE,0.3,NORMAL,HIGH,64.5,schedule_progress_gap_pct
709783,2026-07-01,0.9954,0.9541,88.2,CRITICAL,STABLE,-0.5,NORMAL,HIGH,63.5,schedule_progress_gap_pct
709785,2026-04-01,0.9894,0.0131,54.7,HIGH,STABLE,0.0,NORMAL,MEDIUM,47.9,schedule_progress_gap_pct
709785,2026-05-01,0.9897,0.003,54.7,HIGH,STABLE,0.0,NORMAL,MEDIUM,47.9,schedule_progress_gap_pct
709785,2026-06-01,0.9898,0.0025,54.7,HIGH,STABLE,0.0,NORMAL,MEDIUM,47.9,schedule_progress_gap_pct
709785,2026-07-01,0.9902,0.0023,54.7,HIGH,STABLE,0.0,NORMAL,MEDIUM,47.9,schedule_progress_gap_pct
709786,2026-04-01,0.0235,0.0037,7.6,LOW,STABLE,0.0,NORMAL,LOW,24.8,schedule_progress_gap_pct
709786,2026-05-01,0.0237,0.0012,8.0,LOW,STABLE,0.4,NORMAL,LOW,25.4,schedule_progress_gap_pct
709786,2026-06-01,0.0239,0.0012,8.5,LOW,STABLE,0.5,NORMAL,LOW,25.8,schedule_progress_gap_pct
709791,2026-04-01,0.0212,0.0051,1.7,LOW,STABLE,0.0,NORMAL,LOW,27.1,schedule_progress_gap_pct
709791,2026-05-01,0.0213,0.0085,2.2,LOW,STABLE,0.5,NORMAL,LOW,27.9,schedule_progress_gap_pct
709791,2026-06-01,0.0214,0.0049,2.4,LOW,STABLE,0.2,NORMAL,LOW,27.7,schedule_progress_gap_pct
709792,2026-04-01,0.0152,0.0063,7.9,LOW,STABLE,0.0,UNUSUAL,MEDIUM,34.7,schedule_progress_gap_pct
709792,2026-05-01,0.0153,0.0011,4.8,LOW,STABLE,-3.1,NORMAL,MEDIUM,30.1,schedule_progress_gap_pct
709792,2026-06-01,0.0154,0.0063,8.6,LOW,STABLE,3.8,UNUSUAL,MEDIUM,38.9,schedule_progress_gap_pct
709793,2026-04-01,0.0139,0.0063,5.1,LOW,STABLE,0.0,NORMAL,MEDIUM,33.6,schedule_progress_gap_pct
709793,2026-05-01,0.014,0.0011,5.2,LOW,STABLE,0.1,NORMAL,MEDIUM,33.7,schedule_progress_gap_pct
709793,2026-06-01,0.0141,0.0009,5.5,LOW,STABLE,0.3,NORMAL,MEDIUM,34.1,schedule_progress_gap_pct
709794,2026-04-01,0.013,0.0007,4.6,LOW,STABLE,0.0,NORMAL,MEDIUM,32.6,schedule_progress_gap_pct
709794,2026-05-01,0.0131,0.0009,4.9,LOW,STABLE,0.3,NORMAL,MEDIUM,33.1,schedule_progress_gap_pct
709794,2026-06-01,0.0132,0.0009,5.3,LOW,STABLE,0.4,NORMAL,MEDIUM,33.4,schedule_progress_gap_pct
709795,2026-04-01,0.0035,0.0049,14.9,LOW,STABLE,0.0,ANOMALOUS,MEDIUM,43.6,schedule_progress_gap_pct
709795,2026-05-01,0.0036,0.0046,11.7,LOW,STABLE,-3.2,UNUSUAL,MEDIUM,38.8,schedule_progress_gap_pct
709795,2026-06-01,0.0036,0.0046,11.9,LOW,STABLE,0.2,UNUSUAL,MEDIUM,42.3,schedule_progress_gap_pct
709796,2026-04-01,0.0123,0.0105,10.3,LOW,STABLE,0.0,UNUSUAL,MEDIUM,36.0,schedule_progress_gap_pct
709796,2026-05-01,0.0124,0.0052,10.5,LOW,STABLE,0.2,UNUSUAL,MEDIUM,36.3,schedule_progress_gap_pct
709796,2026-06-01,0.0125,0.0051,7.5,LOW,STABLE,-3.0,NORMAL,MEDIUM,31.6,schedule_progress_gap_pct
709797,2026-04-01,0.0538,0.0255,8.0,LOW,STABLE,0.0,NORMAL,MEDIUM,33.6,schedule_progress_gap_pct
709797,2026-05-01,0.9929,0.014,45.3,MEDIUM,RAPID_ESCALATION,37.3,NORMAL,HIGH,62.2,schedule_progress_gap_pct
709797,2026-06-01,0.9932,0.018,45.6,MEDIUM,STABLE,0.3,NORMAL,MEDIUM,52.7,schedule_progress_gap_pct
709798,2026-04-01,0.0005,0.001,19.9,LOW,STABLE,0.0,REQUIRES_VERIFICATION,MEDIUM,49.4,schedule_progress_gap_pct
709798,2026-05-01,0.0005,0.001,19.7,LOW,STABLE,-0.2,REQUIRES_VERIFICATION,MEDIUM,49.1,schedule_progress_gap_pct
709798,2026-06-01,0.0006,0.001,19.4,LOW,STABLE,-0.3,REQUIRES_VERIFICATION,MEDIUM,48.9,schedule_progress_gap_pct
709799,2026-04-01,0.0154,0.001,9.2,LOW,STABLE,0.0,NORMAL,MEDIUM,36.1,schedule_progress_gap_pct
709799,2026-05-01,0.0164,0.001,8.7,LOW,STABLE,-0.5,NORMAL,MEDIUM,35.3,schedule_progress_gap_pct
709799,2026-06-01,0.0176,0.001,8.2,LOW,STABLE,-0.5,NORMAL,MEDIUM,35.1,schedule_progress_gap_pct
709800,2026-04-01,0.9919,0.0221,46.7,MEDIUM,STABLE,0.0,NORMAL,MEDIUM,46.3,schedule_progress_gap_pct
709800,2026-05-01,0.9921,0.0157,46.5,MEDIUM,STABLE,-0.2,NORMAL,MEDIUM,46.0,schedule_progress_gap_pct
709800,2026-06-01,0.9922,0.0157,46.7,MEDIUM,STABLE,0.2,NORMAL,MEDIUM,46.5,schedule_progress_gap_pct
709800,2026-07-01,0.9929,0.0212,46.7,MEDIUM,STABLE,0.0,NORMAL,MEDIUM,46.3,schedule_progress_gap_pct
709811,2026-04-01,0.0156,0.0117,11.3,LOW,STABLE,0.0,NORMAL,LOW,26.0,schedule_progress_gap_pct
709811,2026-05-01,0.0157,0.0171,12.6,LOW,STABLE,1.3,NORMAL,LOW,28.0,schedule_progress_gap_pct
709811,2026-06-01,0.0158,0.0171,13.7,LOW,STABLE,1.1,NORMAL,LOW,28.3,schedule_progress_gap_pct
709812,2026-04-01,0.0141,0.0028,9.5,LOW,STABLE,0.0,NORMAL,LOW,28.2,schedule_progress_gap_pct
709812,2026-05-01,0.0142,0.0028,9.9,LOW,STABLE,0.4,NORMAL,LOW,28.8,schedule_progress_gap_pct
709812,2026-06-01,0.0143,0.0127,10.6,LOW,STABLE,0.7,NORMAL,LOW,29.5,schedule_progress_gap_pct
709812,2026-07-01,0.0195,0.0102,2.8,LOW,DE_ESCALATING,-7.8,NORMAL,LOW,17.1,schedule_progress_gap_pct
709813,2026-04-01,0.0193,0.007,2.4,LOW,STABLE,0.0,NORMAL,LOW,24.5,schedule_progress_gap_pct
709813,2026-05-01,0.0196,0.0206,3.5,LOW,STABLE,1.1,NORMAL,LOW,26.2,schedule_progress_gap_pct
709813,2026-06-01,0.0197,0.0117,4.0,LOW,STABLE,0.5,NORMAL,LOW,25.8,schedule_progress_gap_pct
709813,2026-07-01,0.0221,0.8581,43.1,MEDIUM,RAPID_ESCALATION,39.1,UNUSUAL,MEDIUM,54.9,schedule_progress_gap_pct
709815,2026-04-01,0.9794,0.0019,54.2,HIGH,STABLE,0.0,NORMAL,MEDIUM,47.2,schedule_progress_gap_pct
709815,2026-05-01,0.9801,0.0011,54.2,HIGH,STABLE,0.0,NORMAL,MEDIUM,47.2,schedule_progress_gap_pct
709815,2026-06-01,0.9802,0.0043,54.4,HIGH,STABLE,0.2,NORMAL,MEDIUM,47.5,schedule_progress_gap_pct
709815,2026-07-01,0.9738,0.0206,54.7,HIGH,STABLE,0.3,NORMAL,MEDIUM,47.8,schedule_progress_gap_pct
709816,2026-04-01,0.0167,0.011,16.1,LOW,STABLE,0.0,NORMAL,LOW,28.2,schedule_progress_gap_pct
709816,2026-05-01,0.0172,0.0022,15.8,LOW,STABLE,-0.3,NORMAL,LOW,27.7,schedule_progress_gap_pct
709816,2026-06-01,0.0179,0.0049,15.9,LOW,STABLE,0.1,NORMAL,LOW,28.2,schedule_progress_gap_pct
709816,2026-07-01,0.0149,0.0237,16.4,LOW,STABLE,0.5,NORMAL,LOW,28.8,schedule_progress_gap_pct
709817,2026-04-01,0.0382,0.0086,5.3,LOW,STABLE,0.0,NORMAL,LOW,22.6,schedule_progress_gap_pct
709817,2026-05-01,0.0389,0.0086,6.0,LOW,STABLE,0.7,NORMAL,LOW,23.7,schedule_progress_gap_pct
709817,2026-07-01,0.0168,0.036,16.9,LOW,RAPID_ESCALATION,10.9,NORMAL,MEDIUM,38.4,schedule_progress_gap_pct
709818,2026-04-01,0.024,0.0026,12.7,LOW,STABLE,0.0,NORMAL,LOW,28.6,schedule_progress_gap_pct
709818,2026-05-01,0.0248,0.001,13.0,LOW,STABLE,0.3,NORMAL,LOW,29.1,schedule_progress_gap_pct
709818,2026-06-01,0.0253,0.0011,13.7,LOW,STABLE,0.7,NORMAL,LOW,29.8,schedule_progress_gap_pct
709818,2026-07-01,0.0168,0.0016,15.7,LOW,STABLE,2.0,NORMAL,MEDIUM,32.1,schedule_progress_gap_pct
709819,2026-04-01,0.0171,0.0049,15.8,LOW,STABLE,0.0,NORMAL,LOW,27.8,schedule_progress_gap_pct
709819,2026-05-01,0.0177,0.0155,16.2,LOW,STABLE,0.4,NORMAL,LOW,28.4,schedule_progress_gap_pct
709819,2026-06-01,0.018,0.0155,16.3,LOW,STABLE,0.1,NORMAL,LOW,28.2,schedule_progress_gap_pct
709819,2026-07-01,0.0184,0.0268,16.7,LOW,STABLE,0.4,NORMAL,LOW,28.7,schedule_progress_gap_pct
709826,2026-04-01,0.9902,0.0105,47.1,MEDIUM,STABLE,0.0,NORMAL,MEDIUM,53.3,schedule_progress_gap_pct
709826,2026-05-01,0.9904,0.0102,47.5,MEDIUM,STABLE,0.4,NORMAL,MEDIUM,53.9,schedule_progress_gap_pct
709826,2026-06-01,0.9907,0.0239,51.7,HIGH,STABLE,4.2,UNUSUAL,HIGH,59.8,schedule_progress_gap_pct
709826,2026-07-01,0.9908,0.0193,48.8,MEDIUM,STABLE,-2.9,NORMAL,MEDIUM,51.2,schedule_progress_gap_pct
709831,2026-04-01,0.9939,0.1052,50.7,HIGH,STABLE,0.0,NORMAL,MEDIUM,49.0,schedule_progress_gap_pct
709831,2026-05-01,0.994,0.1078,51.1,HIGH,STABLE,0.4,NORMAL,MEDIUM,49.6,schedule_progress_gap_pct
709831,2026-06-01,0.994,0.1626,53.4,HIGH,STABLE,2.3,NORMAL,MEDIUM,52.7,schedule_progress_gap_pct
709831,2026-07-01,0.994,0.1606,53.8,HIGH,STABLE,0.4,NORMAL,MEDIUM,51.0,schedule_progress_gap_pct
709832,2026-04-01,0.9906,0.0741,56.7,HIGH,STABLE,0.0,NORMAL,MEDIUM,48.2,schedule_progress_gap_pct
709832,2026-05-01,0.9907,0.0741,57.0,HIGH,STABLE,0.3,NORMAL,MEDIUM,48.7,schedule_progress_gap_pct
709832,2026-06-01,0.9907,0.0741,57.2,HIGH,STABLE,0.2,NORMAL,MEDIUM,48.7,schedule_progress_gap_pct
709832,2026-07-01,0.9912,0.0487,55.9,HIGH,STABLE,-1.3,NORMAL,MEDIUM,46.5,schedule_progress_gap_pct
709837,2026-04-01,0.9921,0.0351,55.9,HIGH,STABLE,0.0,NORMAL,MEDIUM,48.7,schedule_progress_gap_pct
709837,2026-05-01,0.9921,0.0446,56.2,HIGH,STABLE,0.3,NORMAL,MEDIUM,49.1,schedule_progress_gap_pct
709837,2026-06-01,0.9923,0.0384,56.0,HIGH,STABLE,-0.2,NORMAL,MEDIUM,48.5,schedule_progress_gap_pct
709837,2026-07-01,0.9926,0.0389,56.1,HIGH,STABLE,0.1,NORMAL,MEDIUM,48.9,schedule_progress_gap_pct
709838,2026-04-01,0.9896,0.0205,55.3,HIGH,STABLE,0.0,NORMAL,MEDIUM,52.2,schedule_progress_gap_pct
709838,2026-05-01,0.9901,0.0135,55.1,HIGH,STABLE,-0.2,NORMAL,MEDIUM,51.9,schedule_progress_gap_pct
709838,2026-06-01,0.9906,0.018,55.3,HIGH,STABLE,0.2,NORMAL,MEDIUM,52.4,schedule_progress_gap_pct
709838,2026-07-01,0.9909,0.0252,55.5,HIGH,STABLE,0.2,NORMAL,MEDIUM,52.5,schedule_progress_gap_pct
709839,2026-04-01,0.9956,0.9696,84.9,CRITICAL,STABLE,0.0,ANOMALOUS,HIGH,73.7,schedule_progress_gap_pct
709839,2026-05-01,0.9956,0.9898,79.7,CRITICAL,DE_ESCALATING,-5.2,NORMAL,HIGH,65.9,schedule_progress_gap_pct
709839,2026-06-01,0.9957,0.9942,80.6,CRITICAL,STABLE,0.9,NORMAL,HIGH,72.4,schedule_progress_gap_pct
709839,2026-07-01,0.9953,0.9939,83.5,CRITICAL,STABLE,2.9,NORMAL,CRITICAL_INTERVENTION,75.9,schedule_progress_gap_pct
709840,2026-04-01,0.9949,0.018,53.9,HIGH,STABLE,0.0,NORMAL,MEDIUM,48.3,schedule_progress_gap_pct
709840,2026-05-01,0.995,0.0148,54.7,HIGH,STABLE,0.8,NORMAL,MEDIUM,49.5,schedule_progress_gap_pct
709840,2026-06-01,0.995,0.0144,55.3,HIGH,STABLE,0.6,NORMAL,MEDIUM,49.6,schedule_progress_gap_pct
709841,2026-04-01,0.9942,0.1737,53.4,HIGH,STABLE,0.0,NORMAL,MEDIUM,46.7,schedule_progress_gap_pct
709841,2026-05-01,0.9943,0.1877,54.3,HIGH,STABLE,0.9,NORMAL,MEDIUM,48.1,schedule_progress_gap_pct
709841,2026-06-01,0.9944,0.2662,57.6,HIGH,STABLE,3.3,NORMAL,MEDIUM,52.1,schedule_progress_gap_pct
709841,2026-07-01,0.9946,0.3227,60.2,HIGH,STABLE,2.6,NORMAL,MEDIUM,52.7,schedule_progress_gap_pct
709842,2026-04-01,0.0381,0.0516,8.1,LOW,STABLE,0.0,NORMAL,MEDIUM,31.7,schedule_progress_gap_pct
709842,2026-05-01,0.0383,0.0525,8.7,LOW,STABLE,0.6,NORMAL,MEDIUM,32.6,schedule_progress_gap_pct
709842,2026-06-01,0.039,0.0313,8.3,LOW,STABLE,-0.4,NORMAL,MEDIUM,31.4,schedule_progress_gap_pct
709845,2026-04-01,0.0421,0.0186,9.4,LOW,STABLE,0.0,NORMAL,MEDIUM,30.3,schedule_progress_gap_pct
709845,2026-05-01,0.043,0.0253,9.9,LOW,STABLE,0.5,NORMAL,MEDIUM,31.0,schedule_progress_gap_pct
709845,2026-06-01,0.044,0.0253,10.3,LOW,STABLE,0.4,NORMAL,MEDIUM,31.1,schedule_progress_gap_pct
709847,2026-04-01,0.9881,0.0012,53.3,HIGH,STABLE,0.0,NORMAL,MEDIUM,50.3,schedule_progress_gap_pct
709847,2026-05-01,0.9882,0.0038,54.0,HIGH,STABLE,0.7,NORMAL,MEDIUM,51.3,schedule_progress_gap_pct
709847,2026-06-01,0.9883,0.0011,54.6,HIGH,STABLE,0.6,NORMAL,MEDIUM,51.5,schedule_progress_gap_pct
709847,2026-07-01,0.9891,0.0031,54.7,HIGH,STABLE,0.1,NORMAL,MEDIUM,51.1,schedule_progress_gap_pct
709848,2026-04-01,0.0489,0.0254,4.4,LOW,STABLE,0.0,NORMAL,MEDIUM,31.4,schedule_progress_gap_pct
709848,2026-05-01,0.9925,0.042,49.2,MEDIUM,RAPID_ESCALATION,44.8,ANOMALOUS,HIGH,63.8,schedule_progress_gap_pct
709848,2026-06-01,0.9926,0.0301,42.8,MEDIUM,DE_ESCALATING,-6.4,NORMAL,MEDIUM,44.2,schedule_progress_gap_pct
709848,2026-07-01,0.993,0.0253,43.2,MEDIUM,STABLE,0.4,NORMAL,MEDIUM,51.2,schedule_progress_gap_pct
709849,2026-04-01,0.9934,0.9112,75.3,CRITICAL,STABLE,0.0,NORMAL,HIGH,66.9,schedule_progress_gap_pct
709849,2026-05-01,0.9941,0.9168,83.2,CRITICAL,MODERATE_RISE,7.9,ANOMALOUS,CRITICAL_INTERVENTION,78.8,schedule_progress_gap_pct
709849,2026-06-01,0.9941,0.9207,78.3,CRITICAL,STABLE,-4.9,NORMAL,HIGH,63.5,schedule_progress_gap_pct
709849,2026-07-01,0.9944,0.955,81.0,CRITICAL,STABLE,2.7,NORMAL,HIGH,72.7,schedule_progress_gap_pct
709850,2026-04-01,0.9879,0.0025,52.0,HIGH,STABLE,0.0,NORMAL,MEDIUM,46.5,schedule_progress_gap_pct
709850,2026-05-01,0.9887,0.0015,51.5,HIGH,STABLE,-0.5,NORMAL,MEDIUM,45.8,schedule_progress_gap_pct
709850,2026-06-01,0.9891,0.0015,51.8,HIGH,STABLE,0.3,NORMAL,MEDIUM,46.7,schedule_progress_gap_pct
709850,2026-07-01,0.9903,0.0017,52.5,HIGH,STABLE,0.7,NORMAL,MEDIUM,47.5,schedule_progress_gap_pct
709851,2026-04-01,0.0153,0.0091,11.2,LOW,STABLE,0.0,NORMAL,MEDIUM,38.2,schedule_progress_gap_pct
709851,2026-05-01,0.0162,0.001,14.1,LOW,STABLE,2.9,UNUSUAL,MEDIUM,42.6,schedule_progress_gap_pct
709851,2026-06-01,0.0171,0.001,17.8,LOW,STABLE,3.7,ANOMALOUS,MEDIUM,45.2,schedule_progress_gap_pct
709856,2026-04-01,0.9942,0.0081,55.1,HIGH,STABLE,0.0,NORMAL,MEDIUM,52.2,schedule_progress_gap_pct
709856,2026-05-01,0.9942,0.019,55.4,HIGH,STABLE,0.3,NORMAL,MEDIUM,52.7,schedule_progress_gap_pct
709856,2026-06-01,0.9943,0.0188,55.4,HIGH,STABLE,0.0,NORMAL,MEDIUM,52.4,schedule_progress_gap_pct
709856,2026-07-01,0.9944,0.0076,55.0,HIGH,STABLE,-0.4,NORMAL,MEDIUM,51.8,schedule_progress_gap_pct
709857,2026-04-01,0.9756,0.0021,52.1,HIGH,STABLE,0.0,NORMAL,HIGH,63.5,schedule_progress_gap_pct
709857,2026-05-01,0.9758,0.0021,53.3,HIGH,STABLE,1.2,NORMAL,HIGH,65.3,schedule_progress_gap_pct
709857,2026-06-01,0.9777,0.013,64.6,HIGH,RAPID_ESCALATION,11.3,REQUIRES_VERIFICATION,CRITICAL_INTERVENTION,79.8,schedule_progress_gap_pct
709857,2026-07-01,0.9779,0.0171,61.3,HIGH,STABLE,-3.3,ANOMALOUS,HIGH,64.8,schedule_progress_gap_pct
709859,2026-04-01,0.9971,0.0628,63.7,HIGH,STABLE,0.0,ANOMALOUS,MEDIUM,53.2,schedule_progress_gap_pct
709859,2026-05-01,0.9971,0.0631,63.7,HIGH,STABLE,0.0,ANOMALOUS,MEDIUM,53.2,schedule_progress_gap_pct
709859,2026-06-01,0.9971,0.065,63.8,HIGH,STABLE,0.1,ANOMALOUS,MEDIUM,53.3,schedule_progress_gap_pct
709859,2026-07-01,0.9972,0.0653,63.8,HIGH,STABLE,0.0,ANOMALOUS,MEDIUM,53.2,schedule_progress_gap_pct
709864,2026-04-01,0.9936,0.0348,56.0,HIGH,STABLE,0.0,NORMAL,MEDIUM,50.7,schedule_progress_gap_pct
709864,2026-05-01,0.994,0.0508,56.5,HIGH,STABLE,0.5,NORMAL,MEDIUM,51.5,schedule_progress_gap_pct
709864,2026-06-01,0.9941,0.0724,57.3,HIGH,STABLE,0.8,NORMAL,MEDIUM,52.2,schedule_progress_gap_pct
709864,2026-07-01,0.9943,0.0624,57.0,HIGH,STABLE,-0.3,NORMAL,MEDIUM,50.9,schedule_progress_gap_pct
709865,2026-04-01,0.995,0.0102,55.2,HIGH,STABLE,0.0,NORMAL,MEDIUM,49.5,schedule_progress_gap_pct
709865,2026-05-01,0.9952,0.0102,55.2,HIGH,STABLE,0.0,NORMAL,MEDIUM,49.5,schedule_progress_gap_pct
709865,2026-06-01,0.9952,0.0102,55.2,HIGH,STABLE,0.0,NORMAL,MEDIUM,49.5,schedule_progress_gap_pct
709865,2026-07-01,0.9952,0.0135,55.3,HIGH,STABLE,0.1,NORMAL,MEDIUM,49.6,schedule_progress_gap_pct
900808,2026-04-01,0.9943,0.394,71.9,HIGH,STABLE,0.0,UNUSUAL,HIGH,66.6,schedule_progress_gap_pct
900808,2026-05-01,0.9943,0.3553,67.2,HIGH,STABLE,-4.7,NORMAL,HIGH,59.6,schedule_progress_gap_pct
900874,2026-04-01,0.9738,0.01,54.3,HIGH,STABLE,0.0,NORMAL,MEDIUM,51.5,schedule_progress_gap_pct
900874,2026-05-01,0.9739,0.0133,54.4,HIGH,STABLE,0.1,NORMAL,MEDIUM,51.6,schedule_progress_gap_pct
900874,2026-06-01,0.974,0.0111,54.4,HIGH,STABLE,0.0,NORMAL,MEDIUM,51.5,schedule_progress_gap_pct
900874,2026-07-01,0.9727,0.0015,42.9,MEDIUM,DE_ESCALATING,-11.5,NORMAL,MEDIUM,37.8,schedule_progress_gap_pct
